PARTICLE_ID,R,G,B,X,Y,Z,VX,VY,VZ,M,RAD,REST,TEMP,COMPLEXITY,COMPLEXITY_SIZE,COMPLEXITY_N
0,1,1,1,130.14,21.1804,0,5.90204,-750.7,0,7.5e+13,0.75,0.2,0,CIRCLE,200,1
1,1,1,1,42.725,188.568,0,842.84,-313.625,0,7.5e+13,0.75,0.2,0,CIRCLE,200,1
2,1,1,1,-139.248,-50.5325,0,-352.662,596.24,0,7.5e+13,0.75,0.2,0,CIRCLE,200,1
3,1,1,1,-131.554,172.951,0,764.757,557.771,0,7.5e+13,0.75,0.2,0,CIRCLE,200,1
4,1,1,1,56.3584,-135.028,0,-775.138,-381.792,0,7.5e+13,0.75,0.2,0,CIRCLE,200,1
5,1,1,1,65.0752,184.681,0,823.407,-425.376,0,7.5e+13,0.75,0.2,0,CIRCLE,200,1
6,1,1,1,-55.2054,-118.932,0,-694.658,176.027,0,7.5e+13,0.75,0.2,0,CIRCLE,200,1
7,1,1,1,-28.1474,43.0868,0,115.434,40.7372,0,7.5e+13,0.75,0.2,0,CIRCLE,200,1
8,1,1,1,81.3697,85.5917,0,327.958,-506.848,0,7.5e+13,0.75,0.2,0,CIRCLE,200,1
9,1,1,1,28.9876,85.0858,0,325.429,-244.938,0,7.5e+13,0.75,0.2,0,CIRCLE,200,1
10,1,1,1,113.173,10.3816,0,-48.0919,-665.867,0,7.5e+13,0.75,0.2,0,CIRCLE,200,1
11,1,1,1,-9.98382,29.2978,0,46.4891,-50.0809,0,7.5e+13,0.75,0.2,0,CIRCLE,200,1
12,1,1,1,102.751,26.8803,0,34.4014,-613.756,0,7.5e+13,0.75,0.2,0,CIRCLE,200,1
13,1,1,1,-168.172,-9.87314,0,-149.366,740.861,0,7.5e+13,0.75,0.2,0,CIRCLE,200,1
14,1,1,1,-145.056,-72.9932,0,-464.966,625.278,0,7.5e+13,0.75,0.2,0,CIRCLE,200,1
15,1,1,1,61.8104,160.815,0,704.075,-409.052,0,7.5e+13,0.75,0.2,0,CIRCLE,200,1
16,1,1,1,-133.052,56.1142,0,180.571,565.258,0,7.5e+13,0.75,0.2,0,CIRCLE,200,1
17,1,1,1,126.002,74.6871,0,273.435,-730.012,0,7.5e+13,0.75,0.2,0,CIRCLE,200,1
18,1,1,1,17.2367,-155.265,0,-876.323,-186.183,0,7.5e+13,0.75,0.2,0,CIRCLE,200,1
19,1,1,1,-129.043,6.30617,0,-68.4692,545.217,0,7.5e+13,0.75,0.2,0,CIRCLE,200,1
20,1,1,1,101.29,-99.816,0,-599.08,-606.448,0,7.5e+13,0.75,0.2,0,CIRCLE,200,1
21,1,1,1,165.089,-32.6392,0,-263.196,-925.444,0,7.5e+13,0.75,0.2,0,CIRCLE,200,1
22,1,1,1,-93.1605,1.53196,0,-92.3402,365.803,0,7.5e+13,0.75,0.2,0,CIRCLE,200,1
23,1,1,1,-114.281,42.8976,0,114.488,471.403,0,7.5e+13,0.75,0.2,0,CIRCLE,200,1
24,1,1,1,39.3523,-49.7234,0,-348.617,-296.761,0,7.5e+13,0.75,0.2,0,CIRCLE,200,1
25,1,1,1,14.0325,-160.521,0,-902.606,-170.162,0,7.5e+13,0.75,0.2,0,CIRCLE,200,1
26,1,1,1,179.929,15.9741,0,-20.1297,-999.645,0,7.5e+13,0.75,0.2,0,CIRCLE,200,1
27,1,1,1,-115.781,-60.7685,0,-403.843,478.904,0,7.5e+13,0.75,0.2,0,CIRCLE,200,1
28,1,1,1,-31.0893,128.482,0,542.408,55.4465,0,7.5e+13,0.75,0.2,0,CIRCLE,200,1
29,1,1,1,-3.46346,-6.00536,0,-130.027,-82.6827,0,7.5e+13,0.75,0.2,0,CIRCLE,200,1
30,1,1,1,-63.2739,62.8056,0,214.028,216.37,0,7.5e+13,0.75,0.2,0,CIRCLE,200,1
31,1,1,1,-40.9404,-22.5453,0,-212.727,104.702,0,7.5e+13,0.75,0.2,0,CIRCLE,200,1
32,1,1,1,171.415,30.5816,0,52.9082,-957.074,0,7.5e+13,0.75,0.2,0,CIRCLE,200,1
33,1,1,1,-36.9192,123.1,0,515.5,84.5959,0,7.5e+13,0.75,0.2,0,CIRCLE,200,1
34,1,1,1,-161.549,-67.242,0,-436.21,707.746,0,7.5e+13,0.75,0.2,0,CIRCLE,200,1
35,1,1,1,69.1712,-125.287,0,-726.433,-445.856,0,7.5e+13,0.75,0.2,0,CIRCLE,200,1
36,1,1,1,-110.228,28.5638,0,42.8192,451.138,0,7.5e+13,0.75,0.2,0,CIRCLE,200,1
37,1,1,1,-25.3862,-116.782,0,-683.911,26.9309,0,7.5e+13,0.75,0.2,0,CIRCLE,200,1
38,1,1,1,-208.091,70.8712,0,254.356,940.457,0,7.5e+13,0.75,0.2,0,CIRCLE,200,1
39,1,1,1,-22.2995,-45.7716,0,-328.858,11.4973,0,7.5e+13,0.75,0.2,0,CIRCLE,200,1
40,1,1,1,-120.862,-52.3624,0,-361.812,504.309,0,7.5e+13,0.75,0.2,0,CIRCLE,200,1
41,1,1,1,-34.6801,-135.381,0,-776.903,73.4007,0,7.5e+13,0.75,0.2,0,CIRCLE,200,1
42,1,1,1,-127.995,-32.8265,0,-264.132,539.975,0,7.5e+13,0.75,0.2,0,CIRCLE,200,1
43,1,1,1,35.0225,97.3092,0,386.546,-275.112,0,7.5e+13,0.75,0.2,0,CIRCLE,200,1
44,1,1,1,-179.753,101.204,0,406.022,798.766,0,7.5e+13,0.75,0.2,0,CIRCLE,200,1
45,1,1,1,-217.848,-1.34655,0,-106.733,989.241,0,7.5e+13,0.75,0.2,0,CIRCLE,200,1
46,1,1,1,-18.8559,-97.5633,0,-587.817,-5.72051,0,7.5e+13,0.75,0.2,0,CIRCLE,200,1
47,1,1,1,59.024,161.589,0,707.946,-395.12,0,7.5e+13,0.75,0.2,0,CIRCLE,200,1
48,1,1,1,-70.3488,22.5655,0,12.8275,251.744,0,7.5e+13,0.75,0.2,0,CIRCLE,200,1
49,1,1,1,-64.1158,-115.078,0,-675.39,220.579,0,7.5e+13,0.75,0.2,0,CIRCLE,200,1
50,1,1,1,97.0217,175.85,0,779.25,-585.109,0,7.5e+13,0.75,0.2,0,CIRCLE,200,1
51,1,1,1,99.829,167.803,0,739.015,-599.145,0,7.5e+13,0.75,0.2,0,CIRCLE,200,1
52,1,1,1,-58.6635,-83.0877,0,-515.439,193.318,0,7.5e+13,0.75,0.2,0,CIRCLE,200,1
53,1,1,1,-67.5074,43.6236,0,118.118,237.537,0,7.5e+13,0.75,0.2,0,CIRCLE,200,1
54,1,1,1,141.686,-14.4247,0,-172.124,-808.431,0,7.5e+13,0.75,0.2,0,CIRCLE,200,1
55,1,1,1,87.0047,173.754,0,768.768,-535.024,0,7.5e+13,0.75,0.2,0,CIRCLE,200,1
56,1,1,1,46.4212,-117.369,0,-686.844,-332.106,0,7.5e+13,0.75,0.2,0,CIRCLE,200,1
57,1,1,1,10.3861,98.6917,0,393.458,-151.93,0,7.5e+13,0.75,0.2,0,CIRCLE,200,1
58,1,1,1,36.4975,-105.772,0,-628.86,-282.488,0,7.5e+13,0.75,0.2,0,CIRCLE,200,1
59,1,1,1,59.3933,137.701,0,588.506,-396.967,0,7.5e+13,0.75,0.2,0,CIRCLE,200,1
60,1,1,1,-34.3613,-106.56,0,-632.799,71.8063,0,7.5e+13,0.75,0.2,0,CIRCLE,200,1
61,1,1,1,-47.8717,168.233,0,741.163,139.359,0,7.5e+13,0.75,0.2,0,CIRCLE,200,1
62,1,1,1,-91.8114,-138.358,0,-791.789,359.057,0,7.5e+13,0.75,0.2,0,CIRCLE,200,1
63,1,1,1,-44.205,-115.742,0,-678.711,121.025,0,7.5e+13,0.75,0.2,0,CIRCLE,200,1
64,1,1,1,66.8285,104.695,0,423.473,-434.142,0,7.5e+13,0.75,0.2,0,CIRCLE,200,1
65,1,1,1,-0.991865,-12.2884,0,-161.442,-95.0407,0,7.5e+13,0.75,0.2,0,CIRCLE,200,1
66,1,1,1,-181.918,2.62431,0,-86.8785,809.59,0,7.5e+13,0.75,0.2,0,CIRCLE,200,1
67,1,1,1,-77.8791,48.9335,0,144.668,289.396,0,7.5e+13,0.75,0.2,0,CIRCLE,200,1
68,1,1,1,162.334,-40.0818,0,-300.409,-911.668,0,7.5e+13,0.75,0.2,0,CIRCLE,200,1
69,1,1,1,-131.987,-16.0345,0,-180.172,559.934,0,7.5e+13,0.75,0.2,0,CIRCLE,200,1
70,1,1,1,-140.544,41.6439,0,108.22,602.718,0,7.5e+13,0.75,0.2,0,CIRCLE,200,1
71,1,1,1,44.4347,-72.3207,0,-461.604,-322.173,0,7.5e+13,0.75,0.2,0,CIRCLE,200,1
72,1,1,1,-120.344,48.4026,0,142.013,501.719,0,7.5e+13,0.75,0.2,0,CIRCLE,200,1
73,1,1,1,88.5179,8.34424,0,-58.2788,-542.589,0,7.5e+13,0.75,0.2,0,CIRCLE,200,1
74,1,1,1,-30.2246,-130.288,0,-751.442,51.1231,0,7.5e+13,0.75,0.2,0,CIRCLE,200,1
75,1,1,1,38.0897,184.554,0,822.772,-290.449,0,7.5e+13,0.75,0.2,0,CIRCLE,200,1
76,1,1,1,47.2048,-86.7228,0,-533.614,-336.024,0,7.5e+13,0.75,0.2,0,CIRCLE,200,1
77,1,1,1,-208.694,18.9326,0,-5.33701,943.47,0,7.5e+13,0.75,0.2,0,CIRCLE,200,1
78,1,1,1,176.499,54.2522,0,171.261,-982.496,0,7.5e+13,0.75,0.2,0,CIRCLE,200,1
79,1,1,1,-60.3536,0.203216,0,-98.9839,201.768,0,7.5e+13,0.75,0.2,0,CIRCLE,200,1
80,1,1,1,-106.405,2.76941,0,-86.153,432.024,0,7.5e+13,0.75,0.2,0,CIRCLE,200,1
81,1,1,1,67.3814,-112.041,0,-660.205,-436.907,0,7.5e+13,0.75,0.2,0,CIRCLE,200,1
82,1,1,1,-68.7889,-54.3889,0,-371.944,243.944,0,7.5e+13,0.75,0.2,0,CIRCLE,200,1
83,1,1,1,18.4347,-38.7859,0,-293.93,-192.174,0,7.5e+13,0.75,0.2,0,CIRCLE,200,1
84,1,1,1,112.894,129.838,0,549.188,-664.469,0,7.5e+13,0.75,0.2,0,CIRCLE,200,1
85,1,1,1,-96.0073,198.509,0,892.547,380.037,0,7.5e+13,0.75,0.2,0,CIRCLE,200,1
86,1,1,1,-46.0693,133.017,0,565.087,130.346,0,7.5e+13,0.75,0.2,0,CIRCLE,200,1
87,1,1,1,88.9347,152.124,0,660.618,-544.674,0,7.5e+13,0.75,0.2,0,CIRCLE,200,1
88,1,1,1,65.3183,-125.054,0,-725.271,-426.591,0,7.5e+13,0.75,0.2,0,CIRCLE,200,1
89,1,1,1,-159.713,-81.8273,0,-509.136,698.567,0,7.5e+13,0.75,0.2,0,CIRCLE,200,1
90,1,1,1,-21.3009,96.0085,0,380.043,6.50468,0,7.5e+13,0.75,0.2,0,CIRCLE,200,1
91,1,1,1,29.3964,20.502,0,2.51015,-246.982,0,7.5e+13,0.75,0.2,0,CIRCLE,200,1
92,1,1,1,43.9063,-153.266,0,-866.329,-319.531,0,7.5e+13,0.75,0.2,0,CIRCLE,200,1
93,1,1,1,-3.32798,85.9258,0,329.629,-83.3601,0,7.5e+13,0.75,0.2,0,CIRCLE,200,1
94,1,1,1,-42.5545,12.1654,0,-39.1728,112.772,0,7.5e+13,0.75,0.2,0,CIRCLE,200,1
95,1,1,1,81.8257,108.386,0,441.928,-509.128,0,7.5e+13,0.75,0.2,0,CIRCLE,200,1
96,1,1,1,-17.689,-145.652,0,-828.26,-11.555,0,7.5e+13,0.75,0.2,0,CIRCLE,200,1
97,1,1,1,-72.351,5.34441,0,-73.2779,261.755,0,7.5e+13,0.75,0.2,0,CIRCLE,200,1
98,1,1,1,-102.865,54.8005,0,174.003,414.324,0,7.5e+13,0.75,0.2,0,CIRCLE,200,1
99,1,1,1,-55.7279,-81.6742,0,-508.371,178.639,0,7.5e+13,0.75,0.2,0,CIRCLE,200,1
100,1,1,1,-108.893,57.3523,0,186.761,444.465,0,7.5e+13,0.75,0.2,0,CIRCLE,200,1
101,1,1,1,-148.833,-48.5952,0,-342.976,644.163,0,7.5e+13,0.75,0.2,0,CIRCLE,200,1
102,1,1,1,-75.2782,-37.8964,0,-289.482,276.391,0,7.5e+13,0.75,0.2,0,CIRCLE,200,1
103,1,1,1,-216.203,14.901,0,-25.4951,981.016,0,7.5e+13,0.75,0.2,0,CIRCLE,200,1
104,1,1,1,-84.2846,-161.272,0,-906.361,321.423,0,7.5e+13,0.75,0.2,0,CIRCLE,200,1
105,1,1,1,22.7095,127.767,0,538.837,-213.547,0,7.5e+13,0.75,0.2,0,CIRCLE,200,1
106,1,1,1,66.8171,199.638,0,898.191,-434.085,0,7.5e+13,0.75,0.2,0,CIRCLE,200,1
107,1,1,1,-212.701,72.7925,0,263.963,963.504,0,7.5e+13,0.75,0.2,0,CIRCLE,200,1
108,1,1,1,109.375,110.934,0,454.671,-646.874,0,7.5e+13,0.75,0.2,0,CIRCLE,200,1
109,1,1,1,89.7234,93.9585,0,369.793,-548.617,0,7.5e+13,0.75,0.2,0,CIRCLE,200,1
110,1,1,1,20.0027,1.63967,0,-91.8017,-200.013,0,7.5e+13,0.75,0.2,0,CIRCLE,200,1
111,1,1,1,64.9468,-46.2173,0,-331.087,-424.734,0,7.5e+13,0.75,0.2,0,CIRCLE,200,1
112,1,1,1,4.92923,193.612,0,868.061,-124.646,0,7.5e+13,0.75,0.2,0,CIRCLE,200,1
113,1,1,1,-96.1068,67.8185,0,239.093,380.534,0,7.5e+13,0.75,0.2,0,CIRCLE,200,1
114,1,1,1,-127.781,-92.0226,0,-560.113,538.904,0,7.5e+13,0.75,0.2,0,CIRCLE,200,1
115,1,1,1,-150.316,60.8871,0,204.435,651.582,0,7.5e+13,0.75,0.2,0,CIRCLE,200,1
116,1,1,1,-150.175,-71.8886,0,-459.443,650.873,0,7.5e+13,0.75,0.2,0,CIRCLE,200,1
117,1,1,1,91.4084,-124.013,0,-720.066,-557.042,0,7.5e+13,0.75,0.2,0,CIRCLE,200,1
118,1,1,1,-140.245,-99.9057,0,-599.529,601.227,0,7.5e+13,0.75,0.2,0,CIRCLE,200,1
119,1,1,1,-132.19,-29.1799,0,-245.899,560.952,0,7.5e+13,0.75,0.2,0,CIRCLE,200,1
120,1,1,1,48.9529,177.359,0,786.794,-344.765,0,7.5e+13,0.75,0.2,0,CIRCLE,200,1
121,1,1,1,-198.97,-44.6005,0,-323.003,894.85,0,7.5e+13,0.75,0.2,0,CIRCLE,200,1
122,1,1,1,-16.1047,106.847,0,434.236,-19.4765,0,7.5e+13,0.75,0.2,0,CIRCLE,200,1
123,1,1,1,-152.255,-82.2206,0,-511.103,661.273,0,7.5e+13,0.75,0.2,0,CIRCLE,200,1
124,1,1,1,-122.18,-40.0937,0,-300.468,510.899,0,7.5e+13,0.75,0.2,0,CIRCLE,200,1
125,1,1,1,-76.6704,21.9731,0,9.86556,283.352,0,7.5e+13,0.75,0.2,0,CIRCLE,200,1
126,1,1,1,-29.0933,-136.203,0,-781.013,45.4666,0,7.5e+13,0.75,0.2,0,CIRCLE,200,1
127,1,1,1,-140.932,-94.1072,0,-570.536,604.658,0,7.5e+13,0.75,0.2,0,CIRCLE,200,1
128,1,1,1,5.94569,-52.7417,0,-363.709,-129.728,0,7.5e+13,0.75,0.2,0,CIRCLE,200,1
129,1,1,1,-185.444,-65.6601,0,-428.3,827.219,0,7.5e+13,0.75,0.2,0,CIRCLE,200,1
130,1,1,1,113.212,-62.7214,0,-413.607,-666.058,0,7.5e+13,0.75,0.2,0,CIRCLE,200,1
131,1,1,1,-25.8107,-21.168,0,-205.84,29.0535,0,7.5e+13,0.75,0.2,0,CIRCLE,200,1
132,1,1,1,-117.625,-151.845,0,-859.224,488.124,0,7.5e+13,0.75,0.2,0,CIRCLE,200,1
133,1,1,1,-79.9364,158.476,0,692.381,299.682,0,7.5e+13,0.75,0.2,0,CIRCLE,200,1
134,1,1,1,-48.6606,98.3299,0,391.649,143.303,0,7.5e+13,0.75,0.2,0,CIRCLE,200,1
135,1,1,1,124.732,137.535,0,587.674,-723.66,0,7.5e+13,0.75,0.2,0,CIRCLE,200,1
136,1,1,1,82.4899,-118.811,0,-694.054,-512.45,0,7.5e+13,0.75,0.2,0,CIRCLE,200,1
137,1,1,1,44.3463,114.531,0,472.655,-321.731,0,7.5e+13,0.75,0.2,0,CIRCLE,200,1
138,1,1,1,28.6158,46.4681,0,132.34,-243.079,0,7.5e+13,0.75,0.2,0,CIRCLE,200,1
139,1,1,1,-134.581,-120.254,0,-701.272,572.904,0,7.5e+13,0.75,0.2,0,CIRCLE,200,1
140,1,1,1,-148.566,-17.4316,0,-187.158,642.828,0,7.5e+13,0.75,0.2,0,CIRCLE,200,1
141,1,1,1,-111.92,79.1652,0,295.826,459.601,0,7.5e+13,0.75,0.2,0,CIRCLE,200,1
142,1,1,1,-158.29,50.401,0,152.005,691.448,0,7.5e+13,0.75,0.2,0,CIRCLE,200,1
143,1,1,1,45.2728,113.065,0,465.323,-326.364,0,7.5e+13,0.75,0.2,0,CIRCLE,200,1
144,1,1,1,-28.4414,-91.7321,0,-558.66,42.207,0,7.5e+13,0.75,0.2,0,CIRCLE,200,1
145,1,1,1,70.7638,-153.565,0,-867.827,-453.819,0,7.5e+13,0.75,0.2,0,CIRCLE,200,1
146,1,1,1,99.162,-101.662,0,-608.308,-595.81,0,7.5e+13,0.75,0.2,0,CIRCLE,200,1
147,1,1,1,-80.1153,204.787,0,923.933,300.576,0,7.5e+13,0.75,0.2,0,CIRCLE,200,1
148,1,1,1,15.7473,56.7642,0,183.821,-178.737,0,7.5e+13,0.75,0.2,0,CIRCLE,200,1
149,1,1,1,11.5697,-121.374,0,-706.871,-157.849,0,7.5e+13,0.75,0.2,0,CIRCLE,200,1
150,1,1,1,-170.967,-104.313,0,-621.564,754.833,0,7.5e+13,0.75,0.2,0,CIRCLE,200,1
151,1,1,1,148.187,102.09,0,410.449,-840.933,0,7.5e+13,0.75,0.2,0,CIRCLE,200,1
152,1,1,1,-84.4744,-73.4236,0,-467.118,322.372,0,7.5e+13,0.75,0.2,0,CIRCLE,200,1
153,1,1,1,92.4169,106.974,0,434.87,-562.084,0,7.5e+13,0.75,0.2,0,CIRCLE,200,1
154,1,1,1,-4.54087,126.643,0,533.214,-77.2956,0,7.5e+13,0.75,0.2,0,CIRCLE,200,1
155,1,1,1,110.106,-51.5472,0,-357.736,-650.53,0,7.5e+13,0.75,0.2,0,CIRCLE,200,1
156,1,1,1,-55.2568,-37.7789,0,-288.894,176.284,0,7.5e+13,0.75,0.2,0,CIRCLE,200,1
157,1,1,1,-143.012,25.7715,0,28.8574,615.06,0,7.5e+13,0.75,0.2,0,CIRCLE,200,1
158,1,1,1,-198.106,23.5694,0,17.847,890.528,0,7.5e+13,0.75,0.2,0,CIRCLE,200,1
159,1,1,1,-143.462,12.8067,0,-35.9664,617.311,0,7.5e+13,0.75,0.2,0,CIRCLE,200,1
160,1,1,1,-75.2715,-115.023,0,-675.113,276.357,0,7.5e+13,0.75,0.2,0,CIRCLE,200,1
161,1,1,1,-118.721,-57.8561,0,-389.28,493.604,0,7.5e+13,0.75,0.2,0,CIRCLE,200,1
162,1,1,1,148.156,26.226,0,31.1301,-840.778,0,7.5e+13,0.75,0.2,0,CIRCLE,200,1
163,1,1,1,107.357,113.29,0,466.448,-636.783,0,7.5e+13,0.75,0.2,0,CIRCLE,200,1
164,1,1,1,71.561,-86.1914,0,-530.957,-457.805,0,7.5e+13,0.75,0.2,0,CIRCLE,200,1
165,1,1,1,-22.3586,-120.963,0,-704.814,11.793,0,7.5e+13,0.75,0.2,0,CIRCLE,200,1
166,1,1,1,-149.286,141.242,0,606.212,646.429,0,7.5e+13,0.75,0.2,0,CIRCLE,200,1
167,1,1,1,-132.995,-18.9348,0,-194.674,564.977,0,7.5e+13,0.75,0.2,0,CIRCLE,200,1
168,1,1,1,132.743,-23.63,0,-218.15,-763.714,0,7.5e+13,0.75,0.2,0,CIRCLE,200,1
169,1,1,1,34.4615,129.562,0,547.811,-272.307,0,7.5e+13,0.75,0.2,0,CIRCLE,200,1
170,1,1,1,96.744,146.894,0,634.468,-583.72,0,7.5e+13,0.75,0.2,0,CIRCLE,200,1
171,1,1,1,129.315,-26.7379,0,-233.69,-746.577,0,7.5e+13,0.75,0.2,0,CIRCLE,200,1
172,1,1,1,93.1121,39.9851,0,99.9255,-565.561,0,7.5e+13,0.75,0.2,0,CIRCLE,200,1
173,1,1,1,130.136,75.0239,0,275.119,-750.679,0,7.5e+13,0.75,0.2,0,CIRCLE,200,1
174,1,1,1,104.629,155.464,0,677.32,-623.145,0,7.5e+13,0.75,0.2,0,CIRCLE,200,1
175,1,1,1,81.6834,-96.3432,0,-581.716,-508.417,0,7.5e+13,0.75,0.2,0,CIRCLE,200,1
176,1,1,1,-52.7587,-161.895,0,-909.473,163.793,0,7.5e+13,0.75,0.2,0,CIRCLE,200,1
177,1,1,1,50.8226,26.5508,0,32.754,-354.113,0,7.5e+13,0.75,0.2,0,CIRCLE,200,1
178,1,1,1,-61.071,-131.654,0,-758.271,205.355,0,7.5e+13,0.75,0.2,0,CIRCLE,200,1
179,1,1,1,-9.60551,70.2989,0,251.494,-51.9725,0,7.5e+13,0.75,0.2,0,CIRCLE,200,1
180,1,1,1,57.0551,157.937,0,689.686,-385.276,0,7.5e+13,0.75,0.2,0,CIRCLE,200,1
181,1,1,1,-81.1541,115.06,0,475.301,305.771,0,7.5e+13,0.75,0.2,0,CIRCLE,200,1
182,1,1,1,-129.483,140.222,0,601.111,547.417,0,7.5e+13,0.75,0.2,0,CIRCLE,200,1
183,1,1,1,38.078,-150.006,0,-850.031,-290.39,0,7.5e+13,0.75,0.2,0,CIRCLE,200,1
184,1,1,1,-174.178,-5.94692,0,-129.735,770.89,0,7.5e+13,0.75,0.2,0,CIRCLE,200,1
185,1,1,1,36.5847,-161.169,0,-905.845,-282.923,0,7.5e+13,0.75,0.2,0,CIRCLE,200,1
186,1,1,1,77.4591,145.335,0,626.674,-487.295,0,7.5e+13,0.75,0.2,0,CIRCLE,200,1
187,1,1,1,-102.388,77.9674,0,289.837,411.94,0,7.5e+13,0.75,0.2,0,CIRCLE,200,1
188,1,1,1,100.964,159.912,0,699.56,-604.818,0,7.5e+13,0.75,0.2,0,CIRCLE,200,1
189,1,1,1,99.6721,72.8293,0,264.146,-598.36,0,7.5e+13,0.75,0.2,0,CIRCLE,200,1
190,1,1,1,-118.488,-28.9036,0,-244.518,492.44,0,7.5e+13,0.75,0.2,0,CIRCLE,200,1
191,1,1,1,-110.69,-8.24432,0,-141.222,453.452,0,7.5e+13,0.75,0.2,0,CIRCLE,200,1
192,1,1,1,-45.0121,81.6407,0,308.204,125.06,0,7.5e+13,0.75,0.2,0,CIRCLE,200,1
193,1,1,1,6.17917,-48.5784,0,-342.892,-130.896,0,7.5e+13,0.75,0.2,0,CIRCLE,200,1
194,1,1,1,-57.914,193.456,0,867.279,189.57,0,7.5e+13,0.75,0.2,0,CIRCLE,200,1
195,1,1,1,120.586,-88.7246,0,-543.623,-702.929,0,7.5e+13,0.75,0.2,0,CIRCLE,200,1
196,1,1,1,-26.1124,-136.753,0,-783.766,30.5619,0,7.5e+13,0.75,0.2,0,CIRCLE,200,1
197,1,1,1,-139,161.793,0,708.963,595,0,7.5e+13,0.75,0.2,0,CIRCLE,200,1
198,1,1,1,5.04018,204.164,0,920.819,-125.201,0,7.5e+13,0.75,0.2,0,CIRCLE,200,1
199,1,1,1,-7.12813,119.077,0,495.386,-64.3594,0,7.5e+13,0.75,0.2,0,CIRCLE,200,1
200,1,1,1,-211.474,-32.2591,0,-261.296,957.37,0,7.5e+13,0.75,0.2,0,CIRCLE,200,1
201,1,1,1,33.8394,38.9276,0,94.6381,-269.197,0,7.5e+13,0.75,0.2,0,CIRCLE,200,1
202,1,1,1,-149.093,-0.175532,0,-100.878,645.465,0,7.5e+13,0.75,0.2,0,CIRCLE,200,1
203,1,1,1,64.2696,77.0133,0,285.066,-421.348,0,7.5e+13,0.75,0.2,0,CIRCLE,200,1
204,1,1,1,54.9385,-40.785,0,-303.925,-374.692,0,7.5e+13,0.75,0.2,0,CIRCLE,200,1
205,1,1,1,22.8093,76.3133,0,281.566,-214.046,0,7.5e+13,0.75,0.2,0,CIRCLE,200,1
206,1,1,1,31.4657,-3.57384,0,-117.869,-257.328,0,7.5e+13,0.75,0.2,0,CIRCLE,200,1
207,1,1,1,26.3576,34.1308,0,70.6542,-231.788,0,7.5e+13,0.75,0.2,0,CIRCLE,200,1
208,1,1,1,-118.82,183.776,0,818.882,494.098,0,7.5e+13,0.75,0.2,0,CIRCLE,200,1
209,1,1,1,-125.761,98.2682,0,391.341,528.805,0,7.5e+13,0.75,0.2,0,CIRCLE,200,1
210,1,1,1,152.626,-40.7252,0,-303.626,-863.131,0,7.5e+13,0.75,0.2,0,CIRCLE,200,1
211,1,1,1,-199.304,-19.1653,0,-195.826,896.521,0,7.5e+13,0.75,0.2,0,CIRCLE,200,1
212,1,1,1,-63.8151,-98.2696,0,-591.348,219.076,0,7.5e+13,0.75,0.2,0,CIRCLE,200,1
213,1,1,1,-20.7576,33.1442,0,65.7212,3.78802,0,7.5e+13,0.75,0.2,0,CIRCLE,200,1
214,1,1,1,-212.907,-11.2867,0,-156.434,964.536,0,7.5e+13,0.75,0.2,0,CIRCLE,200,1
215,1,1,1,-98.9716,78.3724,0,291.862,394.858,0,7.5e+13,0.75,0.2,0,CIRCLE,200,1
216,1,1,1,-106.773,-31.7291,0,-258.646,433.863,0,7.5e+13,0.75,0.2,0,CIRCLE,200,1
217,1,1,1,-98.3329,-157.975,0,-889.876,391.664,0,7.5e+13,0.75,0.2,0,CIRCLE,200,1
218,1,1,1,-193.418,94.3997,0,371.998,867.088,0,7.5e+13,0.75,0.2,0,CIRCLE,200,1
219,1,1,1,173.811,28.7394,0,43.6972,-969.055,0,7.5e+13,0.75,0.2,0,CIRCLE,200,1
220,1,1,1,-162.442,-85.6251,0,-528.125,712.208,0,7.5e+13,0.75,0.2,0,CIRCLE,200,1
221,1,1,1,-86.888,-14.9741,0,-174.871,334.44,0,7.5e+13,0.75,0.2,0,CIRCLE,200,1
222,1,1,1,1.41282,141.909,0,609.545,-107.064,0,7.5e+13,0.75,0.2,0,CIRCLE,200,1
223,1,1,1,109.247,23.4705,0,17.3527,-646.235,0,7.5e+13,0.75,0.2,0,CIRCLE,200,1
224,1,1,1,121.256,100.274,0,401.371,-706.281,0,7.5e+13,0.75,0.2,0,CIRCLE,200,1
225,1,1,1,11.2414,-20.225,0,-201.125,-156.207,0,7.5e+13,0.75,0.2,0,CIRCLE,200,1
226,1,1,1,40.9131,-130.905,0,-754.525,-304.566,0,7.5e+13,0.75,0.2,0,CIRCLE,200,1
227,1,1,1,-84.4022,-147.213,0,-836.066,322.011,0,7.5e+13,0.75,0.2,0,CIRCLE,200,1
228,1,1,1,-182.645,-11.1714,0,-155.857,813.227,0,7.5e+13,0.75,0.2,0,CIRCLE,200,1
229,1,1,1,83.6194,149.781,0,648.907,-518.097,0,7.5e+13,0.75,0.2,0,CIRCLE,200,1
230,1,1,1,-44.4163,-154.68,0,-873.401,122.082,0,7.5e+13,0.75,0.2,0,CIRCLE,200,1
231,1,1,1,162.866,56.1567,0,180.784,-914.328,0,7.5e+13,0.75,0.2,0,CIRCLE,200,1
232,1,1,1,-123.439,-112.526,0,-662.628,517.193,0,7.5e+13,0.75,0.2,0,CIRCLE,200,1
233,1,1,1,107.684,96.0022,0,380.011,-638.42,0,7.5e+13,0.75,0.2,0,CIRCLE,200,1
234,1,1,1,25.9142,4.41045,0,-77.9477,-229.571,0,7.5e+13,0.75,0.2,0,CIRCLE,200,1
235,1,1,1,-31.9076,95.268,0,376.34,59.538,0,7.5e+13,0.75,0.2,0,CIRCLE,200,1
236,1,1,1,136.447,2.01176,0,-89.9412,-782.237,0,7.5e+13,0.75,0.2,0,CIRCLE,200,1
237,1,1,1,-70.3912,205.365,0,926.823,251.956,0,7.5e+13,0.75,0.2,0,CIRCLE,200,1
238,1,1,1,-132.203,143.256,0,616.28,561.016,0,7.5e+13,0.75,0.2,0,CIRCLE,200,1
239,1,1,1,-4.53694,97.4445,0,387.223,-77.3153,0,7.5e+13,0.75,0.2,0,CIRCLE,200,1
240,1,1,1,-11.427,164.167,0,720.834,-42.8648,0,7.5e+13,0.75,0.2,0,CIRCLE,200,1
241,1,1,1,33.327,-17.5892,0,-187.946,-266.635,0,7.5e+13,0.75,0.2,0,CIRCLE,200,1
242,1,1,1,88.8224,-56.3327,0,-381.663,-544.112,0,7.5e+13,0.75,0.2,0,CIRCLE,200,1
243,1,1,1,134.935,105.317,0,426.586,-774.676,0,7.5e+13,0.75,0.2,0,CIRCLE,200,1
244,1,1,1,73.1589,194.061,0,870.305,-465.795,0,7.5e+13,0.75,0.2,0,CIRCLE,200,1
245,1,1,1,10.1983,-164.129,0,-920.646,-150.992,0,7.5e+13,0.75,0.2,0,CIRCLE,200,1
246,1,1,1,13.0841,151.035,0,655.175,-165.42,0,7.5e+13,0.75,0.2,0,CIRCLE,200,1
247,1,1,1,153.23,24.0865,0,20.4325,-866.15,0,7.5e+13,0.75,0.2,0,CIRCLE,200,1
248,1,1,1,75.9406,103.568,0,417.841,-479.703,0,7.5e+13,0.75,0.2,0,CIRCLE,200,1
249,1,1,1,-94.6733,204.739,0,923.695,373.366,0,7.5e+13,0.75,0.2,0,CIRCLE,200,1
250,1,1,1,77.4806,44.1008,0,120.504,-487.403,0,7.5e+13,0.75,0.2,0,CIRCLE,200,1
251,1,1,1,17.0626,112.379,0,461.895,-185.313,0,7.5e+13,0.75,0.2,0,CIRCLE,200,1
252,1,1,1,69.7571,149.447,0,647.233,-448.786,0,7.5e+13,0.75,0.2,0,CIRCLE,200,1
253,1,1,1,125.681,-107.83,0,-639.151,-728.403,0,7.5e+13,0.75,0.2,0,CIRCLE,200,1
254,1,1,1,39.1364,186.401,0,832.003,-295.682,0,7.5e+13,0.75,0.2,0,CIRCLE,200,1
255,1,1,1,-118.891,-108.417,0,-642.084,494.455,0,7.5e+13,0.75,0.2,0,CIRCLE,200,1
256,1,1,1,93.5739,-52.9336,0,-364.668,-567.869,0,7.5e+13,0.75,0.2,0,CIRCLE,200,1
257,1,1,1,123.466,-57.3601,0,-386.8,-717.328,0,7.5e+13,0.75,0.2,0,CIRCLE,200,1
258,1,1,1,73.1579,149.519,0,647.597,-465.789,0,7.5e+13,0.75,0.2,0,CIRCLE,200,1
259,1,1,1,-137.724,-34.9785,0,-274.893,588.621,0,7.5e+13,0.75,0.2,0,CIRCLE,200,1
260,1,1,1,117.724,-31.5262,0,-257.631,-688.622,0,7.5e+13,0.75,0.2,0,CIRCLE,200,1
262,1,1,1,-24.1854,145.939,0,629.695,20.927,0,7.5e+13,0.75,0.2,0,CIRCLE,200,1
263,1,1,1,-42.5475,50.9273,0,154.636,112.738,0,7.5e+13,0.75,0.2,0,CIRCLE,200,1
264,1,1,1,4.86937,-65.0991,0,-425.496,-124.347,0,7.5e+13,0.75,0.2,0,CIRCLE,200,1
265,1,1,1,92.8332,73.3415,0,266.708,-564.166,0,7.5e+13,0.75,0.2,0,CIRCLE,200,1
266,1,1,1,-64.8375,-8.75071,0,-143.754,224.187,0,7.5e+13,0.75,0.2,0,CIRCLE,200,1
267,1,1,1,5.49923,94.7351,0,373.675,-127.496,0,7.5e+13,0.75,0.2,0,CIRCLE,200,1
268,1,1,1,-103.068,-86.1741,0,-530.871,415.338,0,7.5e+13,0.75,0.2,0,CIRCLE,200,1
270,1,1,1,-174.337,79.6555,0,298.277,771.686,0,7.5e+13,0.75,0.2,0,CIRCLE,200,1
271,1,1,1,-165.537,130.67,0,553.349,727.684,0,7.5e+13,0.75,0.2,0,CIRCLE,200,1
272,1,1,1,-94.7692,-28.9205,0,-244.602,373.846,0,7.5e+13,0.75,0.2,0,CIRCLE,200,1
273,1,1,1,157.832,-38.4471,0,-292.236,-889.158,0,7.5e+13,0.75,0.2,0,CIRCLE,200,1
274,1,1,1,-174.482,145.035,0,625.175,772.408,0,7.5e+13,0.75,0.2,0,CIRCLE,200,1
275,1,1,1,54.8373,193.862,0,869.312,-374.187,0,7.5e+13,0.75,0.2,0,CIRCLE,200,1
276,1,1,1,-138.69,-39.9596,0,-299.798,593.449,0,7.5e+13,0.75,0.2,0,CIRCLE,200,1
277,1,1,1,-137.277,-100.775,0,-603.877,586.387,0,7.5e+13,0.75,0.2,0,CIRCLE,200,1
278,1,1,1,81.723,52.7857,0,163.928,-508.615,0,7.5e+13,0.75,0.2,0,CIRCLE,200,1
279,1,1,1,-28.1787,147.431,0,637.153,40.8934,0,7.5e+13,0.75,0.2,0,CIRCLE,200,1
280,1,1,1,113.386,-83.034,0,-515.17,-666.931,0,7.5e+13,0.75,0.2,0,CIRCLE,200,1
281,1,1,1,-45.5606,-167.587,0,-937.934,127.803,0,7.5e+13,0.75,0.2,0,CIRCLE,200,1
282,1,1,1,-118.924,98.1701,0,390.851,494.619,0,7.5e+13,0.75,0.2,0,CIRCLE,200,1
283,1,1,1,71.445,-43.1025,0,-315.513,-457.225,0,7.5e+13,0.75,0.2,0,CIRCLE,200,1
284,1,1,1,-135.248,117.677,0,488.386,576.24,0,7.5e+13,0.75,0.2,0,CIRCLE,200,1
285,1,1,1,-123.767,156.31,0,681.548,518.834,0,7.5e+13,0.75,0.2,0,CIRCLE,200,1
286,1,1,1,-25.0098,-151.552,0,-857.761,25.049,0,7.5e+13,0.75,0.2,0,CIRCLE,200,1
287,1,1,1,-24.9527,-54.4859,0,-372.43,24.7637,0,7.5e+13,0.75,0.2,0,CIRCLE,200,1
288,1,1,1,12.1611,119.344,0,496.722,-160.805,0,7.5e+13,0.75,0.2,0,CIRCLE,200,1
289,1,1,1,-100.805,-152.962,0,-864.808,404.027,0,7.5e+13,0.75,0.2,0,CIRCLE,200,1
290,1,1,1,-117.071,126.223,0,531.117,485.355,0,7.5e+13,0.75,0.2,0,CIRCLE,200,1
291,1,1,1,127.271,140.867,0,604.335,-736.353,0,7.5e+13,0.75,0.2,0,CIRCLE,200,1
292,1,1,1,21.8307,157.727,0,688.633,-209.154,0,7.5e+13,0.75,0.2,0,CIRCLE,200,1
293,1,1,1,-94.5564,-89.4631,0,-547.315,372.782,0,7.5e+13,0.75,0.2,0,CIRCLE,200,1
294,1,1,1,-42.9654,-35.5846,0,-277.923,114.827,0,7.5e+13,0.75,0.2,0,CIRCLE,200,1
296,1,1,1,97.3639,40.7131,0,103.566,-586.819,0,7.5e+13,0.75,0.2,0,CIRCLE,200,1
297,1,1,1,-78.7676,176.326,0,781.63,293.838,0,7.5e+13,0.75,0.2,0,CIRCLE,200,1
298,1,1,1,58.4694,118.166,0,490.828,-392.347,0,7.5e+13,0.75,0.2,0,CIRCLE,200,1
299,1,1,1,129.695,87.9782,0,339.891,-748.475,0,7.5e+13,0.75,0.2,0,CIRCLE,200,1
300,1,1,1,-33.9816,-68.0497,0,-440.249,69.9081,0,7.5e+13,0.75,0.2,0,CIRCLE,200,1
301,1,1,1,-74.0665,-127.327,0,-736.635,270.333,0,7.5e+13,0.75,0.2,0,CIRCLE,200,1
302,1,1,1,-102.993,-101.95,0,-609.751,414.965,0,7.5e+13,0.75,0.2,0,CIRCLE,200,1
303,1,1,1,100.41,105.533,0,427.667,-602.052,0,7.5e+13,0.75,0.2,0,CIRCLE,200,1
304,1,1,1,167.922,80.5679,0,302.84,-939.61,0,7.5e+13,0.75,0.2,0,CIRCLE,200,1
305,1,1,1,-211.966,64.1346,0,220.673,959.83,0,7.5e+13,0.75,0.2,0,CIRCLE,200,1
306,1,1,1,-40.2019,-124.327,0,-721.636,101.009,0,7.5e+13,0.75,0.2,0,CIRCLE,200,1
307,1,1,1,-90.9531,-130.591,0,-752.956,354.766,0,7.5e+13,0.75,0.2,0,CIRCLE,200,1
308,1,1,1,-106.547,109.747,0,448.733,432.737,0,7.5e+13,0.75,0.2,0,CIRCLE,200,1
309,1,1,1,151.181,75.5711,0,277.856,-855.906,0,7.5e+13,0.75,0.2,0,CIRCLE,200,1
310,1,1,1,3.88158,63.1579,0,215.79,-119.408,0,7.5e+13,0.75,0.2,0,CIRCLE,200,1
311,1,1,1,-85.7855,184.473,0,822.365,328.928,0,7.5e+13,0.75,0.2,0,CIRCLE,200,1
312,1,1,1,6.51089,130.334,0,551.669,-132.554,0,7.5e+13,0.75,0.2,0,CIRCLE,200,1
313,1,1,1,-39.0482,21.8411,0,9.20554,95.2408,0,7.5e+13,0.75,0.2,0,CIRCLE,200,1
314,1,1,1,-152.474,72.582,0,262.91,662.372,0,7.5e+13,0.75,0.2,0,CIRCLE,200,1
315,1,1,1,-156.999,-87.5765,0,-537.882,684.996,0,7.5e+13,0.75,0.2,0,CIRCLE,200,1
316,1,1,1,-116.164,88.8806,0,344.403,480.822,0,7.5e+13,0.75,0.2,0,CIRCLE,200,1
317,1,1,1,86.7402,-142.171,0,-810.854,-533.701,0,7.5e+13,0.75,0.2,0,CIRCLE,200,1
318,1,1,1,-162.721,-119.722,0,-698.608,713.604,0,7.5e+13,0.75,0.2,0,CIRCLE,200,1
319,1,1,1,121.659,69.4657,0,247.329,-708.295,0,7.5e+13,0.75,0.2,0,CIRCLE,200,1
320,1,1,1,61.4017,-74.0436,0,-470.218,-407.009,0,7.5e+13,0.75,0.2,0,CIRCLE,200,1
321,1,1,1,-57.0024,119.998,0,499.989,185.012,0,7.5e+13,0.75,0.2,0,CIRCLE,200,1
322,1,1,1,134.335,46.1408,0,130.704,-771.676,0,7.5e+13,0.75,0.2,0,CIRCLE,200,1
323,1,1,1,-41.1551,37.237,0,86.1851,105.775,0,7.5e+13,0.75,0.2,0,CIRCLE,200,1
324,1,1,1,112.452,46.1625,0,130.812,-662.262,0,7.5e+13,0.75,0.2,0,CIRCLE,200,1
325,1,1,1,101.444,-130.738,0,-753.691,-607.22,0,7.5e+13,0.75,0.2,0,CIRCLE,200,1
326,1,1,1,-159.174,118.601,0,493.005,695.868,0,7.5e+13,0.75,0.2,0,CIRCLE,200,1
327,1,1,1,-157.4,-96.0004,0,-580.002,687.002,0,7.5e+13,0.75,0.2,0,CIRCLE,200,1
328,1,1,1,88.2311,-87.6567,0,-538.284,-541.155,0,7.5e+13,0.75,0.2,0,CIRCLE,200,1
329,1,1,1,-66.4932,-11.605,0,-158.025,232.466,0,7.5e+13,0.75,0.2,0,CIRCLE,200,1
330,1,1,1,16.4359,-110.998,0,-654.991,-182.179,0,7.5e+13,0.75,0.2,0,CIRCLE,200,1
331,1,1,1,-149.322,-62.7841,0,-413.92,646.61,0,7.5e+13,0.75,0.2,0,CIRCLE,200,1
332,1,1,1,-183.862,-56.1047,0,-380.524,819.309,0,7.5e+13,0.75,0.2,0,CIRCLE,200,1
333,1,1,1,-74.693,-83.6907,0,-518.454,273.465,0,7.5e+13,0.75,0.2,0,CIRCLE,200,1
334,1,1,1,83.1911,26.6379,0,33.1893,-515.956,0,7.5e+13,0.75,0.2,0,CIRCLE,200,1
335,1,1,1,-72.4246,100.842,0,404.209,262.123,0,7.5e+13,0.75,0.2,0,CIRCLE,200,1
336,1,1,1,-3.94188,-100.88,0,-604.4,-80.2906,0,7.5e+13,0.75,0.2,0,CIRCLE,200,1
337,1,1,1,26.7603,-29.8768,0,-249.384,-233.801,0,7.5e+13,0.75,0.2,0,CIRCLE,200,1
338,1,1,1,-44.2434,-136.746,0,-783.73,121.217,0,7.5e+13,0.75,0.2,0,CIRCLE,200,1
339,1,1,1,47.2588,-32.8869,0,-264.435,-336.294,0,7.5e+13,0.75,0.2,0,CIRCLE,200,1
340,1,1,1,-205.224,-22.0987,0,-210.493,926.12,0,7.5e+13,0.75,0.2,0,CIRCLE,200,1
341,1,1,1,16.92,-172.99,0,-964.952,-184.6,0,7.5e+13,0.75,0.2,0,CIRCLE,200,1
342,1,1,1,41.6662,199.608,0,898.042,-308.331,0,7.5e+13,0.75,0.2,0,CIRCLE,200,1
343,1,1,1,37.3254,-166.681,0,-933.404,-286.627,0,7.5e+13,0.75,0.2,0,CIRCLE,200,1
344,1,1,1,89.7813,-133.499,0,-767.495,-548.907,0,7.5e+13,0.75,0.2,0,CIRCLE,200,1
345,1,1,1,-79.4665,-42.3071,0,-311.535,297.333,0,7.5e+13,0.75,0.2,0,CIRCLE,200,1
346,1,1,1,-96.3955,-49.0175,0,-345.087,381.978,0,7.5e+13,0.75,0.2,0,CIRCLE,200,1
347,1,1,1,-20.6973,191.136,0,855.68,3.48671,0,7.5e+13,0.75,0.2,0,CIRCLE,200,1
348,1,1,1,-0.388764,-60.3291,0,-401.646,-98.0562,0,7.5e+13,0.75,0.2,0,CIRCLE,200,1
349,1,1,1,-51.2006,-115.145,0,-675.725,156.003,0,7.5e+13,0.75,0.2,0,CIRCLE,200,1
350,1,1,1,136.584,107.995,0,439.973,-782.922,0,7.5e+13,0.75,0.2,0,CIRCLE,200,1
351,1,1,1,23.3961,-35.6981,0,-278.491,-216.98,0,7.5e+13,0.75,0.2,0,CIRCLE,200,1
352,1,1,1,-73.5056,161.669,0,708.343,267.528,0,7.5e+13,0.75,0.2,0,CIRCLE,200,1
353,1,1,1,-192.08,49.5028,0,147.514,860.399,0,7.5e+13,0.75,0.2,0,CIRCLE,200,1
354,1,1,1,40.9411,179.365,0,796.825,-304.706,0,7.5e+13,0.75,0.2,0,CIRCLE,200,1
355,1,1,1,4.76757,19.2256,0,-3.87191,-123.838,0,7.5e+13,0.75,0.2,0,CIRCLE,200,1
356,1,1,1,-119.756,-113.095,0,-665.475,498.782,0,7.5e+13,0.75,0.2,0,CIRCLE,200,1
357,1,1,1,4.64182,67.722,0,238.61,-123.209,0,7.5e+13,0.75,0.2,0,CIRCLE,200,1
358,1,1,1,-45.7069,182.494,0,812.468,128.535,0,7.5e+13,0.75,0.2,0,CIRCLE,200,1
359,1,1,1,59.1014,-106.528,0,-632.639,-395.507,0,7.5e+13,0.75,0.2,0,CIRCLE,200,1
360,1,1,1,-141.866,147.785,0,638.924,609.328,0,7.5e+13,0.75,0.2,0,CIRCLE,200,1
361,1,1,1,-2.48724,178.816,0,794.082,-87.5638,0,7.5e+13,0.75,0.2,0,CIRCLE,200,1
362,1,1,1,-9.60188,109.865,0,449.325,-51.9906,0,7.5e+13,0.75,0.2,0,CIRCLE,200,1
363,1,1,1,84.4068,0.788141,0,-96.0593,-522.034,0,7.5e+13,0.75,0.2,0,CIRCLE,200,1
364,1,1,1,153.599,45.1398,0,125.699,-867.997,0,7.5e+13,0.75,0.2,0,CIRCLE,200,1
365,1,1,1,5.0723,55.3567,0,176.784,-125.361,0,7.5e+13,0.75,0.2,0,CIRCLE,200,1
366,1,1,1,97.8825,26.8568,0,34.2842,-589.412,0,7.5e+13,0.75,0.2,0,CIRCLE,200,1
367,1,1,1,-92.4666,-72.0775,0,-460.387,362.333,0,7.5e+13,0.75,0.2,0,CIRCLE,200,1
368,1,1,1,-130.921,86.0096,0,330.048,554.603,0,7.5e+13,0.75,0.2,0,CIRCLE,200,1
369,1,1,1,104.35,99.6517,0,398.259,-621.75,0,7.5e+13,0.75,0.2,0,CIRCLE,200,1
370,1,1,1,-56.4371,-90.4175,0,-552.088,182.186,0,7.5e+13,0.75,0.2,0,CIRCLE,200,1
371,1,1,1,-122.765,-136.49,0,-782.452,513.825,0,7.5e+13,0.75,0.2,0,CIRCLE,200,1
372,1,1,1,-167.264,-13.3818,0,-166.909,736.319,0,7.5e+13,0.75,0.2,0,CIRCLE,200,1
373,1,1,1,108.717,65.418,0,227.09,-643.587,0,7.5e+13,0.75,0.2,0,CIRCLE,200,1
374,1,1,1,-28.1937,150.403,0,652.015,40.9686,0,7.5e+13,0.75,0.2,0,CIRCLE,200,1
376,1,1,1,108.304,98.5533,0,392.766,-641.52,0,7.5e+13,0.75,0.2,0,CIRCLE,200,1
377,1,1,1,-64.5253,-150.752,0,-853.759,222.626,0,7.5e+13,0.75,0.2,0,CIRCLE,200,1
378,1,1,1,101.303,-118.952,0,-694.761,-606.513,0,7.5e+13,0.75,0.2,0,CIRCLE,200,1
379,1,1,1,-69.638,199.196,0,895.979,248.19,0,7.5e+13,0.75,0.2,0,CIRCLE,200,1
380,1,1,1,-126.006,-116.516,0,-682.579,530.032,0,7.5e+13,0.75,0.2,0,CIRCLE,200,1
381,1,1,1,62.9916,-134.069,0,-770.343,-414.958,0,7.5e+13,0.75,0.2,0,CIRCLE,200,1
382,1,1,1,112.144,-117.371,0,-686.855,-660.721,0,7.5e+13,0.75,0.2,0,CIRCLE,200,1
383,1,1,1,103.217,-55.4713,0,-377.356,-616.085,0,7.5e+13,0.75,0.2,0,CIRCLE,200,1
384,1,1,1,-81.0344,44.0905,0,120.453,305.172,0,7.5e+13,0.75,0.2,0,CIRCLE,200,1
385,1,1,1,-130.319,164.055,0,720.275,551.595,0,7.5e+13,0.75,0.2,0,CIRCLE,200,1
386,1,1,1,-94.0668,56.1598,0,180.799,370.334,0,7.5e+13,0.75,0.2,0,CIRCLE,200,1
387,1,1,1,142.166,20.8707,0,4.35345,-810.828,0,7.5e+13,0.75,0.2,0,CIRCLE,200,1
388,1,1,1,-12.5559,-29.9349,0,-249.674,-37.2203,0,7.5e+13,0.75,0.2,0,CIRCLE,200,1
389,1,1,1,84.9453,86.4302,0,332.151,-524.727,0,7.5e+13,0.75,0.2,0,CIRCLE,200,1
390,1,1,1,-92.5306,-144.45,0,-822.249,362.653,0,7.5e+13,0.75,0.2,0,CIRCLE,200,1
391,1,1,1,22.8471,82.2769,0,311.385,-214.235,0,7.5e+13,0.75,0.2,0,CIRCLE,200,1
392,1,1,1,92.2543,55.2791,0,176.396,-561.271,0,7.5e+13,0.75,0.2,0,CIRCLE,200,1
393,1,1,1,176.488,43.0121,0,115.06,-982.438,0,7.5e+13,0.75,0.2,0,CIRCLE,200,1
394,1,1,1,-47.7838,-17.0692,0,-185.346,138.919,0,7.5e+13,0.75,0.2,0,CIRCLE,200,1
395,1,1,1,117.011,-62.0172,0,-410.086,-685.055,0,7.5e+13,0.75,0.2,0,CIRCLE,200,1
396,1,1,1,-46.392,32.0736,0,60.3678,131.96,0,7.5e+13,0.75,0.2,0,CIRCLE,200,1
397,1,1,1,-14.1737,145.076,0,625.38,-29.1313,0,7.5e+13,0.75,0.2,0,CIRCLE,200,1
398,1,1,1,-120.31,-125.648,0,-728.239,501.55,0,7.5e+13,0.75,0.2,0,CIRCLE,200,1
399,1,1,1,159.907,45.9828,0,129.914,-899.537,0,7.5e+13,0.75,0.2,0,CIRCLE,200,1
400,1,1,1,82.7342,141.722,0,608.612,-513.671,0,7.5e+13,0.75,0.2,0,CIRCLE,200,1
401,1,1,1,-208.479,-41.7665,0,-308.833,942.397,0,7.5e+13,0.75,0.2,0,CIRCLE,200,1
402,1,1,1,-110.254,41.1148,0,105.574,451.269,0,7.5e+13,0.75,0.2,0,CIRCLE,200,1
403,1,1,1,-75.3969,187.981,0,839.904,276.985,0,7.5e+13,0.75,0.2,0,CIRCLE,200,1
404,1,1,1,-96.1517,135.867,0,579.334,380.759,0,7.5e+13,0.75,0.2,0,CIRCLE,200,1
405,1,1,1,-69.8436,-20.2005,0,-201.002,249.218,0,7.5e+13,0.75,0.2,0,CIRCLE,200,1
406,1,1,1,153.045,3.02302,0,-84.8849,-865.226,0,7.5e+13,0.75,0.2,0,CIRCLE,200,1
407,1,1,1,58.8108,129.75,0,548.749,-394.054,0,7.5e+13,0.75,0.2,0,CIRCLE,200,1
408,1,1,1,-67.7208,-174.094,0,-970.472,238.604,0,7.5e+13,0.75,0.2,0,CIRCLE,200,1
409,1,1,1,5.56458,-138.153,0,-790.767,-127.823,0,7.5e+13,0.75,0.2,0,CIRCLE,200,1
410,1,1,1,-160.799,-114.238,0,-671.191,703.994,0,7.5e+13,0.75,0.2,0,CIRCLE,200,1
411,1,1,1,-60.7883,-79.6417,0,-498.208,203.941,0,7.5e+13,0.75,0.2,0,CIRCLE,200,1
412,1,1,1,-118.322,-24.1383,0,-220.692,491.608,0,7.5e+13,0.75,0.2,0,CIRCLE,200,1
413,1,1,1,-181.11,-30.379,0,-251.895,805.551,0,7.5e+13,0.75,0.2,0,CIRCLE,200,1
414,1,1,1,-16.6898,167.838,0,739.192,-16.5512,0,7.5e+13,0.75,0.2,0,CIRCLE,200,1
415,1,1,1,-214.937,29.0337,0,45.1686,974.687,0,7.5e+13,0.75,0.2,0,CIRCLE,200,1
416,1,1,1,-104.454,-133.212,0,-766.059,422.272,0,7.5e+13,0.75,0.2,0,CIRCLE,200,1
417,1,1,1,-115.381,-73.4483,0,-467.242,476.905,0,7.5e+13,0.75,0.2,0,CIRCLE,200,1
418,1,1,1,32.0836,-144.647,0,-823.237,-260.418,0,7.5e+13,0.75,0.2,0,CIRCLE,200,1
419,1,1,1,70.2523,13.7077,0,-31.4615,-451.261,0,7.5e+13,0.75,0.2,0,CIRCLE,200,1
420,1,1,1,-151.048,-118.633,0,-693.164,655.242,0,7.5e+13,0.75,0.2,0,CIRCLE,200,1
421,1,1,1,-180.987,-84.0141,0,-520.07,804.935,0,7.5e+13,0.75,0.2,0,CIRCLE,200,1
422,1,1,1,-159.829,15.1315,0,-24.3423,699.144,0,7.5e+13,0.75,0.2,0,CIRCLE,200,1
423,1,1,1,-199.276,78.5982,0,292.991,896.379,0,7.5e+13,0.75,0.2,0,CIRCLE,200,1
424,1,1,1,59.6116,-11.2908,0,-156.454,-398.058,0,7.5e+13,0.75,0.2,0,CIRCLE,200,1
425,1,1,1,-21.1102,110.106,0,450.531,5.5509,0,7.5e+13,0.75,0.2,0,CIRCLE,200,1
426,1,1,1,-43.7236,-172.568,0,-962.839,118.618,0,7.5e+13,0.75,0.2,0,CIRCLE,200,1
427,1,1,1,-48.744,-8.77298,0,-143.865,143.72,0,7.5e+13,0.75,0.2,0,CIRCLE,200,1
428,1,1,1,-43.4418,-8.82946,0,-144.147,117.209,0,7.5e+13,0.75,0.2,0,CIRCLE,200,1
429,1,1,1,-158.423,-31.1683,0,-255.842,692.117,0,7.5e+13,0.75,0.2,0,CIRCLE,200,1
430,1,1,1,-66.7568,36.3924,0,81.9618,233.784,0,7.5e+13,0.75,0.2,0,CIRCLE,200,1
431,1,1,1,51.4622,18.2182,0,-8.90887,-357.311,0,7.5e+13,0.75,0.2,0,CIRCLE,200,1
432,1,1,1,-56.1574,-6.58689,0,-132.934,180.787,0,7.5e+13,0.75,0.2,0,CIRCLE,200,1
433,1,1,1,55.7762,163.762,0,718.809,-378.881,0,7.5e+13,0.75,0.2,0,CIRCLE,200,1
434,1,1,1,-75.6616,117.673,0,488.367,278.308,0,7.5e+13,0.75,0.2,0,CIRCLE,200,1
435,1,1,1,-92.9686,-85.3422,0,-526.711,364.843,0,7.5e+13,0.75,0.2,0,CIRCLE,200,1
436,1,1,1,-104.554,61.4204,0,207.102,422.77,0,7.5e+13,0.75,0.2,0,CIRCLE,200,1
437,1,1,1,-55.4279,-53.5036,0,-367.518,177.139,0,7.5e+13,0.75,0.2,0,CIRCLE,200,1
438,1,1,1,-162.481,22.1995,0,10.9977,712.407,0,7.5e+13,0.75,0.2,0,CIRCLE,200,1
439,1,1,1,22.9102,-104.746,0,-623.731,-214.551,0,7.5e+13,0.75,0.2,0,CIRCLE,200,1
440,1,1,1,96.4843,23.3067,0,16.5333,-582.421,0,7.5e+13,0.75,0.2,0,CIRCLE,200,1
441,1,1,1,-70.9947,70.4234,0,252.117,254.973,0,7.5e+13,0.75,0.2,0,CIRCLE,200,1
442,1,1,1,59.9751,-131.446,0,-757.231,-399.875,0,7.5e+13,0.75,0.2,0,CIRCLE,200,1
443,1,1,1,104.332,-81.3645,0,-506.823,-621.66,0,7.5e+13,0.75,0.2,0,CIRCLE,200,1
444,1,1,1,-103.887,-96.3709,0,-581.855,419.436,0,7.5e+13,0.75,0.2,0,CIRCLE,200,1
445,1,1,1,-37.2659,-150.848,0,-854.238,86.3296,0,7.5e+13,0.75,0.2,0,CIRCLE,200,1
446,1,1,1,111.573,-16.358,0,-181.79,-657.865,0,7.5e+13,0.75,0.2,0,CIRCLE,200,1
447,1,1,1,-63.7488,70.7295,0,253.648,218.744,0,7.5e+13,0.75,0.2,0,CIRCLE,200,1
448,1,1,1,129.684,-82.1933,0,-510.967,-748.422,0,7.5e+13,0.75,0.2,0,CIRCLE,200,1
449,1,1,1,-83.2896,38.4793,0,92.3964,316.448,0,7.5e+13,0.75,0.2,0,CIRCLE,200,1
450,1,1,1,99.0159,-107.633,0,-638.166,-595.08,0,7.5e+13,0.75,0.2,0,CIRCLE,200,1
451,1,1,1,105.219,51.4177,0,157.088,-626.093,0,7.5e+13,0.75,0.2,0,CIRCLE,200,1
452,1,1,1,27.9215,-0.336603,0,-101.683,-239.607,0,7.5e+13,0.75,0.2,0,CIRCLE,200,1
453,1,1,1,26.8654,99.0874,0,395.437,-234.327,0,7.5e+13,0.75,0.2,0,CIRCLE,200,1
454,1,1,1,94.1101,123.07,0,515.349,-570.551,0,7.5e+13,0.75,0.2,0,CIRCLE,200,1
455,1,1,1,95.7476,126.459,0,532.294,-578.738,0,7.5e+13,0.75,0.2,0,CIRCLE,200,1
456,1,1,1,-165.566,-60.1399,0,-400.699,727.831,0,7.5e+13,0.75,0.2,0,CIRCLE,200,1
457,1,1,1,-42.1249,-170.096,0,-950.478,110.625,0,7.5e+13,0.75,0.2,0,CIRCLE,200,1
458,1,1,1,-72.8047,-75.6647,0,-478.323,264.023,0,7.5e+13,0.75,0.2,0,CIRCLE,200,1
459,1,1,1,24.4585,-94.6772,0,-573.386,-222.293,0,7.5e+13,0.75,0.2,0,CIRCLE,200,1
460,1,1,1,155.764,17.2361,0,-13.8195,-878.82,0,7.5e+13,0.75,0.2,0,CIRCLE,200,1
461,1,1,1,3.337,99.2345,0,396.172,-116.685,0,7.5e+13,0.75,0.2,0,CIRCLE,200,1
462,1,1,1,-85.0028,74.9854,0,274.927,325.014,0,7.5e+13,0.75,0.2,0,CIRCLE,200,1
463,1,1,1,-97.2529,-23.0922,0,-215.461,386.264,0,7.5e+13,0.75,0.2,0,CIRCLE,200,1
464,1,1,1,64.5146,-1.61884,0,-108.094,-422.573,0,7.5e+13,0.75,0.2,0,CIRCLE,200,1
465,1,1,1,-101.198,94.6101,0,373.05,405.99,0,7.5e+13,0.75,0.2,0,CIRCLE,200,1
466,1,1,1,44.5838,81.2796,0,306.398,-322.919,0,7.5e+13,0.75,0.2,0,CIRCLE,200,1
467,1,1,1,148.274,70.3078,0,251.539,-841.368,0,7.5e+13,0.75,0.2,0,CIRCLE,200,1
468,1,1,1,-6.98839,-167.276,0,-936.379,-65.058,0,7.5e+13,0.75,0.2,0,CIRCLE,200,1
469,1,1,1,113.95,21.4898,0,7.44908,-669.751,0,7.5e+13,0.75,0.2,0,CIRCLE,200,1
471,1,1,1,-156.564,53.833,0,169.165,682.818,0,7.5e+13,0.75,0.2,0,CIRCLE,200,1
472,1,1,1,-20.3793,-77.6726,0,-488.363,1.89633,0,7.5e+13,0.75,0.2,0,CIRCLE,200,1
473,1,1,1,-76.7147,-2.20974,0,-111.049,283.574,0,7.5e+13,0.75,0.2,0,CIRCLE,200,1
474,1,1,1,146.842,-68.9765,0,-444.883,-834.21,0,7.5e+13,0.75,0.2,0,CIRCLE,200,1
475,1,1,1,10.4218,-18.2078,0,-191.039,-152.109,0,7.5e+13,0.75,0.2,0,CIRCLE,200,1
476,1,1,1,-178.741,29.096,0,45.4802,793.706,0,7.5e+13,0.75,0.2,0,CIRCLE,200,1
477,1,1,1,-23.0427,-153.877,0,-869.387,15.2137,0,7.5e+13,0.75,0.2,0,CIRCLE,200,1
478,1,1,1,-26.8851,210.654,0,953.27,34.4257,0,7.5e+13,0.75,0.2,0,CIRCLE,200,1
479,1,1,1,3.30062,-66.2667,0,-431.334,-116.503,0,7.5e+13,0.75,0.2,0,CIRCLE,200,1
480,1,1,1,-62.8002,5.24314,0,-73.7843,214.001,0,7.5e+13,0.75,0.2,0,CIRCLE,200,1
481,1,1,1,-196.083,-4.68982,0,-123.449,880.414,0,7.5e+13,0.75,0.2,0,CIRCLE,200,1
482,1,1,1,-28.8112,-9.73727,0,-148.686,44.0562,0,7.5e+13,0.75,0.2,0,CIRCLE,200,1
483,1,1,1,-37.0297,-127.799,0,-738.993,85.1486,0,7.5e+13,0.75,0.2,0,CIRCLE,200,1
484,1,1,1,140.607,-76.0585,0,-480.292,-803.035,0,7.5e+13,0.75,0.2,0,CIRCLE,200,1
485,1,1,1,12.122,-85.7608,0,-528.804,-160.61,0,7.5e+13,0.75,0.2,0,CIRCLE,200,1
486,1,1,1,-129.67,105.135,0,425.675,548.35,0,7.5e+13,0.75,0.2,0,CIRCLE,200,1
487,1,1,1,132.755,72.3891,0,261.946,-763.774,0,7.5e+13,0.75,0.2,0,CIRCLE,200,1
488,1,1,1,155.335,20.9414,0,4.70699,-876.673,0,7.5e+13,0.75,0.2,0,CIRCLE,200,1
489,1,1,1,-16.356,-73.6806,0,-468.403,-18.2198,0,7.5e+13,0.75,0.2,0,CIRCLE,200,1
490,1,1,1,7.02295,59.634,0,198.17,-135.115,0,7.5e+13,0.75,0.2,0,CIRCLE,200,1
491,1,1,1,-37.297,-11.7526,0,-158.763,86.4851,0,7.5e+13,0.75,0.2,0,CIRCLE,200,1
492,1,1,1,-114.662,157.673,0,688.364,473.309,0,7.5e+13,0.75,0.2,0,CIRCLE,200,1
493,1,1,1,19.3586,-106.101,0,-630.503,-196.793,0,7.5e+13,0.75,0.2,0,CIRCLE,200,1
494,1,1,1,138.392,1.72662,0,-91.3669,-791.96,0,7.5e+13,0.75,0.2,0,CIRCLE,200,1
495,1,1,1,-58.7836,152.57,0,662.85,193.918,0,7.5e+13,0.75,0.2,0,CIRCLE,200,1
496,1,1,1,19.6597,-19.9824,0,-199.912,-198.299,0,7.5e+13,0.75,0.2,0,CIRCLE,200,1
497,1,1,1,40.9576,64.8677,0,224.339,-304.788,0,7.5e+13,0.75,0.2,0,CIRCLE,200,1
498,1,1,1,99.3321,169.932,0,749.662,-596.66,0,7.5e+13,0.75,0.2,0,CIRCLE,200,1
499,1,1,1,-64.1029,134.052,0,570.258,220.514,0,7.5e+13,0.75,0.2,0,CIRCLE,200,1
500,1,1,1,-3.13765,-19.7612,0,-198.806,-84.3118,0,7.5e+13,0.75,0.2,0,CIRCLE,200,1
501,1,1,1,18.4616,-70.1144,0,-450.572,-192.308,0,7.5e+13,0.75,0.2,0,CIRCLE,200,1
502,1,1,1,61.1496,-40.6224,0,-303.112,-405.748,0,7.5e+13,0.75,0.2,0,CIRCLE,200,1
503,1,1,1,-31.0665,110.543,0,452.717,55.3323,0,7.5e+13,0.75,0.2,0,CIRCLE,200,1
504,1,1,1,3.77215,202.431,0,912.156,-118.861,0,7.5e+13,0.75,0.2,0,CIRCLE,200,1
505,1,1,1,113.113,-113.374,0,-666.872,-665.563,0,7.5e+13,0.75,0.2,0,CIRCLE,200,1
506,1,1,1,67.5715,-109.237,0,-646.183,-437.858,0,7.5e+13,0.75,0.2,0,CIRCLE,200,1
507,1,1,1,60.5782,41.1726,0,105.863,-402.891,0,7.5e+13,0.75,0.2,0,CIRCLE,200,1
508,1,1,1,28.2433,129.128,0,545.639,-241.216,0,7.5e+13,0.75,0.2,0,CIRCLE,200,1
509,1,1,1,-101.703,46.9659,0,134.83,408.516,0,7.5e+13,0.75,0.2,0,CIRCLE,200,1
510,1,1,1,104.413,-77.1739,0,-485.869,-622.066,0,7.5e+13,0.75,0.2,0,CIRCLE,200,1
511,1,1,1,-202.925,-34.822,0,-274.11,914.627,0,7.5e+13,0.75,0.2,0,CIRCLE,200,1
512,1,1,1,-189.235,-4.19305,0,-120.965,846.174,0,7.5e+13,0.75,0.2,0,CIRCLE,200,1
513,1,1,1,176.907,19.1693,0,-4.15337,-984.536,0,7.5e+13,0.75,0.2,0,CIRCLE,200,1
514,1,1,1,103.319,-115.649,0,-678.246,-616.593,0,7.5e+13,0.75,0.2,0,CIRCLE,200,1
515,1,1,1,53.9856,117.479,0,487.396,-369.928,0,7.5e+13,0.75,0.2,0,CIRCLE,200,1
516,1,1,1,-37.7207,100.775,0,403.874,88.6033,0,7.5e+13,0.75,0.2,0,CIRCLE,200,1
517,1,1,1,149.92,-8.27801,0,-141.39,-849.601,0,7.5e+13,0.75,0.2,0,CIRCLE,200,1
518,1,1,1,-27.321,-14.3772,0,-171.886,36.605,0,7.5e+13,0.75,0.2,0,CIRCLE,200,1
519,1,1,1,-130.472,-122.493,0,-712.463,552.362,0,7.5e+13,0.75,0.2,0,CIRCLE,200,1
520,1,1,1,-35.9796,-160.198,0,-900.992,79.8979,0,7.5e+13,0.75,0.2,0,CIRCLE,200,1
521,1,1,1,100.181,139.634,0,598.172,-600.903,0,7.5e+13,0.75,0.2,0,CIRCLE,200,1
522,1,1,1,-134.055,133.951,0,569.754,570.273,0,7.5e+13,0.75,0.2,0,CIRCLE,200,1
523,1,1,1,142.636,-75.5859,0,-477.93,-813.178,0,7.5e+13,0.75,0.2,0,CIRCLE,200,1
524,1,1,1,152.316,55.3086,0,176.543,-861.582,0,7.5e+13,0.75,0.2,0,CIRCLE,200,1
525,1,1,1,-36.5092,25.4945,0,27.4725,82.5461,0,7.5e+13,0.75,0.2,0,CIRCLE,200,1
526,1,1,1,-2.66752,148.212,0,641.061,-86.6624,0,7.5e+13,0.75,0.2,0,CIRCLE,200,1
527,1,1,1,86.1796,179.647,0,798.237,-530.898,0,7.5e+13,0.75,0.2,0,CIRCLE,200,1
528,1,1,1,-118.557,18.9511,0,-5.24459,492.787,0,7.5e+13,0.75,0.2,0,CIRCLE,200,1
529,1,1,1,-14.6422,-170.347,0,-951.737,-26.7888,0,7.5e+13,0.75,0.2,0,CIRCLE,200,1
530,1,1,1,-11.8483,54.8965,0,174.483,-40.7585,0,7.5e+13,0.75,0.2,0,CIRCLE,200,1
531,1,1,1,-7.32646,-74.7064,0,-473.532,-63.3677,0,7.5e+13,0.75,0.2,0,CIRCLE,200,1
532,1,1,1,-188.362,-42.5289,0,-312.644,841.81,0,7.5e+13,0.75,0.2,0,CIRCLE,200,1
533,1,1,1,48.871,-72.3112,0,-461.556,-344.355,0,7.5e+13,0.75,0.2,0,CIRCLE,200,1
534,1,1,1,-213.25,-28.2309,0,-241.154,966.248,0,7.5e+13,0.75,0.2,0,CIRCLE,200,1
535,1,1,1,89.6342,-97.7079,0,-588.539,-548.171,0,7.5e+13,0.75,0.2,0,CIRCLE,200,1
536,1,1,1,5.149,198.548,0,892.742,-125.745,0,7.5e+13,0.75,0.2,0,CIRCLE,200,1
537,1,1,1,-103.506,107.764,0,438.819,417.53,0,7.5e+13,0.75,0.2,0,CIRCLE,200,1
538,1,1,1,126.236,52.6628,0,163.314,-731.181,0,7.5e+13,0.75,0.2,0,CIRCLE,200,1
539,1,1,1,-75.4506,61.4323,0,207.162,277.253,0,7.5e+13,0.75,0.2,0,CIRCLE,200,1
540,1,1,1,-106.018,189.002,0,845.008,430.089,0,7.5e+13,0.75,0.2,0,CIRCLE,200,1
541,1,1,1,38.2051,204.985,0,924.926,-291.026,0,7.5e+13,0.75,0.2,0,CIRCLE,200,1
542,1,1,1,110.28,150.386,0,651.929,-651.398,0,7.5e+13,0.75,0.2,0,CIRCLE,200,1
543,1,1,1,84.9443,-62.5197,0,-412.599,-524.721,0,7.5e+13,0.75,0.2,0,CIRCLE,200,1
544,1,1,1,7.7766,176.903,0,784.516,-138.883,0,7.5e+13,0.75,0.2,0,CIRCLE,200,1
545,1,1,1,-166.87,-38.2308,0,-291.154,734.351,0,7.5e+13,0.75,0.2,0,CIRCLE,200,1
546,1,1,1,-42.7774,31.8486,0,59.2432,113.887,0,7.5e+13,0.75,0.2,0,CIRCLE,200,1
547,1,1,1,29.1146,-36.3262,0,-281.631,-245.573,0,7.5e+13,0.75,0.2,0,CIRCLE,200,1
549,1,1,1,-82.3882,-116.256,0,-681.279,311.941,0,7.5e+13,0.75,0.2,0,CIRCLE,200,1
550,1,1,1,130.664,-19.8663,0,-199.332,-753.322,0,7.5e+13,0.75,0.2,0,CIRCLE,200,1
551,1,1,1,10.9368,-106.299,0,-631.494,-154.684,0,7.5e+13,0.75,0.2,0,CIRCLE,200,1
552,1,1,1,51.6438,-136.351,0,-781.756,-358.219,0,7.5e+13,0.75,0.2,0,CIRCLE,200,1
553,1,1,1,74.5292,128.283,0,541.416,-472.646,0,7.5e+13,0.75,0.2,0,CIRCLE,200,1
554,1,1,1,-3.41318,22.104,0,10.52,-82.9341,0,7.5e+13,0.75,0.2,0,CIRCLE,200,1
555,1,1,1,-21.2243,-95.5569,0,-577.785,6.1215,0,7.5e+13,0.75,0.2,0,CIRCLE,200,1
556,1,1,1,91.0685,-58.4496,0,-392.248,-555.342,0,7.5e+13,0.75,0.2,0,CIRCLE,200,1
557,1,1,1,-14.9535,-24.6638,0,-223.319,-25.2325,0,7.5e+13,0.75,0.2,0,CIRCLE,200,1
558,1,1,1,-41.1466,-2.79576,0,-113.979,105.733,0,7.5e+13,0.75,0.2,0,CIRCLE,200,1
559,1,1,1,-101.106,-159.402,0,-897.012,405.53,0,7.5e+13,0.75,0.2,0,CIRCLE,200,1
560,1,1,1,-188.092,19.5326,0,-2.33685,840.462,0,7.5e+13,0.75,0.2,0,CIRCLE,200,1
561,1,1,1,-38.1324,200.459,0,902.293,90.6618,0,7.5e+13,0.75,0.2,0,CIRCLE,200,1
562,1,1,1,-113.478,-103.088,0,-615.438,467.39,0,7.5e+13,0.75,0.2,0,CIRCLE,200,1
563,1,1,1,-35.7055,203.092,0,915.46,78.5276,0,7.5e+13,0.75,0.2,0,CIRCLE,200,1
564,1,1,1,-187.576,62.9515,0,214.757,837.879,0,7.5e+13,0.75,0.2,0,CIRCLE,200,1
565,1,1,1,-34.3495,39.3376,0,96.688,71.7476,0,7.5e+13,0.75,0.2,0,CIRCLE,200,1
566,1,1,1,-176.586,43.2434,0,116.217,782.929,0,7.5e+13,0.75,0.2,0,CIRCLE,200,1
567,1,1,1,-121.962,90.3454,0,351.727,509.81,0,7.5e+13,0.75,0.2,0,CIRCLE,200,1
568,1,1,1,85.8709,38.5592,0,92.7959,-529.354,0,7.5e+13,0.75,0.2,0,CIRCLE,200,1
569,1,1,1,-174.276,-87.4892,0,-537.446,771.381,0,7.5e+13,0.75,0.2,0,CIRCLE,200,1
570,1,1,1,-195.767,99.7977,0,398.989,878.837,0,7.5e+13,0.75,0.2,0,CIRCLE,200,1
571,1,1,1,-128.303,117.957,0,489.784,541.516,0,7.5e+13,0.75,0.2,0,CIRCLE,200,1
572,1,1,1,177.012,32.4833,0,62.4167,-985.062,0,7.5e+13,0.75,0.2,0,CIRCLE,200,1
573,1,1,1,67.6,-79.1116,0,-495.558,-438,0,7.5e+13,0.75,0.2,0,CIRCLE,200,1
575,1,1,1,-133.012,-64.6782,0,-423.391,565.058,0,7.5e+13,0.75,0.2,0,CIRCLE,200,1
576,1,1,1,-56.7593,5.54796,0,-72.2602,183.796,0,7.5e+13,0.75,0.2,0,CIRCLE,200,1
577,1,1,1,-89.6354,86.8766,0,334.383,348.177,0,7.5e+13,0.75,0.2,0,CIRCLE,200,1
578,1,1,1,151.238,-51.1238,0,-355.619,-856.188,0,7.5e+13,0.75,0.2,0,CIRCLE,200,1
579,1,1,1,132.102,-14.8928,0,-174.464,-760.51,0,7.5e+13,0.75,0.2,0,CIRCLE,200,1
580,1,1,1,-67.7789,-7.84125,0,-139.206,238.894,0,7.5e+13,0.75,0.2,0,CIRCLE,200,1
581,1,1,1,-112.183,80.9473,0,304.736,460.915,0,7.5e+13,0.75,0.2,0,CIRCLE,200,1
583,1,1,1,57.9023,-58.1154,0,-390.577,-389.511,0,7.5e+13,0.75,0.2,0,CIRCLE,200,1
584,1,1,1,18.005,-169.397,0,-946.985,-190.025,0,7.5e+13,0.75,0.2,0,CIRCLE,200,1
585,1,1,1,-99.0108,-29.0534,0,-245.267,395.054,0,7.5e+13,0.75,0.2,0,CIRCLE,200,1
587,1,1,1,50.4606,-50.9793,0,-354.896,-352.303,0,7.5e+13,0.75,0.2,0,CIRCLE,200,1
588,1,1,1,-74.1266,181.727,0,808.636,270.633,0,7.5e+13,0.75,0.2,0,CIRCLE,200,1
589,1,1,1,44.3038,-51.4735,0,-357.368,-321.519,0,7.5e+13,0.75,0.2,0,CIRCLE,200,1
590,1,1,1,28.6576,144.515,0,622.577,-243.288,0,7.5e+13,0.75,0.2,0,CIRCLE,200,1
591,1,1,1,96.9962,-76.3588,0,-481.794,-584.981,0,7.5e+13,0.75,0.2,0,CIRCLE,200,1
592,1,1,1,176.27,55.8822,0,179.411,-981.352,0,7.5e+13,0.75,0.2,0,CIRCLE,200,1
593,1,1,1,126.602,77.2317,0,286.159,-733.01,0,7.5e+13,0.75,0.2,0,CIRCLE,200,1
594,1,1,1,-23.5905,102.344,0,411.72,17.9525,0,7.5e+13,0.75,0.2,0,CIRCLE,200,1
595,1,1,1,51.7289,84.1426,0,320.713,-358.645,0,7.5e+13,0.75,0.2,0,CIRCLE,200,1
596,1,1,1,-215.838,26.2922,0,31.4612,979.192,0,7.5e+13,0.75,0.2,0,CIRCLE,200,1
597,1,1,1,33.7504,37.1989,0,85.9944,-268.752,0,7.5e+13,0.75,0.2,0,CIRCLE,200,1
598,1,1,1,-75.3585,110.137,0,450.687,276.792,0,7.5e+13,0.75,0.2,0,CIRCLE,200,1
599,1,1,1,-159.411,6.33625,0,-68.3187,697.056,0,7.5e+13,0.75,0.2,0,CIRCLE,200,1
600,1,1,1,-183.84,120.721,0,503.605,819.202,0,7.5e+13,0.75,0.2,0,CIRCLE,200,1
601,1,1,1,-107.031,-44.1232,0,-320.616,435.154,0,7.5e+13,0.75,0.2,0,CIRCLE,200,1
602,1,1,1,-145.284,39.2359,0,96.1794,626.421,0,7.5e+13,0.75,0.2,0,CIRCLE,200,1
603,1,1,1,121.229,-24.5937,0,-222.968,-706.146,0,7.5e+13,0.75,0.2,0,CIRCLE,200,1
604,1,1,1,70.6704,-133.48,0,-767.398,-453.352,0,7.5e+13,0.75,0.2,0,CIRCLE,200,1
605,1,1,1,29.1118,-125.952,0,-729.762,-245.559,0,7.5e+13,0.75,0.2,0,CIRCLE,200,1
606,1,1,1,57.2557,-62.1834,0,-410.917,-386.279,0,7.5e+13,0.75,0.2,0,CIRCLE,200,1
607,1,1,1,76.0542,-18.6066,0,-193.033,-480.271,0,7.5e+13,0.75,0.2,0,CIRCLE,200,1
608,1,1,1,138.924,-39.1104,0,-295.552,-794.62,0,7.5e+13,0.75,0.2,0,CIRCLE,200,1
609,1,1,1,102.418,146.529,0,632.647,-612.089,0,7.5e+13,0.75,0.2,0,CIRCLE,200,1
610,1,1,1,-102.668,34.2223,0,71.1117,413.342,0,7.5e+13,0.75,0.2,0,CIRCLE,200,1
611,1,1,1,20.2338,26.8067,0,34.0337,-201.169,0,7.5e+13,0.75,0.2,0,CIRCLE,200,1
612,1,1,1,-198.276,72.0531,0,260.266,891.382,0,7.5e+13,0.75,0.2,0,CIRCLE,200,1
613,1,1,1,-4.21883,38.1545,0,90.7725,-78.9059,0,7.5e+13,0.75,0.2,0,CIRCLE,200,1
614,1,1,1,21.9369,196.019,0,880.096,-209.684,0,7.5e+13,0.75,0.2,0,CIRCLE,200,1
615,1,1,1,31.613,-148.886,0,-844.428,-258.065,0,7.5e+13,0.75,0.2,0,CIRCLE,200,1
616,1,1,1,-79.4425,-71.741,0,-458.705,297.213,0,7.5e+13,0.75,0.2,0,CIRCLE,200,1
618,1,1,1,33.8934,-62.4645,0,-412.322,-269.467,0,7.5e+13,0.75,0.2,0,CIRCLE,200,1
619,1,1,1,-50.3378,20.2356,0,1.17804,151.689,0,7.5e+13,0.75,0.2,0,CIRCLE,200,1
620,1,1,1,11.245,36.0977,0,80.4886,-156.225,0,7.5e+13,0.75,0.2,0,CIRCLE,200,1
621,1,1,1,-124.69,152.864,0,664.321,523.451,0,7.5e+13,0.75,0.2,0,CIRCLE,200,1
622,1,1,1,-91.6717,65.6091,0,228.045,358.358,0,7.5e+13,0.75,0.2,0,CIRCLE,200,1
623,1,1,1,-45.3116,101.508,0,407.538,126.558,0,7.5e+13,0.75,0.2,0,CIRCLE,200,1
624,1,1,1,-22.354,-53.3759,0,-366.88,11.7701,0,7.5e+13,0.75,0.2,0,CIRCLE,200,1
625,1,1,1,115.402,71.8746,0,259.373,-677.012,0,7.5e+13,0.75,0.2,0,CIRCLE,200,1
626,1,1,1,-133.516,159.223,0,696.117,567.581,0,7.5e+13,0.75,0.2,0,CIRCLE,200,1
627,1,1,1,82.8451,179.429,0,797.145,-514.226,0,7.5e+13,0.75,0.2,0,CIRCLE,200,1
628,1,1,1,3.12488,45.1934,0,125.967,-115.624,0,7.5e+13,0.75,0.2,0,CIRCLE,200,1
629,1,1,1,55.5452,184.366,0,821.829,-377.726,0,7.5e+13,0.75,0.2,0,CIRCLE,200,1
630,1,1,1,-19.254,171.087,0,755.435,-3.73011,0,7.5e+13,0.75,0.2,0,CIRCLE,200,1
631,1,1,1,-104.052,140.551,0,602.756,420.26,0,7.5e+13,0.75,0.2,0,CIRCLE,200,1
632,1,1,1,-115.096,-140.583,0,-802.916,475.478,0,7.5e+13,0.75,0.2,0,CIRCLE,200,1
633,1,1,1,157.235,-59.9931,0,-399.966,-886.176,0,7.5e+13,0.75,0.2,0,CIRCLE,200,1
634,1,1,1,41.8018,68.0612,0,240.306,-309.009,0,7.5e+13,0.75,0.2,0,CIRCLE,200,1
635,1,1,1,-187.177,-43.7355,0,-318.678,835.883,0,7.5e+13,0.75,0.2,0,CIRCLE,200,1
636,1,1,1,22.5834,-12.9718,0,-164.859,-212.917,0,7.5e+13,0.75,0.2,0,CIRCLE,200,1
637,1,1,1,106.065,-110.4,0,-651.998,-630.327,0,7.5e+13,0.75,0.2,0,CIRCLE,200,1
638,1,1,1,-133.136,115.664,0,478.319,565.68,0,7.5e+13,0.75,0.2,0,CIRCLE,200,1
639,1,1,1,-83.2499,-98.4783,0,-592.391,316.25,0,7.5e+13,0.75,0.2,0,CIRCLE,200,1
640,1,1,1,-58.1762,211.105,0,955.524,190.881,0,7.5e+13,0.75,0.2,0,CIRCLE,200,1
641,1,1,1,149.579,0.897143,0,-95.5143,-847.895,0,7.5e+13,0.75,0.2,0,CIRCLE,200,1
642,1,1,1,-106.402,-38.5646,0,-292.823,432.01,0,7.5e+13,0.75,0.2,0,CIRCLE,200,1
643,1,1,1,40.1078,85.6107,0,328.054,-300.539,0,7.5e+13,0.75,0.2,0,CIRCLE,200,1
644,1,1,1,-132.691,-62.4306,0,-412.153,563.454,0,7.5e+13,0.75,0.2,0,CIRCLE,200,1
645,1,1,1,-78.9341,95.656,0,378.28,294.671,0,7.5e+13,0.75,0.2,0,CIRCLE,200,1
646,1,1,1,-184.824,42.467,0,112.335,824.12,0,7.5e+13,0.75,0.2,0,CIRCLE,200,1
647,1,1,1,135.227,-32.4398,0,-262.199,-776.134,0,7.5e+13,0.75,0.2,0,CIRCLE,200,1
648,1,1,1,76.8895,9.34885,0,-53.2557,-484.448,0,7.5e+13,0.75,0.2,0,CIRCLE,200,1
649,1,1,1,-116.769,11.7319,0,-41.3405,483.847,0,7.5e+13,0.75,0.2,0,CIRCLE,200,1
650,1,1,1,91.5913,-63.1971,0,-415.985,-557.956,0,7.5e+13,0.75,0.2,0,CIRCLE,200,1
651,1,1,1,-87.7604,150.032,0,650.158,338.802,0,7.5e+13,0.75,0.2,0,CIRCLE,200,1
652,1,1,1,-124.734,-29.9187,0,-249.594,523.67,0,7.5e+13,0.75,0.2,0,CIRCLE,200,1
653,1,1,1,-67.5847,87.1171,0,335.586,237.923,0,7.5e+13,0.75,0.2,0,CIRCLE,200,1
654,1,1,1,-43.3876,110.686,0,453.432,116.938,0,7.5e+13,0.75,0.2,0,CIRCLE,200,1
655,1,1,1,132.176,-60.1836,0,-400.918,-760.882,0,7.5e+13,0.75,0.2,0,CIRCLE,200,1
656,1,1,1,36.542,-131.065,0,-755.325,-282.71,0,7.5e+13,0.75,0.2,0,CIRCLE,200,1
657,1,1,1,-60.2602,-75.8263,0,-479.131,201.301,0,7.5e+13,0.75,0.2,0,CIRCLE,200,1
658,1,1,1,-14.6295,-30.4791,0,-252.396,-26.8525,0,7.5e+13,0.75,0.2,0,CIRCLE,200,1
660,1,1,1,-42.9228,55.3483,0,176.742,114.614,0,7.5e+13,0.75,0.2,0,CIRCLE,200,1
661,1,1,1,-48.6925,22.8399,0,14.1997,143.462,0,7.5e+13,0.75,0.2,0,CIRCLE,200,1
662,1,1,1,62.7662,-113.755,0,-668.777,-413.831,0,7.5e+13,0.75,0.2,0,CIRCLE,200,1
663,1,1,1,-170.418,-19.1999,0,-195.999,752.089,0,7.5e+13,0.75,0.2,0,CIRCLE,200,1
664,1,1,1,-180.171,-53.7566,0,-368.783,800.854,0,7.5e+13,0.75,0.2,0,CIRCLE,200,1
665,1,1,1,-126.385,-108.654,0,-643.268,531.925,0,7.5e+13,0.75,0.2,0,CIRCLE,200,1
666,1,1,1,-8.36847,-165.97,0,-929.852,-58.1577,0,7.5e+13,0.75,0.2,0,CIRCLE,200,1
667,1,1,1,51.1196,129.006,0,545.028,-355.598,0,7.5e+13,0.75,0.2,0,CIRCLE,200,1
668,1,1,1,-13.3519,-8.509,0,-142.545,-33.2403,0,7.5e+13,0.75,0.2,0,CIRCLE,200,1
669,1,1,1,-58.0187,35.5055,0,77.5276,190.093,0,7.5e+13,0.75,0.2,0,CIRCLE,200,1
670,1,1,1,-123.7,15.8916,0,-20.5418,518.501,0,7.5e+13,0.75,0.2,0,CIRCLE,200,1
671,1,1,1,69.9986,61.1612,0,205.806,-449.993,0,7.5e+13,0.75,0.2,0,CIRCLE,200,1
672,1,1,1,121.428,3.98599,0,-80.0701,-707.138,0,7.5e+13,0.75,0.2,0,CIRCLE,200,1
673,1,1,1,-59.8622,-15.3789,0,-176.895,199.311,0,7.5e+13,0.75,0.2,0,CIRCLE,200,1
674,1,1,1,-151.579,164.597,0,722.984,657.897,0,7.5e+13,0.75,0.2,0,CIRCLE,200,1
675,1,1,1,54.0999,-69.4882,0,-447.441,-370.5,0,7.5e+13,0.75,0.2,0,CIRCLE,200,1
676,1,1,1,-14.5184,127.476,0,537.381,-27.4078,0,7.5e+13,0.75,0.2,0,CIRCLE,200,1
677,1,1,1,169.139,82.7266,0,313.633,-945.696,0,7.5e+13,0.75,0.2,0,CIRCLE,200,1
679,1,1,1,0.469749,127.784,0,538.922,-102.349,0,7.5e+13,0.75,0.2,0,CIRCLE,200,1
680,1,1,1,16.999,-136.894,0,-784.47,-184.995,0,7.5e+13,0.75,0.2,0,CIRCLE,200,1
681,1,1,1,68.6734,71.4548,0,257.274,-443.367,0,7.5e+13,0.75,0.2,0,CIRCLE,200,1
682,1,1,1,41.0354,90.5416,0,352.708,-305.177,0,7.5e+13,0.75,0.2,0,CIRCLE,200,1
683,1,1,1,-97.9978,-12.3526,0,-161.763,389.989,0,7.5e+13,0.75,0.2,0,CIRCLE,200,1
684,1,1,1,-64.0764,-28.3066,0,-241.533,220.382,0,7.5e+13,0.75,0.2,0,CIRCLE,200,1
685,1,1,1,-186.909,69.9521,0,249.76,834.543,0,7.5e+13,0.75,0.2,0,CIRCLE,200,1
686,1,1,1,-44.084,61.4267,0,207.134,120.42,0,7.5e+13,0.75,0.2,0,CIRCLE,200,1
687,1,1,1,-53.8044,183.184,0,815.921,169.022,0,7.5e+13,0.75,0.2,0,CIRCLE,200,1
688,1,1,1,85.3707,-87.7049,0,-538.524,-526.854,0,7.5e+13,0.75,0.2,0,CIRCLE,200,1
689,1,1,1,18.6211,-21.9142,0,-209.571,-193.106,0,7.5e+13,0.75,0.2,0,CIRCLE,200,1
690,1,1,1,36.276,-171.884,0,-959.421,-281.38,0,7.5e+13,0.75,0.2,0,CIRCLE,200,1
691,1,1,1,-124.048,-98.0175,0,-590.088,520.241,0,7.5e+13,0.75,0.2,0,CIRCLE,200,1
692,1,1,1,-147.517,-66.3974,0,-431.987,637.585,0,7.5e+13,0.75,0.2,0,CIRCLE,200,1
693,1,1,1,47.9046,205.861,0,929.304,-339.523,0,7.5e+13,0.75,0.2,0,CIRCLE,200,1
694,1,1,1,-15.2329,60.8561,0,204.281,-23.8354,0,7.5e+13,0.75,0.2,0,CIRCLE,200,1
695,1,1,1,-13.056,120.783,0,503.914,-34.7198,0,7.5e+13,0.75,0.2,0,CIRCLE,200,1
696,1,1,1,-168.616,118.545,0,492.725,743.08,0,7.5e+13,0.75,0.2,0,CIRCLE,200,1
697,1,1,1,-46.6986,207.854,0,939.272,133.493,0,7.5e+13,0.75,0.2,0,CIRCLE,200,1
698,1,1,1,-143.944,137.219,0,586.097,619.719,0,7.5e+13,0.75,0.2,0,CIRCLE,200,1
699,1,1,1,-7.5742,64.3123,0,221.562,-62.129,0,7.5e+13,0.75,0.2,0,CIRCLE,200,1
700,1,1,1,-114.219,-52.6784,0,-363.392,471.095,0,7.5e+13,0.75,0.2,0,CIRCLE,200,1
701,1,1,1,-125.188,145.14,0,625.699,525.939,0,7.5e+13,0.75,0.2,0,CIRCLE,200,1
702,1,1,1,73.5116,5.81674,0,-70.9163,-467.558,0,7.5e+13,0.75,0.2,0,CIRCLE,200,1
703,1,1,1,73.4386,-51.7484,0,-358.742,-467.193,0,7.5e+13,0.75,0.2,0,CIRCLE,200,1
704,1,1,1,136.203,-26.9604,0,-234.802,-781.017,0,7.5e+13,0.75,0.2,0,CIRCLE,200,1
705,1,1,1,11.7807,121.411,0,507.057,-158.903,0,7.5e+13,0.75,0.2,0,CIRCLE,200,1
706,1,1,1,-109.734,135.012,0,575.061,448.668,0,7.5e+13,0.75,0.2,0,CIRCLE,200,1
708,1,1,1,32.9521,58.2753,0,191.377,-264.761,0,7.5e+13,0.75,0.2,0,CIRCLE,200,1
709,1,1,1,-66.4244,-157.756,0,-888.778,232.122,0,7.5e+13,0.75,0.2,0,CIRCLE,200,1
710,1,1,1,-105.339,-139.634,0,-798.171,426.696,0,7.5e+13,0.75,0.2,0,CIRCLE,200,1
711,1,1,1,120.1,25.0797,0,25.3983,-700.502,0,7.5e+13,0.75,0.2,0,CIRCLE,200,1
712,1,1,1,-173.109,-98.1986,0,-590.993,765.545,0,7.5e+13,0.75,0.2,0,CIRCLE,200,1
713,1,1,1,-59.3078,170.625,0,753.124,196.539,0,7.5e+13,0.75,0.2,0,CIRCLE,200,1
714,1,1,1,-23.6296,-166.923,0,-934.616,18.1479,0,7.5e+13,0.75,0.2,0,CIRCLE,200,1
715,1,1,1,135.206,-75.4743,0,-477.372,-776.028,0,7.5e+13,0.75,0.2,0,CIRCLE,200,1
716,1,1,1,-106.868,-48.1847,0,-340.924,434.34,0,7.5e+13,0.75,0.2,0,CIRCLE,200,1
717,1,1,1,-3.46001,-55.705,0,-378.525,-82.6999,0,7.5e+13,0.75,0.2,0,CIRCLE,200,1
718,1,1,1,-180.101,-23.9274,0,-219.637,800.504,0,7.5e+13,0.75,0.2,0,CIRCLE,200,1
719,1,1,1,-177.212,142.525,0,612.623,786.058,0,7.5e+13,0.75,0.2,0,CIRCLE,200,1
720,1,1,1,82.884,96.6747,0,383.373,-514.42,0,7.5e+13,0.75,0.2,0,CIRCLE,200,1
721,1,1,1,143.365,48.4442,0,142.221,-816.825,0,7.5e+13,0.75,0.2,0,CIRCLE,200,1
723,1,1,1,-8.36827,106.167,0,430.835,-58.1587,0,7.5e+13,0.75,0.2,0,CIRCLE,200,1
724,1,1,1,93.2374,-113.076,0,-665.38,-566.187,0,7.5e+13,0.75,0.2,0,CIRCLE,200,1
725,1,1,1,112.855,60.9712,0,204.856,-664.277,0,7.5e+13,0.75,0.2,0,CIRCLE,200,1
726,1,1,1,164.007,87.7577,0,338.789,-920.035,0,7.5e+13,0.75,0.2,0,CIRCLE,200,1
727,1,1,1,109.455,96.5532,0,382.766,-647.277,0,7.5e+13,0.75,0.2,0,CIRCLE,200,1
728,1,1,1,127.338,-15.3201,0,-176.6,-736.69,0,7.5e+13,0.75,0.2,0,CIRCLE,200,1
729,1,1,1,72.4648,-68.3087,0,-441.543,-462.324,0,7.5e+13,0.75,0.2,0,CIRCLE,200,1
730,1,1,1,-125.521,93.5198,0,367.599,527.604,0,7.5e+13,0.75,0.2,0,CIRCLE,200,1
731,1,1,1,-118.654,-132.321,0,-761.607,493.268,0,7.5e+13,0.75,0.2,0,CIRCLE,200,1
732,1,1,1,80.1694,-15.9291,0,-179.645,-500.847,0,7.5e+13,0.75,0.2,0,CIRCLE,200,1
733,1,1,1,136.989,22.1977,0,10.9884,-784.946,0,7.5e+13,0.75,0.2,0,CIRCLE,200,1
734,1,1,1,134.241,69.5167,0,247.583,-771.206,0,7.5e+13,0.75,0.2,0,CIRCLE,200,1
735,1,1,1,-192.367,112.029,0,460.147,861.836,0,7.5e+13,0.75,0.2,0,CIRCLE,200,1
736,1,1,1,-91.1847,-34.4762,0,-272.381,355.924,0,7.5e+13,0.75,0.2,0,CIRCLE,200,1
737,1,1,1,-120.229,79.8031,0,299.016,501.144,0,7.5e+13,0.75,0.2,0,CIRCLE,200,1
738,1,1,1,-148.641,-105.649,0,-628.243,643.207,0,7.5e+13,0.75,0.2,0,CIRCLE,200,1
739,1,1,1,44.8569,21.978,0,9.89011,-324.285,0,7.5e+13,0.75,0.2,0,CIRCLE,200,1
740,1,1,1,-102.917,84.8017,0,324.008,414.587,0,7.5e+13,0.75,0.2,0,CIRCLE,200,1
741,1,1,1,-93.9738,185.824,0,829.12,369.869,0,7.5e+13,0.75,0.2,0,CIRCLE,200,1
742,1,1,1,47.5909,-68.8414,0,-444.207,-337.954,0,7.5e+13,0.75,0.2,0,CIRCLE,200,1
743,1,1,1,28.5314,162.239,0,711.197,-242.657,0,7.5e+13,0.75,0.2,0,CIRCLE,200,1
744,1,1,1,-215.755,58.5298,0,192.649,978.776,0,7.5e+13,0.75,0.2,0,CIRCLE,200,1
745,1,1,1,-130.88,69.4444,0,247.222,554.402,0,7.5e+13,0.75,0.2,0,CIRCLE,200,1
746,1,1,1,-128.265,80.609,0,303.045,541.325,0,7.5e+13,0.75,0.2,0,CIRCLE,200,1
747,1,1,1,-183.953,-70.7139,0,-453.569,819.767,0,7.5e+13,0.75,0.2,0,CIRCLE,200,1
748,1,1,1,-85.4838,126.992,0,534.958,327.419,0,7.5e+13,0.75,0.2,0,CIRCLE,200,1
749,1,1,1,116.011,-23.2043,0,-216.022,-680.055,0,7.5e+13,0.75,0.2,0,CIRCLE,200,1
750,1,1,1,-156.022,96.3535,0,381.768,680.109,0,7.5e+13,0.75,0.2,0,CIRCLE,200,1
751,1,1,1,-10.3208,-37.0295,0,-285.147,-48.3958,0,7.5e+13,0.75,0.2,0,CIRCLE,200,1
752,1,1,1,33.0518,94.1783,0,370.891,-265.259,0,7.5e+13,0.75,0.2,0,CIRCLE,200,1
753,1,1,1,76.1106,78.7671,0,293.836,-480.553,0,7.5e+13,0.75,0.2,0,CIRCLE,200,1
754,1,1,1,-176.156,47.9455,0,139.727,780.779,0,7.5e+13,0.75,0.2,0,CIRCLE,200,1
755,1,1,1,-47.9917,68.8791,0,244.396,139.959,0,7.5e+13,0.75,0.2,0,CIRCLE,200,1
756,1,1,1,-76.8473,-29.8142,0,-249.071,284.236,0,7.5e+13,0.75,0.2,0,CIRCLE,200,1
757,1,1,1,-54.8339,198.285,0,891.427,174.169,0,7.5e+13,0.75,0.2,0,CIRCLE,200,1
758,1,1,1,-205.003,94.5016,0,372.508,925.015,0,7.5e+13,0.75,0.2,0,CIRCLE,200,1
759,1,1,1,-8.10812,84.4354,0,322.177,-59.4594,0,7.5e+13,0.75,0.2,0,CIRCLE,200,1
760,1,1,1,-122.146,7.74899,0,-61.2551,510.728,0,7.5e+13,0.75,0.2,0,CIRCLE,200,1
761,1,1,1,131.66,27.0136,0,35.068,-758.301,0,7.5e+13,0.75,0.2,0,CIRCLE,200,1
762,1,1,1,-11.5511,-45.0329,0,-325.165,-42.2446,0,7.5e+13,0.75,0.2,0,CIRCLE,200,1
763,1,1,1,99.2928,-3.37305,0,-116.865,-596.464,0,7.5e+13,0.75,0.2,0,CIRCLE,200,1
764,1,1,1,98.9614,-61.9558,0,-409.779,-594.807,0,7.5e+13,0.75,0.2,0,CIRCLE,200,1
765,1,1,1,-1.19504,128.403,0,542.016,-94.0248,0,7.5e+13,0.75,0.2,0,CIRCLE,200,1
766,1,1,1,-130.448,35.0334,0,75.1671,552.238,0,7.5e+13,0.75,0.2,0,CIRCLE,200,1
767,1,1,1,-170.211,109.587,0,447.935,751.057,0,7.5e+13,0.75,0.2,0,CIRCLE,200,1
768,1,1,1,47.9099,-84.6551,0,-523.276,-339.549,0,7.5e+13,0.75,0.2,0,CIRCLE,200,1
769,1,1,1,-172.829,94.9024,0,374.512,764.143,0,7.5e+13,0.75,0.2,0,CIRCLE,200,1
770,1,1,1,-25.722,-40.1945,0,-300.972,28.6101,0,7.5e+13,0.75,0.2,0,CIRCLE,200,1
771,1,1,1,131.175,105.26,0,426.3,-755.873,0,7.5e+13,0.75,0.2,0,CIRCLE,200,1
772,1,1,1,71.4157,-110.979,0,-654.893,-457.079,0,7.5e+13,0.75,0.2,0,CIRCLE,200,1
773,1,1,1,-107.618,126.414,0,532.071,438.088,0,7.5e+13,0.75,0.2,0,CIRCLE,200,1
774,1,1,1,86.875,92.0386,0,360.193,-534.375,0,7.5e+13,0.75,0.2,0,CIRCLE,200,1
775,1,1,1,24.2468,128.476,0,542.379,-221.234,0,7.5e+13,0.75,0.2,0,CIRCLE,200,1
776,1,1,1,61.9388,-29.5851,0,-247.925,-409.694,0,7.5e+13,0.75,0.2,0,CIRCLE,200,1
777,1,1,1,-49.0611,92.9815,0,364.907,145.306,0,7.5e+13,0.75,0.2,0,CIRCLE,200,1
778,1,1,1,-66.4465,91.6534,0,358.267,232.232,0,7.5e+13,0.75,0.2,0,CIRCLE,200,1
779,1,1,1,-32.6676,109.873,0,449.363,63.3379,0,7.5e+13,0.75,0.2,0,CIRCLE,200,1
780,1,1,1,34.2148,122.332,0,511.659,-271.074,0,7.5e+13,0.75,0.2,0,CIRCLE,200,1
781,1,1,1,109.884,76.6247,0,283.124,-649.422,0,7.5e+13,0.75,0.2,0,CIRCLE,200,1
782,1,1,1,155.254,-20.6995,0,-203.497,-876.269,0,7.5e+13,0.75,0.2,0,CIRCLE,200,1
783,1,1,1,-200.388,83.0865,0,315.432,901.939,0,7.5e+13,0.75,0.2,0,CIRCLE,200,1
784,1,1,1,39.6944,145.353,0,626.763,-298.472,0,7.5e+13,0.75,0.2,0,CIRCLE,200,1
785,1,1,1,-184.676,49.1771,0,145.885,823.382,0,7.5e+13,0.75,0.2,0,CIRCLE,200,1
786,1,1,1,-18.3019,213.56,0,967.798,-8.49044,0,7.5e+13,0.75,0.2,0,CIRCLE,200,1
787,1,1,1,-38.7813,127.837,0,539.185,93.9066,0,7.5e+13,0.75,0.2,0,CIRCLE,200,1
788,1,1,1,59.6007,-142.632,0,-813.16,-398.004,0,7.5e+13,0.75,0.2,0,CIRCLE,200,1
789,1,1,1,-142.157,-109.924,0,-649.621,610.787,0,7.5e+13,0.75,0.2,0,CIRCLE,200,1
790,1,1,1,82.0646,24.622,0,23.1098,-510.323,0,7.5e+13,0.75,0.2,0,CIRCLE,200,1
791,1,1,1,-67.9946,209.249,0,946.247,239.973,0,7.5e+13,0.75,0.2,0,CIRCLE,200,1
792,1,1,1,71.3291,-91.1605,0,-555.802,-456.645,0,7.5e+13,0.75,0.2,0,CIRCLE,200,1
793,1,1,1,-46.7046,-77.641,0,-488.205,133.523,0,7.5e+13,0.75,0.2,0,CIRCLE,200,1
794,1,1,1,103.282,-46.7211,0,-333.606,-616.412,0,7.5e+13,0.75,0.2,0,CIRCLE,200,1
795,1,1,1,131.268,120.784,0,503.921,-756.338,0,7.5e+13,0.75,0.2,0,CIRCLE,200,1
796,1,1,1,74.2186,69.2761,0,246.381,-471.093,0,7.5e+13,0.75,0.2,0,CIRCLE,200,1
797,1,1,1,-139.562,126.938,0,534.688,597.811,0,7.5e+13,0.75,0.2,0,CIRCLE,200,1
798,1,1,1,-150.792,7.56073,0,-62.1963,653.96,0,7.5e+13,0.75,0.2,0,CIRCLE,200,1
799,1,1,1,105.189,172.731,0,763.654,-625.945,0,7.5e+13,0.75,0.2,0,CIRCLE,200,1
800,1,1,1,-7.14871,26.5092,0,32.5462,-64.2565,0,7.5e+13,0.75,0.2,0,CIRCLE,200,1
801,1,1,1,90.3669,-45.4653,0,-327.327,-551.835,0,7.5e+13,0.75,0.2,0,CIRCLE,200,1
802,1,1,1,-17.0974,-66.5905,0,-432.952,-14.5132,0,7.5e+13,0.75,0.2,0,CIRCLE,200,1
803,1,1,1,84.4201,97.6016,0,388.008,-522.1,0,7.5e+13,0.75,0.2,0,CIRCLE,200,1
804,1,1,1,-83.5407,-110.612,0,-653.058,317.704,0,7.5e+13,0.75,0.2,0,CIRCLE,200,1
805,1,1,1,62.2713,-143.459,0,-817.294,-411.357,0,7.5e+13,0.75,0.2,0,CIRCLE,200,1
806,1,1,1,-39.0303,160.063,0,700.316,95.1515,0,7.5e+13,0.75,0.2,0,CIRCLE,200,1
807,1,1,1,33.0047,-36.1262,0,-280.631,-265.024,0,7.5e+13,0.75,0.2,0,CIRCLE,200,1
808,1,1,1,124.284,-6.77862,0,-133.893,-721.422,0,7.5e+13,0.75,0.2,0,CIRCLE,200,1
810,1,1,1,5.01196,105.344,0,426.719,-125.06,0,7.5e+13,0.75,0.2,0,CIRCLE,200,1
811,1,1,1,11.3645,103.651,0,418.254,-156.823,0,7.5e+13,0.75,0.2,0,CIRCLE,200,1
812,1,1,1,128.432,-21.3233,0,-206.616,-742.161,0,7.5e+13,0.75,0.2,0,CIRCLE,200,1
813,1,1,1,-27.6354,-88.2449,0,-541.225,38.177,0,7.5e+13,0.75,0.2,0,CIRCLE,200,1
814,1,1,1,-95.6734,-140.37,0,-801.851,378.367,0,7.5e+13,0.75,0.2,0,CIRCLE,200,1
815,1,1,1,149.64,-71.4317,0,-457.159,-848.198,0,7.5e+13,0.75,0.2,0,CIRCLE,200,1
816,1,1,1,36.8515,-64.4222,0,-422.111,-284.257,0,7.5e+13,0.75,0.2,0,CIRCLE,200,1
817,1,1,1,19.2302,50.6047,0,153.024,-196.151,0,7.5e+13,0.75,0.2,0,CIRCLE,200,1
818,1,1,1,43.3705,-23.7833,0,-218.916,-316.853,0,7.5e+13,0.75,0.2,0,CIRCLE,200,1
819,1,1,1,73.6971,-54.8165,0,-374.083,-468.486,0,7.5e+13,0.75,0.2,0,CIRCLE,200,1
820,1,1,1,98.9979,-13.2026,0,-166.013,-594.99,0,7.5e+13,0.75,0.2,0,CIRCLE,200,1
821,1,1,1,-101.047,164.27,0,721.349,405.235,0,7.5e+13,0.75,0.2,0,CIRCLE,200,1
822,1,1,1,73.7822,-60.0576,0,-400.288,-468.911,0,7.5e+13,0.75,0.2,0,CIRCLE,200,1
823,1,1,1,-170.045,86.8744,0,334.372,750.225,0,7.5e+13,0.75,0.2,0,CIRCLE,200,1
824,1,1,1,-34.9011,158.171,0,690.856,74.5054,0,7.5e+13,0.75,0.2,0,CIRCLE,200,1
825,1,1,1,-196.38,-11.181,0,-155.905,881.902,0,7.5e+13,0.75,0.2,0,CIRCLE,200,1
826,1,1,1,27.2884,-146.184,0,-830.918,-236.442,0,7.5e+13,0.75,0.2,0,CIRCLE,200,1
827,1,1,1,-201.328,35.2128,0,76.0639,906.641,0,7.5e+13,0.75,0.2,0,CIRCLE,200,1
828,1,1,1,-118.418,-18.28,0,-191.4,492.09,0,7.5e+13,0.75,0.2,0,CIRCLE,200,1
829,1,1,1,-46.6815,58.1273,0,190.637,133.407,0,7.5e+13,0.75,0.2,0,CIRCLE,200,1
830,1,1,1,128.226,-72.4395,0,-462.197,-741.131,0,7.5e+13,0.75,0.2,0,CIRCLE,200,1
831,1,1,1,-92.0109,98.1661,0,390.831,360.055,0,7.5e+13,0.75,0.2,0,CIRCLE,200,1
833,1,1,1,158.546,78.1892,0,290.946,-892.731,0,7.5e+13,0.75,0.2,0,CIRCLE,200,1
834,1,1,1,-19.0556,147.09,0,635.452,-4.72178,0,7.5e+13,0.75,0.2,0,CIRCLE,200,1
835,1,1,1,94.8016,167.755,0,738.773,-574.008,0,7.5e+13,0.75,0.2,0,CIRCLE,200,1
836,1,1,1,-157.747,-91.2286,0,-556.143,688.737,0,7.5e+13,0.75,0.2,0,CIRCLE,200,1
837,1,1,1,24.0638,146.99,0,634.952,-220.319,0,7.5e+13,0.75,0.2,0,CIRCLE,200,1
838,1,1,1,-10.2704,-111.296,0,-656.48,-48.6478,0,7.5e+13,0.75,0.2,0,CIRCLE,200,1
839,1,1,1,-137.393,-115.651,0,-678.255,586.966,0,7.5e+13,0.75,0.2,0,CIRCLE,200,1
840,1,1,1,31.9306,121.045,0,505.225,-259.653,0,7.5e+13,0.75,0.2,0,CIRCLE,200,1
841,1,1,1,143.968,-18.609,0,-193.045,-819.839,0,7.5e+13,0.75,0.2,0,CIRCLE,200,1
842,1,1,1,40.1271,195.784,0,878.919,-300.636,0,7.5e+13,0.75,0.2,0,CIRCLE,200,1
843,1,1,1,144.86,70.4952,0,252.476,-824.302,0,7.5e+13,0.75,0.2,0,CIRCLE,200,1
844,1,1,1,50.4946,36.2429,0,81.2144,-352.473,0,7.5e+13,0.75,0.2,0,CIRCLE,200,1
845,1,1,1,109.214,93.5619,0,367.81,-646.07,0,7.5e+13,0.75,0.2,0,CIRCLE,200,1
846,1,1,1,-152.523,-41.3024,0,-306.512,662.613,0,7.5e+13,0.75,0.2,0,CIRCLE,200,1
847,1,1,1,-9.20428,74.5042,0,272.521,-53.9786,0,7.5e+13,0.75,0.2,0,CIRCLE,200,1
848,1,1,1,-37.0812,67.8167,0,239.083,85.4061,0,7.5e+13,0.75,0.2,0,CIRCLE,200,1
849,1,1,1,-82.0562,58.6923,0,193.462,310.281,0,7.5e+13,0.75,0.2,0,CIRCLE,200,1
850,1,1,1,-21.9194,201.168,0,905.842,9.5972,0,7.5e+13,0.75,0.2,0,CIRCLE,200,1
851,1,1,1,-123.518,14.2874,0,-28.5632,517.59,0,7.5e+13,0.75,0.2,0,CIRCLE,200,1
852,1,1,1,170.922,5.51132,0,-72.4434,-954.612,0,7.5e+13,0.75,0.2,0,CIRCLE,200,1
853,1,1,1,56.9529,93.8617,0,369.309,-384.764,0,7.5e+13,0.75,0.2,0,CIRCLE,200,1
854,1,1,1,-56.6642,-112.261,0,-661.305,183.321,0,7.5e+13,0.75,0.2,0,CIRCLE,200,1
855,1,1,1,-52.5785,132.803,0,564.014,162.892,0,7.5e+13,0.75,0.2,0,CIRCLE,200,1
856,1,1,1,-197.889,-8.2911,0,-141.456,889.444,0,7.5e+13,0.75,0.2,0,CIRCLE,200,1
857,1,1,1,-71.59,14.3937,0,-28.0313,257.95,0,7.5e+13,0.75,0.2,0,CIRCLE,200,1
858,1,1,1,51.0991,-110.847,0,-654.234,-355.496,0,7.5e+13,0.75,0.2,0,CIRCLE,200,1
860,1,1,1,140.617,-35.9131,0,-279.565,-803.087,0,7.5e+13,0.75,0.2,0,CIRCLE,200,1
861,1,1,1,-152.559,41.9168,0,109.584,662.796,0,7.5e+13,0.75,0.2,0,CIRCLE,200,1
863,1,1,1,-144.625,160.866,0,704.33,623.125,0,7.5e+13,0.75,0.2,0,CIRCLE,200,1
864,1,1,1,-57.6172,-39.0442,0,-295.221,188.086,0,7.5e+13,0.75,0.2,0,CIRCLE,200,1
865,1,1,1,-86.9887,16.8828,0,-15.5862,334.944,0,7.5e+13,0.75,0.2,0,CIRCLE,200,1
866,1,1,1,-47.5154,165.263,0,726.317,137.577,0,7.5e+13,0.75,0.2,0,CIRCLE,200,1
867,1,1,1,11.1695,-97.4553,0,-587.277,-155.848,0,7.5e+13,0.75,0.2,0,CIRCLE,200,1
868,1,1,1,88.4096,-114.243,0,-671.216,-542.048,0,7.5e+13,0.75,0.2,0,CIRCLE,200,1
869,1,1,1,-136.863,47.0093,0,135.047,584.314,0,7.5e+13,0.75,0.2,0,CIRCLE,200,1
870,1,1,1,-163.069,74.4817,0,272.409,715.345,0,7.5e+13,0.75,0.2,0,CIRCLE,200,1
871,1,1,1,-135.249,129.541,0,547.707,576.243,0,7.5e+13,0.75,0.2,0,CIRCLE,200,1
872,1,1,1,-149.936,-29.1955,0,-245.977,649.68,0,7.5e+13,0.75,0.2,0,CIRCLE,200,1
873,1,1,1,24.6464,-53.7218,0,-368.609,-223.232,0,7.5e+13,0.75,0.2,0,CIRCLE,200,1
874,1,1,1,45.985,24.0286,0,20.143,-329.925,0,7.5e+13,0.75,0.2,0,CIRCLE,200,1
875,1,1,1,71.1356,43.7785,0,118.893,-455.678,0,7.5e+13,0.75,0.2,0,CIRCLE,200,1
876,1,1,1,-24.7952,148.018,0,640.091,23.9761,0,7.5e+13,0.75,0.2,0,CIRCLE,200,1
877,1,1,1,-55.0328,-108.382,0,-641.911,175.164,0,7.5e+13,0.75,0.2,0,CIRCLE,200,1
878,1,1,1,78.8978,129.459,0,547.297,-494.489,0,7.5e+13,0.75,0.2,0,CIRCLE,200,1
879,1,1,1,91.6713,-120.694,0,-703.472,-558.357,0,7.5e+13,0.75,0.2,0,CIRCLE,200,1
880,1,1,1,18.0729,208.424,0,942.118,-190.365,0,7.5e+13,0.75,0.2,0,CIRCLE,200,1
881,1,1,1,-49.3444,89.7699,0,348.85,146.722,0,7.5e+13,0.75,0.2,0,CIRCLE,200,1
882,1,1,1,-35.8801,7.38207,0,-63.0897,79.4004,0,7.5e+13,0.75,0.2,0,CIRCLE,200,1
883,1,1,1,120.918,-20.3985,0,-201.992,-704.59,0,7.5e+13,0.75,0.2,0,CIRCLE,200,1
884,1,1,1,-36.8724,34.5239,0,72.6193,84.362,0,7.5e+13,0.75,0.2,0,CIRCLE,200,1
885,1,1,1,-4.72257,207.603,0,938.016,-76.3871,0,7.5e+13,0.75,0.2,0,CIRCLE,200,1
886,1,1,1,-85.3103,-22.8749,0,-214.375,326.552,0,7.5e+13,0.75,0.2,0,CIRCLE,200,1
887,1,1,1,125.526,35.1792,0,75.8961,-727.628,0,7.5e+13,0.75,0.2,0,CIRCLE,200,1
888,1,1,1,119.96,-60.7492,0,-403.746,-699.799,0,7.5e+13,0.75,0.2,0,CIRCLE,200,1
889,1,1,1,0.348467,145.731,0,628.656,-101.742,0,7.5e+13,0.75,0.2,0,CIRCLE,200,1
890,1,1,1,40.8835,6.7196,0,-66.402,-304.418,0,7.5e+13,0.75,0.2,0,CIRCLE,200,1
891,1,1,1,-134.889,103.937,0,419.684,574.443,0,7.5e+13,0.75,0.2,0,CIRCLE,200,1
892,1,1,1,-78.5334,118.54,0,492.702,292.667,0,7.5e+13,0.75,0.2,0,CIRCLE,200,1
893,1,1,1,-90.6343,-51.0044,0,-355.022,353.172,0,7.5e+13,0.75,0.2,0,CIRCLE,200,1
894,1,1,1,-56.2912,161.506,0,707.53,181.456,0,7.5e+13,0.75,0.2,0,CIRCLE,200,1
896,1,1,1,-97.4712,164.85,0,724.249,387.356,0,7.5e+13,0.75,0.2,0,CIRCLE,200,1
897,1,1,1,-167.961,57.6519,0,188.26,739.804,0,7.5e+13,0.75,0.2,0,CIRCLE,200,1
899,1,1,1,98.1802,132.349,0,561.747,-590.901,0,7.5e+13,0.75,0.2,0,CIRCLE,200,1
900,1,1,1,39.1324,99.9917,0,399.959,-295.662,0,7.5e+13,0.75,0.2,0,CIRCLE,200,1
901,1,1,1,28.8165,61.2054,0,206.027,-244.083,0,7.5e+13,0.75,0.2,0,CIRCLE,200,1
902,1,1,1,-87.4573,-148.841,0,-844.203,337.287,0,7.5e+13,0.75,0.2,0,CIRCLE,200,1
903,1,1,1,-154.494,27.836,0,39.18,672.469,0,7.5e+13,0.75,0.2,0,CIRCLE,200,1
905,1,1,1,-60.1826,-28.5179,0,-242.589,200.913,0,7.5e+13,0.75,0.2,0,CIRCLE,200,1
906,1,1,1,38.8947,-86.192,0,-530.96,-294.474,0,7.5e+13,0.75,0.2,0,CIRCLE,200,1
907,1,1,1,83.8606,-80.0719,0,-500.36,-519.303,0,7.5e+13,0.75,0.2,0,CIRCLE,200,1
908,1,1,1,102.137,-9.50186,0,-147.509,-610.686,0,7.5e+13,0.75,0.2,0,CIRCLE,200,1
910,1,1,1,-146.845,148.245,0,641.225,634.224,0,7.5e+13,0.75,0.2,0,CIRCLE,200,1
912,1,1,1,-24.8526,-100.298,0,-601.488,24.2628,0,7.5e+13,0.75,0.2,0,CIRCLE,200,1
913,1,1,1,-3.64972,200.253,0,901.266,-81.7514,0,7.5e+13,0.75,0.2,0,CIRCLE,200,1
914,1,1,1,2.00935,-82.3375,0,-511.687,-110.047,0,7.5e+13,0.75,0.2,0,CIRCLE,200,1
916,1,1,1,103.639,142.465,0,612.324,-618.193,0,7.5e+13,0.75,0.2,0,CIRCLE,200,1
917,1,1,1,-110.591,74.5011,0,272.505,452.955,0,7.5e+13,0.75,0.2,0,CIRCLE,200,1
918,1,1,1,50.2933,149.719,0,648.597,-351.466,0,7.5e+13,0.75,0.2,0,CIRCLE,200,1
919,1,1,1,-13.7957,132.721,0,563.605,-31.0213,0,7.5e+13,0.75,0.2,0,CIRCLE,200,1
920,1,1,1,5.30531,180.254,0,801.268,-126.527,0,7.5e+13,0.75,0.2,0,CIRCLE,200,1
921,1,1,1,-72.1448,-135.212,0,-776.061,260.724,0,7.5e+13,0.75,0.2,0,CIRCLE,200,1
922,1,1,1,-49.4072,-17.1012,0,-185.506,147.036,0,7.5e+13,0.75,0.2,0,CIRCLE,200,1
923,1,1,1,-113.493,191.314,0,856.572,467.464,0,7.5e+13,0.75,0.2,0,CIRCLE,200,1
924,1,1,1,-67.6647,120.166,0,500.828,238.323,0,7.5e+13,0.75,0.2,0,CIRCLE,200,1
925,1,1,1,43.1341,123.71,0,518.55,-315.67,0,7.5e+13,0.75,0.2,0,CIRCLE,200,1
926,1,1,1,-52.4195,213.375,0,966.873,162.097,0,7.5e+13,0.75,0.2,0,CIRCLE,200,1
927,1,1,1,-11.1633,121.756,0,508.782,-44.1836,0,7.5e+13,0.75,0.2,0,CIRCLE,200,1
928,1,1,1,-143.093,-102.839,0,-614.197,615.465,0,7.5e+13,0.75,0.2,0,CIRCLE,200,1
929,1,1,1,-110.337,-31.7624,0,-258.812,451.686,0,7.5e+13,0.75,0.2,0,CIRCLE,200,1
930,1,1,1,-47.389,-92.9862,0,-564.931,136.945,0,7.5e+13,0.75,0.2,0,CIRCLE,200,1
931,1,1,1,-26.5647,-8.63509,0,-143.175,32.8233,0,7.5e+13,0.75,0.2,0,CIRCLE,200,1
932,1,1,1,-68.5574,-131.228,0,-756.141,242.787,0,7.5e+13,0.75,0.2,0,CIRCLE,200,1
933,1,1,1,98.9465,141.023,0,605.115,-594.732,0,7.5e+13,0.75,0.2,0,CIRCLE,200,1
934,1,1,1,-126.091,118.501,0,492.505,530.454,0,7.5e+13,0.75,0.2,0,CIRCLE,200,1
936,1,1,1,-55.0798,21.0665,0,5.33252,175.399,0,7.5e+13,0.75,0.2,0,CIRCLE,200,1
937,1,1,1,-90.2242,-111.179,0,-655.894,351.121,0,7.5e+13,0.75,0.2,0,CIRCLE,200,1
938,1,1,1,-108.639,142.665,0,613.325,443.194,0,7.5e+13,0.75,0.2,0,CIRCLE,200,1
939,1,1,1,-17.3042,-9.97536,0,-149.877,-13.479,0,7.5e+13,0.75,0.2,0,CIRCLE,200,1
940,1,1,1,127.911,20.5956,0,2.97808,-739.557,0,7.5e+13,0.75,0.2,0,CIRCLE,200,1
941,1,1,1,-21.2886,-86.2438,0,-531.219,6.44316,0,7.5e+13,0.75,0.2,0,CIRCLE,200,1
942,1,1,1,29.9245,-155.832,0,-879.158,-249.622,0,7.5e+13,0.75,0.2,0,CIRCLE,200,1
943,1,1,1,-37.8404,-87.4243,0,-537.122,89.2022,0,7.5e+13,0.75,0.2,0,CIRCLE,200,1
944,1,1,1,-143.634,-10.6299,0,-153.149,618.172,0,7.5e+13,0.75,0.2,0,CIRCLE,200,1
945,1,1,1,80.1402,94.4806,0,372.403,-500.701,0,7.5e+13,0.75,0.2,0,CIRCLE,200,1
946,1,1,1,114.22,113.344,0,466.718,-671.101,0,7.5e+13,0.75,0.2,0,CIRCLE,200,1
947,1,1,1,67.4504,161.386,0,706.93,-437.252,0,7.5e+13,0.75,0.2,0,CIRCLE,200,1
948,1,1,1,-102.075,-131.011,0,-755.057,410.374,0,7.5e+13,0.75,0.2,0,CIRCLE,200,1
949,1,1,1,112.808,-92.3631,0,-561.816,-664.039,0,7.5e+13,0.75,0.2,0,CIRCLE,200,1
950,1,1,1,-113.281,-23.5416,0,-217.708,466.406,0,7.5e+13,0.75,0.2,0,CIRCLE,200,1
951,1,1,1,59.042,86.6145,0,333.073,-395.21,0,7.5e+13,0.75,0.2,0,CIRCLE,200,1
952,1,1,1,-40.5231,-176.667,0,-983.335,102.616,0,7.5e+13,0.75,0.2,0,CIRCLE,200,1
953,1,1,1,-112.449,27.0425,0,35.2126,462.246,0,7.5e+13,0.75,0.2,0,CIRCLE,200,1
954,1,1,1,29.5084,-128.543,0,-742.715,-247.542,0,7.5e+13,0.75,0.2,0,CIRCLE,200,1
955,1,1,1,-100.62,133.16,0,565.8,403.1,0,7.5e+13,0.75,0.2,0,CIRCLE,200,1
956,1,1,1,102.251,18.8513,0,-5.74349,-611.257,0,7.5e+13,0.75,0.2,0,CIRCLE,200,1
957,1,1,1,68.9698,-10.1514,0,-150.757,-444.849,0,7.5e+13,0.75,0.2,0,CIRCLE,200,1
958,1,1,1,-123.693,-90.7959,0,-553.979,518.467,0,7.5e+13,0.75,0.2,0,CIRCLE,200,1
959,1,1,1,97.6864,172.794,0,763.968,-588.432,0,7.5e+13,0.75,0.2,0,CIRCLE,200,1
960,1,1,1,-174.723,61.8781,0,209.391,773.614,0,7.5e+13,0.75,0.2,0,CIRCLE,200,1
962,1,1,1,-23.0213,-43.1666,0,-315.833,15.1066,0,7.5e+13,0.75,0.2,0,CIRCLE,200,1
963,1,1,1,-72.1799,-52.5321,0,-362.66,260.899,0,7.5e+13,0.75,0.2,0,CIRCLE,200,1
964,1,1,1,-3.2013,190.304,0,851.519,-83.9935,0,7.5e+13,0.75,0.2,0,CIRCLE,200,1
965,1,1,1,153.577,14.0398,0,-29.8009,-867.885,0,7.5e+13,0.75,0.2,0,CIRCLE,200,1
966,1,1,1,95.9774,-71.9534,0,-459.767,-579.887,0,7.5e+13,0.75,0.2,0,CIRCLE,200,1
967,1,1,1,124.964,-97.2169,0,-586.085,-724.822,0,7.5e+13,0.75,0.2,0,CIRCLE,200,1
968,1,1,1,-146.614,-92.9825,0,-564.912,633.068,0,7.5e+13,0.75,0.2,0,CIRCLE,200,1
969,1,1,1,-29.2496,-57.4034,0,-387.017,46.2482,0,7.5e+13,0.75,0.2,0,CIRCLE,200,1
970,1,1,1,-16.9466,-58.1134,0,-390.567,-15.2671,0,7.5e+13,0.75,0.2,0,CIRCLE,200,1
971,1,1,1,-149.523,108.337,0,441.687,647.613,0,7.5e+13,0.75,0.2,0,CIRCLE,200,1
972,1,1,1,-57.7467,-158.254,0,-891.269,188.734,0,7.5e+13,0.75,0.2,0,CIRCLE,200,1
973,1,1,1,18.0888,-13.1383,0,-165.692,-190.444,0,7.5e+13,0.75,0.2,0,CIRCLE,200,1
974,1,1,1,-142.634,115.425,0,477.125,613.17,0,7.5e+13,0.75,0.2,0,CIRCLE,200,1
975,1,1,1,-153.991,30.052,0,50.2602,669.957,0,7.5e+13,0.75,0.2,0,CIRCLE,200,1
976,1,1,1,-8.72638,-131.737,0,-758.687,-56.3681,0,7.5e+13,0.75,0.2,0,CIRCLE,200,1
977,1,1,1,-98.3444,151.089,0,655.446,391.722,0,7.5e+13,0.75,0.2,0,CIRCLE,200,1
978,1,1,1,-130.665,153.204,0,666.019,553.323,0,7.5e+13,0.75,0.2,0,CIRCLE,200,1
979,1,1,1,33.9278,50.2918,0,151.459,-269.639,0,7.5e+13,0.75,0.2,0,CIRCLE,200,1
980,1,1,1,22.1665,19.2237,0,-3.88152,-210.833,0,7.5e+13,0.75,0.2,0,CIRCLE,200,1
981,1,1,1,-72.4021,59.7686,0,198.843,262.01,0,7.5e+13,0.75,0.2,0,CIRCLE,200,1
982,1,1,1,-133.381,87.0915,0,335.458,566.904,0,7.5e+13,0.75,0.2,0,CIRCLE,200,1
983,1,1,1,-36.6387,153.581,0,667.904,83.1934,0,7.5e+13,0.75,0.2,0,CIRCLE,200,1
984,1,1,1,-3.99487,120.98,0,504.902,-80.0257,0,7.5e+13,0.75,0.2,0,CIRCLE,200,1
985,1,1,1,-138.875,-126.943,0,-734.717,594.377,0,7.5e+13,0.75,0.2,0,CIRCLE,200,1
986,1,1,1,77.1282,-72.4071,0,-462.035,-485.641,0,7.5e+13,0.75,0.2,0,CIRCLE,200,1
987,1,1,1,-101.893,70.7555,0,253.778,409.463,0,7.5e+13,0.75,0.2,0,CIRCLE,200,1
988,1,1,1,147.693,-18.131,0,-190.655,-838.464,0,7.5e+13,0.75,0.2,0,CIRCLE,200,1
989,1,1,1,-112.668,162.599,0,712.996,463.338,0,7.5e+13,0.75,0.2,0,CIRCLE,200,1
990,1,1,1,-145.555,-75.3615,0,-476.807,627.776,0,7.5e+13,0.75,0.2,0,CIRCLE,200,1
991,1,1,1,110.058,-81.9041,0,-509.52,-650.288,0,7.5e+13,0.75,0.2,0,CIRCLE,200,1
992,1,1,1,-14.0532,85.7006,0,328.503,-29.7341,0,7.5e+13,0.75,0.2,0,CIRCLE,200,1
993,1,1,1,-185.838,-13.4349,0,-167.174,829.192,0,7.5e+13,0.75,0.2,0,CIRCLE,200,1
994,1,1,1,-42.3753,9.82099,0,-50.895,111.877,0,7.5e+13,0.75,0.2,0,CIRCLE,200,1
995,1,1,1,-155.1,10.7241,0,-46.3793,675.498,0,7.5e+13,0.75,0.2,0,CIRCLE,200,1
996,1,1,1,165.488,-14.3522,0,-171.761,-927.439,0,7.5e+13,0.75,0.2,0,CIRCLE,200,1
997,1,1,1,-49.2269,-74.7568,0,-473.784,146.135,0,7.5e+13,0.75,0.2,0,CIRCLE,200,1
998,1,1,1,62.1811,82.5548,0,312.774,-410.905,0,7.5e+13,0.75,0.2,0,CIRCLE,200,1
999,1,1,1,-172.31,52.7491,0,163.745,761.549,0,7.5e+13,0.75,0.2,0,CIRCLE,200,1
1000,1,1,1,98.4254,57.7182,0,188.591,-592.127,0,7.5e+13,0.75,0.2,0,CIRCLE,200,1
1001,1,1,1,128.514,153.68,0,668.401,-742.569,0,7.5e+13,0.75,0.2,0,CIRCLE,200,1
1002,1,1,1,-22.5576,-20.3337,0,-201.669,12.7881,0,7.5e+13,0.75,0.2,0,CIRCLE,200,1
1003,1,1,1,144.893,24.5543,0,22.7713,-824.463,0,7.5e+13,0.75,0.2,0,CIRCLE,200,1
1004,1,1,1,141.858,-25.4627,0,-227.314,-809.292,0,7.5e+13,0.75,0.2,0,CIRCLE,200,1
1005,1,1,1,-19.5859,-55.122,0,-375.61,-2.07073,0,7.5e+13,0.75,0.2,0,CIRCLE,200,1
1006,1,1,1,-88.191,-120.926,0,-704.628,340.955,0,7.5e+13,0.75,0.2,0,CIRCLE,200,1
1007,1,1,1,-122.726,-148.784,0,-843.918,513.629,0,7.5e+13,0.75,0.2,0,CIRCLE,200,1
1008,1,1,1,151.815,102.316,0,411.58,-859.074,0,7.5e+13,0.75,0.2,0,CIRCLE,200,1
1009,1,1,1,82.08,-101.324,0,-606.622,-510.4,0,7.5e+13,0.75,0.2,0,CIRCLE,200,1
1011,1,1,1,89.312,174.905,0,774.525,-546.56,0,7.5e+13,0.75,0.2,0,CIRCLE,200,1
1012,1,1,1,-111.698,-25.9275,0,-229.637,458.491,0,7.5e+13,0.75,0.2,0,CIRCLE,200,1
1013,1,1,1,51.3725,161.13,0,705.651,-356.862,0,7.5e+13,0.75,0.2,0,CIRCLE,200,1
1014,1,1,1,62.7436,-121.296,0,-706.481,-413.718,0,7.5e+13,0.75,0.2,0,CIRCLE,200,1
1015,1,1,1,64.4935,-83.933,0,-519.665,-422.468,0,7.5e+13,0.75,0.2,0,CIRCLE,200,1
1016,1,1,1,141.566,2.64645,0,-86.7677,-807.828,0,7.5e+13,0.75,0.2,0,CIRCLE,200,1
1017,1,1,1,-32.3654,-26.6505,0,-233.252,61.8272,0,7.5e+13,0.75,0.2,0,CIRCLE,200,1
1018,1,1,1,49.6151,-138.209,0,-791.046,-348.075,0,7.5e+13,0.75,0.2,0,CIRCLE,200,1
1019,1,1,1,160.39,-9.55837,0,-147.792,-901.948,0,7.5e+13,0.75,0.2,0,CIRCLE,200,1
1020,1,1,1,-46.8986,83.1064,0,315.532,134.493,0,7.5e+13,0.75,0.2,0,CIRCLE,200,1
1021,1,1,1,9.80705,123.841,0,519.207,-149.035,0,7.5e+13,0.75,0.2,0,CIRCLE,200,1
1022,1,1,1,153.783,-39.1544,0,-295.772,-868.915,0,7.5e+13,0.75,0.2,0,CIRCLE,200,1
1023,1,1,1,-19.8619,112.934,0,464.67,-0.690541,0,7.5e+13,0.75,0.2,0,CIRCLE,200,1
1025,1,1,1,32.9294,205.332,0,926.661,-264.647,0,7.5e+13,0.75,0.2,0,CIRCLE,200,1
1026,1,1,1,-17.3956,-104.872,0,-624.361,-13.0218,0,7.5e+13,0.75,0.2,0,CIRCLE,200,1
1027,1,1,1,-125.463,125.813,0,529.063,527.316,0,7.5e+13,0.75,0.2,0,CIRCLE,200,1
1028,1,1,1,-152.167,-122.037,0,-710.185,660.837,0,7.5e+13,0.75,0.2,0,CIRCLE,200,1
1029,1,1,1,-34.7958,-150.947,0,-854.735,73.9792,0,7.5e+13,0.75,0.2,0,CIRCLE,200,1
1031,1,1,1,137.268,0.357229,0,-98.2139,-786.342,0,7.5e+13,0.75,0.2,0,CIRCLE,200,1
1032,1,1,1,-81.5001,135.841,0,579.206,307.5,0,7.5e+13,0.75,0.2,0,CIRCLE,200,1
1033,1,1,1,-136.209,-99.6754,0,-598.377,581.046,0,7.5e+13,0.75,0.2,0,CIRCLE,200,1
1034,1,1,1,-183.195,30.1364,0,50.6819,815.976,0,7.5e+13,0.75,0.2,0,CIRCLE,200,1
1035,1,1,1,-27.446,84.2973,0,321.486,37.2298,0,7.5e+13,0.75,0.2,0,CIRCLE,200,1
1036,1,1,1,48.5882,49.7768,0,148.884,-342.941,0,7.5e+13,0.75,0.2,0,CIRCLE,200,1
1037,1,1,1,-101.389,44.222,0,121.11,406.946,0,7.5e+13,0.75,0.2,0,CIRCLE,200,1
1038,1,1,1,-132.077,-127.343,0,-736.714,560.383,0,7.5e+13,0.75,0.2,0,CIRCLE,200,1
1040,1,1,1,-155.499,-115.323,0,-676.617,677.493,0,7.5e+13,0.75,0.2,0,CIRCLE,200,1
1041,1,1,1,60.724,80.4251,0,302.125,-403.62,0,7.5e+13,0.75,0.2,0,CIRCLE,200,1
1042,1,1,1,-187.44,23.0024,0,15.0118,837.202,0,7.5e+13,0.75,0.2,0,CIRCLE,200,1
1043,1,1,1,-38.8219,-43.4777,0,-317.388,94.1093,0,7.5e+13,0.75,0.2,0,CIRCLE,200,1
1044,1,1,1,-116.289,120.001,0,500.007,481.444,0,7.5e+13,0.75,0.2,0,CIRCLE,200,1
1045,1,1,1,41.0049,4.75588,0,-76.2206,-305.024,0,7.5e+13,0.75,0.2,0,CIRCLE,200,1
1046,1,1,1,-78.572,37.2116,0,86.058,292.86,0,7.5e+13,0.75,0.2,0,CIRCLE,200,1
1047,1,1,1,-133.219,5.16387,0,-74.1807,566.097,0,7.5e+13,0.75,0.2,0,CIRCLE,200,1
1048,1,1,1,25.7289,-155.713,0,-878.564,-228.645,0,7.5e+13,0.75,0.2,0,CIRCLE,200,1
1050,1,1,1,62.0362,47.6439,0,138.22,-410.181,0,7.5e+13,0.75,0.2,0,CIRCLE,200,1
1051,1,1,1,110.506,12.5093,0,-37.4534,-652.53,0,7.5e+13,0.75,0.2,0,CIRCLE,200,1
1052,1,1,1,-125.443,-113.188,0,-665.938,527.214,0,7.5e+13,0.75,0.2,0,CIRCLE,200,1
1053,1,1,1,129.065,-87.2271,0,-536.136,-745.326,0,7.5e+13,0.75,0.2,0,CIRCLE,200,1
1054,1,1,1,99.7899,-50.4969,0,-352.485,-598.95,0,7.5e+13,0.75,0.2,0,CIRCLE,200,1
1055,1,1,1,-189.217,41.5801,0,107.901,846.084,0,7.5e+13,0.75,0.2,0,CIRCLE,200,1
1056,1,1,1,-13.9961,-103.782,0,-618.912,-30.0195,0,7.5e+13,0.75,0.2,0,CIRCLE,200,1
1057,1,1,1,-23.5375,-84.6293,0,-523.147,17.6873,0,7.5e+13,0.75,0.2,0,CIRCLE,200,1
1058,1,1,1,-43.0173,46.8146,0,134.073,115.087,0,7.5e+13,0.75,0.2,0,CIRCLE,200,1
1060,1,1,1,-106.85,57.7938,0,188.969,434.248,0,7.5e+13,0.75,0.2,0,CIRCLE,200,1
1062,1,1,1,-143.338,-104.412,0,-622.062,616.688,0,7.5e+13,0.75,0.2,0,CIRCLE,200,1
1063,1,1,1,-66.4739,109.602,0,448.009,232.369,0,7.5e+13,0.75,0.2,0,CIRCLE,200,1
1064,1,1,1,-192.65,36.3534,0,81.7672,863.249,0,7.5e+13,0.75,0.2,0,CIRCLE,200,1
1065,1,1,1,-129.147,-24.7588,0,-223.794,545.736,0,7.5e+13,0.75,0.2,0,CIRCLE,200,1
1066,1,1,1,-85.0991,-165.6,0,-928,325.495,0,7.5e+13,0.75,0.2,0,CIRCLE,200,1
1067,1,1,1,-105.137,80.4894,0,302.447,425.686,0,7.5e+13,0.75,0.2,0,CIRCLE,200,1
1068,1,1,1,97.9133,-78.9496,0,-494.748,-589.567,0,7.5e+13,0.75,0.2,0,CIRCLE,200,1
1069,1,1,1,-112.401,-53.1885,0,-365.942,462.004,0,7.5e+13,0.75,0.2,0,CIRCLE,200,1
1070,1,1,1,37.8371,-152.759,0,-863.794,-289.185,0,7.5e+13,0.75,0.2,0,CIRCLE,200,1
1071,1,1,1,31.6826,-99.4381,0,-597.19,-258.413,0,7.5e+13,0.75,0.2,0,CIRCLE,200,1
1072,1,1,1,118.758,97.7322,0,388.661,-693.792,0,7.5e+13,0.75,0.2,0,CIRCLE,200,1
1073,1,1,1,144.976,1.832,0,-90.84,-824.881,0,7.5e+13,0.75,0.2,0,CIRCLE,200,1
1074,1,1,1,-105.853,20.3869,0,1.93436,429.263,0,7.5e+13,0.75,0.2,0,CIRCLE,200,1
1075,1,1,1,-109.053,-20.0596,0,-200.298,445.265,0,7.5e+13,0.75,0.2,0,CIRCLE,200,1
1076,1,1,1,49.5576,-61.9664,0,-409.832,-347.788,0,7.5e+13,0.75,0.2,0,CIRCLE,200,1
1077,1,1,1,160.712,8.13195,0,-59.3402,-903.559,0,7.5e+13,0.75,0.2,0,CIRCLE,200,1
1078,1,1,1,-112.816,85.2246,0,326.123,464.08,0,7.5e+13,0.75,0.2,0,CIRCLE,200,1
1079,1,1,1,-150.403,116.427,0,482.137,652.017,0,7.5e+13,0.75,0.2,0,CIRCLE,200,1
1080,1,1,1,152.49,-60.0116,0,-400.058,-862.45,0,7.5e+13,0.75,0.2,0,CIRCLE,200,1
1081,1,1,1,-50.2523,192.138,0,860.688,151.262,0,7.5e+13,0.75,0.2,0,CIRCLE,200,1
1084,1,1,1,78.0579,50.446,0,152.23,-490.29,0,7.5e+13,0.75,0.2,0,CIRCLE,200,1
1085,1,1,1,-62.8065,192.819,0,864.097,214.032,0,7.5e+13,0.75,0.2,0,CIRCLE,200,1
1086,1,1,1,-25.427,127.012,0,535.061,27.1352,0,7.5e+13,0.75,0.2,0,CIRCLE,200,1
1087,1,1,1,-134.26,173.364,0,766.818,571.302,0,7.5e+13,0.75,0.2,0,CIRCLE,200,1
1088,1,1,1,21.154,-69.6758,0,-448.379,-205.77,0,7.5e+13,0.75,0.2,0,CIRCLE,200,1
1089,1,1,1,-61.9947,106.197,0,430.983,209.974,0,7.5e+13,0.75,0.2,0,CIRCLE,200,1
1090,1,1,1,76.161,-3.93113,0,-119.656,-480.805,0,7.5e+13,0.75,0.2,0,CIRCLE,200,1
1091,1,1,1,145.366,-53.3043,0,-366.522,-826.831,0,7.5e+13,0.75,0.2,0,CIRCLE,200,1
1092,1,1,1,101,111.92,0,459.6,-605,0,7.5e+13,0.75,0.2,0,CIRCLE,200,1
1093,1,1,1,-2.6166,141.392,0,606.962,-86.917,0,7.5e+13,0.75,0.2,0,CIRCLE,200,1
1094,1,1,1,43.8528,185.55,0,827.752,-319.264,0,7.5e+13,0.75,0.2,0,CIRCLE,200,1
1095,1,1,1,68.6144,-47.2105,0,-336.052,-443.072,0,7.5e+13,0.75,0.2,0,CIRCLE,200,1
1096,1,1,1,143.491,77.8993,0,289.496,-817.453,0,7.5e+13,0.75,0.2,0,CIRCLE,200,1
1097,1,1,1,-48.6608,-126.691,0,-733.453,143.304,0,7.5e+13,0.75,0.2,0,CIRCLE,200,1
1098,1,1,1,-135.961,-16.0169,0,-180.084,579.804,0,7.5e+13,0.75,0.2,0,CIRCLE,200,1
1099,1,1,1,20.5683,53.308,0,166.54,-202.842,0,7.5e+13,0.75,0.2,0,CIRCLE,200,1
1100,1,1,1,-15.2195,-12.6691,0,-163.345,-23.9027,0,7.5e+13,0.75,0.2,0,CIRCLE,200,1
1102,1,1,1,68.9236,134.585,0,572.923,-444.618,0,7.5e+13,0.75,0.2,0,CIRCLE,200,1
1103,1,1,1,-100.276,172.264,0,761.32,401.381,0,7.5e+13,0.75,0.2,0,CIRCLE,200,1
1104,1,1,1,-144.016,-68.3277,0,-441.639,620.082,0,7.5e+13,0.75,0.2,0,CIRCLE,200,1
1105,1,1,1,125.222,-52.9967,0,-364.983,-726.112,0,7.5e+13,0.75,0.2,0,CIRCLE,200,1
1106,1,1,1,-58.1073,-127.646,0,-738.229,190.537,0,7.5e+13,0.75,0.2,0,CIRCLE,200,1
1107,1,1,1,77.7243,67.3273,0,236.636,-488.621,0,7.5e+13,0.75,0.2,0,CIRCLE,200,1
1108,1,1,1,155.007,36.1197,0,80.5985,-875.033,0,7.5e+13,0.75,0.2,0,CIRCLE,200,1
1109,1,1,1,132.236,17.5477,0,-12.2616,-761.181,0,7.5e+13,0.75,0.2,0,CIRCLE,200,1
1110,1,1,1,-66.8978,149.634,0,648.172,234.489,0,7.5e+13,0.75,0.2,0,CIRCLE,200,1
1112,1,1,1,36.9707,156.885,0,684.424,-284.854,0,7.5e+13,0.75,0.2,0,CIRCLE,200,1
1113,1,1,1,-122.5,119.656,0,498.28,512.502,0,7.5e+13,0.75,0.2,0,CIRCLE,200,1
1114,1,1,1,-94.9941,-132.664,0,-763.319,374.971,0,7.5e+13,0.75,0.2,0,CIRCLE,200,1
1116,1,1,1,119.767,156.909,0,684.543,-698.835,0,7.5e+13,0.75,0.2,0,CIRCLE,200,1
1117,1,1,1,-25.7607,-27.133,0,-235.665,28.8037,0,7.5e+13,0.75,0.2,0,CIRCLE,200,1
1118,1,1,1,-0.486092,159.901,0,699.504,-97.5695,0,7.5e+13,0.75,0.2,0,CIRCLE,200,1
1119,1,1,1,111.759,166.959,0,734.796,-658.796,0,7.5e+13,0.75,0.2,0,CIRCLE,200,1
1120,1,1,1,-190.636,67.6283,0,238.142,853.182,0,7.5e+13,0.75,0.2,0,CIRCLE,200,1
1121,1,1,1,-154.051,-94.1002,0,-570.501,670.254,0,7.5e+13,0.75,0.2,0,CIRCLE,200,1
1122,1,1,1,-159.26,-99.0877,0,-595.439,696.3,0,7.5e+13,0.75,0.2,0,CIRCLE,200,1
1123,1,1,1,-68.1876,213.907,0,969.534,240.938,0,7.5e+13,0.75,0.2,0,CIRCLE,200,1
1124,1,1,1,52.7547,-70.6594,0,-453.297,-363.773,0,7.5e+13,0.75,0.2,0,CIRCLE,200,1
1125,1,1,1,16.1068,74.8114,0,274.057,-180.534,0,7.5e+13,0.75,0.2,0,CIRCLE,200,1
1126,1,1,1,172.528,-25.6848,0,-228.424,-962.639,0,7.5e+13,0.75,0.2,0,CIRCLE,200,1
1127,1,1,1,-78.211,-14.1298,0,-170.649,291.055,0,7.5e+13,0.75,0.2,0,CIRCLE,200,1
1128,1,1,1,84.5671,67.994,0,239.97,-522.836,0,7.5e+13,0.75,0.2,0,CIRCLE,200,1
1130,1,1,1,-37.5244,-158.536,0,-892.682,87.6218,0,7.5e+13,0.75,0.2,0,CIRCLE,200,1
1132,1,1,1,-195.464,-54.2043,0,-371.021,877.319,0,7.5e+13,0.75,0.2,0,CIRCLE,200,1
1133,1,1,1,6.18948,112.104,0,460.519,-130.947,0,7.5e+13,0.75,0.2,0,CIRCLE,200,1
1134,1,1,1,37.1154,139.641,0,598.207,-285.577,0,7.5e+13,0.75,0.2,0,CIRCLE,200,1
1135,1,1,1,-59.8504,104.16,0,420.799,199.252,0,7.5e+13,0.75,0.2,0,CIRCLE,200,1
1137,1,1,1,58.0479,-79.1496,0,-495.748,-390.239,0,7.5e+13,0.75,0.2,0,CIRCLE,200,1
1138,1,1,1,-202.529,88.0695,0,340.347,912.646,0,7.5e+13,0.75,0.2,0,CIRCLE,200,1
1139,1,1,1,149.669,72.431,0,262.155,-848.345,0,7.5e+13,0.75,0.2,0,CIRCLE,200,1
1140,1,1,1,-65.0679,156.925,0,684.623,225.339,0,7.5e+13,0.75,0.2,0,CIRCLE,200,1
1141,1,1,1,9.68215,180.831,0,804.155,-148.411,0,7.5e+13,0.75,0.2,0,CIRCLE,200,1
1142,1,1,1,-40.4944,100.488,0,402.442,102.472,0,7.5e+13,0.75,0.2,0,CIRCLE,200,1
1143,1,1,1,75.4811,-78.8775,0,-494.388,-477.405,0,7.5e+13,0.75,0.2,0,CIRCLE,200,1
1144,1,1,1,85.1486,-139.42,0,-797.098,-525.743,0,7.5e+13,0.75,0.2,0,CIRCLE,200,1
1145,1,1,1,-88.6374,-20.7575,0,-203.788,343.187,0,7.5e+13,0.75,0.2,0,CIRCLE,200,1
1146,1,1,1,-175.763,74.9444,0,274.722,778.817,0,7.5e+13,0.75,0.2,0,CIRCLE,200,1
1147,1,1,1,61.9411,-160.466,0,-902.328,-409.706,0,7.5e+13,0.75,0.2,0,CIRCLE,200,1
1148,1,1,1,120.084,-10.8941,0,-154.471,-700.421,0,7.5e+13,0.75,0.2,0,CIRCLE,200,1
1149,1,1,1,18.3336,43.6518,0,118.259,-191.668,0,7.5e+13,0.75,0.2,0,CIRCLE,200,1
1151,1,1,1,-149.753,-65.4296,0,-427.148,648.765,0,7.5e+13,0.75,0.2,0,CIRCLE,200,1
1152,1,1,1,-113.066,-31.5624,0,-257.812,465.329,0,7.5e+13,0.75,0.2,0,CIRCLE,200,1
1153,1,1,1,9.90837,-100.797,0,-603.983,-149.542,0,7.5e+13,0.75,0.2,0,CIRCLE,200,1
1154,1,1,1,30.8866,-26.8209,0,-234.105,-254.433,0,7.5e+13,0.75,0.2,0,CIRCLE,200,1
1155,1,1,1,27.0879,10.389,0,-48.0548,-235.44,0,7.5e+13,0.75,0.2,0,CIRCLE,200,1
1156,1,1,1,-122.069,77.7587,0,288.793,510.343,0,7.5e+13,0.75,0.2,0,CIRCLE,200,1
1157,1,1,1,-25.6158,26.9146,0,34.5728,28.0789,0,7.5e+13,0.75,0.2,0,CIRCLE,200,1
1158,1,1,1,-57.6216,103.945,0,419.726,188.108,0,7.5e+13,0.75,0.2,0,CIRCLE,200,1
1159,1,1,1,7.85509,-117.313,0,-686.564,-139.275,0,7.5e+13,0.75,0.2,0,CIRCLE,200,1
1160,1,1,1,154.835,90.6603,0,353.301,-874.175,0,7.5e+13,0.75,0.2,0,CIRCLE,200,1
1161,1,1,1,-140.654,110.477,0,452.386,603.272,0,7.5e+13,0.75,0.2,0,CIRCLE,200,1
1162,1,1,1,-178.26,76.7137,0,283.568,791.299,0,7.5e+13,0.75,0.2,0,CIRCLE,200,1
1163,1,1,1,-159.008,-43.8821,0,-319.41,695.038,0,7.5e+13,0.75,0.2,0,CIRCLE,200,1
1164,1,1,1,-89.4623,-34.7382,0,-273.691,347.312,0,7.5e+13,0.75,0.2,0,CIRCLE,200,1
1165,1,1,1,-144.757,144.405,0,622.025,623.787,0,7.5e+13,0.75,0.2,0,CIRCLE,200,1
1166,1,1,1,104.692,-63.8051,0,-419.026,-623.462,0,7.5e+13,0.75,0.2,0,CIRCLE,200,1
1167,1,1,1,47.9908,-145.326,0,-826.628,-339.954,0,7.5e+13,0.75,0.2,0,CIRCLE,200,1
1168,1,1,1,146.318,-36.08,0,-280.4,-831.589,0,7.5e+13,0.75,0.2,0,CIRCLE,200,1
1169,1,1,1,31.7794,170.062,0,750.311,-258.897,0,7.5e+13,0.75,0.2,0,CIRCLE,200,1
1170,1,1,1,-202.961,3.94335,0,-80.2832,914.807,0,7.5e+13,0.75,0.2,0,CIRCLE,200,1
1171,1,1,1,57.6575,-132.107,0,-760.534,-388.288,0,7.5e+13,0.75,0.2,0,CIRCLE,200,1
1172,1,1,1,-77.33,-126.501,0,-732.505,286.65,0,7.5e+13,0.75,0.2,0,CIRCLE,200,1
1173,1,1,1,-169.205,133.46,0,567.298,746.027,0,7.5e+13,0.75,0.2,0,CIRCLE,200,1
1174,1,1,1,125.145,4.24126,0,-78.7937,-725.724,0,7.5e+13,0.75,0.2,0,CIRCLE,200,1
1175,1,1,1,-22.9186,174.899,0,774.495,14.593,0,7.5e+13,0.75,0.2,0,CIRCLE,200,1
1176,1,1,1,-87.4596,-125.193,0,-725.966,337.298,0,7.5e+13,0.75,0.2,0,CIRCLE,200,1
1177,1,1,1,122.823,-25.7303,0,-228.651,-714.116,0,7.5e+13,0.75,0.2,0,CIRCLE,200,1
1178,1,1,1,-39.0698,161.575,0,707.875,95.3491,0,7.5e+13,0.75,0.2,0,CIRCLE,200,1
1179,1,1,1,34.8798,198.961,0,894.806,-274.399,0,7.5e+13,0.75,0.2,0,CIRCLE,200,1
1180,1,1,1,17.2516,87.6254,0,338.127,-186.258,0,7.5e+13,0.75,0.2,0,CIRCLE,200,1
1181,1,1,1,-49.0077,-143.766,0,-818.83,145.039,0,7.5e+13,0.75,0.2,0,CIRCLE,200,1
1182,1,1,1,-167.809,-35.1216,0,-275.608,739.047,0,7.5e+13,0.75,0.2,0,CIRCLE,200,1
1184,1,1,1,-136.944,-62.9534,0,-414.767,584.722,0,7.5e+13,0.75,0.2,0,CIRCLE,200,1
1185,1,1,1,-62.2142,13.2614,0,-33.6928,211.071,0,7.5e+13,0.75,0.2,0,CIRCLE,200,1
1186,1,1,1,73.7636,-144.058,0,-820.29,-468.818,0,7.5e+13,0.75,0.2,0,CIRCLE,200,1
1187,1,1,1,-116.208,-11.9988,0,-159.994,481.039,0,7.5e+13,0.75,0.2,0,CIRCLE,200,1
1188,1,1,1,173.105,26.4824,0,32.4121,-965.524,0,7.5e+13,0.75,0.2,0,CIRCLE,200,1
1189,1,1,1,6.00356,-37.5922,0,-287.961,-130.018,0,7.5e+13,0.75,0.2,0,CIRCLE,200,1
1191,1,1,1,-148.492,138.249,0,591.243,642.459,0,7.5e+13,0.75,0.2,0,CIRCLE,200,1
1192,1,1,1,84.818,65.5533,0,227.767,-524.09,0,7.5e+13,0.75,0.2,0,CIRCLE,200,1
1193,1,1,1,34.5282,25.5608,0,27.8041,-272.641,0,7.5e+13,0.75,0.2,0,CIRCLE,200,1
1194,1,1,1,-30.8163,31.5438,0,57.7191,54.0814,0,7.5e+13,0.75,0.2,0,CIRCLE,200,1
1195,1,1,1,-1.10239,170.423,0,752.113,-94.488,0,7.5e+13,0.75,0.2,0,CIRCLE,200,1
1196,1,1,1,-22.6549,-99.0815,0,-595.407,13.2746,0,7.5e+13,0.75,0.2,0,CIRCLE,200,1
1197,1,1,1,-82.8982,45.1753,0,125.877,314.491,0,7.5e+13,0.75,0.2,0,CIRCLE,200,1
1198,1,1,1,38.444,-91.2411,0,-556.205,-292.22,0,7.5e+13,0.75,0.2,0,CIRCLE,200,1
1199,1,1,1,-102.162,194.989,0,874.946,410.809,0,7.5e+13,0.75,0.2,0,CIRCLE,200,1
1200,1,1,1,-143.114,-66.1286,0,-430.643,615.569,0,7.5e+13,0.75,0.2,0,CIRCLE,200,1
1201,1,1,1,86.5758,-89.6914,0,-548.457,-532.879,0,7.5e+13,0.75,0.2,0,CIRCLE,200,1
1202,1,1,1,-10.3173,133.006,0,565.031,-48.4135,0,7.5e+13,0.75,0.2,0,CIRCLE,200,1
1203,1,1,1,-4.18491,177.548,0,787.741,-79.0754,0,7.5e+13,0.75,0.2,0,CIRCLE,200,1
1204,1,1,1,-110.827,-114.401,0,-672.004,454.133,0,7.5e+13,0.75,0.2,0,CIRCLE,200,1
1205,1,1,1,-10.7426,-121.064,0,-705.32,-46.2871,0,7.5e+13,0.75,0.2,0,CIRCLE,200,1
1206,1,1,1,-103.577,13.9556,0,-30.2219,417.886,0,7.5e+13,0.75,0.2,0,CIRCLE,200,1
1207,1,1,1,-140.227,86.2199,0,331.099,601.137,0,7.5e+13,0.75,0.2,0,CIRCLE,200,1
1208,1,1,1,167.456,1.53658,0,-92.3171,-937.282,0,7.5e+13,0.75,0.2,0,CIRCLE,200,1
1209,1,1,1,33.6149,27.5125,0,37.5624,-268.075,0,7.5e+13,0.75,0.2,0,CIRCLE,200,1
1210,1,1,1,84.2699,88.5799,0,342.9,-521.35,0,7.5e+13,0.75,0.2,0,CIRCLE,200,1
1211,1,1,1,-99.1119,196.16,0,880.802,395.56,0,7.5e+13,0.75,0.2,0,CIRCLE,200,1
1212,1,1,1,54.9027,-111.642,0,-658.212,-374.514,0,7.5e+13,0.75,0.2,0,CIRCLE,200,1
1213,1,1,1,-145.566,24.5888,0,22.9442,627.829,0,7.5e+13,0.75,0.2,0,CIRCLE,200,1
1214,1,1,1,106.505,-49.8199,0,-349.099,-632.525,0,7.5e+13,0.75,0.2,0,CIRCLE,200,1
1215,1,1,1,121.027,140.622,0,603.111,-705.135,0,7.5e+13,0.75,0.2,0,CIRCLE,200,1
1216,1,1,1,-170.962,105.579,0,427.896,754.808,0,7.5e+13,0.75,0.2,0,CIRCLE,200,1
1217,1,1,1,75.6374,17.432,0,-12.8402,-478.187,0,7.5e+13,0.75,0.2,0,CIRCLE,200,1
1218,1,1,1,113.987,45.7188,0,128.594,-669.933,0,7.5e+13,0.75,0.2,0,CIRCLE,200,1
1219,1,1,1,67.7472,100.737,0,403.683,-438.736,0,7.5e+13,0.75,0.2,0,CIRCLE,200,1
1220,1,1,1,-124.378,183.902,0,819.511,521.891,0,7.5e+13,0.75,0.2,0,CIRCLE,200,1
1221,1,1,1,172.545,44.8366,0,124.183,-962.724,0,7.5e+13,0.75,0.2,0,CIRCLE,200,1
1222,1,1,1,14.3457,-152.879,0,-864.393,-171.728,0,7.5e+13,0.75,0.2,0,CIRCLE,200,1
1223,1,1,1,8.47193,-150.934,0,-854.669,-142.36,0,7.5e+13,0.75,0.2,0,CIRCLE,200,1
1224,1,1,1,-51.6349,-7.58192,0,-137.91,158.174,0,7.5e+13,0.75,0.2,0,CIRCLE,200,1
1226,1,1,1,-43.7508,-49.6324,0,-348.162,118.754,0,7.5e+13,0.75,0.2,0,CIRCLE,200,1
1227,1,1,1,-58.7969,186.59,0,832.951,193.984,0,7.5e+13,0.75,0.2,0,CIRCLE,200,1
1228,1,1,1,-76.8713,123.313,0,516.564,284.357,0,7.5e+13,0.75,0.2,0,CIRCLE,200,1
1229,1,1,1,-210.581,8.2727,0,-58.6365,952.905,0,7.5e+13,0.75,0.2,0,CIRCLE,200,1
1230,1,1,1,160.83,-45.5658,0,-327.829,-904.148,0,7.5e+13,0.75,0.2,0,CIRCLE,200,1
1231,1,1,1,77.2311,-95.5614,0,-577.807,-486.155,0,7.5e+13,0.75,0.2,0,CIRCLE,200,1
1232,1,1,1,134.558,-41.5018,0,-307.509,-772.788,0,7.5e+13,0.75,0.2,0,CIRCLE,200,1
1233,1,1,1,-89.3771,206.609,0,933.047,346.886,0,7.5e+13,0.75,0.2,0,CIRCLE,200,1
1234,1,1,1,-192.869,107.913,0,439.565,864.343,0,7.5e+13,0.75,0.2,0,CIRCLE,200,1
1235,1,1,1,-130.904,-65.685,0,-428.425,554.522,0,7.5e+13,0.75,0.2,0,CIRCLE,200,1
1236,1,1,1,66.0876,166.877,0,734.387,-430.438,0,7.5e+13,0.75,0.2,0,CIRCLE,200,1
1237,1,1,1,88.41,54.4368,0,172.184,-542.05,0,7.5e+13,0.75,0.2,0,CIRCLE,200,1
1238,1,1,1,-113.705,18.3737,0,-8.13143,468.524,0,7.5e+13,0.75,0.2,0,CIRCLE,200,1
1239,1,1,1,58.9778,27.6871,0,38.4357,-394.889,0,7.5e+13,0.75,0.2,0,CIRCLE,200,1
1240,1,1,1,-126.782,-5.13286,0,-125.664,533.91,0,7.5e+13,0.75,0.2,0,CIRCLE,200,1
1241,1,1,1,65.8732,-100.265,0,-601.324,-429.366,0,7.5e+13,0.75,0.2,0,CIRCLE,200,1
1242,1,1,1,-24.084,25.6701,0,28.3506,20.4202,0,7.5e+13,0.75,0.2,0,CIRCLE,200,1
1243,1,1,1,59.5201,91.4673,0,357.336,-397.6,0,7.5e+13,0.75,0.2,0,CIRCLE,200,1
1244,1,1,1,-25.3734,18.3073,0,-8.46362,26.8672,0,7.5e+13,0.75,0.2,0,CIRCLE,200,1
1245,1,1,1,-14.5633,-35.0087,0,-275.043,-27.1834,0,7.5e+13,0.75,0.2,0,CIRCLE,200,1
1246,1,1,1,136.011,-68.897,0,-444.485,-780.056,0,7.5e+13,0.75,0.2,0,CIRCLE,200,1
1247,1,1,1,11.7501,139.736,0,598.679,-158.75,0,7.5e+13,0.75,0.2,0,CIRCLE,200,1
1248,1,1,1,-186.717,76.6242,0,283.121,833.583,0,7.5e+13,0.75,0.2,0,CIRCLE,200,1
1249,1,1,1,114.503,-116.066,0,-680.331,-672.516,0,7.5e+13,0.75,0.2,0,CIRCLE,200,1
1250,1,1,1,-175.808,-18.6325,0,-193.162,779.04,0,7.5e+13,0.75,0.2,0,CIRCLE,200,1
1251,1,1,1,-19.8574,176.576,0,782.881,-0.713071,0,7.5e+13,0.75,0.2,0,CIRCLE,200,1
1253,1,1,1,124.687,-23.3168,0,-216.584,-723.436,0,7.5e+13,0.75,0.2,0,CIRCLE,200,1
1254,1,1,1,52.1755,113.188,0,465.938,-360.878,0,7.5e+13,0.75,0.2,0,CIRCLE,200,1
1255,1,1,1,91.1164,-117.056,0,-685.282,-555.582,0,7.5e+13,0.75,0.2,0,CIRCLE,200,1
1256,1,1,1,-31.0946,-173.782,0,-968.909,55.4729,0,7.5e+13,0.75,0.2,0,CIRCLE,200,1
1257,1,1,1,2.8996,-41.8672,0,-309.336,-114.498,0,7.5e+13,0.75,0.2,0,CIRCLE,200,1
1258,1,1,1,3.48138,41.5472,0,107.736,-117.407,0,7.5e+13,0.75,0.2,0,CIRCLE,200,1
1259,1,1,1,104.165,-26.8608,0,-234.304,-620.824,0,7.5e+13,0.75,0.2,0,CIRCLE,200,1
1260,1,1,1,26.6418,172.724,0,763.62,-233.209,0,7.5e+13,0.75,0.2,0,CIRCLE,200,1
1261,1,1,1,17.199,129.094,0,545.471,-185.995,0,7.5e+13,0.75,0.2,0,CIRCLE,200,1
1262,1,1,1,-9.20259,-140.756,0,-803.78,-53.9871,0,7.5e+13,0.75,0.2,0,CIRCLE,200,1
1263,1,1,1,55.2231,-2.36338,0,-111.817,-376.115,0,7.5e+13,0.75,0.2,0,CIRCLE,200,1
1264,1,1,1,-76.0977,-42.9204,0,-314.602,280.488,0,7.5e+13,0.75,0.2,0,CIRCLE,200,1
1265,1,1,1,-69.0716,45.8504,0,129.252,245.358,0,7.5e+13,0.75,0.2,0,CIRCLE,200,1
1266,1,1,1,-157.081,127.005,0,535.025,685.407,0,7.5e+13,0.75,0.2,0,CIRCLE,200,1
1267,1,1,1,-0.49561,-161.345,0,-906.725,-97.5219,0,7.5e+13,0.75,0.2,0,CIRCLE,200,1
1268,1,1,1,-65.47,-99.2152,0,-596.076,227.35,0,7.5e+13,0.75,0.2,0,CIRCLE,200,1
1269,1,1,1,-180.108,21.5198,0,7.59877,800.538,0,7.5e+13,0.75,0.2,0,CIRCLE,200,1
1270,1,1,1,72.2589,73.4172,0,267.086,-461.294,0,7.5e+13,0.75,0.2,0,CIRCLE,200,1
1271,1,1,1,19.7117,107.684,0,438.418,-198.558,0,7.5e+13,0.75,0.2,0,CIRCLE,200,1
1272,1,1,1,-46.1653,-4.95572,0,-124.779,130.827,0,7.5e+13,0.75,0.2,0,CIRCLE,200,1
1273,1,1,1,94.5359,4.82376,0,-75.8812,-572.68,0,7.5e+13,0.75,0.2,0,CIRCLE,200,1
1274,1,1,1,124.216,2.71728,0,-86.4136,-721.078,0,7.5e+13,0.75,0.2,0,CIRCLE,200,1
1275,1,1,1,122,71.8259,0,259.129,-709.998,0,7.5e+13,0.75,0.2,0,CIRCLE,200,1
1276,1,1,1,-85.093,58.9234,0,194.617,325.465,0,7.5e+13,0.75,0.2,0,CIRCLE,200,1
1277,1,1,1,-82.5726,66.7539,0,233.769,312.863,0,7.5e+13,0.75,0.2,0,CIRCLE,200,1
1278,1,1,1,-50.1684,108.503,0,442.516,150.842,0,7.5e+13,0.75,0.2,0,CIRCLE,200,1
1279,1,1,1,77.4754,53.3051,0,166.525,-487.377,0,7.5e+13,0.75,0.2,0,CIRCLE,200,1
1280,1,1,1,-172.184,-85.253,0,-526.265,760.919,0,7.5e+13,0.75,0.2,0,CIRCLE,200,1
1281,1,1,1,-96.9535,151.901,0,659.507,384.767,0,7.5e+13,0.75,0.2,0,CIRCLE,200,1
1283,1,1,1,155.374,48.4603,0,142.301,-876.868,0,7.5e+13,0.75,0.2,0,CIRCLE,200,1
1284,1,1,1,-57.398,-22.7814,0,-213.907,186.99,0,7.5e+13,0.75,0.2,0,CIRCLE,200,1
1285,1,1,1,95.28,107.784,0,438.92,-576.4,0,7.5e+13,0.75,0.2,0,CIRCLE,200,1
1286,1,1,1,-127.011,-57.2725,0,-386.363,535.055,0,7.5e+13,0.75,0.2,0,CIRCLE,200,1
1287,1,1,1,141.998,41.0858,0,105.429,-809.988,0,7.5e+13,0.75,0.2,0,CIRCLE,200,1
1288,1,1,1,108.516,2.7707,0,-86.1465,-642.581,0,7.5e+13,0.75,0.2,0,CIRCLE,200,1
1289,1,1,1,84.1306,73.6237,0,268.119,-520.653,0,7.5e+13,0.75,0.2,0,CIRCLE,200,1
1290,1,1,1,8.31731,-39.3464,0,-296.732,-141.587,0,7.5e+13,0.75,0.2,0,CIRCLE,200,1
1291,1,1,1,105.866,-67.176,0,-435.88,-629.329,0,7.5e+13,0.75,0.2,0,CIRCLE,200,1
1292,1,1,1,-41.3045,-63.8043,0,-419.021,106.522,0,7.5e+13,0.75,0.2,0,CIRCLE,200,1
1294,1,1,1,-45.3347,167.641,0,738.204,126.673,0,7.5e+13,0.75,0.2,0,CIRCLE,200,1
1295,1,1,1,-138.994,-85.6109,0,-528.054,594.971,0,7.5e+13,0.75,0.2,0,CIRCLE,200,1
1297,1,1,1,-112.58,-99.509,0,-597.545,462.901,0,7.5e+13,0.75,0.2,0,CIRCLE,200,1
1298,1,1,1,90.3398,-9.01527,0,-145.076,-551.699,0,7.5e+13,0.75,0.2,0,CIRCLE,200,1
1299,1,1,1,133.969,71.2923,0,256.462,-769.847,0,7.5e+13,0.75,0.2,0,CIRCLE,200,1
1300,1,1,1,29.4636,191.083,0,855.415,-247.318,0,7.5e+13,0.75,0.2,0,CIRCLE,200,1
1301,1,1,1,35.5967,-61.4084,0,-407.042,-277.984,0,7.5e+13,0.75,0.2,0,CIRCLE,200,1
1302,1,1,1,82.3791,-75.1462,0,-475.731,-511.895,0,7.5e+13,0.75,0.2,0,CIRCLE,200,1
1303,1,1,1,-181.49,-47.4932,0,-337.466,807.452,0,7.5e+13,0.75,0.2,0,CIRCLE,200,1
1304,1,1,1,149.752,42.3932,0,111.966,-848.762,0,7.5e+13,0.75,0.2,0,CIRCLE,200,1
1305,1,1,1,-124.666,45.505,0,127.525,523.332,0,7.5e+13,0.75,0.2,0,CIRCLE,200,1
1306,1,1,1,-164.55,91.3269,0,356.635,722.75,0,7.5e+13,0.75,0.2,0,CIRCLE,200,1
1307,1,1,1,142.374,122.826,0,514.13,-811.868,0,7.5e+13,0.75,0.2,0,CIRCLE,200,1
1308,1,1,1,71.6744,34.5527,0,72.7635,-458.372,0,7.5e+13,0.75,0.2,0,CIRCLE,200,1
1309,1,1,1,-18.0921,-126.848,0,-734.241,-9.53928,0,7.5e+13,0.75,0.2,0,CIRCLE,200,1
1310,1,1,1,-25.5288,30.7098,0,53.5491,27.6442,0,7.5e+13,0.75,0.2,0,CIRCLE,200,1
1311,1,1,1,122.272,-68.8019,0,-444.01,-711.36,0,7.5e+13,0.75,0.2,0,CIRCLE,200,1
1312,1,1,1,-43.4767,194.039,0,870.196,117.383,0,7.5e+13,0.75,0.2,0,CIRCLE,200,1
1313,1,1,1,67.4636,48.1343,0,140.671,-437.318,0,7.5e+13,0.75,0.2,0,CIRCLE,200,1
1315,1,1,1,54.8826,32.1817,0,60.9085,-374.413,0,7.5e+13,0.75,0.2,0,CIRCLE,200,1
1316,1,1,1,-140.273,-8.94176,0,-144.709,601.365,0,7.5e+13,0.75,0.2,0,CIRCLE,200,1
1317,1,1,1,-197.239,69.7278,0,248.639,886.195,0,7.5e+13,0.75,0.2,0,CIRCLE,200,1
1318,1,1,1,106.993,37.1491,0,85.7455,-634.967,0,7.5e+13,0.75,0.2,0,CIRCLE,200,1
1319,1,1,1,76.3059,162.538,0,712.691,-481.53,0,7.5e+13,0.75,0.2,0,CIRCLE,200,1
1320,1,1,1,-99.1733,114.485,0,472.424,395.866,0,7.5e+13,0.75,0.2,0,CIRCLE,200,1
1321,1,1,1,44.6095,121.133,0,505.666,-323.047,0,7.5e+13,0.75,0.2,0,CIRCLE,200,1
1322,1,1,1,-132.21,23.433,0,17.1649,561.051,0,7.5e+13,0.75,0.2,0,CIRCLE,200,1
1324,1,1,1,-63.149,-108.435,0,-642.177,215.745,0,7.5e+13,0.75,0.2,0,CIRCLE,200,1
1325,1,1,1,-83.2415,86.1607,0,330.803,316.208,0,7.5e+13,0.75,0.2,0,CIRCLE,200,1
1326,1,1,1,58.7521,17.9156,0,-10.4221,-393.761,0,7.5e+13,0.75,0.2,0,CIRCLE,200,1
1327,1,1,1,-108.131,121.956,0,509.781,440.656,0,7.5e+13,0.75,0.2,0,CIRCLE,200,1
1328,1,1,1,23.8029,196.48,0,882.398,-219.014,0,7.5e+13,0.75,0.2,0,CIRCLE,200,1
1329,1,1,1,113.905,-80.8755,0,-504.377,-669.523,0,7.5e+13,0.75,0.2,0,CIRCLE,200,1
1330,1,1,1,-173.345,88.4865,0,342.432,766.727,0,7.5e+13,0.75,0.2,0,CIRCLE,200,1
1331,1,1,1,-52.1648,154.946,0,674.73,160.824,0,7.5e+13,0.75,0.2,0,CIRCLE,200,1
1332,1,1,1,41.492,142.583,0,612.917,-307.46,0,7.5e+13,0.75,0.2,0,CIRCLE,200,1
1333,1,1,1,-79.5042,135.265,0,576.323,297.521,0,7.5e+13,0.75,0.2,0,CIRCLE,200,1
1334,1,1,1,113.145,38.0839,0,90.4194,-665.727,0,7.5e+13,0.75,0.2,0,CIRCLE,200,1
1335,1,1,1,-55.713,129.634,0,548.171,178.565,0,7.5e+13,0.75,0.2,0,CIRCLE,200,1
1336,1,1,1,127.531,37.6514,0,88.2569,-737.657,0,7.5e+13,0.75,0.2,0,CIRCLE,200,1
1337,1,1,1,79.8381,-124.162,0,-720.812,-499.191,0,7.5e+13,0.75,0.2,0,CIRCLE,200,1
1338,1,1,1,-123.545,-86.0625,0,-530.313,517.727,0,7.5e+13,0.75,0.2,0,CIRCLE,200,1
1339,1,1,1,-110.824,-155.604,0,-878.018,454.121,0,7.5e+13,0.75,0.2,0,CIRCLE,200,1
1340,1,1,1,-210.661,48.0772,0,140.386,953.303,0,7.5e+13,0.75,0.2,0,CIRCLE,200,1
1341,1,1,1,-79.8182,-130.054,0,-750.272,299.091,0,7.5e+13,0.75,0.2,0,CIRCLE,200,1
1342,1,1,1,-31.7159,-169.95,0,-949.748,58.5794,0,7.5e+13,0.75,0.2,0,CIRCLE,200,1
1343,1,1,1,-138.815,-20.7871,0,-203.936,594.073,0,7.5e+13,0.75,0.2,0,CIRCLE,200,1
1344,1,1,1,-151.008,141.075,0,605.376,655.039,0,7.5e+13,0.75,0.2,0,CIRCLE,200,1
1345,1,1,1,16.154,119.015,0,495.077,-180.77,0,7.5e+13,0.75,0.2,0,CIRCLE,200,1
1346,1,1,1,90.714,75.8905,0,279.452,-553.57,0,7.5e+13,0.75,0.2,0,CIRCLE,200,1
1347,1,1,1,-83.8218,135.781,0,578.907,319.109,0,7.5e+13,0.75,0.2,0,CIRCLE,200,1
1348,1,1,1,102.415,77.4985,0,287.492,-612.076,0,7.5e+13,0.75,0.2,0,CIRCLE,200,1
1349,1,1,1,-75.8568,20.4766,0,2.3832,279.284,0,7.5e+13,0.75,0.2,0,CIRCLE,200,1
1350,1,1,1,-2.38989,-53.1051,0,-365.525,-88.0505,0,7.5e+13,0.75,0.2,0,CIRCLE,200,1
1351,1,1,1,-121.245,-129.941,0,-749.706,506.225,0,7.5e+13,0.75,0.2,0,CIRCLE,200,1
1352,1,1,1,-102.592,64.894,0,224.47,412.961,0,7.5e+13,0.75,0.2,0,CIRCLE,200,1
1353,1,1,1,88.6497,-116.887,0,-684.437,-543.249,0,7.5e+13,0.75,0.2,0,CIRCLE,200,1
1355,1,1,1,68.4661,55.4582,0,177.291,-442.33,0,7.5e+13,0.75,0.2,0,CIRCLE,200,1
1356,1,1,1,-148.64,9.75384,0,-51.2308,643.202,0,7.5e+13,0.75,0.2,0,CIRCLE,200,1
1357,1,1,1,-143.729,-47.9323,0,-339.662,618.646,0,7.5e+13,0.75,0.2,0,CIRCLE,200,1
1358,1,1,1,93.833,-43.7691,0,-318.845,-569.165,0,7.5e+13,0.75,0.2,0,CIRCLE,200,1
1359,1,1,1,12.4781,166.765,0,733.823,-162.39,0,7.5e+13,0.75,0.2,0,CIRCLE,200,1
1360,1,1,1,104.365,-58.4228,0,-392.114,-621.827,0,7.5e+13,0.75,0.2,0,CIRCLE,200,1
1362,1,1,1,-111.218,-78.7481,0,-493.741,456.088,0,7.5e+13,0.75,0.2,0,CIRCLE,200,1
1363,1,1,1,17.8428,-84.6359,0,-523.18,-189.214,0,7.5e+13,0.75,0.2,0,CIRCLE,200,1
1364,1,1,1,-149.322,-45.9232,0,-329.616,646.609,0,7.5e+13,0.75,0.2,0,CIRCLE,200,1
1365,1,1,1,-107.739,-155.789,0,-878.943,438.695,0,7.5e+13,0.75,0.2,0,CIRCLE,200,1
1366,1,1,1,52.7523,99.996,0,399.98,-363.761,0,7.5e+13,0.75,0.2,0,CIRCLE,200,1
1367,1,1,1,-8.55798,22.6503,0,13.2513,-57.2101,0,7.5e+13,0.75,0.2,0,CIRCLE,200,1
1368,1,1,1,-80.1935,64.5103,0,222.551,300.967,0,7.5e+13,0.75,0.2,0,CIRCLE,200,1
1369,1,1,1,46.2297,163.301,0,716.503,-331.149,0,7.5e+13,0.75,0.2,0,CIRCLE,200,1
1370,1,1,1,169.099,43.9131,0,119.566,-945.497,0,7.5e+13,0.75,0.2,0,CIRCLE,200,1
1371,1,1,1,-4.42159,-165.58,0,-927.898,-77.8921,0,7.5e+13,0.75,0.2,0,CIRCLE,200,1
1372,1,1,1,-113.125,125.669,0,528.345,465.627,0,7.5e+13,0.75,0.2,0,CIRCLE,200,1
1373,1,1,1,-134.954,-35.7395,0,-278.698,574.77,0,7.5e+13,0.75,0.2,0,CIRCLE,200,1
1374,1,1,1,3.99336,-58.4024,0,-392.012,-119.967,0,7.5e+13,0.75,0.2,0,CIRCLE,200,1
1375,1,1,1,-14.8107,166.419,0,732.096,-25.9464,0,7.5e+13,0.75,0.2,0,CIRCLE,200,1
1376,1,1,1,-104.763,164.967,0,724.837,423.815,0,7.5e+13,0.75,0.2,0,CIRCLE,200,1
1377,1,1,1,-183.157,82.024,0,310.12,815.786,0,7.5e+13,0.75,0.2,0,CIRCLE,200,1
1378,1,1,1,-65.984,28.4023,0,42.0113,229.92,0,7.5e+13,0.75,0.2,0,CIRCLE,200,1
1379,1,1,1,-211.277,-3.2016,0,-116.008,956.384,0,7.5e+13,0.75,0.2,0,CIRCLE,200,1
1380,1,1,1,-173.502,66.3248,0,231.624,767.509,0,7.5e+13,0.75,0.2,0,CIRCLE,200,1
1381,1,1,1,1.26811,119.447,0,497.237,-106.341,0,7.5e+13,0.75,0.2,0,CIRCLE,200,1
1382,1,1,1,11.5299,-177.218,0,-986.088,-157.65,0,7.5e+13,0.75,0.2,0,CIRCLE,200,1
1383,1,1,1,-101.143,69.1566,0,245.783,405.714,0,7.5e+13,0.75,0.2,0,CIRCLE,200,1
1384,1,1,1,46.3124,191.34,0,856.699,-331.562,0,7.5e+13,0.75,0.2,0,CIRCLE,200,1
1385,1,1,1,-178.463,54.1993,0,170.996,792.315,0,7.5e+13,0.75,0.2,0,CIRCLE,200,1
1386,1,1,1,94.0182,31.6718,0,58.3592,-570.091,0,7.5e+13,0.75,0.2,0,CIRCLE,200,1
1387,1,1,1,79.3371,192.655,0,863.277,-496.686,0,7.5e+13,0.75,0.2,0,CIRCLE,200,1
1388,1,1,1,124.506,18.947,0,-5.26492,-722.532,0,7.5e+13,0.75,0.2,0,CIRCLE,200,1
1389,1,1,1,12.4905,-24.0046,0,-220.023,-162.452,0,7.5e+13,0.75,0.2,0,CIRCLE,200,1
1390,1,1,1,-197.802,-35.1872,0,-275.936,889.011,0,7.5e+13,0.75,0.2,0,CIRCLE,200,1
1391,1,1,1,-68.1882,-99.0844,0,-595.422,240.941,0,7.5e+13,0.75,0.2,0,CIRCLE,200,1
1392,1,1,1,-160.25,-74.3593,0,-471.796,701.252,0,7.5e+13,0.75,0.2,0,CIRCLE,200,1
1394,1,1,1,86.4888,-96.3722,0,-581.861,-532.444,0,7.5e+13,0.75,0.2,0,CIRCLE,200,1
1395,1,1,1,-168.469,83.9662,0,319.831,742.347,0,7.5e+13,0.75,0.2,0,CIRCLE,200,1
1396,1,1,1,83.6298,-86.2101,0,-531.051,-518.149,0,7.5e+13,0.75,0.2,0,CIRCLE,200,1
1397,1,1,1,34.7874,80.6384,0,303.192,-273.937,0,7.5e+13,0.75,0.2,0,CIRCLE,200,1
1398,1,1,1,-105.858,153.573,0,667.863,429.288,0,7.5e+13,0.75,0.2,0,CIRCLE,200,1
1399,1,1,1,81.6414,-41.0298,0,-305.149,-508.207,0,7.5e+13,0.75,0.2,0,CIRCLE,200,1
1400,1,1,1,-170.845,76.2208,0,281.104,754.227,0,7.5e+13,0.75,0.2,0,CIRCLE,200,1
1401,1,1,1,70.4827,28.5093,0,42.5464,-452.414,0,7.5e+13,0.75,0.2,0,CIRCLE,200,1
1403,1,1,1,16.6927,-68.1622,0,-440.811,-183.463,0,7.5e+13,0.75,0.2,0,CIRCLE,200,1
1404,1,1,1,15.1506,-134.894,0,-774.472,-175.753,0,7.5e+13,0.75,0.2,0,CIRCLE,200,1
1405,1,1,1,-25.9671,114.101,0,470.506,29.8354,0,7.5e+13,0.75,0.2,0,CIRCLE,200,1
1406,1,1,1,-19.1088,166.379,0,731.896,-4.45596,0,7.5e+13,0.75,0.2,0,CIRCLE,200,1
1407,1,1,1,-15.4759,-161.798,0,-908.991,-22.6204,0,7.5e+13,0.75,0.2,0,CIRCLE,200,1
1408,1,1,1,150.934,62.0873,0,210.436,-854.669,0,7.5e+13,0.75,0.2,0,CIRCLE,200,1
1409,1,1,1,53.5656,4.54342,0,-77.2829,-367.828,0,7.5e+13,0.75,0.2,0,CIRCLE,200,1
1410,1,1,1,165.918,21.4973,0,7.48675,-929.589,0,7.5e+13,0.75,0.2,0,CIRCLE,200,1
1411,1,1,1,-77.2773,-88.6406,0,-543.203,286.386,0,7.5e+13,0.75,0.2,0,CIRCLE,200,1
1412,1,1,1,-167.98,115.771,0,478.857,739.901,0,7.5e+13,0.75,0.2,0,CIRCLE,200,1
1413,1,1,1,138.642,129.652,0,548.262,-793.212,0,7.5e+13,0.75,0.2,0,CIRCLE,200,1
1415,1,1,1,56.8474,-139.321,0,-796.606,-384.237,0,7.5e+13,0.75,0.2,0,CIRCLE,200,1
1416,1,1,1,24.3362,174.906,0,774.529,-221.681,0,7.5e+13,0.75,0.2,0,CIRCLE,200,1
1418,1,1,1,-27.0679,-120.97,0,-704.85,35.3394,0,7.5e+13,0.75,0.2,0,CIRCLE,200,1
1419,1,1,1,-157.451,122.047,0,510.234,687.255,0,7.5e+13,0.75,0.2,0,CIRCLE,200,1
1420,1,1,1,-191.911,17.1813,0,-14.0936,859.557,0,7.5e+13,0.75,0.2,0,CIRCLE,200,1
1421,1,1,1,-65.0153,168.982,0,744.909,225.076,0,7.5e+13,0.75,0.2,0,CIRCLE,200,1
1422,1,1,1,83.2014,-70.6961,0,-453.48,-516.007,0,7.5e+13,0.75,0.2,0,CIRCLE,200,1
1423,1,1,1,41.7048,-164.312,0,-921.558,-308.524,0,7.5e+13,0.75,0.2,0,CIRCLE,200,1
1424,1,1,1,-184.354,109.092,0,445.461,821.772,0,7.5e+13,0.75,0.2,0,CIRCLE,200,1
1425,1,1,1,-171.207,-52.5675,0,-362.837,756.034,0,7.5e+13,0.75,0.2,0,CIRCLE,200,1
1426,1,1,1,149.573,-26.3341,0,-231.67,-847.865,0,7.5e+13,0.75,0.2,0,CIRCLE,200,1
1427,1,1,1,-164.396,13.2807,0,-33.5965,721.981,0,7.5e+13,0.75,0.2,0,CIRCLE,200,1
1428,1,1,1,133.493,60.1429,0,200.714,-767.467,0,7.5e+13,0.75,0.2,0,CIRCLE,200,1
1429,1,1,1,-184.815,94.4446,0,372.223,824.076,0,7.5e+13,0.75,0.2,0,CIRCLE,200,1
1430,1,1,1,-42.5608,171.238,0,756.192,112.804,0,7.5e+13,0.75,0.2,0,CIRCLE,200,1
1432,1,1,1,136.697,-46.8528,0,-334.264,-783.483,0,7.5e+13,0.75,0.2,0,CIRCLE,200,1
1433,1,1,1,-117.288,93.7745,0,368.873,486.441,0,7.5e+13,0.75,0.2,0,CIRCLE,200,1
1434,1,1,1,-79.3485,-55.4689,0,-377.345,296.743,0,7.5e+13,0.75,0.2,0,CIRCLE,200,1
1435,1,1,1,-4.8339,-66.9315,0,-434.658,-75.8305,0,7.5e+13,0.75,0.2,0,CIRCLE,200,1
1436,1,1,1,-94.3698,147.641,0,638.207,371.849,0,7.5e+13,0.75,0.2,0,CIRCLE,200,1
1437,1,1,1,-4.30874,33.9453,0,69.7265,-78.4563,0,7.5e+13,0.75,0.2,0,CIRCLE,200,1
1438,1,1,1,-77.7573,102.232,0,411.159,288.787,0,7.5e+13,0.75,0.2,0,CIRCLE,200,1
1439,1,1,1,-99.1907,130.525,0,552.624,395.954,0,7.5e+13,0.75,0.2,0,CIRCLE,200,1
1440,1,1,1,124.309,-81.8862,0,-509.431,-721.543,0,7.5e+13,0.75,0.2,0,CIRCLE,200,1
1441,1,1,1,-137.636,64.3325,0,221.663,588.182,0,7.5e+13,0.75,0.2,0,CIRCLE,200,1
1442,1,1,1,-40.6893,-136.086,0,-780.429,103.446,0,7.5e+13,0.75,0.2,0,CIRCLE,200,1
1443,1,1,1,-48.7945,50.2743,0,151.372,143.972,0,7.5e+13,0.75,0.2,0,CIRCLE,200,1
1444,1,1,1,29.3069,93.8898,0,369.449,-246.534,0,7.5e+13,0.75,0.2,0,CIRCLE,200,1
1445,1,1,1,31.7197,71.2876,0,256.438,-258.598,0,7.5e+13,0.75,0.2,0,CIRCLE,200,1
1446,1,1,1,-63.4289,43.0697,0,115.349,217.145,0,7.5e+13,0.75,0.2,0,CIRCLE,200,1
1447,1,1,1,5.58343,-158.411,0,-892.057,-127.917,0,7.5e+13,0.75,0.2,0,CIRCLE,200,1
1448,1,1,1,-166.518,22.571,0,12.8549,732.588,0,7.5e+13,0.75,0.2,0,CIRCLE,200,1
1449,1,1,1,115.009,141.994,0,609.971,-675.047,0,7.5e+13,0.75,0.2,0,CIRCLE,200,1
1450,1,1,1,26.9242,156.161,0,680.803,-234.621,0,7.5e+13,0.75,0.2,0,CIRCLE,200,1
1451,1,1,1,156.957,-25.2657,0,-226.328,-884.786,0,7.5e+13,0.75,0.2,0,CIRCLE,200,1
1452,1,1,1,79.4895,-86.3244,0,-531.622,-497.447,0,7.5e+13,0.75,0.2,0,CIRCLE,200,1
1453,1,1,1,-119.734,2.46737,0,-87.6631,498.669,0,7.5e+13,0.75,0.2,0,CIRCLE,200,1
1454,1,1,1,-176.479,90.3906,0,351.953,782.396,0,7.5e+13,0.75,0.2,0,CIRCLE,200,1
1455,1,1,1,120.779,87.0158,0,335.079,-703.895,0,7.5e+13,0.75,0.2,0,CIRCLE,200,1
1456,1,1,1,19.9951,32.6286,0,63.143,-199.975,0,7.5e+13,0.75,0.2,0,CIRCLE,200,1
1457,1,1,1,48.4877,168.335,0,741.677,-342.438,0,7.5e+13,0.75,0.2,0,CIRCLE,200,1
1458,1,1,1,23.3646,211.09,0,955.451,-216.823,0,7.5e+13,0.75,0.2,0,CIRCLE,200,1
1459,1,1,1,57.9184,-84.8148,0,-524.074,-389.592,0,7.5e+13,0.75,0.2,0,CIRCLE,200,1
1461,1,1,1,14.0298,-64.6318,0,-423.159,-170.149,0,7.5e+13,0.75,0.2,0,CIRCLE,200,1
1462,1,1,1,144.626,82.1673,0,310.836,-823.131,0,7.5e+13,0.75,0.2,0,CIRCLE,200,1
1463,1,1,1,75.4466,179.879,0,799.397,-477.233,0,7.5e+13,0.75,0.2,0,CIRCLE,200,1
1464,1,1,1,57.8433,142.003,0,610.013,-389.217,0,7.5e+13,0.75,0.2,0,CIRCLE,200,1
1465,1,1,1,77.6607,-77.2916,0,-486.458,-488.304,0,7.5e+13,0.75,0.2,0,CIRCLE,200,1
1466,1,1,1,-21.0821,67.7151,0,238.575,5.41059,0,7.5e+13,0.75,0.2,0,CIRCLE,200,1
1468,1,1,1,133.476,140.777,0,603.884,-767.382,0,7.5e+13,0.75,0.2,0,CIRCLE,200,1
1469,1,1,1,67.2638,19.9498,0,-0.250997,-436.319,0,7.5e+13,0.75,0.2,0,CIRCLE,200,1
1470,1,1,1,7.9619,-21.4366,0,-207.183,-139.809,0,7.5e+13,0.75,0.2,0,CIRCLE,200,1
1471,1,1,1,1.78601,-51.6311,0,-358.155,-108.93,0,7.5e+13,0.75,0.2,0,CIRCLE,200,1
1472,1,1,1,80.0033,-152.815,0,-864.076,-500.016,0,7.5e+13,0.75,0.2,0,CIRCLE,200,1
1473,1,1,1,-12.2466,22.1409,0,10.7047,-38.7671,0,7.5e+13,0.75,0.2,0,CIRCLE,200,1
1474,1,1,1,10.8262,175.475,0,777.377,-154.131,0,7.5e+13,0.75,0.2,0,CIRCLE,200,1
1475,1,1,1,-77.1649,-135.677,0,-778.387,285.824,0,7.5e+13,0.75,0.2,0,CIRCLE,200,1
1477,1,1,1,9.4976,-104.337,0,-621.686,-147.488,0,7.5e+13,0.75,0.2,0,CIRCLE,200,1
1478,1,1,1,-92.9267,142.184,0,610.919,364.634,0,7.5e+13,0.75,0.2,0,CIRCLE,200,1
1479,1,1,1,-59.9313,-42.333,0,-311.665,199.656,0,7.5e+13,0.75,0.2,0,CIRCLE,200,1
1480,1,1,1,-174.784,-91.1382,0,-555.691,773.919,0,7.5e+13,0.75,0.2,0,CIRCLE,200,1
1481,1,1,1,-26.7809,200.105,0,900.527,33.9043,0,7.5e+13,0.75,0.2,0,CIRCLE,200,1
1482,1,1,1,-183.415,-58.4649,0,-392.324,817.074,0,7.5e+13,0.75,0.2,0,CIRCLE,200,1
1483,1,1,1,-99.619,-9.93553,0,-149.678,398.095,0,7.5e+13,0.75,0.2,0,CIRCLE,200,1
1484,1,1,1,-194.65,81.8326,0,309.163,873.251,0,7.5e+13,0.75,0.2,0,CIRCLE,200,1
1485,1,1,1,-113.161,-118.027,0,-690.133,465.806,0,7.5e+13,0.75,0.2,0,CIRCLE,200,1
1486,1,1,1,37.348,171.097,0,755.483,-286.74,0,7.5e+13,0.75,0.2,0,CIRCLE,200,1
1487,1,1,1,-137.789,9.36695,0,-53.1653,588.944,0,7.5e+13,0.75,0.2,0,CIRCLE,200,1
1488,1,1,1,-134.011,-110.473,0,-652.365,570.054,0,7.5e+13,0.75,0.2,0,CIRCLE,200,1
1489,1,1,1,157.55,-50.0993,0,-350.497,-887.749,0,7.5e+13,0.75,0.2,0,CIRCLE,200,1
1490,1,1,1,-184.783,69.7637,0,248.819,823.914,0,7.5e+13,0.75,0.2,0,CIRCLE,200,1
1491,1,1,1,16.657,-96.8933,0,-584.466,-183.285,0,7.5e+13,0.75,0.2,0,CIRCLE,200,1
1492,1,1,1,-140.974,152.329,0,661.646,604.87,0,7.5e+13,0.75,0.2,0,CIRCLE,200,1
1493,1,1,1,51.8225,22.0113,0,10.0563,-359.112,0,7.5e+13,0.75,0.2,0,CIRCLE,200,1
1494,1,1,1,-67.7564,122.221,0,511.107,238.782,0,7.5e+13,0.75,0.2,0,CIRCLE,200,1
1495,1,1,1,-92.2533,168.088,0,740.438,361.267,0,7.5e+13,0.75,0.2,0,CIRCLE,200,1
1497,1,1,1,-141.198,20.4067,0,2.03352,605.991,0,7.5e+13,0.75,0.2,0,CIRCLE,200,1
1498,1,1,1,0.719878,-28.3918,0,-241.959,-103.599,0,7.5e+13,0.75,0.2,0,CIRCLE,200,1
1499,1,1,1,8.58301,-176.381,0,-981.903,-142.915,0,7.5e+13,0.75,0.2,0,CIRCLE,200,1
1500,1,1,1,-36.7696,-29.1343,0,-245.671,83.8481,0,7.5e+13,0.75,0.2,0,CIRCLE,200,1
1502,1,1,1,71.5163,15.416,0,-22.92,-457.582,0,7.5e+13,0.75,0.2,0,CIRCLE,200,1
1503,1,1,1,-51.9554,55.9805,0,179.903,159.777,0,7.5e+13,0.75,0.2,0,CIRCLE,200,1
1504,1,1,1,-14.7824,109.185,0,445.925,-26.0882,0,7.5e+13,0.75,0.2,0,CIRCLE,200,1
1505,1,1,1,-200.934,89.5771,0,347.886,904.669,0,7.5e+13,0.75,0.2,0,CIRCLE,200,1
1506,1,1,1,-182.729,-16.6906,0,-183.453,813.643,0,7.5e+13,0.75,0.2,0,CIRCLE,200,1
1507,1,1,1,6.63218,168.448,0,742.24,-133.161,0,7.5e+13,0.75,0.2,0,CIRCLE,200,1
1508,1,1,1,-167.498,110.675,0,453.374,737.492,0,7.5e+13,0.75,0.2,0,CIRCLE,200,1
1509,1,1,1,141.273,96.7716,0,383.858,-806.365,0,7.5e+13,0.75,0.2,0,CIRCLE,200,1
1510,1,1,1,127.397,-0.307394,0,-101.537,-736.983,0,7.5e+13,0.75,0.2,0,CIRCLE,200,1
1511,1,1,1,-59.5564,60.0084,0,200.042,197.782,0,7.5e+13,0.75,0.2,0,CIRCLE,200,1
1512,1,1,1,-176.4,-24.9505,0,-224.753,782,0,7.5e+13,0.75,0.2,0,CIRCLE,200,1
1513,1,1,1,-187.362,17.3522,0,-13.2392,836.812,0,7.5e+13,0.75,0.2,0,CIRCLE,200,1
1514,1,1,1,-129.835,-18.4596,0,-192.298,549.176,0,7.5e+13,0.75,0.2,0,CIRCLE,200,1
1515,1,1,1,-82.741,68.7819,0,243.91,313.705,0,7.5e+13,0.75,0.2,0,CIRCLE,200,1
1516,1,1,1,56.4556,59.9675,0,199.837,-382.278,0,7.5e+13,0.75,0.2,0,CIRCLE,200,1
1517,1,1,1,-34.781,75.4204,0,277.102,73.9052,0,7.5e+13,0.75,0.2,0,CIRCLE,200,1
1518,1,1,1,-105.449,-126.206,0,-731.028,427.246,0,7.5e+13,0.75,0.2,0,CIRCLE,200,1
1519,1,1,1,-112.545,-107.041,0,-635.207,462.725,0,7.5e+13,0.75,0.2,0,CIRCLE,200,1
1520,1,1,1,-5.31696,-3.08077,0,-115.404,-73.4152,0,7.5e+13,0.75,0.2,0,CIRCLE,200,1
1521,1,1,1,2.42776,-141.243,0,-806.214,-112.139,0,7.5e+13,0.75,0.2,0,CIRCLE,200,1
1522,1,1,1,62.6698,13.9973,0,-30.0133,-413.349,0,7.5e+13,0.75,0.2,0,CIRCLE,200,1
1523,1,1,1,62.7003,188.229,0,841.144,-413.501,0,7.5e+13,0.75,0.2,0,CIRCLE,200,1
1524,1,1,1,128.745,-9.55848,0,-147.792,-743.724,0,7.5e+13,0.75,0.2,0,CIRCLE,200,1
1525,1,1,1,-19.6509,206.749,0,933.745,-1.74573,0,7.5e+13,0.75,0.2,0,CIRCLE,200,1
1526,1,1,1,50.7502,188.624,0,843.121,-353.751,0,7.5e+13,0.75,0.2,0,CIRCLE,200,1
1527,1,1,1,28.1502,146.279,0,631.393,-240.751,0,7.5e+13,0.75,0.2,0,CIRCLE,200,1
1528,1,1,1,-133.114,69.9733,0,249.867,565.572,0,7.5e+13,0.75,0.2,0,CIRCLE,200,1
1529,1,1,1,32.6685,-95.4664,0,-577.332,-263.342,0,7.5e+13,0.75,0.2,0,CIRCLE,200,1
1530,1,1,1,-33.1684,153.369,0,666.846,65.842,0,7.5e+13,0.75,0.2,0,CIRCLE,200,1
1531,1,1,1,14.1096,168.069,0,740.345,-170.548,0,7.5e+13,0.75,0.2,0,CIRCLE,200,1
1532,1,1,1,23.9162,168.58,0,742.9,-219.581,0,7.5e+13,0.75,0.2,0,CIRCLE,200,1
1533,1,1,1,37.7736,-159.046,0,-895.232,-288.868,0,7.5e+13,0.75,0.2,0,CIRCLE,200,1
1534,1,1,1,-147.895,-14.6168,0,-173.084,639.475,0,7.5e+13,0.75,0.2,0,CIRCLE,200,1
1535,1,1,1,63.9032,-151.672,0,-858.361,-419.516,0,7.5e+13,0.75,0.2,0,CIRCLE,200,1
1536,1,1,1,139.732,52.5386,0,162.693,-798.66,0,7.5e+13,0.75,0.2,0,CIRCLE,200,1
1537,1,1,1,43.4617,-133.143,0,-765.714,-317.309,0,7.5e+13,0.75,0.2,0,CIRCLE,200,1
1538,1,1,1,-16.7232,91.8269,0,359.134,-16.3841,0,7.5e+13,0.75,0.2,0,CIRCLE,200,1
1539,1,1,1,110.544,48.6589,0,143.295,-652.72,0,7.5e+13,0.75,0.2,0,CIRCLE,200,1
1540,1,1,1,10.8132,-16.3808,0,-181.904,-154.066,0,7.5e+13,0.75,0.2,0,CIRCLE,200,1
1541,1,1,1,-198.179,63.7805,0,218.903,890.893,0,7.5e+13,0.75,0.2,0,CIRCLE,200,1
1542,1,1,1,-27.7436,-32.8826,0,-264.413,38.7181,0,7.5e+13,0.75,0.2,0,CIRCLE,200,1
1543,1,1,1,-69.5979,146.385,0,631.926,247.989,0,7.5e+13,0.75,0.2,0,CIRCLE,200,1
1544,1,1,1,39.8945,-46.47,0,-332.35,-299.473,0,7.5e+13,0.75,0.2,0,CIRCLE,200,1
1545,1,1,1,-54.7432,-31.4113,0,-257.057,173.716,0,7.5e+13,0.75,0.2,0,CIRCLE,200,1
1546,1,1,1,-91.1086,142.476,0,612.379,355.543,0,7.5e+13,0.75,0.2,0,CIRCLE,200,1
1547,1,1,1,50.5194,164.992,0,724.96,-352.597,0,7.5e+13,0.75,0.2,0,CIRCLE,200,1
1548,1,1,1,87.5362,106.646,0,433.232,-537.681,0,7.5e+13,0.75,0.2,0,CIRCLE,200,1
1549,1,1,1,-77.1931,2.62016,0,-86.8992,285.965,0,7.5e+13,0.75,0.2,0,CIRCLE,200,1
1550,1,1,1,98.0875,-131.443,0,-757.217,-590.437,0,7.5e+13,0.75,0.2,0,CIRCLE,200,1
1551,1,1,1,-139.72,23.9615,0,19.8074,598.6,0,7.5e+13,0.75,0.2,0,CIRCLE,200,1
1552,1,1,1,32.3082,-90.5513,0,-552.756,-261.541,0,7.5e+13,0.75,0.2,0,CIRCLE,200,1
1553,1,1,1,110.222,115.235,0,476.175,-651.109,0,7.5e+13,0.75,0.2,0,CIRCLE,200,1
1554,1,1,1,-139.576,-114.482,0,-672.41,597.88,0,7.5e+13,0.75,0.2,0,CIRCLE,200,1
1555,1,1,1,-101.393,196.687,0,883.433,406.964,0,7.5e+13,0.75,0.2,0,CIRCLE,200,1
1556,1,1,1,-95.9785,176.026,0,780.131,379.892,0,7.5e+13,0.75,0.2,0,CIRCLE,200,1
1557,1,1,1,-39.58,113.347,0,466.733,97.8999,0,7.5e+13,0.75,0.2,0,CIRCLE,200,1
1558,1,1,1,-50.0632,150.218,0,651.092,150.316,0,7.5e+13,0.75,0.2,0,CIRCLE,200,1
1559,1,1,1,-110.311,72.44,0,262.2,451.557,0,7.5e+13,0.75,0.2,0,CIRCLE,200,1
1560,1,1,1,-113.797,-10.8378,0,-154.189,468.985,0,7.5e+13,0.75,0.2,0,CIRCLE,200,1
1561,1,1,1,76.1219,-70.2978,0,-451.489,-480.61,0,7.5e+13,0.75,0.2,0,CIRCLE,200,1
1562,1,1,1,159.288,74.5009,0,272.504,-896.441,0,7.5e+13,0.75,0.2,0,CIRCLE,200,1
1563,1,1,1,-106.681,91.2373,0,356.187,433.403,0,7.5e+13,0.75,0.2,0,CIRCLE,200,1
1564,1,1,1,11.0127,192.105,0,860.526,-155.063,0,7.5e+13,0.75,0.2,0,CIRCLE,200,1
1565,1,1,1,138.243,-45.1226,0,-325.613,-791.217,0,7.5e+13,0.75,0.2,0,CIRCLE,200,1
1566,1,1,1,-24.2525,-179.313,0,-996.564,21.2625,0,7.5e+13,0.75,0.2,0,CIRCLE,200,1
1568,1,1,1,-80.9941,-34.155,0,-270.775,304.97,0,7.5e+13,0.75,0.2,0,CIRCLE,200,1
1569,1,1,1,25.2488,-62.8563,0,-414.282,-226.244,0,7.5e+13,0.75,0.2,0,CIRCLE,200,1
1570,1,1,1,-162.272,115.798,0,478.992,711.359,0,7.5e+13,0.75,0.2,0,CIRCLE,200,1
1571,1,1,1,-56.0057,-128.16,0,-740.8,180.028,0,7.5e+13,0.75,0.2,0,CIRCLE,200,1
1572,1,1,1,-10.465,19.201,0,-3.99518,-47.6752,0,7.5e+13,0.75,0.2,0,CIRCLE,200,1
1573,1,1,1,123.865,-30.5767,0,-252.884,-719.324,0,7.5e+13,0.75,0.2,0,CIRCLE,200,1
1574,1,1,1,-146.623,53.726,0,168.63,633.117,0,7.5e+13,0.75,0.2,0,CIRCLE,200,1
1575,1,1,1,-117.761,140.891,0,604.455,488.805,0,7.5e+13,0.75,0.2,0,CIRCLE,200,1
1576,1,1,1,-125.711,-55.657,0,-378.285,528.553,0,7.5e+13,0.75,0.2,0,CIRCLE,200,1
1577,1,1,1,44.0052,25.4254,0,27.1271,-320.026,0,7.5e+13,0.75,0.2,0,CIRCLE,200,1
1578,1,1,1,-99.151,-38.3175,0,-291.588,395.755,0,7.5e+13,0.75,0.2,0,CIRCLE,200,1
1579,1,1,1,11.1556,46.3287,0,131.643,-155.778,0,7.5e+13,0.75,0.2,0,CIRCLE,200,1
1580,1,1,1,-86.0747,77.9672,0,289.836,330.374,0,7.5e+13,0.75,0.2,0,CIRCLE,200,1
1581,1,1,1,163.609,58.8715,0,194.358,-918.045,0,7.5e+13,0.75,0.2,0,CIRCLE,200,1
1582,1,1,1,-34.09,194.053,0,870.264,70.4498,0,7.5e+13,0.75,0.2,0,CIRCLE,200,1
1583,1,1,1,-46.046,8.3974,0,-58.013,130.23,0,7.5e+13,0.75,0.2,0,CIRCLE,200,1
1584,1,1,1,-1.98916,202.592,0,912.962,-90.0542,0,7.5e+13,0.75,0.2,0,CIRCLE,200,1
1585,1,1,1,17.7293,-32.2442,0,-261.221,-188.646,0,7.5e+13,0.75,0.2,0,CIRCLE,200,1
1586,1,1,1,-66.601,-142.055,0,-810.275,233.005,0,7.5e+13,0.75,0.2,0,CIRCLE,200,1
1587,1,1,1,36.0088,39.2089,0,96.0444,-280.044,0,7.5e+13,0.75,0.2,0,CIRCLE,200,1
1588,1,1,1,134.73,-94.3468,0,-571.734,-773.649,0,7.5e+13,0.75,0.2,0,CIRCLE,200,1
1589,1,1,1,-95.0393,137.633,0,588.164,375.196,0,7.5e+13,0.75,0.2,0,CIRCLE,200,1
1590,1,1,1,-26.0606,-155.278,0,-876.388,30.3032,0,7.5e+13,0.75,0.2,0,CIRCLE,200,1
1591,1,1,1,88.5431,147.213,0,636.064,-542.715,0,7.5e+13,0.75,0.2,0,CIRCLE,200,1
1592,1,1,1,-148.169,-5.5846,0,-127.923,640.844,0,7.5e+13,0.75,0.2,0,CIRCLE,200,1
1593,1,1,1,-1.76801,199.89,0,899.448,-91.1599,0,7.5e+13,0.75,0.2,0,CIRCLE,200,1
1595,1,1,1,-11.163,-162.193,0,-910.967,-44.1852,0,7.5e+13,0.75,0.2,0,CIRCLE,200,1
1596,1,1,1,39.0812,-66.3328,0,-431.664,-295.406,0,7.5e+13,0.75,0.2,0,CIRCLE,200,1
1597,1,1,1,-171.424,-29.2376,0,-246.188,757.12,0,7.5e+13,0.75,0.2,0,CIRCLE,200,1
1598,1,1,1,-118.33,142.698,0,613.49,491.652,0,7.5e+13,0.75,0.2,0,CIRCLE,200,1
1599,1,1,1,147.151,-11.1883,0,-155.941,-835.753,0,7.5e+13,0.75,0.2,0,CIRCLE,200,1
1600,1,1,1,139.985,-96.8136,0,-584.068,-799.926,0,7.5e+13,0.75,0.2,0,CIRCLE,200,1
1601,1,1,1,-35.969,-7.60198,0,-138.01,79.8448,0,7.5e+13,0.75,0.2,0,CIRCLE,200,1
1602,1,1,1,-173.881,-75.6999,0,-478.5,769.406,0,7.5e+13,0.75,0.2,0,CIRCLE,200,1
1603,1,1,1,-106.867,167.46,0,737.302,434.334,0,7.5e+13,0.75,0.2,0,CIRCLE,200,1
1604,1,1,1,-150.043,13.7737,0,-31.1317,650.216,0,7.5e+13,0.75,0.2,0,CIRCLE,200,1
1605,1,1,1,129.054,29.9612,0,49.806,-745.271,0,7.5e+13,0.75,0.2,0,CIRCLE,200,1
1606,1,1,1,-153.89,-23.7919,0,-218.959,669.452,0,7.5e+13,0.75,0.2,0,CIRCLE,200,1
1607,1,1,1,78.3438,-40.0032,0,-300.016,-491.719,0,7.5e+13,0.75,0.2,0,CIRCLE,200,1
1608,1,1,1,-45.7848,188.855,0,844.276,128.924,0,7.5e+13,0.75,0.2,0,CIRCLE,200,1
1609,1,1,1,-100.852,100.284,0,401.421,404.26,0,7.5e+13,0.75,0.2,0,CIRCLE,200,1
1610,1,1,1,-211.168,-35.6184,0,-278.092,955.841,0,7.5e+13,0.75,0.2,0,CIRCLE,200,1
1611,1,1,1,55.8982,-34.3313,0,-271.657,-379.491,0,7.5e+13,0.75,0.2,0,CIRCLE,200,1
1612,1,1,1,-23.1666,129.152,0,545.76,15.833,0,7.5e+13,0.75,0.2,0,CIRCLE,200,1
1613,1,1,1,25.0626,-33.35,0,-266.75,-225.313,0,7.5e+13,0.75,0.2,0,CIRCLE,200,1
1615,1,1,1,90.1515,-79.2644,0,-496.322,-550.757,0,7.5e+13,0.75,0.2,0,CIRCLE,200,1
1616,1,1,1,-8.3343,214.289,0,971.447,-58.3285,0,7.5e+13,0.75,0.2,0,CIRCLE,200,1
1618,1,1,1,110.801,33.3392,0,66.696,-654.006,0,7.5e+13,0.75,0.2,0,CIRCLE,200,1
1619,1,1,1,-48.4641,-88.2227,0,-541.113,142.321,0,7.5e+13,0.75,0.2,0,CIRCLE,200,1
1620,1,1,1,-61.303,-54.1873,0,-370.936,206.515,0,7.5e+13,0.75,0.2,0,CIRCLE,200,1
1621,1,1,1,52.2567,131.401,0,557.004,-361.283,0,7.5e+13,0.75,0.2,0,CIRCLE,200,1
1622,1,1,1,52.0041,198.086,0,890.432,-360.02,0,7.5e+13,0.75,0.2,0,CIRCLE,200,1
1623,1,1,1,159.798,18.3451,0,-8.27469,-898.99,0,7.5e+13,0.75,0.2,0,CIRCLE,200,1
1624,1,1,1,62.2659,148.608,0,643.038,-411.33,0,7.5e+13,0.75,0.2,0,CIRCLE,200,1
1625,1,1,1,94.5626,-34.9406,0,-274.703,-572.813,0,7.5e+13,0.75,0.2,0,CIRCLE,200,1
1626,1,1,1,21.3084,-31.6363,0,-258.182,-206.542,0,7.5e+13,0.75,0.2,0,CIRCLE,200,1
1627,1,1,1,-33.2506,121.763,0,508.816,66.2529,0,7.5e+13,0.75,0.2,0,CIRCLE,200,1
1629,1,1,1,122.288,17.7898,0,-11.051,-711.442,0,7.5e+13,0.75,0.2,0,CIRCLE,200,1
1631,1,1,1,-69.1542,-123.121,0,-715.607,245.771,0,7.5e+13,0.75,0.2,0,CIRCLE,200,1
1632,1,1,1,-69.39,201.407,0,907.033,246.95,0,7.5e+13,0.75,0.2,0,CIRCLE,200,1
1633,1,1,1,34.1532,19.0653,0,-4.67329,-270.766,0,7.5e+13,0.75,0.2,0,CIRCLE,200,1
1634,1,1,1,34.0974,-49.0227,0,-345.114,-270.487,0,7.5e+13,0.75,0.2,0,CIRCLE,200,1
1635,1,1,1,-99.3839,28.7499,0,43.7493,396.92,0,7.5e+13,0.75,0.2,0,CIRCLE,200,1
1638,1,1,1,96.0798,-90.3103,0,-551.551,-580.399,0,7.5e+13,0.75,0.2,0,CIRCLE,200,1
1639,1,1,1,110.662,-126.809,0,-734.043,-653.312,0,7.5e+13,0.75,0.2,0,CIRCLE,200,1
1640,1,1,1,6.07335,6.87531,0,-65.6234,-130.367,0,7.5e+13,0.75,0.2,0,CIRCLE,200,1
1641,1,1,1,159.942,66.7284,0,233.642,-899.712,0,7.5e+13,0.75,0.2,0,CIRCLE,200,1
1642,1,1,1,81.3326,-110.265,0,-651.323,-506.663,0,7.5e+13,0.75,0.2,0,CIRCLE,200,1
1643,1,1,1,-18.7695,-130.099,0,-750.495,-6.15229,0,7.5e+13,0.75,0.2,0,CIRCLE,200,1
1644,1,1,1,-113.475,-17.9765,0,-189.882,467.374,0,7.5e+13,0.75,0.2,0,CIRCLE,200,1
1645,1,1,1,-142.772,-135.26,0,-776.298,613.858,0,7.5e+13,0.75,0.2,0,CIRCLE,200,1
1646,1,1,1,-7.96278,201.294,0,906.471,-60.1861,0,7.5e+13,0.75,0.2,0,CIRCLE,200,1
1648,1,1,1,-189.178,23.358,0,16.7901,845.89,0,7.5e+13,0.75,0.2,0,CIRCLE,200,1
1649,1,1,1,40.6878,-150.559,0,-852.793,-303.439,0,7.5e+13,0.75,0.2,0,CIRCLE,200,1
1650,1,1,1,5.50116,-3.62676,0,-118.134,-127.506,0,7.5e+13,0.75,0.2,0,CIRCLE,200,1
1651,1,1,1,33.5401,69.1488,0,245.744,-267.7,0,7.5e+13,0.75,0.2,0,CIRCLE,200,1
1652,1,1,1,31.5174,59.5271,0,197.636,-257.587,0,7.5e+13,0.75,0.2,0,CIRCLE,200,1
1653,1,1,1,101.673,-0.51257,0,-102.563,-608.365,0,7.5e+13,0.75,0.2,0,CIRCLE,200,1
1654,1,1,1,-23.484,-125.033,0,-725.166,17.4198,0,7.5e+13,0.75,0.2,0,CIRCLE,200,1
1655,1,1,1,32.2584,84.5086,0,322.543,-261.292,0,7.5e+13,0.75,0.2,0,CIRCLE,200,1
1656,1,1,1,-57.1221,-161.832,0,-909.158,185.61,0,7.5e+13,0.75,0.2,0,CIRCLE,200,1
1657,1,1,1,-167.414,7.51863,0,-62.4068,737.07,0,7.5e+13,0.75,0.2,0,CIRCLE,200,1
1658,1,1,1,-36.9671,195.279,0,876.393,84.8354,0,7.5e+13,0.75,0.2,0,CIRCLE,200,1
1659,1,1,1,-93.8282,85.626,0,328.13,369.141,0,7.5e+13,0.75,0.2,0,CIRCLE,200,1
1660,1,1,1,26.4367,-137.887,0,-789.433,-232.184,0,7.5e+13,0.75,0.2,0,CIRCLE,200,1
1661,1,1,1,90.1649,155.936,0,679.681,-550.825,0,7.5e+13,0.75,0.2,0,CIRCLE,200,1
1662,1,1,1,-71.6475,159.494,0,697.468,258.238,0,7.5e+13,0.75,0.2,0,CIRCLE,200,1
1663,1,1,1,-76.976,71.8318,0,259.159,284.88,0,7.5e+13,0.75,0.2,0,CIRCLE,200,1
1664,1,1,1,-43.0244,-53.8922,0,-369.461,115.122,0,7.5e+13,0.75,0.2,0,CIRCLE,200,1
1665,1,1,1,163.789,14.8533,0,-25.7335,-918.943,0,7.5e+13,0.75,0.2,0,CIRCLE,200,1
1666,1,1,1,-9.15664,-58.2876,0,-391.438,-54.2168,0,7.5e+13,0.75,0.2,0,CIRCLE,200,1
1667,1,1,1,-5.65281,177.165,0,785.826,-71.7359,0,7.5e+13,0.75,0.2,0,CIRCLE,200,1
1668,1,1,1,87.5234,121.397,0,506.987,-537.617,0,7.5e+13,0.75,0.2,0,CIRCLE,200,1
1670,1,1,1,54.583,-134.173,0,-770.865,-372.915,0,7.5e+13,0.75,0.2,0,CIRCLE,200,1
1671,1,1,1,-108.396,-52.8465,0,-364.232,441.982,0,7.5e+13,0.75,0.2,0,CIRCLE,200,1
1672,1,1,1,122.82,106.877,0,434.385,-714.101,0,7.5e+13,0.75,0.2,0,CIRCLE,200,1
1673,1,1,1,19.997,-86.7989,0,-533.994,-199.985,0,7.5e+13,0.75,0.2,0,CIRCLE,200,1
1674,1,1,1,-51.3088,-149.554,0,-847.768,156.544,0,7.5e+13,0.75,0.2,0,CIRCLE,200,1
1676,1,1,1,-38.4302,-5.85848,0,-129.292,92.1508,0,7.5e+13,0.75,0.2,0,CIRCLE,200,1
1677,1,1,1,-88.9026,24.2664,0,21.3321,344.513,0,7.5e+13,0.75,0.2,0,CIRCLE,200,1
1678,1,1,1,-76.0028,155.327,0,676.633,280.014,0,7.5e+13,0.75,0.2,0,CIRCLE,200,1
1679,1,1,1,40.6723,-107.848,0,-639.24,-303.362,0,7.5e+13,0.75,0.2,0,CIRCLE,200,1
1680,1,1,1,66.4221,159.484,0,697.421,-432.111,0,7.5e+13,0.75,0.2,0,CIRCLE,200,1
1681,1,1,1,-44.6706,50.6275,0,153.137,123.353,0,7.5e+13,0.75,0.2,0,CIRCLE,200,1
1682,1,1,1,17.3477,52.7081,0,163.541,-186.739,0,7.5e+13,0.75,0.2,0,CIRCLE,200,1
1683,1,1,1,-134.685,-74.9915,0,-474.957,573.424,0,7.5e+13,0.75,0.2,0,CIRCLE,200,1
1684,1,1,1,61.1632,177.999,0,789.997,-405.816,0,7.5e+13,0.75,0.2,0,CIRCLE,200,1
1685,1,1,1,-81.7975,11.5402,0,-42.2988,308.988,0,7.5e+13,0.75,0.2,0,CIRCLE,200,1
1686,1,1,1,141.071,65.0083,0,225.042,-805.355,0,7.5e+13,0.75,0.2,0,CIRCLE,200,1
1687,1,1,1,26.7082,199.9,0,899.501,-233.541,0,7.5e+13,0.75,0.2,0,CIRCLE,200,1
1688,1,1,1,170.674,8.17521,0,-59.124,-953.371,0,7.5e+13,0.75,0.2,0,CIRCLE,200,1
1689,1,1,1,42.0559,34.5494,0,72.7468,-310.28,0,7.5e+13,0.75,0.2,0,CIRCLE,200,1
1690,1,1,1,-13.4564,-72.8941,0,-464.471,-32.7181,0,7.5e+13,0.75,0.2,0,CIRCLE,200,1
1691,1,1,1,159.778,83.3958,0,316.979,-898.888,0,7.5e+13,0.75,0.2,0,CIRCLE,200,1
1692,1,1,1,34.4197,-110.122,0,-650.609,-272.098,0,7.5e+13,0.75,0.2,0,CIRCLE,200,1
1693,1,1,1,-83.5245,115.137,0,475.683,317.623,0,7.5e+13,0.75,0.2,0,CIRCLE,200,1
1694,1,1,1,-130.067,-128.209,0,-741.045,550.335,0,7.5e+13,0.75,0.2,0,CIRCLE,200,1
1695,1,1,1,-63.6775,174.904,0,774.519,218.388,0,7.5e+13,0.75,0.2,0,CIRCLE,200,1
1696,1,1,1,-165.02,-13.986,0,-169.93,725.098,0,7.5e+13,0.75,0.2,0,CIRCLE,200,1
1697,1,1,1,-77.6503,117.181,0,485.905,288.252,0,7.5e+13,0.75,0.2,0,CIRCLE,200,1
1698,1,1,1,-137.275,103.764,0,418.818,586.373,0,7.5e+13,0.75,0.2,0,CIRCLE,200,1
1699,1,1,1,36.9138,129.653,0,548.264,-284.569,0,7.5e+13,0.75,0.2,0,CIRCLE,200,1
1700,1,1,1,54.0531,126.886,0,534.43,-370.265,0,7.5e+13,0.75,0.2,0,CIRCLE,200,1
1701,1,1,1,153.121,72.5538,0,262.769,-865.607,0,7.5e+13,0.75,0.2,0,CIRCLE,200,1
1703,1,1,1,147.514,59.8851,0,199.425,-837.57,0,7.5e+13,0.75,0.2,0,CIRCLE,200,1
1704,1,1,1,21.3985,-137.339,0,-786.694,-206.992,0,7.5e+13,0.75,0.2,0,CIRCLE,200,1
1705,1,1,1,157.763,-9.19797,0,-145.99,-888.814,0,7.5e+13,0.75,0.2,0,CIRCLE,200,1
1706,1,1,1,12.4884,-37.6375,0,-288.187,-162.442,0,7.5e+13,0.75,0.2,0,CIRCLE,200,1
1707,1,1,1,151.669,-30.7138,0,-253.569,-858.343,0,7.5e+13,0.75,0.2,0,CIRCLE,200,1
1708,1,1,1,-57.1294,59.3386,0,196.693,185.647,0,7.5e+13,0.75,0.2,0,CIRCLE,200,1
1709,1,1,1,147.617,33.658,0,68.2899,-838.087,0,7.5e+13,0.75,0.2,0,CIRCLE,200,1
1710,1,1,1,-161.938,-99.2265,0,-596.133,709.691,0,7.5e+13,0.75,0.2,0,CIRCLE,200,1
1711,1,1,1,91.34,3.35282,0,-83.2359,-556.7,0,7.5e+13,0.75,0.2,0,CIRCLE,200,1
1712,1,1,1,124.012,-94.1808,0,-570.904,-720.059,0,7.5e+13,0.75,0.2,0,CIRCLE,200,1
1713,1,1,1,137.307,47.2029,0,136.015,-786.533,0,7.5e+13,0.75,0.2,0,CIRCLE,200,1
1714,1,1,1,129.835,49.5063,0,147.532,-749.173,0,7.5e+13,0.75,0.2,0,CIRCLE,200,1
1715,1,1,1,39.6807,25.5548,0,27.7742,-298.403,0,7.5e+13,0.75,0.2,0,CIRCLE,200,1
1716,1,1,1,-127.081,165.818,0,729.089,535.407,0,7.5e+13,0.75,0.2,0,CIRCLE,200,1
1717,1,1,1,162.059,66.0875,0,230.438,-910.296,0,7.5e+13,0.75,0.2,0,CIRCLE,200,1
1718,1,1,1,-6.98381,67.5379,0,237.69,-65.081,0,7.5e+13,0.75,0.2,0,CIRCLE,200,1
1719,1,1,1,-95.6608,131.59,0,557.949,378.304,0,7.5e+13,0.75,0.2,0,CIRCLE,200,1
1720,1,1,1,-30.8766,208.078,0,940.392,54.3829,0,7.5e+13,0.75,0.2,0,CIRCLE,200,1
1721,1,1,1,103.993,57.9517,0,189.759,-619.963,0,7.5e+13,0.75,0.2,0,CIRCLE,200,1
1722,1,1,1,-53.5099,173.307,0,766.536,167.549,0,7.5e+13,0.75,0.2,0,CIRCLE,200,1
1723,1,1,1,-38.3047,-167.969,0,-939.847,91.5235,0,7.5e+13,0.75,0.2,0,CIRCLE,200,1
1724,1,1,1,40.9367,-109.751,0,-648.757,-304.684,0,7.5e+13,0.75,0.2,0,CIRCLE,200,1
1726,1,1,1,-93.2855,70.1885,0,250.943,366.427,0,7.5e+13,0.75,0.2,0,CIRCLE,200,1
1727,1,1,1,35.5931,186.162,0,830.81,-277.966,0,7.5e+13,0.75,0.2,0,CIRCLE,200,1
1728,1,1,1,-54.3966,-97.3237,0,-586.618,171.983,0,7.5e+13,0.75,0.2,0,CIRCLE,200,1
1729,1,1,1,52.4816,203.61,0,918.048,-362.408,0,7.5e+13,0.75,0.2,0,CIRCLE,200,1
1730,1,1,1,-75.0439,163.161,0,715.805,275.219,0,7.5e+13,0.75,0.2,0,CIRCLE,200,1
1731,1,1,1,-83.5608,81.6312,0,308.156,317.804,0,7.5e+13,0.75,0.2,0,CIRCLE,200,1
1732,1,1,1,-89.5838,35.2551,0,76.2753,347.919,0,7.5e+13,0.75,0.2,0,CIRCLE,200,1
1733,1,1,1,-41.4804,94.9688,0,374.844,107.402,0,7.5e+13,0.75,0.2,0,CIRCLE,200,1
1734,1,1,1,-180.864,-39.7443,0,-298.721,804.321,0,7.5e+13,0.75,0.2,0,CIRCLE,200,1
1735,1,1,1,-52.1654,11.5516,0,-42.2421,160.827,0,7.5e+13,0.75,0.2,0,CIRCLE,200,1
1736,1,1,1,-120.648,-28.0424,0,-240.212,503.241,0,7.5e+13,0.75,0.2,0,CIRCLE,200,1
1737,1,1,1,-123.603,182.203,0,811.016,518.013,0,7.5e+13,0.75,0.2,0,CIRCLE,200,1
1738,1,1,1,-85.7897,84.2098,0,321.049,328.949,0,7.5e+13,0.75,0.2,0,CIRCLE,200,1
1739,1,1,1,20.1222,212.106,0,960.528,-200.611,0,7.5e+13,0.75,0.2,0,CIRCLE,200,1
1740,1,1,1,90.6151,67.0423,0,235.211,-553.076,0,7.5e+13,0.75,0.2,0,CIRCLE,200,1
1741,1,1,1,-76.8002,134.625,0,573.127,284.001,0,7.5e+13,0.75,0.2,0,CIRCLE,200,1
1742,1,1,1,95.1682,155.082,0,675.412,-575.841,0,7.5e+13,0.75,0.2,0,CIRCLE,200,1
1743,1,1,1,-188.025,77.9685,0,289.843,840.125,0,7.5e+13,0.75,0.2,0,CIRCLE,200,1
1744,1,1,1,81.9398,-120.759,0,-703.794,-509.699,0,7.5e+13,0.75,0.2,0,CIRCLE,200,1
1745,1,1,1,-9.88585,136.726,0,583.629,-50.5708,0,7.5e+13,0.75,0.2,0,CIRCLE,200,1
1746,1,1,1,-93.1148,46.3755,0,131.877,365.574,0,7.5e+13,0.75,0.2,0,CIRCLE,200,1
1747,1,1,1,-110.475,-127.443,0,-737.215,452.376,0,7.5e+13,0.75,0.2,0,CIRCLE,200,1
1748,1,1,1,-104.344,-44.4189,0,-322.094,421.722,0,7.5e+13,0.75,0.2,0,CIRCLE,200,1
1749,1,1,1,-31.998,164.422,0,722.109,59.9898,0,7.5e+13,0.75,0.2,0,CIRCLE,200,1
1750,1,1,1,93.3061,-107.899,0,-639.495,-566.531,0,7.5e+13,0.75,0.2,0,CIRCLE,200,1
1751,1,1,1,-10.424,44.2035,0,121.018,-47.8802,0,7.5e+13,0.75,0.2,0,CIRCLE,200,1
1752,1,1,1,-67.2982,143.298,0,616.49,236.491,0,7.5e+13,0.75,0.2,0,CIRCLE,200,1
1753,1,1,1,-119.2,-46.6303,0,-333.152,496,0,7.5e+13,0.75,0.2,0,CIRCLE,200,1
1754,1,1,1,-44.3128,179.832,0,799.158,121.564,0,7.5e+13,0.75,0.2,0,CIRCLE,200,1
1755,1,1,1,-104.101,97.8444,0,389.222,420.505,0,7.5e+13,0.75,0.2,0,CIRCLE,200,1
1756,1,1,1,-184.749,122.108,0,510.542,823.744,0,7.5e+13,0.75,0.2,0,CIRCLE,200,1
1757,1,1,1,77.0125,-87.2488,0,-536.244,-485.063,0,7.5e+13,0.75,0.2,0,CIRCLE,200,1
1758,1,1,1,64.6207,-141.743,0,-808.713,-423.104,0,7.5e+13,0.75,0.2,0,CIRCLE,200,1
1759,1,1,1,-130.84,146.208,0,631.038,554.198,0,7.5e+13,0.75,0.2,0,CIRCLE,200,1
1760,1,1,1,-113.232,-61.2557,0,-406.279,466.159,0,7.5e+13,0.75,0.2,0,CIRCLE,200,1
1761,1,1,1,-2.32975,196.711,0,883.555,-88.3513,0,7.5e+13,0.75,0.2,0,CIRCLE,200,1
1762,1,1,1,-96.9656,-9.24149,0,-146.207,384.828,0,7.5e+13,0.75,0.2,0,CIRCLE,200,1
1763,1,1,1,-122.182,70.8354,0,254.177,510.908,0,7.5e+13,0.75,0.2,0,CIRCLE,200,1
1764,1,1,1,-54.0296,216.727,0,983.636,170.148,0,7.5e+13,0.75,0.2,0,CIRCLE,200,1
1765,1,1,1,161.875,83.4696,0,317.348,-909.374,0,7.5e+13,0.75,0.2,0,CIRCLE,200,1
1766,1,1,1,-170.273,-93.2288,0,-566.144,751.364,0,7.5e+13,0.75,0.2,0,CIRCLE,200,1
1767,1,1,1,122.255,31.8934,0,59.4672,-711.273,0,7.5e+13,0.75,0.2,0,CIRCLE,200,1
1768,1,1,1,-163.236,56.8007,0,184.004,716.179,0,7.5e+13,0.75,0.2,0,CIRCLE,200,1
1769,1,1,1,29.0972,188.844,0,844.221,-245.486,0,7.5e+13,0.75,0.2,0,CIRCLE,200,1
1770,1,1,1,169.777,76.578,0,282.89,-948.884,0,7.5e+13,0.75,0.2,0,CIRCLE,200,1
1771,1,1,1,-137.482,159.712,0,698.558,587.41,0,7.5e+13,0.75,0.2,0,CIRCLE,200,1
1772,1,1,1,-124.741,-35.871,0,-279.355,523.704,0,7.5e+13,0.75,0.2,0,CIRCLE,200,1
1773,1,1,1,102.572,45.1647,0,125.824,-612.861,0,7.5e+13,0.75,0.2,0,CIRCLE,200,1
1774,1,1,1,-161.933,131.891,0,559.456,709.664,0,7.5e+13,0.75,0.2,0,CIRCLE,200,1
1775,1,1,1,-19.7038,-101.138,0,-605.69,-1.48083,0,7.5e+13,0.75,0.2,0,CIRCLE,200,1
1776,1,1,1,-68.8533,-101.801,0,-609.007,244.266,0,7.5e+13,0.75,0.2,0,CIRCLE,200,1
1777,1,1,1,84.3052,-47.3493,0,-336.747,-521.526,0,7.5e+13,0.75,0.2,0,CIRCLE,200,1
1779,1,1,1,-49.3165,46.5159,0,132.579,146.582,0,7.5e+13,0.75,0.2,0,CIRCLE,200,1
1780,1,1,1,-164.371,119.155,0,495.777,721.855,0,7.5e+13,0.75,0.2,0,CIRCLE,200,1
1781,1,1,1,-121.821,68.5784,0,242.892,509.107,0,7.5e+13,0.75,0.2,0,CIRCLE,200,1
1782,1,1,1,50.529,109.775,0,448.874,-352.645,0,7.5e+13,0.75,0.2,0,CIRCLE,200,1
1783,1,1,1,33.537,-25.5426,0,-227.713,-267.685,0,7.5e+13,0.75,0.2,0,CIRCLE,200,1
1784,1,1,1,-167.925,100.48,0,402.402,739.627,0,7.5e+13,0.75,0.2,0,CIRCLE,200,1
1786,1,1,1,-88.9245,-105.379,0,-626.897,344.622,0,7.5e+13,0.75,0.2,0,CIRCLE,200,1
1787,1,1,1,-195.293,78.3028,0,291.514,876.467,0,7.5e+13,0.75,0.2,0,CIRCLE,200,1
1788,1,1,1,-76.0068,-107.781,0,-638.904,280.034,0,7.5e+13,0.75,0.2,0,CIRCLE,200,1
1789,1,1,1,-138.496,94.2302,0,371.151,592.479,0,7.5e+13,0.75,0.2,0,CIRCLE,200,1
1790,1,1,1,-90.5935,-103.106,0,-615.53,352.968,0,7.5e+13,0.75,0.2,0,CIRCLE,200,1
1791,1,1,1,-94.0885,-9.09535,0,-145.477,370.442,0,7.5e+13,0.75,0.2,0,CIRCLE,200,1
1793,1,1,1,-82.0456,-56.0073,0,-380.036,310.228,0,7.5e+13,0.75,0.2,0,CIRCLE,200,1
1794,1,1,1,-54.0776,-127.092,0,-735.46,170.388,0,7.5e+13,0.75,0.2,0,CIRCLE,200,1
1795,1,1,1,-138.422,104.789,0,423.943,592.108,0,7.5e+13,0.75,0.2,0,CIRCLE,200,1
1796,1,1,1,-87.7241,193.749,0,868.745,338.62,0,7.5e+13,0.75,0.2,0,CIRCLE,200,1
1797,1,1,1,41.3904,-133.87,0,-769.349,-306.952,0,7.5e+13,0.75,0.2,0,CIRCLE,200,1
1798,1,1,1,-2.46334,-114.177,0,-670.887,-87.6833,0,7.5e+13,0.75,0.2,0,CIRCLE,200,1
1799,1,1,1,-9.24708,4.59972,0,-77.0014,-53.7646,0,7.5e+13,0.75,0.2,0,CIRCLE,200,1
1800,1,1,1,155.194,10.6183,0,-46.9085,-875.97,0,7.5e+13,0.75,0.2,0,CIRCLE,200,1
1802,1,1,1,161.231,53.025,0,165.125,-906.155,0,7.5e+13,0.75,0.2,0,CIRCLE,200,1
1803,1,1,1,71.3701,79.1712,0,295.856,-456.851,0,7.5e+13,0.75,0.2,0,CIRCLE,200,1
1804,1,1,1,-20.9683,39.2397,0,96.1987,4.84166,0,7.5e+13,0.75,0.2,0,CIRCLE,200,1
1805,1,1,1,-20.9816,133.13,0,565.652,4.9082,0,7.5e+13,0.75,0.2,0,CIRCLE,200,1
1806,1,1,1,-162.536,151.425,0,657.127,712.678,0,7.5e+13,0.75,0.2,0,CIRCLE,200,1
1807,1,1,1,144.135,-93.4486,0,-567.243,-820.673,0,7.5e+13,0.75,0.2,0,CIRCLE,200,1
1808,1,1,1,-133.861,-33.7074,0,-268.537,569.306,0,7.5e+13,0.75,0.2,0,CIRCLE,200,1
1809,1,1,1,-157.577,47.5999,0,138,687.887,0,7.5e+13,0.75,0.2,0,CIRCLE,200,1
1810,1,1,1,-97.5668,8.71402,0,-56.4299,387.834,0,7.5e+13,0.75,0.2,0,CIRCLE,200,1
1811,1,1,1,-217.055,11.8146,0,-40.9268,985.275,0,7.5e+13,0.75,0.2,0,CIRCLE,200,1
1812,1,1,1,-40.4837,-98.5527,0,-592.763,102.418,0,7.5e+13,0.75,0.2,0,CIRCLE,200,1
1813,1,1,1,-26.7756,65.1836,0,225.918,33.8781,0,7.5e+13,0.75,0.2,0,CIRCLE,200,1
1814,1,1,1,-114.314,-152.662,0,-863.309,471.571,0,7.5e+13,0.75,0.2,0,CIRCLE,200,1
1815,1,1,1,140.9,109.246,0,446.23,-804.498,0,7.5e+13,0.75,0.2,0,CIRCLE,200,1
1816,1,1,1,-106.833,101.995,0,409.977,434.163,0,7.5e+13,0.75,0.2,0,CIRCLE,200,1
1817,1,1,1,179.535,9.73689,0,-51.3155,-997.674,0,7.5e+13,0.75,0.2,0,CIRCLE,200,1
1818,1,1,1,138.688,-78.5418,0,-492.709,-793.441,0,7.5e+13,0.75,0.2,0,CIRCLE,200,1
1819,1,1,1,101.214,-76.6745,0,-483.373,-606.07,0,7.5e+13,0.75,0.2,0,CIRCLE,200,1
1820,1,1,1,-7.17238,140.791,0,603.957,-64.1381,0,7.5e+13,0.75,0.2,0,CIRCLE,200,1
1822,1,1,1,39.1142,140.893,0,604.467,-295.571,0,7.5e+13,0.75,0.2,0,CIRCLE,200,1
1824,1,1,1,17.8615,-126.172,0,-730.86,-189.308,0,7.5e+13,0.75,0.2,0,CIRCLE,200,1
1825,1,1,1,75.8573,76.4124,0,282.062,-479.286,0,7.5e+13,0.75,0.2,0,CIRCLE,200,1
1826,1,1,1,63.4577,-109.921,0,-649.606,-417.289,0,7.5e+13,0.75,0.2,0,CIRCLE,200,1
1827,1,1,1,18.8058,-15.843,0,-179.215,-194.029,0,7.5e+13,0.75,0.2,0,CIRCLE,200,1
1828,1,1,1,-8.46029,-36.6069,0,-283.034,-57.6985,0,7.5e+13,0.75,0.2,0,CIRCLE,200,1
1829,1,1,1,-149.746,-23.624,0,-218.12,648.731,0,7.5e+13,0.75,0.2,0,CIRCLE,200,1
1830,1,1,1,147.585,-49.6822,0,-348.411,-837.927,0,7.5e+13,0.75,0.2,0,CIRCLE,200,1
1831,1,1,1,148.858,-53.5775,0,-367.887,-844.292,0,7.5e+13,0.75,0.2,0,CIRCLE,200,1
1832,1,1,1,39.6509,197.837,0,889.184,-298.255,0,7.5e+13,0.75,0.2,0,CIRCLE,200,1
1833,1,1,1,88.2815,126.597,0,532.986,-541.408,0,7.5e+13,0.75,0.2,0,CIRCLE,200,1
1834,1,1,1,152.167,35.2923,0,76.4614,-860.833,0,7.5e+13,0.75,0.2,0,CIRCLE,200,1
1835,1,1,1,-150.284,-91.8888,0,-559.444,651.421,0,7.5e+13,0.75,0.2,0,CIRCLE,200,1
1836,1,1,1,149.538,-35.3253,0,-276.626,-847.689,0,7.5e+13,0.75,0.2,0,CIRCLE,200,1
1837,1,1,1,-120.627,-45.6187,0,-328.093,503.135,0,7.5e+13,0.75,0.2,0,CIRCLE,200,1
1838,1,1,1,-148.915,-77.0972,0,-485.486,644.575,0,7.5e+13,0.75,0.2,0,CIRCLE,200,1
1839,1,1,1,-82.2539,51.855,0,159.275,311.269,0,7.5e+13,0.75,0.2,0,CIRCLE,200,1
1840,1,1,1,76.3481,153.468,0,667.342,-481.741,0,7.5e+13,0.75,0.2,0,CIRCLE,200,1
1841,1,1,1,80.6363,-139.881,0,-799.404,-503.182,0,7.5e+13,0.75,0.2,0,CIRCLE,200,1
1842,1,1,1,-56.2036,102.128,0,410.639,181.018,0,7.5e+13,0.75,0.2,0,CIRCLE,200,1
1844,1,1,1,138.929,50.3801,0,151.9,-794.643,0,7.5e+13,0.75,0.2,0,CIRCLE,200,1
1845,1,1,1,6.30402,25.5477,0,27.7385,-131.52,0,7.5e+13,0.75,0.2,0,CIRCLE,200,1
1846,1,1,1,-114.407,-25.4865,0,-227.433,472.037,0,7.5e+13,0.75,0.2,0,CIRCLE,200,1
1848,1,1,1,-162.585,48.9745,0,144.872,712.926,0,7.5e+13,0.75,0.2,0,CIRCLE,200,1
1849,1,1,1,-197.463,89.8488,0,349.244,887.315,0,7.5e+13,0.75,0.2,0,CIRCLE,200,1
1850,1,1,1,157.232,-52.5002,0,-362.501,-886.159,0,7.5e+13,0.75,0.2,0,CIRCLE,200,1
1851,1,1,1,24.766,99.0997,0,395.498,-223.83,0,7.5e+13,0.75,0.2,0,CIRCLE,200,1
1852,1,1,1,41.9049,110.125,0,450.624,-309.525,0,7.5e+13,0.75,0.2,0,CIRCLE,200,1
1853,1,1,1,97.472,-105.205,0,-626.026,-587.36,0,7.5e+13,0.75,0.2,0,CIRCLE,200,1
1854,1,1,1,80.3817,103.193,0,415.966,-501.908,0,7.5e+13,0.75,0.2,0,CIRCLE,200,1
1855,1,1,1,-169.187,-97.1002,0,-585.501,745.933,0,7.5e+13,0.75,0.2,0,CIRCLE,200,1
1856,1,1,1,-145.288,147.646,0,638.232,626.44,0,7.5e+13,0.75,0.2,0,CIRCLE,200,1
1857,1,1,1,-29.65,-117.181,0,-685.904,48.2502,0,7.5e+13,0.75,0.2,0,CIRCLE,200,1
1858,1,1,1,-168.916,16.7013,0,-16.4933,744.582,0,7.5e+13,0.75,0.2,0,CIRCLE,200,1
1859,1,1,1,138.626,-34.6747,0,-273.374,-793.129,0,7.5e+13,0.75,0.2,0,CIRCLE,200,1
1860,1,1,1,-139.501,89.1746,0,345.873,597.503,0,7.5e+13,0.75,0.2,0,CIRCLE,200,1
1861,1,1,1,-4.85581,-159.993,0,-899.964,-75.7209,0,7.5e+13,0.75,0.2,0,CIRCLE,200,1
1862,1,1,1,-203.009,43.6958,0,118.479,915.045,0,7.5e+13,0.75,0.2,0,CIRCLE,200,1
1863,1,1,1,-110.201,-140.781,0,-803.904,451.004,0,7.5e+13,0.75,0.2,0,CIRCLE,200,1
1864,1,1,1,-99.306,-49.3332,0,-346.666,396.53,0,7.5e+13,0.75,0.2,0,CIRCLE,200,1
1865,1,1,1,-35.8064,117.017,0,485.086,79.0318,0,7.5e+13,0.75,0.2,0,CIRCLE,200,1
1866,1,1,1,3.43514,81.2492,0,306.246,-117.176,0,7.5e+13,0.75,0.2,0,CIRCLE,200,1
1868,1,1,1,144.014,19.025,0,-4.87484,-820.069,0,7.5e+13,0.75,0.2,0,CIRCLE,200,1
1869,1,1,1,23.0428,93.0831,0,365.416,-215.214,0,7.5e+13,0.75,0.2,0,CIRCLE,200,1
1870,1,1,1,161.02,90.9883,0,354.942,-905.1,0,7.5e+13,0.75,0.2,0,CIRCLE,200,1
1872,1,1,1,-171.866,-74.4466,0,-472.233,759.329,0,7.5e+13,0.75,0.2,0,CIRCLE,200,1
1873,1,1,1,-125.489,57.7801,0,188.901,527.446,0,7.5e+13,0.75,0.2,0,CIRCLE,200,1
1874,1,1,1,75.2127,-88.7712,0,-543.856,-476.064,0,7.5e+13,0.75,0.2,0,CIRCLE,200,1
1875,1,1,1,2.98916,-88.1029,0,-540.514,-114.946,0,7.5e+13,0.75,0.2,0,CIRCLE,200,1
1876,1,1,1,-69.7359,183.81,0,819.052,248.679,0,7.5e+13,0.75,0.2,0,CIRCLE,200,1
1878,1,1,1,-139.338,39.5663,0,97.8317,596.691,0,7.5e+13,0.75,0.2,0,CIRCLE,200,1
1879,1,1,1,171.048,46.396,0,131.98,-955.238,0,7.5e+13,0.75,0.2,0,CIRCLE,200,1
1880,1,1,1,-203.9,55.6839,0,178.419,919.501,0,7.5e+13,0.75,0.2,0,CIRCLE,200,1
1881,1,1,1,-154.315,-106.736,0,-633.679,671.577,0,7.5e+13,0.75,0.2,0,CIRCLE,200,1
1882,1,1,1,22.5149,126.087,0,530.434,-212.575,0,7.5e+13,0.75,0.2,0,CIRCLE,200,1
1883,1,1,1,2.94211,197.925,0,889.624,-114.711,0,7.5e+13,0.75,0.2,0,CIRCLE,200,1
1884,1,1,1,114.84,57.4001,0,187,-674.202,0,7.5e+13,0.75,0.2,0,CIRCLE,200,1
1886,1,1,1,-53.8912,-139.443,0,-797.214,169.456,0,7.5e+13,0.75,0.2,0,CIRCLE,200,1
1889,1,1,1,-48.8145,186.01,0,830.049,144.073,0,7.5e+13,0.75,0.2,0,CIRCLE,200,1
1890,1,1,1,-9.77514,-79.9304,0,-499.652,-51.1243,0,7.5e+13,0.75,0.2,0,CIRCLE,200,1
1891,1,1,1,52.0264,169.987,0,749.936,-360.132,0,7.5e+13,0.75,0.2,0,CIRCLE,200,1
1893,1,1,1,-179.593,92.6761,0,363.38,797.964,0,7.5e+13,0.75,0.2,0,CIRCLE,200,1
1894,1,1,1,-49.0963,208.602,0,943.008,145.481,0,7.5e+13,0.75,0.2,0,CIRCLE,200,1
1895,1,1,1,88.1827,-21.4701,0,-207.351,-540.913,0,7.5e+13,0.75,0.2,0,CIRCLE,200,1
1896,1,1,1,-45.7607,204.041,0,920.206,128.804,0,7.5e+13,0.75,0.2,0,CIRCLE,200,1
1897,1,1,1,13.0662,51.4711,0,157.355,-165.331,0,7.5e+13,0.75,0.2,0,CIRCLE,200,1
1898,1,1,1,-21.5044,205.685,0,928.423,7.52186,0,7.5e+13,0.75,0.2,0,CIRCLE,200,1
1899,1,1,1,-110.305,144.618,0,623.092,451.527,0,7.5e+13,0.75,0.2,0,CIRCLE,200,1
1900,1,1,1,-20.5859,84.6677,0,323.339,2.92964,0,7.5e+13,0.75,0.2,0,CIRCLE,200,1
1901,1,1,1,-188.569,-76.5025,0,-482.513,842.844,0,7.5e+13,0.75,0.2,0,CIRCLE,200,1
1902,1,1,1,-22.6347,132.373,0,561.866,13.1736,0,7.5e+13,0.75,0.2,0,CIRCLE,200,1
1903,1,1,1,31.1864,81.8404,0,309.202,-255.932,0,7.5e+13,0.75,0.2,0,CIRCLE,200,1
1904,1,1,1,-191.252,-26.8459,0,-234.23,856.262,0,7.5e+13,0.75,0.2,0,CIRCLE,200,1
1905,1,1,1,29.4594,212.315,0,961.573,-247.297,0,7.5e+13,0.75,0.2,0,CIRCLE,200,1
1906,1,1,1,-102.741,29.1038,0,45.519,413.704,0,7.5e+13,0.75,0.2,0,CIRCLE,200,1
1907,1,1,1,57.8548,74.0335,0,270.168,-389.274,0,7.5e+13,0.75,0.2,0,CIRCLE,200,1
1908,1,1,1,65.7923,16.7576,0,-16.2119,-428.961,0,7.5e+13,0.75,0.2,0,CIRCLE,200,1
1909,1,1,1,-25.6149,-91.138,0,-555.69,28.0746,0,7.5e+13,0.75,0.2,0,CIRCLE,200,1
1910,1,1,1,-205.366,13.6884,0,-31.558,926.831,0,7.5e+13,0.75,0.2,0,CIRCLE,200,1
1911,1,1,1,-201.795,-46.0143,0,-330.072,908.973,0,7.5e+13,0.75,0.2,0,CIRCLE,200,1
1912,1,1,1,-93.9629,-108.753,0,-643.764,369.814,0,7.5e+13,0.75,0.2,0,CIRCLE,200,1
1913,1,1,1,54.4121,61.3861,0,206.931,-372.061,0,7.5e+13,0.75,0.2,0,CIRCLE,200,1
1915,1,1,1,-53.8472,12.9664,0,-35.168,169.236,0,7.5e+13,0.75,0.2,0,CIRCLE,200,1
1916,1,1,1,141.634,15.3806,0,-23.0968,-808.172,0,7.5e+13,0.75,0.2,0,CIRCLE,200,1
1917,1,1,1,-37.9362,-143.955,0,-819.775,89.6811,0,7.5e+13,0.75,0.2,0,CIRCLE,200,1
1918,1,1,1,-21.0363,-171.293,0,-956.466,5.18126,0,7.5e+13,0.75,0.2,0,CIRCLE,200,1
1919,1,1,1,-169.348,40.4158,0,102.079,746.74,0,7.5e+13,0.75,0.2,0,CIRCLE,200,1
1921,1,1,1,79.3048,-80.4203,0,-502.101,-496.524,0,7.5e+13,0.75,0.2,0,CIRCLE,200,1
1922,1,1,1,49.5214,207.052,0,935.261,-347.607,0,7.5e+13,0.75,0.2,0,CIRCLE,200,1
1923,1,1,1,-119.109,-128.183,0,-740.914,495.545,0,7.5e+13,0.75,0.2,0,CIRCLE,200,1
1924,1,1,1,-172.51,-33.0415,0,-265.207,762.548,0,7.5e+13,0.75,0.2,0,CIRCLE,200,1
1925,1,1,1,159.399,70.6866,0,253.433,-896.997,0,7.5e+13,0.75,0.2,0,CIRCLE,200,1
1926,1,1,1,-78.9987,-156.961,0,-884.804,294.993,0,7.5e+13,0.75,0.2,0,CIRCLE,200,1
1928,1,1,1,-30.8153,-17.3404,0,-186.702,54.0764,0,7.5e+13,0.75,0.2,0,CIRCLE,200,1
1929,1,1,1,-171.28,60.1068,0,200.534,756.399,0,7.5e+13,0.75,0.2,0,CIRCLE,200,1
1930,1,1,1,-118.04,109.809,0,449.044,490.202,0,7.5e+13,0.75,0.2,0,CIRCLE,200,1
1931,1,1,1,-123.705,36.1262,0,80.6311,518.524,0,7.5e+13,0.75,0.2,0,CIRCLE,200,1
1932,1,1,1,23.9702,35.1178,0,75.5891,-219.851,0,7.5e+13,0.75,0.2,0,CIRCLE,200,1
1933,1,1,1,88.2303,-10.9826,0,-154.913,-541.152,0,7.5e+13,0.75,0.2,0,CIRCLE,200,1
1934,1,1,1,46.7241,180.754,0,803.769,-333.621,0,7.5e+13,0.75,0.2,0,CIRCLE,200,1
1935,1,1,1,73.2423,-80.0319,0,-500.16,-466.212,0,7.5e+13,0.75,0.2,0,CIRCLE,200,1
1936,1,1,1,19.2645,92.0295,0,360.147,-196.322,0,7.5e+13,0.75,0.2,0,CIRCLE,200,1
1937,1,1,1,-169.335,-36.1478,0,-280.739,746.677,0,7.5e+13,0.75,0.2,0,CIRCLE,200,1
1938,1,1,1,147.828,3.98964,0,-80.0518,-839.139,0,7.5e+13,0.75,0.2,0,CIRCLE,200,1
1939,1,1,1,101.693,154.897,0,674.485,-608.465,0,7.5e+13,0.75,0.2,0,CIRCLE,200,1
1940,1,1,1,32.232,54.039,0,170.195,-261.16,0,7.5e+13,0.75,0.2,0,CIRCLE,200,1
1941,1,1,1,-107.087,-125.274,0,-726.37,435.433,0,7.5e+13,0.75,0.2,0,CIRCLE,200,1
1943,1,1,1,83.9654,171.733,0,758.663,-519.827,0,7.5e+13,0.75,0.2,0,CIRCLE,200,1
1944,1,1,1,29.8756,-54.5869,0,-372.935,-249.378,0,7.5e+13,0.75,0.2,0,CIRCLE,200,1
1945,1,1,1,98.8398,-105.838,0,-629.192,-594.199,0,7.5e+13,0.75,0.2,0,CIRCLE,200,1
1946,1,1,1,-118.05,-75.6952,0,-478.476,490.249,0,7.5e+13,0.75,0.2,0,CIRCLE,200,1
1948,1,1,1,-30.1527,11.9139,0,-40.4307,50.7633,0,7.5e+13,0.75,0.2,0,CIRCLE,200,1
1949,1,1,1,-152.996,108.924,0,444.618,664.978,0,7.5e+13,0.75,0.2,0,CIRCLE,200,1
1951,1,1,1,52.5368,-110.318,0,-651.589,-362.684,0,7.5e+13,0.75,0.2,0,CIRCLE,200,1
1952,1,1,1,-203.015,18.0522,0,-9.73889,915.076,0,7.5e+13,0.75,0.2,0,CIRCLE,200,1
1953,1,1,1,32.768,193.021,0,865.105,-263.84,0,7.5e+13,0.75,0.2,0,CIRCLE,200,1
1954,1,1,1,69.9514,-104.708,0,-623.539,-449.757,0,7.5e+13,0.75,0.2,0,CIRCLE,200,1
1955,1,1,1,80.7233,-6.17697,0,-130.885,-503.616,0,7.5e+13,0.75,0.2,0,CIRCLE,200,1
1956,1,1,1,136.123,17.0359,0,-14.8206,-780.613,0,7.5e+13,0.75,0.2,0,CIRCLE,200,1
1958,1,1,1,-63.1478,-25.7678,0,-228.839,215.739,0,7.5e+13,0.75,0.2,0,CIRCLE,200,1
1959,1,1,1,47.0573,152.282,0,661.412,-335.287,0,7.5e+13,0.75,0.2,0,CIRCLE,200,1
1961,1,1,1,-47.3963,3.2015,0,-83.9925,136.981,0,7.5e+13,0.75,0.2,0,CIRCLE,200,1
1962,1,1,1,-45.7756,194.625,0,873.124,128.878,0,7.5e+13,0.75,0.2,0,CIRCLE,200,1
1963,1,1,1,12.118,154.122,0,670.611,-160.59,0,7.5e+13,0.75,0.2,0,CIRCLE,200,1
1964,1,1,1,-18.1836,218.377,0,991.884,-9.08217,0,7.5e+13,0.75,0.2,0,CIRCLE,200,1
1965,1,1,1,88.0933,-63.5959,0,-417.98,-540.467,0,7.5e+13,0.75,0.2,0,CIRCLE,200,1
1966,1,1,1,-133.465,152.956,0,664.778,567.325,0,7.5e+13,0.75,0.2,0,CIRCLE,200,1
1967,1,1,1,28.3141,31.3666,0,56.8331,-241.571,0,7.5e+13,0.75,0.2,0,CIRCLE,200,1
1968,1,1,1,113.674,164.071,0,720.357,-668.372,0,7.5e+13,0.75,0.2,0,CIRCLE,200,1
1970,1,1,1,-54.3206,-60.391,0,-401.955,171.603,0,7.5e+13,0.75,0.2,0,CIRCLE,200,1
1971,1,1,1,-46.2425,-134.89,0,-774.452,131.212,0,7.5e+13,0.75,0.2,0,CIRCLE,200,1
1972,1,1,1,25.1082,38.3616,0,91.808,-225.541,0,7.5e+13,0.75,0.2,0,CIRCLE,200,1
1973,1,1,1,-156.192,67.7764,0,238.882,680.958,0,7.5e+13,0.75,0.2,0,CIRCLE,200,1
1974,1,1,1,16.4868,10.994,0,-45.0302,-182.434,0,7.5e+13,0.75,0.2,0,CIRCLE,200,1
1975,1,1,1,73.9057,-3.23606,0,-116.18,-469.529,0,7.5e+13,0.75,0.2,0,CIRCLE,200,1
1976,1,1,1,-60.789,213.536,0,967.679,203.945,0,7.5e+13,0.75,0.2,0,CIRCLE,200,1
1977,1,1,1,-205.256,-25.2184,0,-226.092,926.282,0,7.5e+13,0.75,0.2,0,CIRCLE,200,1
1978,1,1,1,0.465564,66.9004,0,234.502,-102.328,0,7.5e+13,0.75,0.2,0,CIRCLE,200,1
1979,1,1,1,31.6323,135.712,0,578.56,-258.161,0,7.5e+13,0.75,0.2,0,CIRCLE,200,1
1980,1,1,1,79.4293,3.33547,0,-83.3227,-497.146,0,7.5e+13,0.75,0.2,0,CIRCLE,200,1
1981,1,1,1,103.717,-82.7334,0,-513.667,-618.587,0,7.5e+13,0.75,0.2,0,CIRCLE,200,1
1982,1,1,1,-175.964,-92.8036,0,-564.018,779.821,0,7.5e+13,0.75,0.2,0,CIRCLE,200,1
1983,1,1,1,-90.9877,177.102,0,785.508,354.938,0,7.5e+13,0.75,0.2,0,CIRCLE,200,1
1984,1,1,1,164.435,56.7243,0,183.621,-922.174,0,7.5e+13,0.75,0.2,0,CIRCLE,200,1
1985,1,1,1,-90.6865,49.2724,0,146.362,353.432,0,7.5e+13,0.75,0.2,0,CIRCLE,200,1
1986,1,1,1,-55.5344,132.07,0,560.351,177.672,0,7.5e+13,0.75,0.2,0,CIRCLE,200,1
1987,1,1,1,71.6262,183.8,0,818.998,-458.131,0,7.5e+13,0.75,0.2,0,CIRCLE,200,1
1988,1,1,1,-82.3252,25.8432,0,29.2159,311.626,0,7.5e+13,0.75,0.2,0,CIRCLE,200,1
1989,1,1,1,-100.403,-1.99427,0,-109.971,402.017,0,7.5e+13,0.75,0.2,0,CIRCLE,200,1
1990,1,1,1,-148.263,67.0495,0,235.248,641.316,0,7.5e+13,0.75,0.2,0,CIRCLE,200,1
1991,1,1,1,-134.345,81.9267,0,309.633,571.725,0,7.5e+13,0.75,0.2,0,CIRCLE,200,1
1993,1,1,1,-85.5646,197.605,0,888.024,327.823,0,7.5e+13,0.75,0.2,0,CIRCLE,200,1
1994,1,1,1,62.926,92.8776,0,364.388,-414.63,0,7.5e+13,0.75,0.2,0,CIRCLE,200,1
1995,1,1,1,-25.7196,75.3231,0,276.615,28.598,0,7.5e+13,0.75,0.2,0,CIRCLE,200,1
1996,1,1,1,53.9197,189.755,0,848.774,-369.598,0,7.5e+13,0.75,0.2,0,CIRCLE,200,1
1997,1,1,1,-68.4549,16.0658,0,-19.6711,242.274,0,7.5e+13,0.75,0.2,0,CIRCLE,200,1
1998,1,1,1,2.06162,-92.628,0,-563.14,-110.308,0,7.5e+13,0.75,0.2,0,CIRCLE,200,1
1999,1,1,1,-121.415,-139.181,0,-795.907,507.074,0,7.5e+13,0.75,0.2,0,CIRCLE,200,1
2000,1,1,1,-166.247,-62.6471,0,-413.236,731.233,0,7.5e+13,0.75,0.2,0,CIRCLE,200,1
2001,1,1,1,16.3645,120.911,0,504.557,-181.823,0,7.5e+13,0.75,0.2,0,CIRCLE,200,1
2002,1,1,1,-86.8959,68.7165,0,243.582,334.479,0,7.5e+13,0.75,0.2,0,CIRCLE,200,1
2003,1,1,1,31.1983,167.552,0,737.76,-255.992,0,7.5e+13,0.75,0.2,0,CIRCLE,200,1
2004,1,1,1,35.7559,-36.8382,0,-284.191,-278.78,0,7.5e+13,0.75,0.2,0,CIRCLE,200,1
2005,1,1,1,45.0535,-107.359,0,-636.795,-325.267,0,7.5e+13,0.75,0.2,0,CIRCLE,200,1
2006,1,1,1,65.8408,123.992,0,519.959,-429.204,0,7.5e+13,0.75,0.2,0,CIRCLE,200,1
2007,1,1,1,-80.8616,-36.3773,0,-281.886,304.308,0,7.5e+13,0.75,0.2,0,CIRCLE,200,1
2008,1,1,1,-3.48856,-124.888,0,-724.442,-82.5572,0,7.5e+13,0.75,0.2,0,CIRCLE,200,1
2009,1,1,1,76.5497,126.245,0,531.223,-482.748,0,7.5e+13,0.75,0.2,0,CIRCLE,200,1
2010,1,1,1,-43.5741,-152.022,0,-860.111,117.871,0,7.5e+13,0.75,0.2,0,CIRCLE,200,1
2011,1,1,1,84.9649,-20.8149,0,-204.074,-524.825,0,7.5e+13,0.75,0.2,0,CIRCLE,200,1
2013,1,1,1,-170.892,-23.2421,0,-216.211,754.459,0,7.5e+13,0.75,0.2,0,CIRCLE,200,1
2014,1,1,1,-164.854,97.6609,0,388.305,724.268,0,7.5e+13,0.75,0.2,0,CIRCLE,200,1
2015,1,1,1,11.1016,129.859,0,549.295,-155.508,0,7.5e+13,0.75,0.2,0,CIRCLE,200,1
2016,1,1,1,-123.516,-27.1633,0,-235.817,517.578,0,7.5e+13,0.75,0.2,0,CIRCLE,200,1
2017,1,1,1,-21.5709,155.962,0,679.81,7.85429,0,7.5e+13,0.75,0.2,0,CIRCLE,200,1
2018,1,1,1,-60.266,-11.6932,0,-158.466,201.33,0,7.5e+13,0.75,0.2,0,CIRCLE,200,1
2019,1,1,1,103.658,-121.651,0,-708.253,-618.292,0,7.5e+13,0.75,0.2,0,CIRCLE,200,1
2020,1,1,1,-10.2114,154.543,0,672.714,-48.943,0,7.5e+13,0.75,0.2,0,CIRCLE,200,1
2021,1,1,1,139.979,-93.2723,0,-566.362,-799.897,0,7.5e+13,0.75,0.2,0,CIRCLE,200,1
2022,1,1,1,96.1682,33.8086,0,69.0428,-580.841,0,7.5e+13,0.75,0.2,0,CIRCLE,200,1
2023,1,1,1,-11.4319,-31.8685,0,-259.343,-42.8403,0,7.5e+13,0.75,0.2,0,CIRCLE,200,1
2024,1,1,1,-173.915,32.3484,0,61.7418,769.575,0,7.5e+13,0.75,0.2,0,CIRCLE,200,1
2026,1,1,1,-180.755,-90.4081,0,-552.041,803.776,0,7.5e+13,0.75,0.2,0,CIRCLE,200,1
2027,1,1,1,54.5063,-94.34,0,-571.7,-372.532,0,7.5e+13,0.75,0.2,0,CIRCLE,200,1
2028,1,1,1,-39.8155,-51.1107,0,-355.554,99.0774,0,7.5e+13,0.75,0.2,0,CIRCLE,200,1
2029,1,1,1,-109.315,69.1047,0,245.523,446.577,0,7.5e+13,0.75,0.2,0,CIRCLE,200,1
2030,1,1,1,162.985,-46.6252,0,-333.126,-914.923,0,7.5e+13,0.75,0.2,0,CIRCLE,200,1
2032,1,1,1,33.6684,136.827,0,584.135,-268.342,0,7.5e+13,0.75,0.2,0,CIRCLE,200,1
2033,1,1,1,29.3955,-65.8911,0,-429.456,-246.977,0,7.5e+13,0.75,0.2,0,CIRCLE,200,1
2034,1,1,1,-176.997,80.5452,0,302.726,784.986,0,7.5e+13,0.75,0.2,0,CIRCLE,200,1
2035,1,1,1,-103.543,94.5489,0,372.745,417.716,0,7.5e+13,0.75,0.2,0,CIRCLE,200,1
2036,1,1,1,178.252,18.0231,0,-9.88437,-991.261,0,7.5e+13,0.75,0.2,0,CIRCLE,200,1
2037,1,1,1,172.702,65.3751,0,226.875,-963.512,0,7.5e+13,0.75,0.2,0,CIRCLE,200,1
2038,1,1,1,146.824,-28.137,0,-240.685,-834.12,0,7.5e+13,0.75,0.2,0,CIRCLE,200,1
2039,1,1,1,-31.8225,115.662,0,478.312,59.1123,0,7.5e+13,0.75,0.2,0,CIRCLE,200,1
2040,1,1,1,-39.5933,8.92247,0,-55.3876,97.9663,0,7.5e+13,0.75,0.2,0,CIRCLE,200,1
2041,1,1,1,36.0935,203.547,0,917.733,-280.467,0,7.5e+13,0.75,0.2,0,CIRCLE,200,1
2042,1,1,1,38.394,178.789,0,793.947,-291.97,0,7.5e+13,0.75,0.2,0,CIRCLE,200,1
2043,1,1,1,-11.6772,-106.082,0,-630.412,-41.6141,0,7.5e+13,0.75,0.2,0,CIRCLE,200,1
2044,1,1,1,89.1083,-122.22,0,-711.099,-545.542,0,7.5e+13,0.75,0.2,0,CIRCLE,200,1
2045,1,1,1,2.5367,215.1,0,975.498,-112.683,0,7.5e+13,0.75,0.2,0,CIRCLE,200,1
2046,1,1,1,-76.5542,-95.2936,0,-576.468,282.771,0,7.5e+13,0.75,0.2,0,CIRCLE,200,1
2047,1,1,1,-20.8206,29.2736,0,46.3679,4.10283,0,7.5e+13,0.75,0.2,0,CIRCLE,200,1
2048,1,1,1,110.255,36.5225,0,82.6125,-651.274,0,7.5e+13,0.75,0.2,0,CIRCLE,200,1
2051,1,1,1,8.25304,48.5157,0,142.578,-141.265,0,7.5e+13,0.75,0.2,0,CIRCLE,200,1
2052,1,1,1,122.578,-0.117272,0,-100.586,-712.888,0,7.5e+13,0.75,0.2,0,CIRCLE,200,1
2053,1,1,1,8.44226,59.0993,0,195.497,-142.211,0,7.5e+13,0.75,0.2,0,CIRCLE,200,1
2054,1,1,1,-38.3586,-133.131,0,-765.655,91.7929,0,7.5e+13,0.75,0.2,0,CIRCLE,200,1
2055,1,1,1,-94.8439,-62.757,0,-413.785,374.22,0,7.5e+13,0.75,0.2,0,CIRCLE,200,1
2056,1,1,1,-63.2159,77.1775,0,285.887,216.079,0,7.5e+13,0.75,0.2,0,CIRCLE,200,1
2057,1,1,1,29.0455,205.535,0,927.673,-245.228,0,7.5e+13,0.75,0.2,0,CIRCLE,200,1
2059,1,1,1,-109.415,-94.0622,0,-570.311,447.077,0,7.5e+13,0.75,0.2,0,CIRCLE,200,1
2060,1,1,1,74.4517,169.864,0,749.32,-472.258,0,7.5e+13,0.75,0.2,0,CIRCLE,200,1
2061,1,1,1,-43.7968,-149.773,0,-848.867,118.984,0,7.5e+13,0.75,0.2,0,CIRCLE,200,1
2062,1,1,1,76.307,-103.657,0,-618.287,-481.535,0,7.5e+13,0.75,0.2,0,CIRCLE,200,1
2063,1,1,1,60.8903,-103.102,0,-615.512,-404.451,0,7.5e+13,0.75,0.2,0,CIRCLE,200,1
2064,1,1,1,113.387,102.335,0,411.674,-666.934,0,7.5e+13,0.75,0.2,0,CIRCLE,200,1
2065,1,1,1,-20.3475,-41.9605,0,-309.803,1.73764,0,7.5e+13,0.75,0.2,0,CIRCLE,200,1
2066,1,1,1,-104.531,-64.5833,0,-422.916,422.653,0,7.5e+13,0.75,0.2,0,CIRCLE,200,1
2067,1,1,1,-148.901,-93.5227,0,-567.613,644.505,0,7.5e+13,0.75,0.2,0,CIRCLE,200,1
2068,1,1,1,-151.354,106.809,0,434.045,656.768,0,7.5e+13,0.75,0.2,0,CIRCLE,200,1
2069,1,1,1,49.8825,-134.301,0,-771.504,-349.412,0,7.5e+13,0.75,0.2,0,CIRCLE,200,1
2070,1,1,1,24.4969,29.572,0,47.8601,-222.484,0,7.5e+13,0.75,0.2,0,CIRCLE,200,1
2071,1,1,1,-151.023,-28.0618,0,-240.309,655.114,0,7.5e+13,0.75,0.2,0,CIRCLE,200,1
2072,1,1,1,-73.4156,17.3604,0,-13.1981,267.078,0,7.5e+13,0.75,0.2,0,CIRCLE,200,1
2073,1,1,1,38.2515,-169.179,0,-945.897,-291.258,0,7.5e+13,0.75,0.2,0,CIRCLE,200,1
2074,1,1,1,137.755,40.6566,0,103.283,-788.774,0,7.5e+13,0.75,0.2,0,CIRCLE,200,1
2075,1,1,1,-165.178,-81.0674,0,-505.337,725.889,0,7.5e+13,0.75,0.2,0,CIRCLE,200,1
2076,1,1,1,11.3564,32.3314,0,61.6568,-156.782,0,7.5e+13,0.75,0.2,0,CIRCLE,200,1
2077,1,1,1,-79.9914,163.87,0,719.351,299.957,0,7.5e+13,0.75,0.2,0,CIRCLE,200,1
2078,1,1,1,-110.595,-63.8877,0,-419.438,452.975,0,7.5e+13,0.75,0.2,0,CIRCLE,200,1
2079,1,1,1,-8.87816,-176.57,0,-982.849,-55.6092,0,7.5e+13,0.75,0.2,0,CIRCLE,200,1
2080,1,1,1,36.1037,-170.081,0,-950.407,-280.518,0,7.5e+13,0.75,0.2,0,CIRCLE,200,1
2081,1,1,1,34.3807,-105.938,0,-629.691,-271.904,0,7.5e+13,0.75,0.2,0,CIRCLE,200,1
2082,1,1,1,-88.0718,-3.04738,0,-115.237,340.359,0,7.5e+13,0.75,0.2,0,CIRCLE,200,1
2083,1,1,1,-172.716,-12.5913,0,-162.957,763.579,0,7.5e+13,0.75,0.2,0,CIRCLE,200,1
2084,1,1,1,120.312,-53.1773,0,-365.886,-701.558,0,7.5e+13,0.75,0.2,0,CIRCLE,200,1
2086,1,1,1,-168.575,60.6731,0,203.365,742.874,0,7.5e+13,0.75,0.2,0,CIRCLE,200,1
2088,1,1,1,72.9088,166.356,0,731.781,-464.544,0,7.5e+13,0.75,0.2,0,CIRCLE,200,1
2089,1,1,1,-196.567,30.6271,0,53.1354,882.834,0,7.5e+13,0.75,0.2,0,CIRCLE,200,1
2090,1,1,1,-37.9457,-161.398,0,-906.991,89.7287,0,7.5e+13,0.75,0.2,0,CIRCLE,200,1
2092,1,1,1,-99.951,84.7619,0,323.809,399.755,0,7.5e+13,0.75,0.2,0,CIRCLE,200,1
2093,1,1,1,134.07,67.6105,0,238.052,-770.348,0,7.5e+13,0.75,0.2,0,CIRCLE,200,1
2094,1,1,1,160.467,37.4257,0,87.1284,-902.336,0,7.5e+13,0.75,0.2,0,CIRCLE,200,1
2095,1,1,1,141.093,-46.6567,0,-333.283,-805.464,0,7.5e+13,0.75,0.2,0,CIRCLE,200,1
2096,1,1,1,91.9068,-8.94606,0,-144.73,-559.534,0,7.5e+13,0.75,0.2,0,CIRCLE,200,1
2097,1,1,1,14.9082,-18.6511,0,-193.255,-174.541,0,7.5e+13,0.75,0.2,0,CIRCLE,200,1
2098,1,1,1,-27.9587,103.724,0,418.618,39.7933,0,7.5e+13,0.75,0.2,0,CIRCLE,200,1
2099,1,1,1,-43.8226,-102.93,0,-614.648,119.113,0,7.5e+13,0.75,0.2,0,CIRCLE,200,1
2100,1,1,1,-166.67,-49.2176,0,-346.088,733.352,0,7.5e+13,0.75,0.2,0,CIRCLE,200,1
2101,1,1,1,-40.0441,33.7947,0,68.9737,100.22,0,7.5e+13,0.75,0.2,0,CIRCLE,200,1
2102,1,1,1,-216.765,16.9625,0,-15.1877,983.823,0,7.5e+13,0.75,0.2,0,CIRCLE,200,1
2103,1,1,1,-123.534,-78.0294,0,-490.147,517.668,0,7.5e+13,0.75,0.2,0,CIRCLE,200,1
2104,1,1,1,68.3811,-142.875,0,-814.374,-441.905,0,7.5e+13,0.75,0.2,0,CIRCLE,200,1
2105,1,1,1,-61.3171,29.083,0,45.4149,206.586,0,7.5e+13,0.75,0.2,0,CIRCLE,200,1
2106,1,1,1,78.9013,153.041,0,665.204,-494.507,0,7.5e+13,0.75,0.2,0,CIRCLE,200,1
2107,1,1,1,32.6506,-15.7538,0,-178.769,-263.253,0,7.5e+13,0.75,0.2,0,CIRCLE,200,1
2108,1,1,1,-30.7896,27.5452,0,37.7258,53.948,0,7.5e+13,0.75,0.2,0,CIRCLE,200,1
2109,1,1,1,-135.958,-138.16,0,-790.798,579.789,0,7.5e+13,0.75,0.2,0,CIRCLE,200,1
