PARTICLE_ID,R,G,B,X,Y,Z,VX,VY,VZ,M,RAD,REST,TEMP,COMPLEXITY,COMPLEXITY_SIZE,COMPLEXITY_N
0,0.5,0.5,0.5,195.196,-13.3474,0,8.56286,-1050.98,0,2.31481e+12,3,0.2,0,CIRCLE,280,1
1,0.5,0.5,0.5,72.815,220.995,0,1180.28,-439.075,0,2.31481e+12,3,0.2,0,CIRCLE,280,1
2,0.5,0.5,0.5,-181.947,-113.745,0,-493.427,834.736,0,2.31481e+12,3,0.2,0,CIRCLE,280,1
3,0.5,0.5,0.5,-171.176,199.132,0,1070.96,780.88,0,2.31481e+12,3,0.2,0,CIRCLE,280,1
4,0.5,0.5,0.5,91.9018,-232.039,0,-1084.89,-534.509,0,2.31481e+12,3,0.2,0,CIRCLE,280,1
5,0.5,0.5,0.5,104.105,215.554,0,1153.07,-595.526,0,2.31481e+12,3,0.2,0,CIRCLE,280,1
6,0.5,0.5,0.5,-64.2875,-209.504,0,-972.221,246.438,0,2.31481e+12,3,0.2,0,CIRCLE,280,1
7,0.5,0.5,0.5,-26.4064,17.3216,0,161.908,57.0321,0,2.31481e+12,3,0.2,0,CIRCLE,280,1
8,0.5,0.5,0.5,126.918,76.8284,0,459.442,-709.588,0,2.31481e+12,3,0.2,0,CIRCLE,280,1
9,0.5,0.5,0.5,53.5826,76.1201,0,455.901,-342.913,0,2.31481e+12,3,0.2,0,CIRCLE,280,1
10,0.5,0.5,0.5,171.443,-28.4657,0,-67.0287,-932.214,0,2.31481e+12,3,0.2,0,CIRCLE,280,1
11,0.5,0.5,0.5,-0.977355,-1.98305,0,65.3848,-70.1132,0,2.31481e+12,3,0.2,0,CIRCLE,280,1
12,0.5,0.5,0.5,156.852,-5.36761,0,48.462,-859.259,0,2.31481e+12,3,0.2,0,CIRCLE,280,1
13,0.5,0.5,0.5,-222.441,-56.8224,0,-208.812,1037.2,0,2.31481e+12,3,0.2,0,CIRCLE,280,1
14,0.5,0.5,0.5,-190.078,-145.19,0,-650.652,875.389,0,2.31481e+12,3,0.2,0,CIRCLE,280,1
15,0.5,0.5,0.5,99.5346,182.141,0,986.005,-572.673,0,2.31481e+12,3,0.2,0,CIRCLE,280,1
16,0.5,0.5,0.5,-173.272,35.5598,0,253.099,791.361,0,2.31481e+12,3,0.2,0,CIRCLE,280,1
17,0.5,0.5,0.5,189.403,61.5619,0,383.109,-1022.02,0,2.31481e+12,3,0.2,0,CIRCLE,280,1
18,0.5,0.5,0.5,37.1313,-260.37,0,-1226.55,-260.657,0,2.31481e+12,3,0.2,0,CIRCLE,280,1
19,0.5,0.5,0.5,-167.661,-34.1714,0,-95.5568,763.304,0,2.31481e+12,3,0.2,0,CIRCLE,280,1
20,0.5,0.5,0.5,154.806,-182.742,0,-838.412,-849.028,0,2.31481e+12,3,0.2,0,CIRCLE,280,1
21,0.5,0.5,0.5,244.124,-88.6948,0,-368.174,-1295.62,0,2.31481e+12,3,0.2,0,CIRCLE,280,1
22,0.5,0.5,0.5,-117.425,-40.8553,0,-128.976,512.124,0,2.31481e+12,3,0.2,0,CIRCLE,280,1
23,0.5,0.5,0.5,-146.993,17.0566,0,160.583,659.964,0,2.31481e+12,3,0.2,0,CIRCLE,280,1
24,0.5,0.5,0.5,68.0932,-112.613,0,-487.764,-415.466,0,2.31481e+12,3,0.2,0,CIRCLE,280,1
25,0.5,0.5,0.5,32.6455,-267.73,0,-1263.35,-238.227,0,2.31481e+12,3,0.2,0,CIRCLE,280,1
26,0.5,0.5,0.5,264.901,-20.6363,0,-27.8816,-1399.5,0,2.31481e+12,3,0.2,0,CIRCLE,280,1
27,0.5,0.5,0.5,-149.093,-128.076,0,-565.08,670.465,0,2.31481e+12,3,0.2,0,CIRCLE,280,1
28,0.5,0.5,0.5,-30.525,136.874,0,759.671,77.6251,0,2.31481e+12,3,0.2,0,CIRCLE,280,1
29,0.5,0.5,0.5,8.15116,-51.4075,0,-181.738,-115.756,0,2.31481e+12,3,0.2,0,CIRCLE,280,1
30,0.5,0.5,0.5,-75.5835,44.9278,0,299.939,302.917,0,2.31481e+12,3,0.2,0,CIRCLE,280,1
31,0.5,0.5,0.5,-44.3165,-74.5635,0,-297.517,146.583,0,2.31481e+12,3,0.2,0,CIRCLE,280,1
32,0.5,0.5,0.5,252.981,-0.185701,0,74.3715,-1339.9,0,2.31481e+12,3,0.2,0,CIRCLE,280,1
33,0.5,0.5,0.5,-38.6869,129.34,0,722,118.434,0,2.31481e+12,3,0.2,0,CIRCLE,280,1
34,0.5,0.5,0.5,-213.169,-137.139,0,-610.394,990.844,0,2.31481e+12,3,0.2,0,CIRCLE,280,1
35,0.5,0.5,0.5,109.84,-218.401,0,-1016.71,-624.199,0,2.31481e+12,3,0.2,0,CIRCLE,280,1
36,0.5,0.5,0.5,-141.319,-3.01061,0,60.2469,631.593,0,2.31481e+12,3,0.2,0,CIRCLE,280,1
37,0.5,0.5,0.5,-22.5406,-206.495,0,-957.175,37.7032,0,2.31481e+12,3,0.2,0,CIRCLE,280,1
38,0.5,0.5,0.5,-278.328,56.2196,0,356.398,1316.64,0,2.31481e+12,3,0.2,0,CIRCLE,280,1
39,0.5,0.5,0.5,-18.2192,-107.08,0,-460.101,16.0962,0,2.31481e+12,3,0.2,0,CIRCLE,280,1
40,0.5,0.5,0.5,-156.206,-116.307,0,-506.237,706.032,0,2.31481e+12,3,0.2,0,CIRCLE,280,1
41,0.5,0.5,0.5,-35.5522,-232.533,0,-1087.36,102.761,0,2.31481e+12,3,0.2,0,CIRCLE,280,1
42,0.5,0.5,0.5,-166.193,-88.957,0,-369.485,755.965,0,2.31481e+12,3,0.2,0,CIRCLE,280,1
43,0.5,0.5,0.5,62.0315,93.2328,0,541.464,-385.157,0,2.31481e+12,3,0.2,0,CIRCLE,280,1
44,0.5,0.5,0.5,-238.654,98.6863,0,568.731,1118.27,0,2.31481e+12,3,0.2,0,CIRCLE,280,1
45,0.5,0.5,0.5,-291.988,-44.8852,0,-149.126,1384.94,0,2.31481e+12,3,0.2,0,CIRCLE,280,1
46,0.5,0.5,0.5,-13.3983,-179.589,0,-822.643,-8.00871,0,2.31481e+12,3,0.2,0,CIRCLE,280,1
48,0.5,0.5,0.5,-85.4883,-11.4083,0,18.2585,352.441,0,2.31481e+12,3,0.2,0,CIRCLE,280,1
49,0.5,0.5,0.5,-76.7622,-204.109,0,-945.246,308.811,0,2.31481e+12,3,0.2,0,CIRCLE,280,1
50,0.5,0.5,0.5,148.83,203.19,0,1091.25,-819.152,0,2.31481e+12,3,0.2,0,CIRCLE,280,1
51,0.5,0.5,0.5,152.761,191.924,0,1034.92,-838.803,0,2.31481e+12,3,0.2,0,CIRCLE,280,1
52,0.5,0.5,0.5,-69.129,-159.323,0,-721.314,270.645,0,2.31481e+12,3,0.2,0,CIRCLE,280,1
53,0.5,0.5,0.5,-81.5103,18.0731,0,165.665,332.552,0,2.31481e+12,3,0.2,0,CIRCLE,280,1
54,0.5,0.5,0.5,211.361,-63.1946,0,-240.673,-1131.8,0,2.31481e+12,3,0.2,0,CIRCLE,280,1
55,0.5,0.5,0.5,134.807,200.255,0,1076.58,-749.033,0,2.31481e+12,3,0.2,0,CIRCLE,280,1
56,0.5,0.5,0.5,77.9897,-207.316,0,-961.281,-464.949,0,2.31481e+12,3,0.2,0,CIRCLE,280,1
57,0.5,0.5,0.5,27.5405,95.1684,0,551.142,-212.703,0,2.31481e+12,3,0.2,0,CIRCLE,280,1
58,0.5,0.5,0.5,64.0965,-191.081,0,-880.105,-395.483,0,2.31481e+12,3,0.2,0,CIRCLE,280,1
59,0.5,0.5,0.5,96.1507,149.782,0,824.208,-555.753,0,2.31481e+12,3,0.2,0,CIRCLE,280,1
60,0.5,0.5,0.5,-35.1058,-192.184,0,-885.619,100.529,0,2.31481e+12,3,0.2,0,CIRCLE,280,1
61,0.5,0.5,0.5,-54.0204,192.526,0,1037.93,195.102,0,2.31481e+12,3,0.2,0,CIRCLE,280,1
62,0.5,0.5,0.5,-115.536,-236.701,0,-1108.2,502.68,0,2.31481e+12,3,0.2,0,CIRCLE,280,1
63,0.5,0.5,0.5,-48.887,-205.039,0,-949.895,169.435,0,2.31481e+12,3,0.2,0,CIRCLE,280,1
64,0.5,0.5,0.5,106.56,103.572,0,593.162,-607.799,0,2.31481e+12,3,0.2,0,CIRCLE,280,1
65,0.5,0.5,0.5,11.6114,-60.2038,0,-225.719,-133.057,0,2.31481e+12,3,0.2,0,CIRCLE,280,1
66,0.5,0.5,0.5,-241.685,-39.326,0,-121.33,1133.43,0,2.31481e+12,3,0.2,0,CIRCLE,280,1
67,0.5,0.5,0.5,-96.0308,25.5069,0,202.835,405.154,0,2.31481e+12,3,0.2,0,CIRCLE,280,1
68,0.5,0.5,0.5,240.267,-99.1145,0,-420.273,-1276.34,0,2.31481e+12,3,0.2,0,CIRCLE,280,1
69,0.5,0.5,0.5,-171.782,-65.4483,0,-251.941,783.908,0,2.31481e+12,3,0.2,0,CIRCLE,280,1
70,0.5,0.5,0.5,-183.761,15.3015,0,151.808,843.806,0,2.31481e+12,3,0.2,0,CIRCLE,280,1
71,0.5,0.5,0.5,75.2085,-144.249,0,-645.945,-451.043,0,2.31481e+12,3,0.2,0,CIRCLE,280,1
72,0.5,0.5,0.5,-155.481,24.7636,0,199.118,702.406,0,2.31481e+12,3,0.2,0,CIRCLE,280,1
73,0.5,0.5,0.5,136.925,-31.3181,0,-81.2903,-759.625,0,2.31481e+12,3,0.2,0,CIRCLE,280,1
74,0.5,0.5,0.5,-29.3145,-225.404,0,-1051.72,71.5723,0,2.31481e+12,3,0.2,0,CIRCLE,280,1
75,0.5,0.5,0.5,66.3256,215.376,0,1152.18,-406.628,0,2.31481e+12,3,0.2,0,CIRCLE,280,1
76,0.5,0.5,0.5,79.0867,-164.412,0,-746.76,-470.433,0,2.31481e+12,3,0.2,0,CIRCLE,280,1
77,0.5,0.5,0.5,-279.172,-16.4944,0,-7.17181,1320.86,0,2.31481e+12,3,0.2,0,CIRCLE,280,1
78,0.5,0.5,0.5,260.099,32.9531,0,240.065,-1375.49,0,2.31481e+12,3,0.2,0,CIRCLE,280,1
79,0.5,0.5,0.5,-71.495,-42.7155,0,-138.277,282.475,0,2.31481e+12,3,0.2,0,CIRCLE,280,1
80,0.5,0.5,0.5,-135.967,-39.1228,0,-120.314,604.834,0,2.31481e+12,3,0.2,0,CIRCLE,280,1
81,0.5,0.5,0.5,107.334,-199.857,0,-923.987,-611.67,0,2.31481e+12,3,0.2,0,CIRCLE,280,1
82,0.5,0.5,0.5,-83.3044,-119.144,0,-520.422,341.522,0,2.31481e+12,3,0.2,0,CIRCLE,280,1
83,0.5,0.5,0.5,38.8086,-97.3003,0,-411.201,-269.043,0,2.31481e+12,3,0.2,0,CIRCLE,280,1
84,0.5,0.5,0.5,171.051,138.773,0,769.163,-930.256,0,2.31481e+12,3,0.2,0,CIRCLE,280,1
85,0.5,0.5,0.5,-121.41,234.913,0,1249.87,532.051,0,2.31481e+12,3,0.2,0,CIRCLE,280,1
86,0.5,0.5,0.5,-51.497,143.224,0,791.422,182.485,0,2.31481e+12,3,0.2,0,CIRCLE,280,1
87,0.5,0.5,0.5,137.509,169.973,0,925.165,-762.543,0,2.31481e+12,3,0.2,0,CIRCLE,280,1
89,0.5,0.5,0.5,-210.599,-157.558,0,-712.491,977.993,0,2.31481e+12,3,0.2,0,CIRCLE,280,1
90,0.5,0.5,0.5,-16.8213,91.4119,0,532.36,9.10655,0,2.31481e+12,3,0.2,0,CIRCLE,280,1
91,0.5,0.5,0.5,54.155,-14.2972,0,3.81421,-345.775,0,2.31481e+12,3,0.2,0,CIRCLE,280,1
92,0.5,0.5,0.5,74.4688,-257.572,0,-1212.56,-447.344,0,2.31481e+12,3,0.2,0,CIRCLE,280,1
93,0.5,0.5,0.5,8.34083,77.2961,0,461.78,-116.704,0,2.31481e+12,3,0.2,0,CIRCLE,280,1
94,0.5,0.5,0.5,-46.5763,-25.9684,0,-54.5419,157.881,0,2.31481e+12,3,0.2,0,CIRCLE,280,1
95,0.5,0.5,0.5,127.556,108.74,0,618.999,-712.78,0,2.31481e+12,3,0.2,0,CIRCLE,280,1
96,0.5,0.5,0.5,-11.7646,-246.913,0,-1159.26,-16.177,0,2.31481e+12,3,0.2,0,CIRCLE,280,1
97,0.5,0.5,0.5,-88.2914,-35.5178,0,-102.289,366.457,0,2.31481e+12,3,0.2,0,CIRCLE,280,1
98,0.5,0.5,0.5,-131.011,33.7207,0,243.904,580.053,0,2.31481e+12,3,0.2,0,CIRCLE,280,1
100,0.5,0.5,0.5,-139.45,37.2932,0,261.766,622.251,0,2.31481e+12,3,0.2,0,CIRCLE,280,1
101,0.5,0.5,0.5,-195.366,-111.033,0,-479.866,901.828,0,2.31481e+12,3,0.2,0,CIRCLE,280,1
102,0.5,0.5,0.5,-92.3894,-96.0549,0,-404.975,386.947,0,2.31481e+12,3,0.2,0,CIRCLE,280,1
103,0.5,0.5,0.5,-289.684,-22.1386,0,-35.3931,1373.42,0,2.31481e+12,3,0.2,0,CIRCLE,280,1
104,0.5,0.5,0.5,-104.998,-268.781,0,-1268.6,449.992,0,2.31481e+12,3,0.2,0,CIRCLE,280,1
105,0.5,0.5,0.5,44.7933,135.874,0,754.672,-298.966,0,2.31481e+12,3,0.2,0,CIRCLE,280,1
106,0.5,0.5,0.5,106.544,236.494,0,1257.77,-607.72,0,2.31481e+12,3,0.2,0,CIRCLE,280,1
107,0.5,0.5,0.5,-284.781,58.9096,0,369.848,1348.91,0,2.31481e+12,3,0.2,0,CIRCLE,280,1
108,0.5,0.5,0.5,166.125,112.308,0,636.839,-905.624,0,2.31481e+12,3,0.2,0,CIRCLE,280,1
109,0.5,0.5,0.5,138.613,88.5419,0,518.01,-768.064,0,2.31481e+12,3,0.2,0,CIRCLE,280,1
110,0.5,0.5,0.5,41.0037,-40.7045,0,-128.222,-280.019,0,2.31481e+12,3,0.2,0,CIRCLE,280,1
111,0.5,0.5,0.5,103.926,-107.704,0,-463.221,-594.628,0,2.31481e+12,3,0.2,0,CIRCLE,280,1
112,0.5,0.5,0.5,19.9009,228.057,0,1215.59,-174.505,0,2.31481e+12,3,0.2,0,CIRCLE,280,1
113,0.5,0.5,0.5,-121.55,51.946,0,335.03,532.748,0,2.31481e+12,3,0.2,0,CIRCLE,280,1
114,0.5,0.5,0.5,-165.893,-171.832,0,-783.858,754.466,0,2.31481e+12,3,0.2,0,CIRCLE,280,1
115,0.5,0.5,0.5,-197.443,42.2419,0,286.509,912.215,0,2.31481e+12,3,0.2,0,CIRCLE,280,1
116,0.5,0.5,0.5,-197.245,-143.644,0,-642.92,911.223,0,2.31481e+12,3,0.2,0,CIRCLE,280,1
117,0.5,0.5,0.5,140.972,-216.619,0,-1007.79,-779.858,0,2.31481e+12,3,0.2,0,CIRCLE,280,1
118,0.5,0.5,0.5,-183.343,-182.868,0,-839.04,841.717,0,2.31481e+12,3,0.2,0,CIRCLE,280,1
119,0.5,0.5,0.5,-172.067,-83.8518,0,-343.959,785.333,0,2.31481e+12,3,0.2,0,CIRCLE,280,1
120,0.5,0.5,0.5,81.5341,205.302,0,1101.81,-482.671,0,2.31481e+12,3,0.2,0,CIRCLE,280,1
121,0.5,0.5,0.5,-265.558,-105.441,0,-451.904,1252.79,0,2.31481e+12,3,0.2,0,CIRCLE,280,1
122,0.5,0.5,0.5,-9.54657,106.586,0,608.23,-27.2671,0,2.31481e+12,3,0.2,0,CIRCLE,280,1
123,0.5,0.5,0.5,-200.156,-158.109,0,-715.244,925.782,0,2.31481e+12,3,0.2,0,CIRCLE,280,1
124,0.5,0.5,0.5,-158.052,-99.1311,0,-420.356,715.258,0,2.31481e+12,3,0.2,0,CIRCLE,280,1
125,0.5,0.5,0.5,-94.3386,-12.2376,0,14.1118,396.693,0,2.31481e+12,3,0.2,0,CIRCLE,280,1
126,0.5,0.5,0.5,-27.7306,-233.684,0,-1093.12,63.6532,0,2.31481e+12,3,0.2,0,CIRCLE,280,1
127,0.5,0.5,0.5,-184.304,-174.75,0,-798.45,846.521,0,2.31481e+12,3,0.2,0,CIRCLE,280,1
128,0.5,0.5,0.5,21.324,-116.838,0,-508.892,-181.62,0,2.31481e+12,3,0.2,0,CIRCLE,280,1
129,0.5,0.5,0.5,-246.621,-134.924,0,-599.32,1158.11,0,2.31481e+12,3,0.2,0,CIRCLE,280,1
130,0.5,0.5,0.5,171.496,-130.81,0,-578.75,-932.481,0,2.31481e+12,3,0.2,0,CIRCLE,280,1
131,0.5,0.5,0.5,-23.135,-72.6352,0,-287.876,40.6749,0,2.31481e+12,3,0.2,0,CIRCLE,280,1
132,0.5,0.5,0.5,-151.675,-255.583,0,-1202.61,683.373,0,2.31481e+12,3,0.2,0,CIRCLE,280,1
133,0.5,0.5,0.5,-98.911,178.867,0,969.633,419.555,0,2.31481e+12,3,0.2,0,CIRCLE,280,1
134,0.5,0.5,0.5,-55.1248,94.6618,0,548.609,200.624,0,2.31481e+12,3,0.2,0,CIRCLE,280,1
135,0.5,0.5,0.5,187.625,149.549,0,823.044,-1013.12,0,2.31481e+12,3,0.2,0,CIRCLE,280,1
136,0.5,0.5,0.5,128.486,-209.335,0,-971.376,-717.429,0,2.31481e+12,3,0.2,0,CIRCLE,280,1
137,0.5,0.5,0.5,75.0848,117.344,0,662.018,-450.424,0,2.31481e+12,3,0.2,0,CIRCLE,280,1
138,0.5,0.5,0.5,53.0622,22.0553,0,185.576,-340.311,0,2.31481e+12,3,0.2,0,CIRCLE,280,1
139,0.5,0.5,0.5,-175.413,-211.356,0,-981.481,802.066,0,2.31481e+12,3,0.2,0,CIRCLE,280,1
140,0.5,0.5,0.5,-194.992,-67.4042,0,-261.721,899.959,0,2.31481e+12,3,0.2,0,CIRCLE,280,1
141,0.5,0.5,0.5,-143.688,67.8313,0,414.456,643.441,0,2.31481e+12,3,0.2,0,CIRCLE,280,1
142,0.5,0.5,0.5,-208.605,27.5614,0,213.107,968.027,0,2.31481e+12,3,0.2,0,CIRCLE,280,1
144,0.5,0.5,0.5,-26.8179,-171.425,0,-781.825,59.0897,0,2.31481e+12,3,0.2,0,CIRCLE,280,1
145,0.5,0.5,0.5,112.069,-257.991,0,-1214.66,-635.346,0,2.31481e+12,3,0.2,0,CIRCLE,280,1
147,0.5,0.5,0.5,-99.1614,243.701,0,1293.81,420.807,0,2.31481e+12,3,0.2,0,CIRCLE,280,1
148,0.5,0.5,0.5,35.0463,36.4698,0,257.649,-250.231,0,2.31481e+12,3,0.2,0,CIRCLE,280,1
149,0.5,0.5,0.5,29.1976,-212.924,0,-989.319,-220.988,0,2.31481e+12,3,0.2,0,CIRCLE,280,1
150,0.5,0.5,0.5,-226.353,-189.038,0,-869.889,1056.77,0,2.31481e+12,3,0.2,0,CIRCLE,280,1
151,0.5,0.5,0.5,220.461,99.9257,0,574.928,-1177.31,0,2.31481e+12,3,0.2,0,CIRCLE,280,1
152,0.5,0.5,0.5,-105.264,-145.793,0,-653.665,451.321,0,2.31481e+12,3,0.2,0,CIRCLE,280,1
153,0.5,0.5,0.5,142.384,106.764,0,609.118,-786.918,0,2.31481e+12,3,0.2,0,CIRCLE,280,1
154,0.5,0.5,0.5,6.64278,134.3,0,746.8,-108.214,0,2.31481e+12,3,0.2,0,CIRCLE,280,1
155,0.5,0.5,0.5,167.148,-115.166,0,-500.53,-910.742,0,2.31481e+12,3,0.2,0,CIRCLE,280,1
156,0.5,0.5,0.5,-64.3595,-95.8904,0,-404.152,246.798,0,2.31481e+12,3,0.2,0,CIRCLE,280,1
157,0.5,0.5,0.5,-187.217,-6.91992,0,40.7004,861.084,0,2.31481e+12,3,0.2,0,CIRCLE,280,1
158,0.5,0.5,0.5,-264.348,-10.0028,0,25.2858,1246.74,0,2.31481e+12,3,0.2,0,CIRCLE,280,1
159,0.5,0.5,0.5,-187.847,-25.0706,0,-50.0529,864.235,0,2.31481e+12,3,0.2,0,CIRCLE,280,1
160,0.5,0.5,0.5,-92.3801,-204.032,0,-944.858,386.9,0,2.31481e+12,3,0.2,0,CIRCLE,280,1
162,0.5,0.5,0.5,220.418,-6.28358,0,43.8821,-1177.09,0,2.31481e+12,3,0.2,0,CIRCLE,280,1
164,0.5,0.5,0.5,113.185,-163.668,0,-743.04,-640.927,0,2.31481e+12,3,0.2,0,CIRCLE,280,1
165,0.5,0.5,0.5,-18.302,-212.348,0,-986.44,16.5102,0,2.31481e+12,3,0.2,0,CIRCLE,280,1
166,0.5,0.5,0.5,-196,154.739,0,848.997,905.001,0,2.31481e+12,3,0.2,0,CIRCLE,280,1
168,0.5,0.5,0.5,198.84,-76.082,0,-305.11,-1069.2,0,2.31481e+12,3,0.2,0,CIRCLE,280,1
169,0.5,0.5,0.5,61.2461,138.387,0,767.236,-381.23,0,2.31481e+12,3,0.2,0,CIRCLE,280,1
170,0.5,0.5,0.5,148.442,162.651,0,888.555,-817.208,0,2.31481e+12,3,0.2,0,CIRCLE,280,1
171,0.5,0.5,0.5,194.041,-80.4331,0,-326.866,-1045.21,0,2.31481e+12,3,0.2,0,CIRCLE,280,1
172,0.5,0.5,0.5,143.357,12.9791,0,140.196,-791.785,0,2.31481e+12,3,0.2,0,CIRCLE,280,1
174,0.5,0.5,0.5,159.48,174.65,0,948.548,-872.402,0,2.31481e+12,3,0.2,0,CIRCLE,280,1
175,0.5,0.5,0.5,127.357,-177.88,0,-814.102,-711.783,0,2.31481e+12,3,0.2,0,CIRCLE,280,1
176,0.5,0.5,0.5,-60.8621,-269.652,0,-1272.96,229.311,0,2.31481e+12,3,0.2,0,CIRCLE,280,1
177,0.5,0.5,0.5,84.1516,-5.82889,0,46.1555,-495.758,0,2.31481e+12,3,0.2,0,CIRCLE,280,1
178,0.5,0.5,0.5,-72.4994,-227.316,0,-1061.28,287.497,0,2.31481e+12,3,0.2,0,CIRCLE,280,1
179,0.5,0.5,0.5,-0.447713,55.4184,0,352.392,-72.7614,0,2.31481e+12,3,0.2,0,CIRCLE,280,1
180,0.5,0.5,0.5,92.8772,178.112,0,965.86,-539.386,0,2.31481e+12,3,0.2,0,CIRCLE,280,1
181,0.5,0.5,0.5,-100.616,118.084,0,665.721,428.079,0,2.31481e+12,3,0.2,0,CIRCLE,280,1
182,0.5,0.5,0.5,-168.277,153.311,0,841.856,766.384,0,2.31481e+12,3,0.2,0,CIRCLE,280,1
183,0.5,0.5,0.5,66.3093,-253.009,0,-1189.74,-406.546,0,2.31481e+12,3,0.2,0,CIRCLE,280,1
184,0.5,0.5,0.5,-230.849,-51.3257,0,-181.328,1079.25,0,2.31481e+12,3,0.2,0,CIRCLE,280,1
185,0.5,0.5,0.5,64.2186,-268.637,0,-1267.88,-396.093,0,2.31481e+12,3,0.2,0,CIRCLE,280,1
186,0.5,0.5,0.5,121.443,160.469,0,877.643,-682.213,0,2.31481e+12,3,0.2,0,CIRCLE,280,1
187,0.5,0.5,0.5,-130.343,66.1544,0,406.072,576.716,0,2.31481e+12,3,0.2,0,CIRCLE,280,1
188,0.5,0.5,0.5,154.349,180.877,0,979.685,-846.745,0,2.31481e+12,3,0.2,0,CIRCLE,280,1
189,0.5,0.5,0.5,152.541,58.961,0,370.105,-837.704,0,2.31481e+12,3,0.2,0,CIRCLE,280,1
190,0.5,0.5,0.5,-152.883,-83.4651,0,-342.025,689.415,0,2.31481e+12,3,0.2,0,CIRCLE,280,1
191,0.5,0.5,0.5,-141.967,-54.542,0,-197.41,634.833,0,2.31481e+12,3,0.2,0,CIRCLE,280,1
192,0.5,0.5,0.5,-50.0169,71.297,0,431.785,175.085,0,2.31481e+12,3,0.2,0,CIRCLE,280,1
194,0.5,0.5,0.5,-68.0795,227.838,0,1214.49,265.398,0,2.31481e+12,3,0.2,0,CIRCLE,280,1
195,0.5,0.5,0.5,181.82,-167.214,0,-760.772,-984.101,0,2.31481e+12,3,0.2,0,CIRCLE,280,1
197,0.5,0.5,0.5,-181.6,183.51,0,992.849,833,0,2.31481e+12,3,0.2,0,CIRCLE,280,1
198,0.5,0.5,0.5,20.0563,242.829,0,1289.45,-175.281,0,2.31481e+12,3,0.2,0,CIRCLE,280,1
199,0.5,0.5,0.5,3.02062,123.708,0,693.841,-90.1031,0,2.31481e+12,3,0.2,0,CIRCLE,280,1
200,0.5,0.5,0.5,-283.064,-88.1628,0,-365.514,1340.32,0,2.31481e+12,3,0.2,0,CIRCLE,280,1
201,0.5,0.5,0.5,60.3752,11.4987,0,132.793,-376.876,0,2.31481e+12,3,0.2,0,CIRCLE,280,1
202,0.5,0.5,0.5,-195.73,-43.2457,0,-140.929,903.651,0,2.31481e+12,3,0.2,0,CIRCLE,280,1
203,0.5,0.5,0.5,102.977,64.8186,0,399.393,-589.887,0,2.31481e+12,3,0.2,0,CIRCLE,280,1
204,0.5,0.5,0.5,89.9139,-100.099,0,-425.195,-524.569,0,2.31481e+12,3,0.2,0,CIRCLE,280,1
205,0.5,0.5,0.5,44.933,63.8386,0,394.493,-299.665,0,2.31481e+12,3,0.2,0,CIRCLE,280,1
206,0.5,0.5,0.5,57.052,-48.0034,0,-164.717,-360.26,0,2.31481e+12,3,0.2,0,CIRCLE,280,1
207,0.5,0.5,0.5,49.9006,4.78319,0,99.2159,-324.503,0,2.31481e+12,3,0.2,0,CIRCLE,280,1
208,0.5,0.5,0.5,-153.347,214.287,0,1146.73,691.737,0,2.31481e+12,3,0.2,0,CIRCLE,280,1
209,0.5,0.5,0.5,-163.066,94.5755,0,548.177,740.328,0,2.31481e+12,3,0.2,0,CIRCLE,280,1
210,0.5,0.5,0.5,226.677,-100.015,0,-424.776,-1208.38,0,2.31481e+12,3,0.2,0,CIRCLE,280,1
211,0.5,0.5,0.5,-266.026,-69.8314,0,-273.857,1255.13,0,2.31481e+12,3,0.2,0,CIRCLE,280,1
212,0.5,0.5,0.5,-76.3412,-180.577,0,-827.587,306.706,0,2.31481e+12,3,0.2,0,CIRCLE,280,1
213,0.5,0.5,0.5,-16.0606,3.40194,0,92.3097,5.30323,0,2.31481e+12,3,0.2,0,CIRCLE,280,1
214,0.5,0.5,0.5,-285.07,-58.8014,0,-218.707,1350.35,0,2.31481e+12,3,0.2,0,CIRCLE,280,1
216,0.5,0.5,0.5,-136.482,-87.4208,0,-361.804,607.408,0,2.31481e+12,3,0.2,0,CIRCLE,280,1
217,0.5,0.5,0.5,-124.666,-264.165,0,-1245.53,548.33,0,2.31481e+12,3,0.2,0,CIRCLE,280,1
218,0.5,0.5,0.5,-257.785,89.1596,0,521.098,1213.92,0,2.31481e+12,3,0.2,0,CIRCLE,280,1
220,0.5,0.5,0.5,-214.418,-162.875,0,-739.075,997.091,0,2.31481e+12,3,0.2,0,CIRCLE,280,1
221,0.5,0.5,0.5,-108.643,-63.9638,0,-244.519,468.216,0,2.31481e+12,3,0.2,0,CIRCLE,280,1
222,0.5,0.5,0.5,14.9779,155.672,0,853.662,-149.89,0,2.31481e+12,3,0.2,0,CIRCLE,280,1
223,0.5,0.5,0.5,165.946,-10.1413,0,24.5937,-904.729,0,2.31481e+12,3,0.2,0,CIRCLE,280,1
224,0.5,0.5,0.5,182.759,97.384,0,562.22,-988.794,0,2.31481e+12,3,0.2,0,CIRCLE,280,1
225,0.5,0.5,0.5,28.738,-71.3149,0,-281.275,-218.69,0,2.31481e+12,3,0.2,0,CIRCLE,280,1
226,0.5,0.5,0.5,70.2784,-226.267,0,-1056.04,-426.392,0,2.31481e+12,3,0.2,0,CIRCLE,280,1
227,0.5,0.5,0.5,-105.163,-249.099,0,-1170.19,450.815,0,2.31481e+12,3,0.2,0,CIRCLE,280,1
228,0.5,0.5,0.5,-242.703,-58.64,0,-217.9,1138.52,0,2.31481e+12,3,0.2,0,CIRCLE,280,1
229,0.5,0.5,0.5,130.067,166.694,0,908.77,-725.336,0,2.31481e+12,3,0.2,0,CIRCLE,280,1
230,0.5,0.5,0.5,-49.1828,-259.552,0,-1222.46,170.914,0,2.31481e+12,3,0.2,0,CIRCLE,280,1
231,0.5,0.5,0.5,241.012,35.6194,0,253.397,-1280.06,0,2.31481e+12,3,0.2,0,CIRCLE,280,1
232,0.5,0.5,0.5,-159.814,-200.536,0,-927.379,724.07,0,2.31481e+12,3,0.2,0,CIRCLE,280,1
233,0.5,0.5,0.5,163.758,91.4031,0,532.315,-893.788,0,2.31481e+12,3,0.2,0,CIRCLE,280,1
234,0.5,0.5,0.5,49.2799,-36.8254,0,-108.827,-321.399,0,2.31481e+12,3,0.2,0,CIRCLE,280,1
235,0.5,0.5,0.5,-31.6706,90.3752,0,527.176,83.3532,0,2.31481e+12,3,0.2,0,CIRCLE,280,1
236,0.5,0.5,0.5,204.026,-40.1835,0,-125.618,-1095.13,0,2.31481e+12,3,0.2,0,CIRCLE,280,1
237,0.5,0.5,0.5,-85.5477,244.51,0,1297.85,352.739,0,2.31481e+12,3,0.2,0,CIRCLE,280,1
239,0.5,0.5,0.5,6.64828,93.4224,0,542.412,-108.241,0,2.31481e+12,3,0.2,0,CIRCLE,280,1
240,0.5,0.5,0.5,-2.99785,186.834,0,1009.47,-60.0107,0,2.31481e+12,3,0.2,0,CIRCLE,280,1
241,0.5,0.5,0.5,59.6578,-67.6249,0,-262.825,-373.289,0,2.31481e+12,3,0.2,0,CIRCLE,280,1
242,0.5,0.5,0.5,137.351,-121.866,0,-534.029,-761.757,0,2.31481e+12,3,0.2,0,CIRCLE,280,1
243,0.5,0.5,0.5,201.909,104.444,0,597.52,-1084.55,0,2.31481e+12,3,0.2,0,CIRCLE,280,1
244,0.5,0.5,0.5,115.422,228.685,0,1218.73,-652.112,0,2.31481e+12,3,0.2,0,CIRCLE,280,1
245,0.5,0.5,0.5,27.2777,-272.781,0,-1288.6,-211.388,0,2.31481e+12,3,0.2,0,CIRCLE,280,1
246,0.5,0.5,0.5,31.3177,168.449,0,917.545,-231.588,0,2.31481e+12,3,0.2,0,CIRCLE,280,1
247,0.5,0.5,0.5,227.522,-9.27889,0,28.9055,-1212.61,0,2.31481e+12,3,0.2,0,CIRCLE,280,1
248,0.5,0.5,0.5,119.317,101.995,0,585.277,-671.585,0,2.31481e+12,3,0.2,0,CIRCLE,280,1
249,0.5,0.5,0.5,-119.543,243.635,0,1293.47,522.713,0,2.31481e+12,3,0.2,0,CIRCLE,280,1
250,0.5,0.5,0.5,121.473,18.7411,0,169.006,-682.364,0,2.31481e+12,3,0.2,0,CIRCLE,280,1
251,0.5,0.5,0.5,36.8876,114.331,0,646.954,-259.438,0,2.31481e+12,3,0.2,0,CIRCLE,280,1
252,0.5,0.5,0.5,110.66,166.225,0,906.426,-628.3,0,2.31481e+12,3,0.2,0,CIRCLE,280,1
253,0.5,0.5,0.5,188.953,-193.962,0,-894.511,-1019.76,0,2.31481e+12,3,0.2,0,CIRCLE,280,1
255,0.5,0.5,0.5,-153.448,-194.784,0,-898.618,692.238,0,2.31481e+12,3,0.2,0,CIRCLE,280,1
256,0.5,0.5,0.5,144.003,-117.107,0,-510.235,-795.017,0,2.31481e+12,3,0.2,0,CIRCLE,280,1
257,0.5,0.5,0.5,185.852,-123.304,0,-541.221,-1004.26,0,2.31481e+12,3,0.2,0,CIRCLE,280,1
259,0.5,0.5,0.5,-179.814,-91.9699,0,-384.55,824.069,0,2.31481e+12,3,0.2,0,CIRCLE,280,1
260,0.5,0.5,0.5,177.814,-87.1367,0,-360.384,-964.071,0,2.31481e+12,3,0.2,0,CIRCLE,280,1
262,0.5,0.5,0.5,-20.8596,161.315,0,881.874,29.2978,0,2.31481e+12,3,0.2,0,CIRCLE,280,1
263,0.5,0.5,0.5,-46.5666,28.2982,0,216.791,157.833,0,2.31481e+12,3,0.2,0,CIRCLE,280,1
264,0.5,0.5,0.5,19.8171,-134.139,0,-595.394,-174.086,0,2.31481e+12,3,0.2,0,CIRCLE,280,1
265,0.5,0.5,0.5,142.966,59.6781,0,373.691,-789.832,0,2.31481e+12,3,0.2,0,CIRCLE,280,1
266,0.5,0.5,0.5,-77.7724,-55.251,0,-200.955,313.862,0,2.31481e+12,3,0.2,0,CIRCLE,280,1
267,0.5,0.5,0.5,20.6989,89.6291,0,523.446,-178.495,0,2.31481e+12,3,0.2,0,CIRCLE,280,1
268,0.5,0.5,0.5,-131.295,-163.644,0,-742.919,581.473,0,2.31481e+12,3,0.2,0,CIRCLE,280,1
270,0.5,0.5,0.5,-231.072,68.5177,0,417.888,1080.36,0,2.31481e+12,3,0.2,0,CIRCLE,280,1
271,0.5,0.5,0.5,-218.751,139.938,0,774.989,1018.76,0,2.31481e+12,3,0.2,0,CIRCLE,280,1
272,0.5,0.5,0.5,-119.677,-83.4887,0,-342.143,523.384,0,2.31481e+12,3,0.2,0,CIRCLE,280,1
273,0.5,0.5,0.5,233.964,-96.826,0,-408.83,-1244.82,0,2.31481e+12,3,0.2,0,CIRCLE,280,1
274,0.5,0.5,0.5,-231.274,160.049,0,875.545,1081.37,0,2.31481e+12,3,0.2,0,CIRCLE,280,1
275,0.5,0.5,0.5,89.7722,228.407,0,1217.34,-523.861,0,2.31481e+12,3,0.2,0,CIRCLE,280,1
276,0.5,0.5,0.5,-181.166,-98.9435,0,-419.417,830.829,0,2.31481e+12,3,0.2,0,CIRCLE,280,1
278,0.5,0.5,0.5,127.412,30.9,0,229.8,-712.061,0,2.31481e+12,3,0.2,0,CIRCLE,280,1
280,0.5,0.5,0.5,171.741,-159.248,0,-720.938,-933.703,0,2.31481e+12,3,0.2,0,CIRCLE,280,1
281,0.5,0.5,0.5,-50.7848,-277.622,0,-1312.81,178.924,0,2.31481e+12,3,0.2,0,CIRCLE,280,1
282,0.5,0.5,0.5,-153.493,94.4382,0,547.491,692.466,0,2.31481e+12,3,0.2,0,CIRCLE,280,1
283,0.5,0.5,0.5,113.023,-103.344,0,-441.418,-640.115,0,2.31481e+12,3,0.2,0,CIRCLE,280,1
284,0.5,0.5,0.5,-176.347,121.748,0,684.041,806.736,0,2.31481e+12,3,0.2,0,CIRCLE,280,1
285,0.5,0.5,0.5,-160.273,175.833,0,954.467,726.367,0,2.31481e+12,3,0.2,0,CIRCLE,280,1
286,0.5,0.5,0.5,-22.0137,-255.173,0,-1200.57,35.0686,0,2.31481e+12,3,0.2,0,CIRCLE,280,1
287,0.5,0.5,0.5,-21.9338,-119.28,0,-521.101,34.6692,0,2.31481e+12,3,0.2,0,CIRCLE,280,1
288,0.5,0.5,0.5,30.0255,124.082,0,695.711,-225.127,0,2.31481e+12,3,0.2,0,CIRCLE,280,1
289,0.5,0.5,0.5,-128.127,-257.146,0,-1210.43,565.637,0,2.31481e+12,3,0.2,0,CIRCLE,280,1
290,0.5,0.5,0.5,-150.899,133.713,0,743.864,679.497,0,2.31481e+12,3,0.2,0,CIRCLE,280,1
292,0.5,0.5,0.5,43.563,177.817,0,964.386,-292.815,0,2.31481e+12,3,0.2,0,CIRCLE,280,1
293,0.5,0.5,0.5,-119.379,-168.248,0,-765.942,521.895,0,2.31481e+12,3,0.2,0,CIRCLE,280,1
294,0.5,0.5,0.5,-47.1515,-92.8184,0,-388.792,160.758,0,2.31481e+12,3,0.2,0,CIRCLE,280,1
296,0.5,0.5,0.5,149.309,13.9984,0,145.292,-821.547,0,2.31481e+12,3,0.2,0,CIRCLE,280,1
297,0.5,0.5,0.5,-97.2747,203.856,0,1094.58,411.373,0,2.31481e+12,3,0.2,0,CIRCLE,280,1
298,0.5,0.5,0.5,94.8572,122.432,0,687.459,-549.286,0,2.31481e+12,3,0.2,0,CIRCLE,280,1
299,0.5,0.5,0.5,194.573,80.1695,0,476.148,-1047.86,0,2.31481e+12,3,0.2,0,CIRCLE,280,1
300,0.5,0.5,0.5,-34.5743,-138.27,0,-616.048,97.8714,0,2.31481e+12,3,0.2,0,CIRCLE,280,1
301,0.5,0.5,0.5,-90.6931,-221.258,0,-1030.99,378.466,0,2.31481e+12,3,0.2,0,CIRCLE,280,1
302,0.5,0.5,0.5,-131.19,-185.73,0,-853.351,580.951,0,2.31481e+12,3,0.2,0,CIRCLE,280,1
303,0.5,0.5,0.5,153.575,104.747,0,599.034,-842.873,0,2.31481e+12,3,0.2,0,CIRCLE,280,1
304,0.5,0.5,0.5,248.091,69.7951,0,424.275,-1315.45,0,2.31481e+12,3,0.2,0,CIRCLE,280,1
305,0.5,0.5,0.5,-283.752,46.7884,0,309.242,1343.76,0,2.31481e+12,3,0.2,0,CIRCLE,280,1
306,0.5,0.5,0.5,-43.2826,-217.058,0,-1009.99,141.413,0,2.31481e+12,3,0.2,0,CIRCLE,280,1
307,0.5,0.5,0.5,-114.334,-225.828,0,-1053.84,496.672,0,2.31481e+12,3,0.2,0,CIRCLE,280,1
308,0.5,0.5,0.5,-136.166,110.645,0,628.526,605.832,0,2.31481e+12,3,0.2,0,CIRCLE,280,1
309,0.5,0.5,0.5,224.654,62.7996,0,389.298,-1198.27,0,2.31481e+12,3,0.2,0,CIRCLE,280,1
310,0.5,0.5,0.5,18.4342,45.4211,0,302.405,-167.171,0,2.31481e+12,3,0.2,0,CIRCLE,280,1
311,0.5,0.5,0.5,-107.1,215.262,0,1151.61,460.499,0,2.31481e+12,3,0.2,0,CIRCLE,280,1
312,0.5,0.5,0.5,22.1153,139.467,0,772.636,-185.576,0,2.31481e+12,3,0.2,0,CIRCLE,280,1
313,0.5,0.5,0.5,-41.6674,-12.4224,0,13.1878,133.337,0,2.31481e+12,3,0.2,0,CIRCLE,280,1
314,0.5,0.5,0.5,-200.464,58.6148,0,368.374,927.321,0,2.31481e+12,3,0.2,0,CIRCLE,280,1
315,0.5,0.5,0.5,-206.799,-165.607,0,-752.735,958.995,0,2.31481e+12,3,0.2,0,CIRCLE,280,1
316,0.5,0.5,0.5,-149.63,81.4329,0,482.464,673.151,0,2.31481e+12,3,0.2,0,CIRCLE,280,1
317,0.5,0.5,0.5,134.436,-242.039,0,-1134.89,-747.181,0,2.31481e+12,3,0.2,0,CIRCLE,280,1
318,0.5,0.5,0.5,-214.809,-210.61,0,-977.751,999.046,0,2.31481e+12,3,0.2,0,CIRCLE,280,1
319,0.5,0.5,0.5,183.323,54.252,0,346.56,-991.613,0,2.31481e+12,3,0.2,0,CIRCLE,280,1
320,0.5,0.5,0.5,98.9624,-146.661,0,-658.005,-569.812,0,2.31481e+12,3,0.2,0,CIRCLE,280,1
321,0.5,0.5,0.5,-66.8034,124.997,0,700.285,259.017,0,2.31481e+12,3,0.2,0,CIRCLE,280,1
322,0.5,0.5,0.5,201.069,21.5971,0,183.285,-1080.35,0,2.31481e+12,3,0.2,0,CIRCLE,280,1
323,0.5,0.5,0.5,-44.6171,9.13183,0,120.959,148.085,0,2.31481e+12,3,0.2,0,CIRCLE,280,1
324,0.5,0.5,0.5,170.433,21.6274,0,183.437,-927.166,0,2.31481e+12,3,0.2,0,CIRCLE,280,1
325,0.5,0.5,0.5,155.022,-226.033,0,-1054.87,-850.108,0,2.31481e+12,3,0.2,0,CIRCLE,280,1
326,0.5,0.5,0.5,-209.843,123.041,0,690.507,974.215,0,2.31481e+12,3,0.2,0,CIRCLE,280,1
327,0.5,0.5,0.5,-207.361,-177.401,0,-811.703,961.803,0,2.31481e+12,3,0.2,0,CIRCLE,280,1
328,0.5,0.5,0.5,136.524,-165.719,0,-753.297,-757.618,0,2.31481e+12,3,0.2,0,CIRCLE,280,1
330,0.5,0.5,0.5,36.0102,-198.398,0,-916.688,-255.051,0,2.31481e+12,3,0.2,0,CIRCLE,280,1
331,0.5,0.5,0.5,-196.051,-130.898,0,-579.188,905.254,0,2.31481e+12,3,0.2,0,CIRCLE,280,1
332,0.5,0.5,0.5,-244.406,-121.547,0,-532.433,1147.03,0,2.31481e+12,3,0.2,0,CIRCLE,280,1
333,0.5,0.5,0.5,-91.5702,-160.167,0,-725.535,382.851,0,2.31481e+12,3,0.2,0,CIRCLE,280,1
334,0.5,0.5,0.5,129.468,-5.70699,0,46.765,-722.338,0,2.31481e+12,3,0.2,0,CIRCLE,280,1
335,0.5,0.5,0.5,-88.3944,98.1785,0,566.193,366.972,0,2.31481e+12,3,0.2,0,CIRCLE,280,1
336,0.5,0.5,0.5,7.48137,-184.232,0,-845.86,-112.407,0,2.31481e+12,3,0.2,0,CIRCLE,280,1
337,0.5,0.5,0.5,50.4644,-84.8275,0,-348.837,-327.322,0,2.31481e+12,3,0.2,0,CIRCLE,280,1
338,0.5,0.5,0.5,-48.9407,-234.444,0,-1096.92,169.703,0,2.31481e+12,3,0.2,0,CIRCLE,280,1
339,0.5,0.5,0.5,79.1624,-89.0417,0,-369.909,-470.812,0,2.31481e+12,3,0.2,0,CIRCLE,280,1
340,0.5,0.5,0.5,-274.313,-73.9382,0,-294.391,1296.57,0,2.31481e+12,3,0.2,0,CIRCLE,280,1
341,0.5,0.5,0.5,36.688,-285.186,0,-1350.63,-258.44,0,2.31481e+12,3,0.2,0,CIRCLE,280,1
342,0.5,0.5,0.5,71.3327,236.452,0,1257.56,-431.664,0,2.31481e+12,3,0.2,0,CIRCLE,280,1
343,0.5,0.5,0.5,65.2556,-276.353,0,-1306.47,-401.278,0,2.31481e+12,3,0.2,0,CIRCLE,280,1
344,0.5,0.5,0.5,138.694,-229.899,0,-1074.19,-768.469,0,2.31481e+12,3,0.2,0,CIRCLE,280,1
345,0.5,0.5,0.5,-98.2532,-102.23,0,-435.849,416.266,0,2.31481e+12,3,0.2,0,CIRCLE,280,1
346,0.5,0.5,0.5,-121.954,-111.624,0,-482.822,534.769,0,2.31481e+12,3,0.2,0,CIRCLE,280,1
347,0.5,0.5,0.5,-15.9763,224.59,0,1198.25,4.88139,0,2.31481e+12,3,0.2,0,CIRCLE,280,1
348,0.5,0.5,0.5,12.4557,-127.461,0,-562.004,-137.279,0,2.31481e+12,3,0.2,0,CIRCLE,280,1
349,0.5,0.5,0.5,-58.6808,-204.203,0,-945.715,218.404,0,2.31481e+12,3,0.2,0,CIRCLE,280,1
351,0.5,0.5,0.5,45.7545,-92.9774,0,-389.587,-303.773,0,2.31481e+12,3,0.2,0,CIRCLE,280,1
352,0.5,0.5,0.5,-89.9079,183.336,0,991.98,374.539,0,2.31481e+12,3,0.2,0,CIRCLE,280,1
353,0.5,0.5,0.5,-255.912,26.304,0,206.82,1204.56,0,2.31481e+12,3,0.2,0,CIRCLE,280,1
354,0.5,0.5,0.5,70.3176,208.111,0,1115.85,-426.588,0,2.31481e+12,3,0.2,0,CIRCLE,280,1
355,0.5,0.5,0.5,19.6746,-16.0841,0,-5.12068,-173.373,0,2.31481e+12,3,0.2,0,CIRCLE,280,1
357,0.5,0.5,0.5,19.4985,51.8108,0,334.354,-172.493,0,2.31481e+12,3,0.2,0,CIRCLE,280,1
358,0.5,0.5,0.5,-50.9897,212.491,0,1137.76,179.948,0,2.31481e+12,3,0.2,0,CIRCLE,280,1
359,0.5,0.5,0.5,95.7419,-192.139,0,-885.394,-553.71,0,2.31481e+12,3,0.2,0,CIRCLE,280,1
360,0.5,0.5,0.5,-185.612,163.899,0,894.793,853.059,0,2.31481e+12,3,0.2,0,CIRCLE,280,1
361,0.5,0.5,0.5,9.51787,207.343,0,1112.01,-122.589,0,2.31481e+12,3,0.2,0,CIRCLE,280,1
362,0.5,0.5,0.5,-0.442637,110.811,0,629.355,-72.7868,0,2.31481e+12,3,0.2,0,CIRCLE,280,1
363,0.5,0.5,0.5,131.17,-41.8966,0,-134.183,-730.848,0,2.31481e+12,3,0.2,0,CIRCLE,280,1
364,0.5,0.5,0.5,228.039,20.1957,0,176.278,-1215.2,0,2.31481e+12,3,0.2,0,CIRCLE,280,1
365,0.5,0.5,0.5,20.1012,34.4994,0,247.797,-175.506,0,2.31481e+12,3,0.2,0,CIRCLE,280,1
366,0.5,0.5,0.5,150.035,-5.40042,0,48.2979,-825.177,0,2.31481e+12,3,0.2,0,CIRCLE,280,1
367,0.5,0.5,0.5,-116.453,-143.908,0,-644.242,507.266,0,2.31481e+12,3,0.2,0,CIRCLE,280,1
368,0.5,0.5,0.5,-170.289,77.4135,0,462.367,776.445,0,2.31481e+12,3,0.2,0,CIRCLE,280,1
369,0.5,0.5,0.5,159.09,96.5124,0,557.862,-870.45,0,2.31481e+12,3,0.2,0,CIRCLE,280,1
370,0.5,0.5,0.5,-66.012,-169.585,0,-772.623,255.06,0,2.31481e+12,3,0.2,0,CIRCLE,280,1
371,0.5,0.5,0.5,-158.871,-234.087,0,-1095.13,719.355,0,2.31481e+12,3,0.2,0,CIRCLE,280,1
373,0.5,0.5,0.5,165.204,48.5851,0,318.226,-901.021,0,2.31481e+12,3,0.2,0,CIRCLE,280,1
374,0.5,0.5,0.5,-26.4712,167.564,0,913.12,57.356,0,2.31481e+12,3,0.2,0,CIRCLE,280,1
377,0.5,0.5,0.5,-77.3354,-254.052,0,-1194.96,311.677,0,2.31481e+12,3,0.2,0,CIRCLE,280,1
378,0.5,0.5,0.5,154.824,-209.533,0,-972.365,-849.118,0,2.31481e+12,3,0.2,0,CIRCLE,280,1
379,0.5,0.5,0.5,-84.4932,235.874,0,1254.67,347.466,0,2.31481e+12,3,0.2,0,CIRCLE,280,1
380,0.5,0.5,0.5,-163.409,-206.122,0,-955.311,742.045,0,2.31481e+12,3,0.2,0,CIRCLE,280,1
381,0.5,0.5,0.5,101.188,-230.696,0,-1078.18,-580.941,0,2.31481e+12,3,0.2,0,CIRCLE,280,1
382,0.5,0.5,0.5,170.002,-207.319,0,-961.297,-925.009,0,2.31481e+12,3,0.2,0,CIRCLE,280,1
383,0.5,0.5,0.5,157.504,-120.66,0,-527.999,-862.518,0,2.31481e+12,3,0.2,0,CIRCLE,280,1
384,0.5,0.5,0.5,-100.448,18.7267,0,168.934,427.241,0,2.31481e+12,3,0.2,0,CIRCLE,280,1
385,0.5,0.5,0.5,-169.447,186.677,0,1008.69,772.233,0,2.31481e+12,3,0.2,0,CIRCLE,280,1
386,0.5,0.5,0.5,-118.693,35.6238,0,253.419,518.467,0,2.31481e+12,3,0.2,0,CIRCLE,280,1
387,0.5,0.5,0.5,212.032,-13.781,0,6.39483,-1135.16,0,2.31481e+12,3,0.2,0,CIRCLE,280,1
388,0.5,0.5,0.5,-4.5783,-84.9088,0,-349.244,-52.1085,0,2.31481e+12,3,0.2,0,CIRCLE,280,1
390,0.5,0.5,0.5,-116.543,-245.23,0,-1150.85,507.714,0,2.31481e+12,3,0.2,0,CIRCLE,280,1
391,0.5,0.5,0.5,44.9859,72.1877,0,436.238,-299.93,0,2.31481e+12,3,0.2,0,CIRCLE,280,1
392,0.5,0.5,0.5,142.156,34.3908,0,247.254,-785.78,0,2.31481e+12,3,0.2,0,CIRCLE,280,1
393,0.5,0.5,0.5,260.083,17.2169,0,161.385,-1375.41,0,2.31481e+12,3,0.2,0,CIRCLE,280,1
394,0.5,0.5,0.5,-53.8973,-66.8968,0,-259.184,194.487,0,2.31481e+12,3,0.2,0,CIRCLE,280,1
396,0.5,0.5,0.5,-51.9489,1.90298,0,84.8149,184.744,0,2.31481e+12,3,0.2,0,CIRCLE,280,1
397,0.5,0.5,0.5,-6.84322,160.106,0,875.832,-40.7839,0,2.31481e+12,3,0.2,0,CIRCLE,280,1
398,0.5,0.5,0.5,-155.434,-218.907,0,-1019.23,702.17,0,2.31481e+12,3,0.2,0,CIRCLE,280,1
399,0.5,0.5,0.5,236.87,21.376,0,182.18,-1259.35,0,2.31481e+12,3,0.2,0,CIRCLE,280,1
400,0.5,0.5,0.5,128.828,155.411,0,852.357,-719.139,0,2.31481e+12,3,0.2,0,CIRCLE,280,1
401,0.5,0.5,0.5,-278.871,-101.473,0,-432.066,1319.36,0,2.31481e+12,3,0.2,0,CIRCLE,280,1
402,0.5,0.5,0.5,-141.355,14.5608,0,148.104,631.776,0,2.31481e+12,3,0.2,0,CIRCLE,280,1
403,0.5,0.5,0.5,-92.5557,220.173,0,1176.17,387.779,0,2.31481e+12,3,0.2,0,CIRCLE,280,1
404,0.5,0.5,0.5,-121.612,147.214,0,811.368,533.062,0,2.31481e+12,3,0.2,0,CIRCLE,280,1
405,0.5,0.5,0.5,-84.7811,-71.2807,0,-281.103,348.905,0,2.31481e+12,3,0.2,0,CIRCLE,280,1
406,0.5,0.5,0.5,227.263,-38.7678,0,-118.539,-1211.32,0,2.31481e+12,3,0.2,0,CIRCLE,280,1
407,0.5,0.5,0.5,95.3351,138.65,0,768.549,-551.676,0,2.31481e+12,3,0.2,0,CIRCLE,280,1
408,0.5,0.5,0.5,-81.8091,-286.732,0,-1358.36,334.046,0,2.31481e+12,3,0.2,0,CIRCLE,280,1
409,0.5,0.5,0.5,20.7904,-236.415,0,-1106.77,-178.952,0,2.31481e+12,3,0.2,0,CIRCLE,280,1
410,0.5,0.5,0.5,-212.118,-202.933,0,-939.367,985.592,0,2.31481e+12,3,0.2,0,CIRCLE,280,1
412,0.5,0.5,0.5,-152.65,-76.7937,0,-308.668,688.252,0,2.31481e+12,3,0.2,0,CIRCLE,280,1
413,0.5,0.5,0.5,-240.554,-85.5306,0,-352.353,1127.77,0,2.31481e+12,3,0.2,0,CIRCLE,280,1
414,0.5,0.5,0.5,-10.3657,191.974,0,1035.17,-23.1717,0,2.31481e+12,3,0.2,0,CIRCLE,280,1
415,0.5,0.5,0.5,-287.912,-2.3528,0,63.536,1364.56,0,2.31481e+12,3,0.2,0,CIRCLE,280,1
416,0.5,0.5,0.5,-133.236,-229.497,0,-1072.18,591.181,0,2.31481e+12,3,0.2,0,CIRCLE,280,1
417,0.5,0.5,0.5,-148.533,-145.828,0,-653.838,667.667,0,2.31481e+12,3,0.2,0,CIRCLE,280,1
418,0.5,0.5,0.5,57.917,-245.506,0,-1152.23,-364.585,0,2.31481e+12,3,0.2,0,CIRCLE,280,1
419,0.5,0.5,0.5,111.353,-23.8092,0,-43.7462,-631.766,0,2.31481e+12,3,0.2,0,CIRCLE,280,1
420,0.5,0.5,0.5,-198.468,-209.086,0,-970.129,917.339,0,2.31481e+12,3,0.2,0,CIRCLE,280,1
421,0.5,0.5,0.5,-240.382,-160.62,0,-727.799,1126.91,0,2.31481e+12,3,0.2,0,CIRCLE,280,1
422,0.5,0.5,0.5,-210.76,-21.8158,0,-33.7792,978.802,0,2.31481e+12,3,0.2,0,CIRCLE,280,1
423,0.5,0.5,0.5,-265.986,67.0375,0,410.488,1254.93,0,2.31481e+12,3,0.2,0,CIRCLE,280,1
424,0.5,0.5,0.5,96.4562,-58.8071,0,-218.735,-557.281,0,2.31481e+12,3,0.2,0,CIRCLE,280,1
425,0.5,0.5,0.5,-16.5543,111.149,0,631.044,7.77125,0,2.31481e+12,3,0.2,0,CIRCLE,280,1
426,0.5,0.5,0.5,-48.213,-284.595,0,-1347.68,166.065,0,2.31481e+12,3,0.2,0,CIRCLE,280,1
427,0.5,0.5,0.5,-55.2416,-55.2822,0,-201.111,201.208,0,2.31481e+12,3,0.2,0,CIRCLE,280,1
428,0.5,0.5,0.5,-47.8186,-55.3612,0,-201.506,164.093,0,2.31481e+12,3,0.2,0,CIRCLE,280,1
429,0.5,0.5,0.5,-208.793,-86.6356,0,-357.878,968.964,0,2.31481e+12,3,0.2,0,CIRCLE,280,1
430,0.5,0.5,0.5,-80.4595,7.94932,0,115.047,327.298,0,2.31481e+12,3,0.2,0,CIRCLE,280,1
431,0.5,0.5,0.5,85.0471,-17.4945,0,-12.1724,-500.235,0,2.31481e+12,3,0.2,0,CIRCLE,280,1
432,0.5,0.5,0.5,-65.6204,-52.2217,0,-185.808,253.102,0,2.31481e+12,3,0.2,0,CIRCLE,280,1
433,0.5,0.5,0.5,91.0867,186.267,0,1006.63,-530.433,0,2.31481e+12,3,0.2,0,CIRCLE,280,1
434,0.5,0.5,0.5,-92.9263,121.743,0,684.014,389.632,0,2.31481e+12,3,0.2,0,CIRCLE,280,1
435,0.5,0.5,0.5,-117.156,-162.479,0,-737.096,510.78,0,2.31481e+12,3,0.2,0,CIRCLE,280,1
436,0.5,0.5,0.5,-133.376,42.9885,0,290.243,591.878,0,2.31481e+12,3,0.2,0,CIRCLE,280,1
437,0.5,0.5,0.5,-64.599,-117.905,0,-514.225,247.995,0,2.31481e+12,3,0.2,0,CIRCLE,280,1
438,0.5,0.5,0.5,-214.474,-11.9206,0,15.6968,997.37,0,2.31481e+12,3,0.2,0,CIRCLE,280,1
439,0.5,0.5,0.5,45.0743,-189.645,0,-872.923,-300.371,0,2.31481e+12,3,0.2,0,CIRCLE,280,1
441,0.5,0.5,0.5,-86.3926,55.5928,0,353.264,356.963,0,2.31481e+12,3,0.2,0,CIRCLE,280,1
443,0.5,0.5,0.5,159.065,-156.91,0,-709.252,-870.324,0,2.31481e+12,3,0.2,0,CIRCLE,280,1
444,0.5,0.5,0.5,-132.442,-177.919,0,-814.297,587.21,0,2.31481e+12,3,0.2,0,CIRCLE,280,1
445,0.5,0.5,0.5,-39.1723,-254.187,0,-1195.63,120.861,0,2.31481e+12,3,0.2,0,CIRCLE,280,1
446,0.5,0.5,0.5,169.202,-65.9012,0,-254.206,-921.012,0,2.31481e+12,3,0.2,0,CIRCLE,280,1
447,0.5,0.5,0.5,-76.2483,56.0213,0,355.407,306.242,0,2.31481e+12,3,0.2,0,CIRCLE,280,1
448,0.5,0.5,0.5,194.558,-158.071,0,-715.053,-1047.79,0,2.31481e+12,3,0.2,0,CIRCLE,280,1
449,0.5,0.5,0.5,-103.605,10.871,0,129.655,443.027,0,2.31481e+12,3,0.2,0,CIRCLE,280,1
450,0.5,0.5,0.5,151.622,-193.686,0,-893.132,-833.112,0,2.31481e+12,3,0.2,0,CIRCLE,280,1
451,0.5,0.5,0.5,160.306,28.9847,0,220.224,-876.53,0,2.31481e+12,3,0.2,0,CIRCLE,280,1
452,0.5,0.5,0.5,52.09,-43.4712,0,-142.056,-335.45,0,2.31481e+12,3,0.2,0,CIRCLE,280,1
453,0.5,0.5,0.5,50.6116,95.7224,0,553.912,-328.058,0,2.31481e+12,3,0.2,0,CIRCLE,280,1
454,0.5,0.5,0.5,144.754,129.298,0,721.789,-798.771,0,2.31481e+12,3,0.2,0,CIRCLE,280,1
456,0.5,0.5,0.5,-218.793,-127.196,0,-560.679,1018.96,0,2.31481e+12,3,0.2,0,CIRCLE,280,1
458,0.5,0.5,0.5,-88.9265,-148.931,0,-669.353,369.633,0,2.31481e+12,3,0.2,0,CIRCLE,280,1
459,0.5,0.5,0.5,47.2419,-175.548,0,-802.44,-311.21,0,2.31481e+12,3,0.2,0,CIRCLE,280,1
460,0.5,0.5,0.5,231.07,-18.8695,0,-19.0473,-1230.35,0,2.31481e+12,3,0.2,0,CIRCLE,280,1
461,0.5,0.5,0.5,17.6718,95.9283,0,554.941,-163.359,0,2.31481e+12,3,0.2,0,CIRCLE,280,1
462,0.5,0.5,0.5,-106.004,61.9796,0,385.198,455.019,0,2.31481e+12,3,0.2,0,CIRCLE,280,1
463,0.5,0.5,0.5,-123.154,-75.3291,0,-301.346,540.77,0,2.31481e+12,3,0.2,0,CIRCLE,280,1
464,0.5,0.5,0.5,103.32,-45.2664,0,-151.032,-591.602,0,2.31481e+12,3,0.2,0,CIRCLE,280,1
465,0.5,0.5,0.5,-128.677,89.4541,0,522.571,568.387,0,2.31481e+12,3,0.2,0,CIRCLE,280,1
466,0.5,0.5,0.5,75.4174,70.7915,0,429.257,-452.087,0,2.31481e+12,3,0.2,0,CIRCLE,280,1
467,0.5,0.5,0.5,220.583,55.431,0,352.455,-1177.92,0,2.31481e+12,3,0.2,0,CIRCLE,280,1
468,0.5,0.5,0.5,3.21625,-277.186,0,-1310.63,-91.0812,0,2.31481e+12,3,0.2,0,CIRCLE,280,1
469,0.5,0.5,0.5,172.53,-12.9143,0,10.7287,-937.652,0,2.31481e+12,3,0.2,0,CIRCLE,280,1
472,0.5,0.5,0.5,-15.531,-151.742,0,-683.408,2.65486,0,2.31481e+12,3,0.2,0,CIRCLE,280,1
473,0.5,0.5,0.5,-94.4006,-46.0936,0,-155.168,397.003,0,2.31481e+12,3,0.2,0,CIRCLE,280,1
474,0.5,0.5,0.5,218.579,-139.567,0,-622.536,-1167.89,0,2.31481e+12,3,0.2,0,CIRCLE,280,1
476,0.5,0.5,0.5,-237.238,-2.26555,0,63.9722,1111.19,0,2.31481e+12,3,0.2,0,CIRCLE,280,1
478,0.5,0.5,0.5,-24.6392,251.916,0,1334.88,48.196,0,2.31481e+12,3,0.2,0,CIRCLE,280,1
480,0.5,0.5,0.5,-74.9203,-35.6596,0,-102.998,299.601,0,2.31481e+12,3,0.2,0,CIRCLE,280,1
481,0.5,0.5,0.5,-261.516,-49.5657,0,-172.529,1232.58,0,2.31481e+12,3,0.2,0,CIRCLE,280,1
482,0.5,0.5,0.5,-27.3357,-56.6322,0,-207.861,61.6787,0,2.31481e+12,3,0.2,0,CIRCLE,280,1
483,0.5,0.5,0.5,-38.8416,-221.918,0,-1034.29,119.208,0,2.31481e+12,3,0.2,0,CIRCLE,280,1
484,0.5,0.5,0.5,209.85,-149.482,0,-672.109,-1124.25,0,2.31481e+12,3,0.2,0,CIRCLE,280,1
485,0.5,0.5,0.5,29.9708,-163.065,0,-740.026,-224.854,0,2.31481e+12,3,0.2,0,CIRCLE,280,1
486,0.5,0.5,0.5,-168.538,104.189,0,596.245,767.69,0,2.31481e+12,3,0.2,0,CIRCLE,280,1
487,0.5,0.5,0.5,198.857,58.3448,0,367.024,-1069.28,0,2.31481e+12,3,0.2,0,CIRCLE,280,1
489,0.5,0.5,0.5,-9.89847,-146.153,0,-655.464,-25.5077,0,2.31481e+12,3,0.2,0,CIRCLE,280,1
490,0.5,0.5,0.5,22.8321,40.4876,0,277.738,-189.161,0,2.31481e+12,3,0.2,0,CIRCLE,280,1
491,0.5,0.5,0.5,-39.2158,-59.4536,0,-221.968,121.079,0,2.31481e+12,3,0.2,0,CIRCLE,280,1
492,0.5,0.5,0.5,-147.527,177.742,0,964.01,662.633,0,2.31481e+12,3,0.2,0,CIRCLE,280,1
495,0.5,0.5,0.5,-69.2971,170.598,0,928.289,271.485,0,2.31481e+12,3,0.2,0,CIRCLE,280,1
496,0.5,0.5,0.5,40.5236,-70.9753,0,-279.576,-277.618,0,2.31481e+12,3,0.2,0,CIRCLE,280,1
497,0.5,0.5,0.5,70.3406,47.8148,0,314.374,-426.703,0,2.31481e+12,3,0.2,0,CIRCLE,280,1
499,0.5,0.5,0.5,-76.744,144.672,0,798.662,308.72,0,2.31481e+12,3,0.2,0,CIRCLE,280,1
500,0.5,0.5,0.5,8.6073,-70.6657,0,-278.028,-118.036,0,2.31481e+12,3,0.2,0,CIRCLE,280,1
501,0.5,0.5,0.5,38.8462,-141.16,0,-630.501,-269.231,0,2.31481e+12,3,0.2,0,CIRCLE,280,1
502,0.5,0.5,0.5,98.6094,-99.8713,0,-424.057,-568.047,0,2.31481e+12,3,0.2,0,CIRCLE,280,1
503,0.5,0.5,0.5,-30.4931,111.761,0,634.104,77.4653,0,2.31481e+12,3,0.2,0,CIRCLE,280,1
507,0.5,0.5,0.5,97.8095,14.6416,0,148.508,-564.048,0,2.31481e+12,3,0.2,0,CIRCLE,280,1
508,0.5,0.5,0.5,52.5406,137.779,0,764.194,-337.703,0,2.31481e+12,3,0.2,0,CIRCLE,280,1
509,0.5,0.5,0.5,-129.384,22.7523,0,189.061,571.922,0,2.31481e+12,3,0.2,0,CIRCLE,280,1
511,0.5,0.5,0.5,-271.096,-91.7508,0,-383.454,1280.48,0,2.31481e+12,3,0.2,0,CIRCLE,280,1
512,0.5,0.5,0.5,-251.929,-48.8703,0,-169.051,1184.64,0,2.31481e+12,3,0.2,0,CIRCLE,280,1
513,0.5,0.5,0.5,260.67,-16.1629,0,-5.51471,-1378.35,0,2.31481e+12,3,0.2,0,CIRCLE,280,1
515,0.5,0.5,0.5,88.5798,121.471,0,682.654,-517.899,0,2.31481e+12,3,0.2,0,CIRCLE,280,1
516,0.5,0.5,0.5,-39.8089,98.0847,0,565.723,124.045,0,2.31481e+12,3,0.2,0,CIRCLE,280,1
517,0.5,0.5,0.5,222.888,-54.5892,0,-197.646,-1189.44,0,2.31481e+12,3,0.2,0,CIRCLE,280,1
518,0.5,0.5,0.5,-25.2494,-63.1281,0,-240.34,51.247,0,2.31481e+12,3,0.2,0,CIRCLE,280,1
519,0.5,0.5,0.5,-169.661,-214.49,0,-997.149,773.307,0,2.31481e+12,3,0.2,0,CIRCLE,280,1
520,0.5,0.5,0.5,-37.3714,-267.278,0,-1261.09,111.857,0,2.31481e+12,3,0.2,0,CIRCLE,280,1
521,0.5,0.5,0.5,153.253,152.488,0,837.741,-841.264,0,2.31481e+12,3,0.2,0,CIRCLE,280,1
522,0.5,0.5,0.5,-174.676,144.531,0,797.955,798.382,0,2.31481e+12,3,0.2,0,CIRCLE,280,1
524,0.5,0.5,0.5,226.243,34.4321,0,247.46,-1206.22,0,2.31481e+12,3,0.2,0,CIRCLE,280,1
525,0.5,0.5,0.5,-38.1129,-7.30771,0,38.7615,115.564,0,2.31481e+12,3,0.2,0,CIRCLE,280,1
526,0.5,0.5,0.5,9.26547,164.497,0,897.786,-121.327,0,2.31481e+12,3,0.2,0,CIRCLE,280,1
527,0.5,0.5,0.5,133.651,208.506,0,1117.83,-743.257,0,2.31481e+12,3,0.2,0,CIRCLE,280,1
528,0.5,0.5,0.5,-152.98,-16.4685,0,-7.04243,689.901,0,2.31481e+12,3,0.2,0,CIRCLE,280,1
529,0.5,0.5,0.5,-7.49914,-281.486,0,-1332.13,-37.5043,0,2.31481e+12,3,0.2,0,CIRCLE,280,1
530,0.5,0.5,0.5,-3.58763,33.8552,0,244.576,-57.0618,0,2.31481e+12,3,0.2,0,CIRCLE,280,1
531,0.5,0.5,0.5,2.74296,-147.589,0,-662.645,-88.7148,0,2.31481e+12,3,0.2,0,CIRCLE,280,1
532,0.5,0.5,0.5,-250.707,-102.54,0,-437.402,1178.53,0,2.31481e+12,3,0.2,0,CIRCLE,280,1
533,0.5,0.5,0.5,81.4194,-144.236,0,-645.878,-482.097,0,2.31481e+12,3,0.2,0,CIRCLE,280,1
534,0.5,0.5,0.5,-285.549,-82.5232,0,-337.316,1352.75,0,2.31481e+12,3,0.2,0,CIRCLE,280,1
535,0.5,0.5,0.5,138.488,-179.791,0,-823.655,-767.44,0,2.31481e+12,3,0.2,0,CIRCLE,280,1
536,0.5,0.5,0.5,20.2086,234.968,0,1250.14,-176.043,0,2.31481e+12,3,0.2,0,CIRCLE,280,1
538,0.5,0.5,0.5,189.731,30.7279,0,228.939,-1023.65,0,2.31481e+12,3,0.2,0,CIRCLE,280,1
539,0.5,0.5,0.5,-92.6308,43.0053,0,290.326,388.154,0,2.31481e+12,3,0.2,0,CIRCLE,280,1
540,0.5,0.5,0.5,-135.425,221.602,0,1183.31,602.124,0,2.31481e+12,3,0.2,0,CIRCLE,280,1
541,0.5,0.5,0.5,66.4872,243.979,0,1295.2,-407.436,0,2.31481e+12,3,0.2,0,CIRCLE,280,1
542,0.5,0.5,0.5,167.391,167.54,0,913,-911.957,0,2.31481e+12,3,0.2,0,CIRCLE,280,1
543,0.5,0.5,0.5,131.922,-130.528,0,-577.338,-734.61,0,2.31481e+12,3,0.2,0,CIRCLE,280,1
544,0.5,0.5,0.5,23.8872,204.665,0,1098.62,-194.436,0,2.31481e+12,3,0.2,0,CIRCLE,280,1
545,0.5,0.5,0.5,-220.618,-96.5232,0,-407.316,1028.09,0,2.31481e+12,3,0.2,0,CIRCLE,280,1
547,0.5,0.5,0.5,53.7605,-93.8567,0,-393.983,-343.802,0,2.31481e+12,3,0.2,0,CIRCLE,280,1
549,0.5,0.5,0.5,-102.344,-205.758,0,-953.491,436.718,0,2.31481e+12,3,0.2,0,CIRCLE,280,1
550,0.5,0.5,0.5,195.93,-70.8129,0,-278.764,-1054.65,0,2.31481e+12,3,0.2,0,CIRCLE,280,1
551,0.5,0.5,0.5,28.3115,-191.818,0,-883.792,-216.557,0,2.31481e+12,3,0.2,0,CIRCLE,280,1
552,0.5,0.5,0.5,85.3013,-233.892,0,-1094.16,-501.507,0,2.31481e+12,3,0.2,0,CIRCLE,280,1
553,0.5,0.5,0.5,117.341,136.597,0,758.283,-661.704,0,2.31481e+12,3,0.2,0,CIRCLE,280,1
554,0.5,0.5,0.5,8.22155,-12.0544,0,15.028,-116.108,0,2.31481e+12,3,0.2,0,CIRCLE,280,1
557,0.5,0.5,0.5,-7.9349,-77.5294,0,-312.347,-35.3255,0,2.31481e+12,3,0.2,0,CIRCLE,280,1
558,0.5,0.5,0.5,-44.6053,-46.9141,0,-159.27,148.026,0,2.31481e+12,3,0.2,0,CIRCLE,280,1
560,0.5,0.5,0.5,-250.329,-15.6543,0,-2.97159,1176.65,0,2.31481e+12,3,0.2,0,CIRCLE,280,1
561,0.5,0.5,0.5,-40.3853,237.642,0,1263.51,126.927,0,2.31481e+12,3,0.2,0,CIRCLE,280,1
562,0.5,0.5,0.5,-145.869,-187.323,0,-861.313,654.345,0,2.31481e+12,3,0.2,0,CIRCLE,280,1
564,0.5,0.5,0.5,-249.606,45.1321,0,300.96,1173.03,0,2.31481e+12,3,0.2,0,CIRCLE,280,1
565,0.5,0.5,0.5,-35.0893,12.0727,0,135.663,100.447,0,2.31481e+12,3,0.2,0,CIRCLE,280,1
566,0.5,0.5,0.5,-234.22,17.5407,0,163.004,1096.1,0,2.31481e+12,3,0.2,0,CIRCLE,280,1
567,0.5,0.5,0.5,-157.747,83.4835,0,492.718,713.733,0,2.31481e+12,3,0.2,0,CIRCLE,280,1
568,0.5,0.5,0.5,133.219,10.9829,0,130.214,-741.096,0,2.31481e+12,3,0.2,0,CIRCLE,280,1
569,0.5,0.5,0.5,-230.987,-165.485,0,-752.125,1079.93,0,2.31481e+12,3,0.2,0,CIRCLE,280,1
570,0.5,0.5,0.5,-261.074,96.7168,0,558.884,1230.37,0,2.31481e+12,3,0.2,0,CIRCLE,280,1
571,0.5,0.5,0.5,-166.624,122.14,0,685.998,758.122,0,2.31481e+12,3,0.2,0,CIRCLE,280,1
572,0.5,0.5,0.5,260.817,2.47667,0,87.6834,-1379.09,0,2.31481e+12,3,0.2,0,CIRCLE,280,1
573,0.5,0.5,0.5,107.64,-153.756,0,-693.481,-613.2,0,2.31481e+12,3,0.2,0,CIRCLE,280,1
575,0.5,0.5,0.5,-173.216,-133.549,0,-592.447,791.081,0,2.31481e+12,3,0.2,0,CIRCLE,280,1
576,0.5,0.5,0.5,-66.463,-35.2329,0,-100.864,257.315,0,2.31481e+12,3,0.2,0,CIRCLE,280,1
577,0.5,0.5,0.5,-112.49,78.6273,0,468.437,487.448,0,2.31481e+12,3,0.2,0,CIRCLE,280,1
578,0.5,0.5,0.5,224.733,-114.573,0,-497.567,-1198.66,0,2.31481e+12,3,0.2,0,CIRCLE,280,1
579,0.5,0.5,0.5,197.943,-63.8499,0,-243.95,-1064.71,0,2.31481e+12,3,0.2,0,CIRCLE,280,1
583,0.5,0.5,0.5,94.0632,-124.362,0,-546.508,-545.316,0,2.31481e+12,3,0.2,0,CIRCLE,280,1
587,0.5,0.5,0.5,83.6448,-114.371,0,-496.555,-493.224,0,2.31481e+12,3,0.2,0,CIRCLE,280,1
588,0.5,0.5,0.5,-90.7772,211.418,0,1132.39,378.886,0,2.31481e+12,3,0.2,0,CIRCLE,280,1
589,0.5,0.5,0.5,75.0253,-115.063,0,-500.015,-450.127,0,2.31481e+12,3,0.2,0,CIRCLE,280,1
590,0.5,0.5,0.5,53.1206,159.322,0,871.908,-340.603,0,2.31481e+12,3,0.2,0,CIRCLE,280,1
591,0.5,0.5,0.5,148.795,-149.902,0,-674.211,-818.973,0,2.31481e+12,3,0.2,0,CIRCLE,280,1
594,0.5,0.5,0.5,-20.0267,100.282,0,576.708,25.1334,0,2.31481e+12,3,0.2,0,CIRCLE,280,1
595,0.5,0.5,0.5,85.4205,74.7997,0,449.298,-502.102,0,2.31481e+12,3,0.2,0,CIRCLE,280,1
598,0.5,0.5,0.5,-92.5019,111.192,0,631.262,387.509,0,2.31481e+12,3,0.2,0,CIRCLE,280,1
599,0.5,0.5,0.5,-210.176,-34.1292,0,-95.3462,975.878,0,2.31481e+12,3,0.2,0,CIRCLE,280,1
600,0.5,0.5,0.5,-244.377,126.01,0,705.348,1146.88,0,2.31481e+12,3,0.2,0,CIRCLE,280,1
601,0.5,0.5,0.5,-136.843,-104.773,0,-448.563,609.216,0,2.31481e+12,3,0.2,0,CIRCLE,280,1
602,0.5,0.5,0.5,-190.398,11.9302,0,134.951,876.99,0,2.31481e+12,3,0.2,0,CIRCLE,280,1
603,0.5,0.5,0.5,182.721,-77.4312,0,-311.856,-988.604,0,2.31481e+12,3,0.2,0,CIRCLE,280,1
604,0.5,0.5,0.5,111.939,-229.871,0,-1074.06,-634.693,0,2.31481e+12,3,0.2,0,CIRCLE,280,1
605,0.5,0.5,0.5,53.7566,-219.333,0,-1021.37,-343.783,0,2.31481e+12,3,0.2,0,CIRCLE,280,1
607,0.5,0.5,0.5,119.476,-69.0492,0,-269.946,-672.38,0,2.31481e+12,3,0.2,0,CIRCLE,280,1
608,0.5,0.5,0.5,207.494,-97.7545,0,-413.473,-1112.47,0,2.31481e+12,3,0.2,0,CIRCLE,280,1
609,0.5,0.5,0.5,156.385,162.141,0,886.006,-856.924,0,2.31481e+12,3,0.2,0,CIRCLE,280,1
610,0.5,0.5,0.5,-130.736,4.91128,0,99.8564,578.679,0,2.31481e+12,3,0.2,0,CIRCLE,280,1
611,0.5,0.5,0.5,41.3273,-5.47058,0,47.9471,-281.637,0,2.31481e+12,3,0.2,0,CIRCLE,280,1
612,0.5,0.5,0.5,-264.587,57.8744,0,364.672,1247.94,0,2.31481e+12,3,0.2,0,CIRCLE,280,1
613,0.5,0.5,0.5,7.09364,10.4163,0,127.381,-110.468,0,2.31481e+12,3,0.2,0,CIRCLE,280,1
614,0.5,0.5,0.5,43.7116,231.427,0,1232.43,-293.558,0,2.31481e+12,3,0.2,0,CIRCLE,280,1
616,0.5,0.5,0.5,-98.2196,-143.437,0,-641.887,416.098,0,2.31481e+12,3,0.2,0,CIRCLE,280,1
617,0.5,0.5,0.5,37.7298,-278.563,0,-1317.52,-263.649,0,2.31481e+12,3,0.2,0,CIRCLE,280,1
618,0.5,0.5,0.5,60.4507,-130.45,0,-576.951,-377.254,0,2.31481e+12,3,0.2,0,CIRCLE,280,1
619,0.5,0.5,0.5,-57.4729,-14.6701,0,1.94926,212.365,0,2.31481e+12,3,0.2,0,CIRCLE,280,1
620,0.5,0.5,0.5,28.7431,7.5368,0,112.984,-218.715,0,2.31481e+12,3,0.2,0,CIRCLE,280,1
622,0.5,0.5,0.5,-115.34,48.8527,0,319.563,501.702,0,2.31481e+12,3,0.2,0,CIRCLE,280,1
623,0.5,0.5,0.5,-50.4362,99.1106,0,570.853,177.181,0,2.31481e+12,3,0.2,0,CIRCLE,280,1
625,0.5,0.5,0.5,174.563,57.6245,0,363.422,-947.817,0,2.31481e+12,3,0.2,0,CIRCLE,280,1
626,0.5,0.5,0.5,-173.923,179.913,0,974.863,794.613,0,2.31481e+12,3,0.2,0,CIRCLE,280,1
628,0.5,0.5,0.5,17.3748,20.2708,0,176.654,-161.874,0,2.31481e+12,3,0.2,0,CIRCLE,280,1
629,0.5,0.5,0.5,90.7633,215.112,0,1150.86,-528.816,0,2.31481e+12,3,0.2,0,CIRCLE,280,1
631,0.5,0.5,0.5,-132.673,153.772,0,844.158,588.364,0,2.31481e+12,3,0.2,0,CIRCLE,280,1
632,0.5,0.5,0.5,-148.134,-239.817,0,-1123.78,665.67,0,2.31481e+12,3,0.2,0,CIRCLE,280,1
633,0.5,0.5,0.5,233.129,-126.99,0,-559.652,-1240.65,0,2.31481e+12,3,0.2,0,CIRCLE,280,1
636,0.5,0.5,0.5,44.6167,-61.1605,0,-230.502,-298.083,0,2.31481e+12,3,0.2,0,CIRCLE,280,1
637,0.5,0.5,0.5,161.491,-197.559,0,-912.497,-882.457,0,2.31481e+12,3,0.2,0,CIRCLE,280,1
639,0.5,0.5,0.5,-103.55,-180.87,0,-829.048,442.75,0,2.31481e+12,3,0.2,0,CIRCLE,280,1
640,0.5,0.5,0.5,-68.4467,252.547,0,1338.03,267.234,0,2.31481e+12,3,0.2,0,CIRCLE,280,1
642,0.5,0.5,0.5,-135.963,-96.9905,0,-409.653,604.813,0,2.31481e+12,3,0.2,0,CIRCLE,280,1
643,0.5,0.5,0.5,69.151,76.855,0,459.575,-420.755,0,2.31481e+12,3,0.2,0,CIRCLE,280,1
645,0.5,0.5,0.5,-97.5078,90.9183,0,529.892,412.539,0,2.31481e+12,3,0.2,0,CIRCLE,280,1
646,0.5,0.5,0.5,-245.754,16.4537,0,157.569,1153.77,0,2.31481e+12,3,0.2,0,CIRCLE,280,1
647,0.5,0.5,0.5,202.318,-88.4157,0,-366.778,-1086.59,0,2.31481e+12,3,0.2,0,CIRCLE,280,1
648,0.5,0.5,0.5,120.645,-29.9116,0,-74.258,-678.227,0,2.31481e+12,3,0.2,0,CIRCLE,280,1
649,0.5,0.5,0.5,-150.477,-26.5753,0,-57.5767,677.385,0,2.31481e+12,3,0.2,0,CIRCLE,280,1
650,0.5,0.5,0.5,141.228,-131.476,0,-582.08,-781.139,0,2.31481e+12,3,0.2,0,CIRCLE,280,1
651,0.5,0.5,0.5,-109.865,167.044,0,910.521,474.323,0,2.31481e+12,3,0.2,0,CIRCLE,280,1
652,0.5,0.5,0.5,-161.628,-84.8862,0,-349.131,733.138,0,2.31481e+12,3,0.2,0,CIRCLE,280,1
653,0.5,0.5,0.5,-81.6185,78.964,0,470.12,333.093,0,2.31481e+12,3,0.2,0,CIRCLE,280,1
654,0.5,0.5,0.5,-47.7426,111.961,0,635.105,163.713,0,2.31481e+12,3,0.2,0,CIRCLE,280,1
655,0.5,0.5,0.5,198.047,-127.257,0,-560.985,-1065.24,0,2.31481e+12,3,0.2,0,CIRCLE,280,1
656,0.5,0.5,0.5,64.1588,-226.491,0,-1057.16,-395.794,0,2.31481e+12,3,0.2,0,CIRCLE,280,1
657,0.5,0.5,0.5,-71.3642,-149.157,0,-670.484,281.821,0,2.31481e+12,3,0.2,0,CIRCLE,280,1
660,0.5,0.5,0.5,-47.0919,34.4876,0,247.738,160.459,0,2.31481e+12,3,0.2,0,CIRCLE,280,1
662,0.5,0.5,0.5,100.873,-202.258,0,-935.988,-579.363,0,2.31481e+12,3,0.2,0,CIRCLE,280,1
663,0.5,0.5,0.5,-225.585,-69.8798,0,-274.099,1052.92,0,2.31481e+12,3,0.2,0,CIRCLE,280,1
664,0.5,0.5,0.5,-239.239,-118.259,0,-515.996,1121.2,0,2.31481e+12,3,0.2,0,CIRCLE,280,1
665,0.5,0.5,0.5,-163.939,-195.115,0,-900.275,744.695,0,2.31481e+12,3,0.2,0,CIRCLE,280,1
667,0.5,0.5,0.5,84.5675,137.608,0,763.339,-497.837,0,2.31481e+12,3,0.2,0,CIRCLE,280,1
668,0.5,0.5,0.5,-5.69272,-54.9126,0,-199.263,-46.5364,0,2.31481e+12,3,0.2,0,CIRCLE,280,1
669,0.5,0.5,0.5,-68.2262,6.70773,0,108.839,266.131,0,2.31481e+12,3,0.2,0,CIRCLE,280,1
670,0.5,0.5,0.5,-160.18,-20.7517,0,-28.4586,725.901,0,2.31481e+12,3,0.2,0,CIRCLE,280,1
671,0.5,0.5,0.5,110.998,42.6257,0,288.429,-629.99,0,2.31481e+12,3,0.2,0,CIRCLE,280,1
672,0.5,0.5,0.5,182.999,-37.4196,0,-111.798,-989.993,0,2.31481e+12,3,0.2,0,CIRCLE,280,1
673,0.5,0.5,0.5,-70.8071,-64.5305,0,-247.352,279.035,0,2.31481e+12,3,0.2,0,CIRCLE,280,1
674,0.5,0.5,0.5,-199.211,187.436,0,1012.48,921.056,0,2.31481e+12,3,0.2,0,CIRCLE,280,1
675,0.5,0.5,0.5,88.7399,-140.284,0,-626.118,-518.7,0,2.31481e+12,3,0.2,0,CIRCLE,280,1
676,0.5,0.5,0.5,-7.32581,135.467,0,752.633,-38.371,0,2.31481e+12,3,0.2,0,CIRCLE,280,1
679,0.5,0.5,0.5,13.6576,135.898,0,754.791,-143.288,0,2.31481e+12,3,0.2,0,CIRCLE,280,1
680,0.5,0.5,0.5,36.7986,-234.652,0,-1097.96,-258.993,0,2.31481e+12,3,0.2,0,CIRCLE,280,1
681,0.5,0.5,0.5,109.143,57.0367,0,360.484,-620.714,0,2.31481e+12,3,0.2,0,CIRCLE,280,1
682,0.5,0.5,0.5,70.4495,83.7583,0,494.091,-427.248,0,2.31481e+12,3,0.2,0,CIRCLE,280,1
683,0.5,0.5,0.5,-124.197,-60.2937,0,-226.168,545.984,0,2.31481e+12,3,0.2,0,CIRCLE,280,1
684,0.5,0.5,0.5,-76.707,-82.6292,0,-337.846,308.535,0,2.31481e+12,3,0.2,0,CIRCLE,280,1
685,0.5,0.5,0.5,-248.672,54.9329,0,349.964,1168.36,0,2.31481e+12,3,0.2,0,CIRCLE,280,1
686,0.5,0.5,0.5,-48.7176,42.9974,0,290.287,168.588,0,2.31481e+12,3,0.2,0,CIRCLE,280,1
687,0.5,0.5,0.5,-62.3261,213.458,0,1142.59,236.631,0,2.31481e+12,3,0.2,0,CIRCLE,280,1
690,0.5,0.5,0.5,63.7864,-283.638,0,-1342.89,-393.932,0,2.31481e+12,3,0.2,0,CIRCLE,280,1
691,0.5,0.5,0.5,-160.668,-180.225,0,-825.823,728.338,0,2.31481e+12,3,0.2,0,CIRCLE,280,1
693,0.5,0.5,0.5,80.0665,245.205,0,1301.33,-475.332,0,2.31481e+12,3,0.2,0,CIRCLE,280,1
694,0.5,0.5,0.5,-8.32608,42.1985,0,286.293,-33.3696,0,2.31481e+12,3,0.2,0,CIRCLE,280,1
695,0.5,0.5,0.5,-5.27845,126.096,0,705.78,-48.6077,0,2.31481e+12,3,0.2,0,CIRCLE,280,1
696,0.5,0.5,0.5,-223.062,122.963,0,690.116,1040.31,0,2.31481e+12,3,0.2,0,CIRCLE,280,1
697,0.5,0.5,0.5,-52.3781,247.996,0,1315.28,186.89,0,2.31481e+12,3,0.2,0,CIRCLE,280,1
698,0.5,0.5,0.5,-188.521,149.107,0,820.836,867.607,0,2.31481e+12,3,0.2,0,CIRCLE,280,1
699,0.5,0.5,0.5,2.39612,47.0373,0,310.486,-86.9806,0,2.31481e+12,3,0.2,0,CIRCLE,280,1
700,0.5,0.5,0.5,-146.907,-116.75,0,-508.449,659.533,0,2.31481e+12,3,0.2,0,CIRCLE,280,1
701,0.5,0.5,0.5,-162.263,160.196,0,876.279,736.315,0,2.31481e+12,3,0.2,0,CIRCLE,280,1
702,0.5,0.5,0.5,115.916,-34.8566,0,-98.9828,-654.581,0,2.31481e+12,3,0.2,0,CIRCLE,280,1
703,0.5,0.5,0.5,115.814,-115.448,0,-501.939,-654.07,0,2.31481e+12,3,0.2,0,CIRCLE,280,1
704,0.5,0.5,0.5,203.685,-80.7446,0,-328.423,-1093.42,0,2.31481e+12,3,0.2,0,CIRCLE,280,1
706,0.5,0.5,0.5,-140.627,146.017,0,805.386,628.135,0,2.31481e+12,3,0.2,0,CIRCLE,280,1
708,0.5,0.5,0.5,59.133,38.5854,0,268.227,-370.665,0,2.31481e+12,3,0.2,0,CIRCLE,280,1
709,0.5,0.5,0.5,-79.9941,-263.858,0,-1243.99,324.971,0,2.31481e+12,3,0.2,0,CIRCLE,280,1
710,0.5,0.5,0.5,-134.475,-238.488,0,-1117.14,597.375,0,2.31481e+12,3,0.2,0,CIRCLE,280,1
711,0.5,0.5,0.5,181.141,-7.88848,0,35.8576,-980.703,0,2.31481e+12,3,0.2,0,CIRCLE,280,1
712,0.5,0.5,0.5,-229.353,-180.478,0,-827.09,1071.76,0,2.31481e+12,3,0.2,0,CIRCLE,280,1
713,0.5,0.5,0.5,-70.0309,195.875,0,1054.67,275.155,0,2.31481e+12,3,0.2,0,CIRCLE,280,1
714,0.5,0.5,0.5,-20.0814,-276.692,0,-1308.16,25.407,0,2.31481e+12,3,0.2,0,CIRCLE,280,1
715,0.5,0.5,0.5,202.288,-148.664,0,-668.02,-1086.44,0,2.31481e+12,3,0.2,0,CIRCLE,280,1
717,0.5,0.5,0.5,8.15598,-120.987,0,-529.635,-115.78,0,2.31481e+12,3,0.2,0,CIRCLE,280,1
718,0.5,0.5,0.5,-239.141,-76.4984,0,-307.192,1120.71,0,2.31481e+12,3,0.2,0,CIRCLE,280,1
720,0.5,0.5,0.5,129.038,92.3446,0,537.023,-720.188,0,2.31481e+12,3,0.2,0,CIRCLE,280,1
721,0.5,0.5,0.5,213.711,24.8219,0,199.409,-1143.55,0,2.31481e+12,3,0.2,0,CIRCLE,280,1
724,0.5,0.5,0.5,143.532,-201.306,0,-931.232,-792.662,0,2.31481e+12,3,0.2,0,CIRCLE,280,1
725,0.5,0.5,0.5,170.998,42.3596,0,287.098,-929.988,0,2.31481e+12,3,0.2,0,CIRCLE,280,1
726,0.5,0.5,0.5,242.61,79.8608,0,474.604,-1288.05,0,2.31481e+12,3,0.2,0,CIRCLE,280,1
728,0.5,0.5,0.5,191.273,-64.4481,0,-246.941,-1031.37,0,2.31481e+12,3,0.2,0,CIRCLE,280,1
729,0.5,0.5,0.5,114.451,-138.632,0,-617.861,-647.253,0,2.31481e+12,3,0.2,0,CIRCLE,280,1
730,0.5,0.5,0.5,-162.729,87.9277,0,514.939,738.646,0,2.31481e+12,3,0.2,0,CIRCLE,280,1
731,0.5,0.5,0.5,-153.115,-228.25,0,-1065.95,690.575,0,2.31481e+12,3,0.2,0,CIRCLE,280,1
732,0.5,0.5,0.5,125.237,-65.3007,0,-251.203,-701.186,0,2.31481e+12,3,0.2,0,CIRCLE,280,1
733,0.5,0.5,0.5,204.785,-11.9233,0,15.6837,-1098.92,0,2.31481e+12,3,0.2,0,CIRCLE,280,1
735,0.5,0.5,0.5,-256.314,113.841,0,644.505,1206.57,0,2.31481e+12,3,0.2,0,CIRCLE,280,1
736,0.5,0.5,0.5,-114.659,-91.2666,0,-381.033,498.293,0,2.31481e+12,3,0.2,0,CIRCLE,280,1
737,0.5,0.5,0.5,-155.32,68.7244,0,418.922,701.602,0,2.31481e+12,3,0.2,0,CIRCLE,280,1
738,0.5,0.5,0.5,-195.098,-190.908,0,-879.24,900.49,0,2.31481e+12,3,0.2,0,CIRCLE,280,1
739,0.5,0.5,0.5,75.7997,-12.2308,0,14.1462,-453.998,0,2.31481e+12,3,0.2,0,CIRCLE,280,1
740,0.5,0.5,0.5,-131.084,75.7224,0,453.912,580.422,0,2.31481e+12,3,0.2,0,CIRCLE,280,1
741,0.5,0.5,0.5,-118.563,217.154,0,1161.07,517.817,0,2.31481e+12,3,0.2,0,CIRCLE,280,1
743,0.5,0.5,0.5,52.9439,184.135,0,995.976,-339.72,0,2.31481e+12,3,0.2,0,CIRCLE,280,1
744,0.5,0.5,0.5,-289.057,38.9417,0,270.009,1370.29,0,2.31481e+12,3,0.2,0,CIRCLE,280,1
745,0.5,0.5,0.5,-170.233,54.2222,0,346.411,776.163,0,2.31481e+12,3,0.2,0,CIRCLE,280,1
746,0.5,0.5,0.5,-166.571,69.8526,0,424.563,757.855,0,2.31481e+12,3,0.2,0,CIRCLE,280,1
747,0.5,0.5,0.5,-244.535,-141.999,0,-634.697,1147.67,0,2.31481e+12,3,0.2,0,CIRCLE,280,1
748,0.5,0.5,0.5,-106.677,134.788,0,749.242,458.387,0,2.31481e+12,3,0.2,0,CIRCLE,280,1
749,0.5,0.5,0.5,175.415,-75.486,0,-302.13,-952.077,0,2.31481e+12,3,0.2,0,CIRCLE,280,1
750,0.5,0.5,0.5,-205.431,91.8949,0,534.775,952.153,0,2.31481e+12,3,0.2,0,CIRCLE,280,1
751,0.5,0.5,0.5,-1.44919,-94.8413,0,-398.906,-67.7541,0,2.31481e+12,3,0.2,0,CIRCLE,280,1
753,0.5,0.5,0.5,119.555,67.274,0,411.67,-672.774,0,2.31481e+12,3,0.2,0,CIRCLE,280,1
754,0.5,0.5,0.5,-233.618,24.1236,0,195.918,1093.09,0,2.31481e+12,3,0.2,0,CIRCLE,280,1
755,0.5,0.5,0.5,-54.1884,53.4308,0,342.454,195.942,0,2.31481e+12,3,0.2,0,CIRCLE,280,1
756,0.5,0.5,0.5,-94.5862,-84.7398,0,-348.399,397.931,0,2.31481e+12,3,0.2,0,CIRCLE,280,1
757,0.5,0.5,0.5,-63.7674,234.599,0,1248.3,243.837,0,2.31481e+12,3,0.2,0,CIRCLE,280,1
758,0.5,0.5,0.5,-274.004,89.3022,0,521.811,1295.02,0,2.31481e+12,3,0.2,0,CIRCLE,280,1
759,0.5,0.5,0.5,1.64863,75.2096,0,451.348,-83.2431,0,2.31481e+12,3,0.2,0,CIRCLE,280,1
760,0.5,0.5,0.5,-158.004,-32.1514,0,-85.4571,715.019,0,2.31481e+12,3,0.2,0,CIRCLE,280,1
761,0.5,0.5,0.5,197.324,-5.18095,0,49.3952,-1061.62,0,2.31481e+12,3,0.2,0,CIRCLE,280,1
762,0.5,0.5,0.5,-3.17151,-106.046,0,-454.931,-59.1424,0,2.31481e+12,3,0.2,0,CIRCLE,280,1
763,0.5,0.5,0.5,152.01,-47.7223,0,-163.311,-835.049,0,2.31481e+12,3,0.2,0,CIRCLE,280,1
764,0.5,0.5,0.5,151.546,-129.738,0,-573.391,-832.729,0,2.31481e+12,3,0.2,0,CIRCLE,280,1
766,0.5,0.5,0.5,-169.627,6.04678,0,105.534,773.134,0,2.31481e+12,3,0.2,0,CIRCLE,280,1
767,0.5,0.5,0.5,-225.296,110.422,0,627.409,1051.48,0,2.31481e+12,3,0.2,0,CIRCLE,280,1
769,0.5,0.5,0.5,-228.96,89.8633,0,524.617,1069.8,0,2.31481e+12,3,0.2,0,CIRCLE,280,1
770,0.5,0.5,0.5,-23.0108,-99.2723,0,-421.061,40.0542,0,2.31481e+12,3,0.2,0,CIRCLE,280,1
773,0.5,0.5,0.5,-137.665,133.98,0,745.199,613.324,0,2.31481e+12,3,0.2,0,CIRCLE,280,1
776,0.5,0.5,0.5,99.7143,-84.4191,0,-346.796,-573.571,0,2.31481e+12,3,0.2,0,CIRCLE,280,1
777,0.5,0.5,0.5,-55.6856,87.174,0,511.17,203.428,0,2.31481e+12,3,0.2,0,CIRCLE,280,1
778,0.5,0.5,0.5,-80.0251,85.3147,0,501.874,325.125,0,2.31481e+12,3,0.2,0,CIRCLE,280,1
780,0.5,0.5,0.5,60.9007,128.265,0,716.623,-379.504,0,2.31481e+12,3,0.2,0,CIRCLE,280,1
781,0.5,0.5,0.5,166.838,64.2746,0,396.673,-909.19,0,2.31481e+12,3,0.2,0,CIRCLE,280,1
782,0.5,0.5,0.5,230.355,-71.9792,0,-284.596,-1226.78,0,2.31481e+12,3,0.2,0,CIRCLE,280,1
783,0.5,0.5,0.5,-267.543,73.321,0,441.905,1262.71,0,2.31481e+12,3,0.2,0,CIRCLE,280,1
784,0.5,0.5,0.5,68.5722,160.494,0,877.769,-417.861,0,2.31481e+12,3,0.2,0,CIRCLE,280,1
785,0.5,0.5,0.5,-245.547,25.8479,0,204.54,1152.73,0,2.31481e+12,3,0.2,0,CIRCLE,280,1
786,0.5,0.5,0.5,-12.6227,255.983,0,1355.22,-11.8866,0,2.31481e+12,3,0.2,0,CIRCLE,280,1
787,0.5,0.5,0.5,-41.2938,135.972,0,755.159,131.469,0,2.31481e+12,3,0.2,0,CIRCLE,280,1
788,0.5,0.5,0.5,96.441,-242.685,0,-1138.12,-557.205,0,2.31481e+12,3,0.2,0,CIRCLE,280,1
789,0.5,0.5,0.5,-186.02,-196.894,0,-909.169,855.102,0,2.31481e+12,3,0.2,0,CIRCLE,280,1
791,0.5,0.5,0.5,-82.1924,249.949,0,1325.05,335.962,0,2.31481e+12,3,0.2,0,CIRCLE,280,1
792,0.5,0.5,0.5,112.861,-170.625,0,-777.823,-639.304,0,2.31481e+12,3,0.2,0,CIRCLE,280,1
793,0.5,0.5,0.5,-52.3864,-151.697,0,-683.187,186.932,0,2.31481e+12,3,0.2,0,CIRCLE,280,1
794,0.5,0.5,0.5,157.595,-108.41,0,-466.748,-862.977,0,2.31481e+12,3,0.2,0,CIRCLE,280,1
795,0.5,0.5,0.5,196.775,126.098,0,705.79,-1058.87,0,2.31481e+12,3,0.2,0,CIRCLE,280,1
796,0.5,0.5,0.5,116.906,53.9866,0,345.233,-659.53,0,2.31481e+12,3,0.2,0,CIRCLE,280,1
797,0.5,0.5,0.5,-182.387,134.713,0,748.863,836.935,0,2.31481e+12,3,0.2,0,CIRCLE,280,1
798,0.5,0.5,0.5,-198.109,-32.415,0,-86.7749,915.544,0,2.31481e+12,3,0.2,0,CIRCLE,280,1
799,0.5,0.5,0.5,160.265,198.823,0,1069.42,-876.323,0,2.31481e+12,3,0.2,0,CIRCLE,280,1
801,0.5,0.5,0.5,139.514,-106.651,0,-457.957,-772.568,0,2.31481e+12,3,0.2,0,CIRCLE,280,1
802,0.5,0.5,0.5,-10.9363,-136.227,0,-605.833,-20.3185,0,2.31481e+12,3,0.2,0,CIRCLE,280,1
804,0.5,0.5,0.5,-103.957,-197.856,0,-913.982,444.785,0,2.31481e+12,3,0.2,0,CIRCLE,280,1
806,0.5,0.5,0.5,-41.6424,181.089,0,980.743,133.212,0,2.31481e+12,3,0.2,0,CIRCLE,280,1
808,0.5,0.5,0.5,186.998,-52.4901,0,-187.15,-1009.99,0,2.31481e+12,3,0.2,0,CIRCLE,280,1
810,0.5,0.5,0.5,20.0168,104.481,0,597.707,-175.084,0,2.31481e+12,3,0.2,0,CIRCLE,280,1
811,0.5,0.5,0.5,28.9103,102.111,0,585.856,-219.552,0,2.31481e+12,3,0.2,0,CIRCLE,280,1
814,0.5,0.5,0.5,-120.943,-239.518,0,-1122.29,529.714,0,2.31481e+12,3,0.2,0,CIRCLE,280,1
817,0.5,0.5,0.5,39.9223,27.8466,0,214.533,-274.612,0,2.31481e+12,3,0.2,0,CIRCLE,280,1
818,0.5,0.5,0.5,73.7187,-76.2966,0,-306.183,-443.594,0,2.31481e+12,3,0.2,0,CIRCLE,280,1
820,0.5,0.5,0.5,151.597,-61.4836,0,-232.118,-832.985,0,2.31481e+12,3,0.2,0,CIRCLE,280,1
821,0.5,0.5,0.5,-128.466,186.978,0,1010.19,567.33,0,2.31481e+12,3,0.2,0,CIRCLE,280,1
822,0.5,0.5,0.5,116.295,-127.081,0,-560.103,-656.476,0,2.31481e+12,3,0.2,0,CIRCLE,280,1
823,0.5,0.5,0.5,-225.063,78.6242,0,468.421,1050.31,0,2.31481e+12,3,0.2,0,CIRCLE,280,1
824,0.5,0.5,0.5,-35.8615,178.44,0,967.499,104.308,0,2.31481e+12,3,0.2,0,CIRCLE,280,1
825,0.5,0.5,0.5,-261.932,-58.6534,0,-217.967,1234.66,0,2.31481e+12,3,0.2,0,CIRCLE,280,1
826,0.5,0.5,0.5,51.2038,-247.657,0,-1162.99,-331.019,0,2.31481e+12,3,0.2,0,CIRCLE,280,1
827,0.5,0.5,0.5,-268.86,6.2979,0,106.789,1269.3,0,2.31481e+12,3,0.2,0,CIRCLE,280,1
828,0.5,0.5,0.5,-152.785,-68.592,0,-267.66,688.926,0,2.31481e+12,3,0.2,0,CIRCLE,280,1
830,0.5,0.5,0.5,192.517,-144.415,0,-646.776,-1037.58,0,2.31481e+12,3,0.2,0,CIRCLE,280,1
831,0.5,0.5,0.5,-115.815,94.4325,0,547.463,504.076,0,2.31481e+12,3,0.2,0,CIRCLE,280,1
833,0.5,0.5,0.5,234.965,66.4649,0,407.625,-1249.82,0,2.31481e+12,3,0.2,0,CIRCLE,280,1
834,0.5,0.5,0.5,-13.6779,162.926,0,889.932,-6.61049,0,2.31481e+12,3,0.2,0,CIRCLE,280,1
835,0.5,0.5,0.5,145.722,191.856,0,1034.58,-803.611,0,2.31481e+12,3,0.2,0,CIRCLE,280,1
837,0.5,0.5,0.5,46.6893,162.787,0,889.233,-308.447,0,2.31481e+12,3,0.2,0,CIRCLE,280,1
838,0.5,0.5,0.5,-1.3786,-198.814,0,-918.772,-68.107,0,2.31481e+12,3,0.2,0,CIRCLE,280,1
839,0.5,0.5,0.5,-179.351,-204.911,0,-949.257,821.753,0,2.31481e+12,3,0.2,0,CIRCLE,280,1
841,0.5,0.5,0.5,214.555,-69.0527,0,-269.963,-1147.77,0,2.31481e+12,3,0.2,0,CIRCLE,280,1
844,0.5,0.5,0.5,83.6924,7.74003,0,114,-493.462,0,2.31481e+12,3,0.2,0,CIRCLE,280,1
846,0.5,0.5,0.5,-200.532,-100.823,0,-428.817,927.658,0,2.31481e+12,3,0.2,0,CIRCLE,280,1
848,0.5,0.5,0.5,-38.9137,51.9434,0,335.017,119.568,0,2.31481e+12,3,0.2,0,CIRCLE,280,1
849,0.5,0.5,0.5,-101.879,39.1692,0,271.146,434.393,0,2.31481e+12,3,0.2,0,CIRCLE,280,1
850,0.5,0.5,0.5,-17.6872,238.636,0,1268.48,13.4361,0,2.31481e+12,3,0.2,0,CIRCLE,280,1
852,0.5,0.5,0.5,252.291,-35.2841,0,-101.121,-1336.46,0,2.31481e+12,3,0.2,0,CIRCLE,280,1
853,0.5,0.5,0.5,92.734,88.4064,0,517.332,-538.67,0,2.31481e+12,3,0.2,0,CIRCLE,280,1
854,0.5,0.5,0.5,-66.3298,-200.165,0,-925.527,256.649,0,2.31481e+12,3,0.2,0,CIRCLE,280,1
855,0.5,0.5,0.5,-60.6098,142.924,0,789.919,228.049,0,2.31481e+12,3,0.2,0,CIRCLE,280,1
857,0.5,0.5,0.5,-87.2259,-22.8488,0,-38.9438,361.13,0,2.31481e+12,3,0.2,0,CIRCLE,280,1
858,0.5,0.5,0.5,84.5388,-198.186,0,-915.628,-497.694,0,2.31481e+12,3,0.2,0,CIRCLE,280,1
861,0.5,0.5,0.5,-200.583,15.6835,0,153.717,927.915,0,2.31481e+12,3,0.2,0,CIRCLE,280,1
863,0.5,0.5,0.5,-189.475,182.212,0,986.362,872.375,0,2.31481e+12,3,0.2,0,CIRCLE,280,1
865,0.5,0.5,0.5,-108.784,-19.3641,0,-21.5207,468.921,0,2.31481e+12,3,0.2,0,CIRCLE,280,1
867,0.5,0.5,0.5,28.6373,-179.437,0,-821.887,-218.187,0,2.31481e+12,3,0.2,0,CIRCLE,280,1
868,0.5,0.5,0.5,136.773,-202.94,0,-939.402,-758.867,0,2.31481e+12,3,0.2,0,CIRCLE,280,1
869,0.5,0.5,0.5,-178.608,22.8131,0,189.365,818.04,0,2.31481e+12,3,0.2,0,CIRCLE,280,1
870,0.5,0.5,0.5,-215.297,61.2744,0,381.672,1001.48,0,2.31481e+12,3,0.2,0,CIRCLE,280,1
871,0.5,0.5,0.5,-176.348,138.358,0,767.09,806.74,0,2.31481e+12,3,0.2,0,CIRCLE,280,1
872,0.5,0.5,0.5,-196.91,-83.8737,0,-344.068,909.552,0,2.31481e+12,3,0.2,0,CIRCLE,280,1
873,0.5,0.5,0.5,47.505,-118.211,0,-515.753,-312.525,0,2.31481e+12,3,0.2,0,CIRCLE,280,1
875,0.5,0.5,0.5,112.59,18.29,0,166.75,-637.949,0,2.31481e+12,3,0.2,0,CIRCLE,280,1
878,0.5,0.5,0.5,123.457,138.243,0,766.516,-692.284,0,2.31481e+12,3,0.2,0,CIRCLE,280,1
880,0.5,0.5,0.5,38.3021,248.793,0,1319.27,-266.51,0,2.31481e+12,3,0.2,0,CIRCLE,280,1
882,0.5,0.5,0.5,-37.2321,-32.6651,0,-88.0255,111.161,0,2.31481e+12,3,0.2,0,CIRCLE,280,1
884,0.5,0.5,0.5,-38.6214,5.33341,0,101.967,118.107,0,2.31481e+12,3,0.2,0,CIRCLE,280,1
885,0.5,0.5,0.5,6.3884,247.644,0,1313.52,-106.942,0,2.31481e+12,3,0.2,0,CIRCLE,280,1
886,0.5,0.5,0.5,-106.434,-75.0249,0,-299.825,457.172,0,2.31481e+12,3,0.2,0,CIRCLE,280,1
887,0.5,0.5,0.5,188.736,6.25092,0,106.555,-1018.68,0,2.31481e+12,3,0.2,0,CIRCLE,280,1
888,0.5,0.5,0.5,180.944,-128.049,0,-564.944,-979.719,0,2.31481e+12,3,0.2,0,CIRCLE,280,1
890,0.5,0.5,0.5,70.237,-33.5926,0,-92.6628,-426.185,0,2.31481e+12,3,0.2,0,CIRCLE,280,1
891,0.5,0.5,0.5,-175.844,102.512,0,587.858,804.22,0,2.31481e+12,3,0.2,0,CIRCLE,280,1
893,0.5,0.5,0.5,-113.888,-114.406,0,-496.73,494.44,0,2.31481e+12,3,0.2,0,CIRCLE,280,1
894,0.5,0.5,0.5,-65.8077,183.108,0,990.842,254.038,0,2.31481e+12,3,0.2,0,CIRCLE,280,1
897,0.5,0.5,0.5,-222.145,37.7127,0,263.863,1035.72,0,2.31481e+12,3,0.2,0,CIRCLE,280,1
899,0.5,0.5,0.5,150.452,142.289,0,786.746,-827.261,0,2.31481e+12,3,0.2,0,CIRCLE,280,1
900,0.5,0.5,0.5,67.7854,96.9884,0,560.242,-413.927,0,2.31481e+12,3,0.2,0,CIRCLE,280,1
901,0.5,0.5,0.5,53.3431,42.6875,0,288.737,-341.716,0,2.31481e+12,3,0.2,0,CIRCLE,280,1
903,0.5,0.5,0.5,-203.291,-4.02959,0,55.152,941.456,0,2.31481e+12,3,0.2,0,CIRCLE,280,1
906,0.5,0.5,0.5,67.4526,-163.669,0,-743.044,-412.263,0,2.31481e+12,3,0.2,0,CIRCLE,280,1
907,0.5,0.5,0.5,130.405,-155.101,0,-700.203,-727.024,0,2.31481e+12,3,0.2,0,CIRCLE,280,1
908,0.5,0.5,0.5,155.992,-56.3026,0,-206.213,-854.96,0,2.31481e+12,3,0.2,0,CIRCLE,280,1
910,0.5,0.5,0.5,-192.583,164.543,0,898.015,887.914,0,2.31481e+12,3,0.2,0,CIRCLE,280,1
912,0.5,0.5,0.5,-21.7936,-183.417,0,-841.784,33.968,0,2.31481e+12,3,0.2,0,CIRCLE,280,1
913,0.5,0.5,0.5,7.89039,237.355,0,1262.07,-114.452,0,2.31481e+12,3,0.2,0,CIRCLE,280,1
914,0.5,0.5,0.5,15.8131,-158.272,0,-716.062,-154.065,0,2.31481e+12,3,0.2,0,CIRCLE,280,1
917,0.5,0.5,0.5,-141.827,61.3015,0,381.808,634.137,0,2.31481e+12,3,0.2,0,CIRCLE,280,1
918,0.5,0.5,0.5,83.4106,166.607,0,908.335,-492.053,0,2.31481e+12,3,0.2,0,CIRCLE,280,1
919,0.5,0.5,0.5,-6.31404,142.809,0,789.347,-43.4298,0,2.31481e+12,3,0.2,0,CIRCLE,280,1
921,0.5,0.5,0.5,-88.0028,-232.297,0,-1086.19,365.014,0,2.31481e+12,3,0.2,0,CIRCLE,280,1
923,0.5,0.5,0.5,-145.89,224.84,0,1199.5,654.45,0,2.31481e+12,3,0.2,0,CIRCLE,280,1
924,0.5,0.5,0.5,-81.7306,125.232,0,701.459,333.653,0,2.31481e+12,3,0.2,0,CIRCLE,280,1
925,0.5,0.5,0.5,73.3877,130.194,0,726.27,-441.938,0,2.31481e+12,3,0.2,0,CIRCLE,280,1
926,0.5,0.5,0.5,-60.3873,255.725,0,1353.92,226.936,0,2.31481e+12,3,0.2,0,CIRCLE,280,1
930,0.5,0.5,0.5,-53.3445,-173.181,0,-790.603,191.723,0,2.31481e+12,3,0.2,0,CIRCLE,280,1
932,0.5,0.5,0.5,-82.9804,-226.72,0,-1058.3,339.902,0,2.31481e+12,3,0.2,0,CIRCLE,280,1
936,0.5,0.5,0.5,-64.1117,-13.5069,0,7.76553,245.558,0,2.31481e+12,3,0.2,0,CIRCLE,280,1
937,0.5,0.5,0.5,-113.314,-198.65,0,-917.952,491.57,0,2.31481e+12,3,0.2,0,CIRCLE,280,1
938,0.5,0.5,0.5,-139.094,156.731,0,858.955,620.472,0,2.31481e+12,3,0.2,0,CIRCLE,280,1
941,0.5,0.5,0.5,-16.8041,-163.741,0,-743.407,9.02042,0,2.31481e+12,3,0.2,0,CIRCLE,280,1
942,0.5,0.5,0.5,54.8942,-261.164,0,-1230.52,-349.471,0,2.31481e+12,3,0.2,0,CIRCLE,280,1
943,0.5,0.5,0.5,-39.9766,-165.394,0,-751.67,124.883,0,2.31481e+12,3,0.2,0,CIRCLE,280,1
944,0.5,0.5,0.5,-188.088,-57.8818,0,-214.109,865.44,0,2.31481e+12,3,0.2,0,CIRCLE,280,1
946,0.5,0.5,0.5,172.908,115.681,0,653.706,-939.542,0,2.31481e+12,3,0.2,0,CIRCLE,280,1
947,0.5,0.5,0.5,107.431,182.94,0,990.002,-612.153,0,2.31481e+12,3,0.2,0,CIRCLE,280,1
949,0.5,0.5,0.5,170.931,-172.308,0,-786.242,-929.654,0,2.31481e+12,3,0.2,0,CIRCLE,280,1
950,0.5,0.5,0.5,-145.594,-75.9582,0,-304.491,652.968,0,2.31481e+12,3,0.2,0,CIRCLE,280,1
951,0.5,0.5,0.5,95.6589,78.2603,0,466.602,-553.294,0,2.31481e+12,3,0.2,0,CIRCLE,280,1
952,0.5,0.5,0.5,-43.7324,-290.334,0,-1376.37,143.662,0,2.31481e+12,3,0.2,0,CIRCLE,280,1
955,0.5,0.5,0.5,-127.868,143.424,0,792.42,564.34,0,2.31481e+12,3,0.2,0,CIRCLE,280,1
956,0.5,0.5,0.5,156.152,-16.6082,0,-7.74089,-855.76,0,2.31481e+12,3,0.2,0,CIRCLE,280,1
957,0.5,0.5,0.5,109.558,-57.212,0,-210.76,-622.789,0,2.31481e+12,3,0.2,0,CIRCLE,280,1
960,0.5,0.5,0.5,-231.612,43.6294,0,293.447,1083.06,0,2.31481e+12,3,0.2,0,CIRCLE,280,1
964,0.5,0.5,0.5,8.51818,223.425,0,1192.43,-117.591,0,2.31481e+12,3,0.2,0,CIRCLE,280,1
966,0.5,0.5,0.5,147.368,-143.735,0,-643.374,-811.842,0,2.31481e+12,3,0.2,0,CIRCLE,280,1
967,0.5,0.5,0.5,187.95,-179.104,0,-820.219,-1014.75,0,2.31481e+12,3,0.2,0,CIRCLE,280,1
968,0.5,0.5,0.5,-192.259,-173.175,0,-790.577,886.295,0,2.31481e+12,3,0.2,0,CIRCLE,280,1
969,0.5,0.5,0.5,-27.9495,-123.365,0,-541.524,64.7475,0,2.31481e+12,3,0.2,0,CIRCLE,280,1
970,0.5,0.5,0.5,-10.7252,-124.359,0,-546.494,-21.374,0,2.31481e+12,3,0.2,0,CIRCLE,280,1
971,0.5,0.5,0.5,-196.332,108.672,0,618.662,906.659,0,2.31481e+12,3,0.2,0,CIRCLE,280,1
972,0.5,0.5,0.5,-67.8454,-264.555,0,-1247.48,264.227,0,2.31481e+12,3,0.2,0,CIRCLE,280,1
973,0.5,0.5,0.5,38.3243,-61.3937,0,-231.668,-266.622,0,2.31481e+12,3,0.2,0,CIRCLE,280,1
974,0.5,0.5,0.5,-186.688,118.595,0,668.275,858.438,0,2.31481e+12,3,0.2,0,CIRCLE,280,1
976,0.5,0.5,0.5,0.783069,-227.432,0,-1061.86,-78.9153,0,2.31481e+12,3,0.2,0,CIRCLE,280,1
977,0.5,0.5,0.5,-124.682,168.525,0,917.925,548.411,0,2.31481e+12,3,0.2,0,CIRCLE,280,1
978,0.5,0.5,0.5,-169.931,171.485,0,932.727,774.653,0,2.31481e+12,3,0.2,0,CIRCLE,280,1
979,0.5,0.5,0.5,60.4989,27.4086,0,212.343,-377.494,0,2.31481e+12,3,0.2,0,CIRCLE,280,1
980,0.5,0.5,0.5,44.0331,-16.0868,0,-5.13412,-295.166,0,2.31481e+12,3,0.2,0,CIRCLE,280,1
983,0.5,0.5,0.5,-38.2941,172.013,0,935.365,116.471,0,2.31481e+12,3,0.2,0,CIRCLE,280,1
985,0.5,0.5,0.5,-181.426,-220.721,0,-1028.3,832.128,0,2.31481e+12,3,0.2,0,CIRCLE,280,1
986,0.5,0.5,0.5,120.98,-144.37,0,-646.55,-679.898,0,2.31481e+12,3,0.2,0,CIRCLE,280,1
987,0.5,0.5,0.5,-129.65,56.0578,0,355.589,573.248,0,2.31481e+12,3,0.2,0,CIRCLE,280,1
989,0.5,0.5,0.5,-144.735,184.639,0,998.494,648.673,0,2.31481e+12,3,0.2,0,CIRCLE,280,1
992,0.5,0.5,0.5,-6.67445,76.9809,0,460.205,-41.6278,0,2.31481e+12,3,0.2,0,CIRCLE,280,1
995,0.5,0.5,0.5,-204.14,-27.9862,0,-64.6311,945.698,0,2.31481e+12,3,0.2,0,CIRCLE,280,1
996,0.5,0.5,0.5,244.683,-63.0931,0,-240.166,-1298.41,0,2.31481e+12,3,0.2,0,CIRCLE,280,1
998,0.5,0.5,0.5,100.054,72.5767,0,438.183,-575.268,0,2.31481e+12,3,0.2,0,CIRCLE,280,1
999,0.5,0.5,0.5,-228.234,30.8487,0,229.543,1066.17,0,2.31481e+12,3,0.2,0,CIRCLE,280,1
1000,0.5,0.5,0.5,150.796,37.8055,0,264.328,-828.978,0,2.31481e+12,3,0.2,0,CIRCLE,280,1
1001,0.5,0.5,0.5,192.919,172.152,0,936.062,-1039.6,0,2.31481e+12,3,0.2,0,CIRCLE,280,1
1004,0.5,0.5,0.5,211.602,-78.6478,0,-317.939,-1133.01,0,2.31481e+12,3,0.2,0,CIRCLE,280,1
1006,0.5,0.5,0.5,-110.467,-212.296,0,-986.179,477.337,0,2.31481e+12,3,0.2,0,CIRCLE,280,1
1007,0.5,0.5,0.5,-158.816,-251.297,0,-1181.19,719.081,0,2.31481e+12,3,0.2,0,CIRCLE,280,1
1009,0.5,0.5,0.5,127.912,-184.854,0,-848.971,-714.56,0,2.31481e+12,3,0.2,0,CIRCLE,280,1
1013,0.5,0.5,0.5,84.9215,182.582,0,988.211,-499.607,0,2.31481e+12,3,0.2,0,CIRCLE,280,1
1014,0.5,0.5,0.5,100.841,-212.815,0,-988.773,-579.205,0,2.31481e+12,3,0.2,0,CIRCLE,280,1
1015,0.5,0.5,0.5,103.291,-160.506,0,-727.231,-591.455,0,2.31481e+12,3,0.2,0,CIRCLE,280,1
1016,0.5,0.5,0.5,211.192,-39.295,0,-121.175,-1130.96,0,2.31481e+12,3,0.2,0,CIRCLE,280,1
1017,0.5,0.5,0.5,-32.3116,-80.3107,0,-326.253,86.558,0,2.31481e+12,3,0.2,0,CIRCLE,280,1
1019,0.5,0.5,0.5,237.545,-56.3817,0,-206.609,-1262.73,0,2.31481e+12,3,0.2,0,CIRCLE,280,1
1021,0.5,0.5,0.5,26.7299,130.378,0,727.19,-208.649,0,2.31481e+12,3,0.2,0,CIRCLE,280,1
1025,0.5,0.5,0.5,59.1011,244.465,0,1297.63,-370.506,0,2.31481e+12,3,0.2,0,CIRCLE,280,1
1026,0.5,0.5,0.5,-11.3539,-189.821,0,-873.805,-18.2305,0,2.31481e+12,3,0.2,0,CIRCLE,280,1
1027,0.5,0.5,0.5,-162.648,133.138,0,740.988,738.242,0,2.31481e+12,3,0.2,0,CIRCLE,280,1
1032,0.5,0.5,0.5,-101.1,147.178,0,811.189,430.5,0,2.31481e+12,3,0.2,0,CIRCLE,280,1
1034,0.5,0.5,0.5,-243.473,-0.809079,0,71.2546,1142.37,0,2.31481e+12,3,0.2,0,CIRCLE,280,1
1035,0.5,0.5,0.5,-25.4244,75.0162,0,450.381,52.1218,0,2.31481e+12,3,0.2,0,CIRCLE,280,1
1036,0.5,0.5,0.5,81.0234,26.6875,0,208.737,-480.117,0,2.31481e+12,3,0.2,0,CIRCLE,280,1
1038,0.5,0.5,0.5,-171.907,-221.28,0,-1031.1,784.536,0,2.31481e+12,3,0.2,0,CIRCLE,280,1
1040,0.5,0.5,0.5,-204.698,-204.453,0,-946.963,948.49,0,2.31481e+12,3,0.2,0,CIRCLE,280,1
1043,0.5,0.5,0.5,-41.3506,-103.869,0,-444.044,131.753,0,2.31481e+12,3,0.2,0,CIRCLE,280,1
1044,0.5,0.5,0.5,-149.804,125.002,0,700.31,674.022,0,2.31481e+12,3,0.2,0,CIRCLE,280,1
1046,0.5,0.5,0.5,-97.0008,9.09625,0,120.781,410.004,0,2.31481e+12,3,0.2,0,CIRCLE,280,1
1047,0.5,0.5,0.5,-173.507,-35.7706,0,-103.553,792.535,0,2.31481e+12,3,0.2,0,CIRCLE,280,1
1050,0.5,0.5,0.5,99.8507,23.7015,0,193.808,-574.253,0,2.31481e+12,3,0.2,0,CIRCLE,280,1
1053,0.5,0.5,0.5,193.691,-165.118,0,-750.29,-1043.46,0,2.31481e+12,3,0.2,0,CIRCLE,280,1
1054,0.5,0.5,0.5,152.706,-113.696,0,-493.178,-838.529,0,2.31481e+12,3,0.2,0,CIRCLE,280,1
1055,0.5,0.5,0.5,-251.903,15.2122,0,151.361,1184.52,0,2.31481e+12,3,0.2,0,CIRCLE,280,1
1062,0.5,0.5,0.5,-187.673,-189.177,0,-870.587,863.363,0,2.31481e+12,3,0.2,0,CIRCLE,280,1
1063,0.5,0.5,0.5,-80.0634,110.442,0,627.512,325.317,0,2.31481e+12,3,0.2,0,CIRCLE,280,1
1064,0.5,0.5,0.5,-256.71,7.89482,0,114.774,1208.55,0,2.31481e+12,3,0.2,0,CIRCLE,280,1
1065,0.5,0.5,0.5,-167.806,-77.6623,0,-313.011,764.03,0,2.31481e+12,3,0.2,0,CIRCLE,280,1
1066,0.5,0.5,0.5,-106.139,-274.84,0,-1298.9,455.694,0,2.31481e+12,3,0.2,0,CIRCLE,280,1
1071,0.5,0.5,0.5,57.3557,-182.213,0,-835.767,-361.778,0,2.31481e+12,3,0.2,0,CIRCLE,280,1
1074,0.5,0.5,0.5,-135.194,-14.4584,0,3.00811,600.969,0,2.31481e+12,3,0.2,0,CIRCLE,280,1
1075,0.5,0.5,0.5,-139.674,-71.0834,0,-280.117,623.371,0,2.31481e+12,3,0.2,0,CIRCLE,280,1
1076,0.5,0.5,0.5,82.3806,-129.753,0,-573.465,-486.903,0,2.31481e+12,3,0.2,0,CIRCLE,280,1
1077,0.5,0.5,0.5,237.997,-31.6153,0,-82.7763,-1264.98,0,2.31481e+12,3,0.2,0,CIRCLE,280,1
1078,0.5,0.5,0.5,-144.942,76.3145,0,456.872,649.711,0,2.31481e+12,3,0.2,0,CIRCLE,280,1
1079,0.5,0.5,0.5,-197.565,119.998,0,675.291,912.824,0,2.31481e+12,3,0.2,0,CIRCLE,280,1
1080,0.5,0.5,0.5,226.486,-127.016,0,-559.781,-1207.43,0,2.31481e+12,3,0.2,0,CIRCLE,280,1
1081,0.5,0.5,0.5,-57.3532,225.993,0,1205.26,211.766,0,2.31481e+12,3,0.2,0,CIRCLE,280,1
1084,0.5,0.5,0.5,122.281,27.6244,0,213.422,-686.405,0,2.31481e+12,3,0.2,0,CIRCLE,280,1
1085,0.5,0.5,0.5,-74.9291,226.947,0,1210.04,299.645,0,2.31481e+12,3,0.2,0,CIRCLE,280,1
1086,0.5,0.5,0.5,-22.5979,134.817,0,749.385,37.9893,0,2.31481e+12,3,0.2,0,CIRCLE,280,1
1089,0.5,0.5,0.5,-73.7926,105.675,0,603.676,293.963,0,2.31481e+12,3,0.2,0,CIRCLE,280,1
1090,0.5,0.5,0.5,119.625,-48.5036,0,-167.218,-673.127,0,2.31481e+12,3,0.2,0,CIRCLE,280,1
1091,0.5,0.5,0.5,216.513,-117.626,0,-512.83,-1157.56,0,2.31481e+12,3,0.2,0,CIRCLE,280,1
1092,0.5,0.5,0.5,154.4,113.688,0,643.74,-847,0,2.31481e+12,3,0.2,0,CIRCLE,280,1
1096,0.5,0.5,0.5,213.887,66.059,0,405.595,-1144.43,0,2.31481e+12,3,0.2,0,CIRCLE,280,1
1097,0.5,0.5,0.5,-55.1251,-220.367,0,-1026.53,200.626,0,2.31481e+12,3,0.2,0,CIRCLE,280,1
1100,0.5,0.5,0.5,-8.30724,-60.7367,0,-228.383,-33.4638,0,2.31481e+12,3,0.2,0,CIRCLE,280,1
1102,0.5,0.5,0.5,109.493,145.418,0,802.392,-622.465,0,2.31481e+12,3,0.2,0,CIRCLE,280,1
1103,0.5,0.5,0.5,-127.387,198.17,0,1066.15,561.934,0,2.31481e+12,3,0.2,0,CIRCLE,280,1
1104,0.5,0.5,0.5,-188.623,-138.659,0,-617.994,868.115,0,2.31481e+12,3,0.2,0,CIRCLE,280,1
1105,0.5,0.5,0.5,188.311,-117.195,0,-510.677,-1016.56,0,2.31481e+12,3,0.2,0,CIRCLE,280,1
1106,0.5,0.5,0.5,-68.3503,-221.704,0,-1033.22,266.751,0,2.31481e+12,3,0.2,0,CIRCLE,280,1
1108,0.5,0.5,0.5,230.009,7.56758,0,113.138,-1225.05,0,2.31481e+12,3,0.2,0,CIRCLE,280,1
1110,0.5,0.5,0.5,-80.657,166.488,0,907.741,328.285,0,2.31481e+12,3,0.2,0,CIRCLE,280,1
1112,0.5,0.5,0.5,64.759,176.639,0,958.493,-398.795,0,2.31481e+12,3,0.2,0,CIRCLE,280,1
1113,0.5,0.5,0.5,-158.501,124.518,0,697.891,717.503,0,2.31481e+12,3,0.2,0,CIRCLE,280,1
1114,0.5,0.5,0.5,-119.992,-228.729,0,-1068.35,524.959,0,2.31481e+12,3,0.2,0,CIRCLE,280,1
1116,0.5,0.5,0.5,180.674,176.672,0,958.66,-978.369,0,2.31481e+12,3,0.2,0,CIRCLE,280,1
1117,0.5,0.5,0.5,-23.065,-80.9862,0,-329.631,40.3251,0,2.31481e+12,3,0.2,0,CIRCLE,280,1
1118,0.5,0.5,0.5,12.3195,180.861,0,979.605,-136.597,0,2.31481e+12,3,0.2,0,CIRCLE,280,1
1119,0.5,0.5,0.5,169.463,190.743,0,1029.01,-922.314,0,2.31481e+12,3,0.2,0,CIRCLE,280,1
1120,0.5,0.5,0.5,-253.891,51.6796,0,333.698,1194.45,0,2.31481e+12,3,0.2,0,CIRCLE,280,1
1123,0.5,0.5,0.5,-82.4626,256.469,0,1357.65,337.313,0,2.31481e+12,3,0.2,0,CIRCLE,280,1
1125,0.5,0.5,0.5,35.5495,61.736,0,383.98,-252.748,0,2.31481e+12,3,0.2,0,CIRCLE,280,1
1126,0.5,0.5,0.5,254.539,-78.9587,0,-319.494,-1347.69,0,2.31481e+12,3,0.2,0,CIRCLE,280,1
1127,0.5,0.5,0.5,-96.4954,-62.7817,0,-238.609,407.477,0,2.31481e+12,3,0.2,0,CIRCLE,280,1
1128,0.5,0.5,0.5,131.394,52.1916,0,336.258,-731.97,0,2.31481e+12,3,0.2,0,CIRCLE,280,1
1132,0.5,0.5,0.5,-260.649,-118.886,0,-519.13,1228.25,0,2.31481e+12,3,0.2,0,CIRCLE,280,1
1133,0.5,0.5,0.5,21.6653,113.945,0,645.026,-183.326,0,2.31481e+12,3,0.2,0,CIRCLE,280,1
1134,0.5,0.5,0.5,64.9616,152.498,0,837.789,-399.808,0,2.31481e+12,3,0.2,0,CIRCLE,280,1
1137,0.5,0.5,0.5,94.2671,-153.809,0,-693.747,-546.335,0,2.31481e+12,3,0.2,0,CIRCLE,280,1
1138,0.5,0.5,0.5,-270.541,80.2973,0,476.786,1277.7,0,2.31481e+12,3,0.2,0,CIRCLE,280,1
1140,0.5,0.5,0.5,-78.095,176.694,0,958.772,315.475,0,2.31481e+12,3,0.2,0,CIRCLE,280,1
1141,0.5,0.5,0.5,26.555,210.163,0,1126.12,-207.775,0,2.31481e+12,3,0.2,0,CIRCLE,280,1
1143,0.5,0.5,0.5,118.673,-153.429,0,-691.843,-668.367,0,2.31481e+12,3,0.2,0,CIRCLE,280,1
1146,0.5,0.5,0.5,-233.069,61.9221,0,384.911,1090.34,0,2.31481e+12,3,0.2,0,CIRCLE,280,1
1147,0.5,0.5,0.5,99.7176,-267.652,0,-1262.96,-573.588,0,2.31481e+12,3,0.2,0,CIRCLE,280,1
1148,0.5,0.5,0.5,181.118,-58.2517,0,-215.959,-980.589,0,2.31481e+12,3,0.2,0,CIRCLE,280,1
1149,0.5,0.5,0.5,38.667,18.1125,0,165.863,-268.335,0,2.31481e+12,3,0.2,0,CIRCLE,280,1
1152,0.5,0.5,0.5,-145.292,-87.1874,0,-360.637,651.461,0,2.31481e+12,3,0.2,0,CIRCLE,280,1
1154,0.5,0.5,0.5,56.2412,-80.5493,0,-327.446,-356.206,0,2.31481e+12,3,0.2,0,CIRCLE,280,1
1155,0.5,0.5,0.5,50.9231,-28.4553,0,-66.9767,-329.615,0,2.31481e+12,3,0.2,0,CIRCLE,280,1
1157,0.5,0.5,0.5,-22.8621,-5.31961,0,48.702,39.3104,0,2.31481e+12,3,0.2,0,CIRCLE,280,1
1158,0.5,0.5,0.5,-67.6703,102.523,0,587.916,263.351,0,2.31481e+12,3,0.2,0,CIRCLE,280,1
1159,0.5,0.5,0.5,23.9971,-207.238,0,-960.89,-194.986,0,2.31481e+12,3,0.2,0,CIRCLE,280,1
1160,0.5,0.5,0.5,229.769,83.9244,0,494.922,-1223.85,0,2.31481e+12,3,0.2,0,CIRCLE,280,1
1161,0.5,0.5,0.5,-183.916,111.668,0,633.64,844.581,0,2.31481e+12,3,0.2,0,CIRCLE,280,1
1163,0.5,0.5,0.5,-209.611,-104.435,0,-446.875,973.053,0,2.31481e+12,3,0.2,0,CIRCLE,280,1
1165,0.5,0.5,0.5,-189.66,159.167,0,871.135,873.301,0,2.31481e+12,3,0.2,0,CIRCLE,280,1
1166,0.5,0.5,0.5,159.569,-132.327,0,-586.336,-872.847,0,2.31481e+12,3,0.2,0,CIRCLE,280,1
1167,0.5,0.5,0.5,80.1872,-246.456,0,-1156.98,-475.936,0,2.31481e+12,3,0.2,0,CIRCLE,280,1
1168,0.5,0.5,0.5,217.845,-93.5121,0,-392.26,-1164.23,0,2.31481e+12,3,0.2,0,CIRCLE,280,1
1169,0.5,0.5,0.5,57.4911,195.087,0,1050.73,-362.456,0,2.31481e+12,3,0.2,0,CIRCLE,280,1
1170,0.5,0.5,0.5,-271.146,-37.4793,0,-112.097,1280.73,0,2.31481e+12,3,0.2,0,CIRCLE,280,1
1173,0.5,0.5,0.5,-223.888,143.843,0,794.517,1044.44,0,2.31481e+12,3,0.2,0,CIRCLE,280,1
1175,0.5,0.5,0.5,-19.086,201.859,0,1084.59,20.4302,0,2.31481e+12,3,0.2,0,CIRCLE,280,1
1176,0.5,0.5,0.5,-109.443,-218.271,0,-1016.05,472.217,0,2.31481e+12,3,0.2,0,CIRCLE,280,1
1179,0.5,0.5,0.5,61.8317,235.546,0,1253.03,-384.159,0,2.31481e+12,3,0.2,0,CIRCLE,280,1
1180,0.5,0.5,0.5,37.1522,79.6756,0,473.678,-260.761,0,2.31481e+12,3,0.2,0,CIRCLE,280,1
1181,0.5,0.5,0.5,-55.6108,-244.272,0,-1146.06,203.054,0,2.31481e+12,3,0.2,0,CIRCLE,280,1
1184,0.5,0.5,0.5,-178.722,-131.135,0,-580.373,818.611,0,2.31481e+12,3,0.2,0,CIRCLE,280,1
1185,0.5,0.5,0.5,-74.0999,-24.434,0,-46.87,295.5,0,2.31481e+12,3,0.2,0,CIRCLE,280,1
1186,0.5,0.5,0.5,116.269,-244.681,0,-1148.11,-656.345,0,2.31481e+12,3,0.2,0,CIRCLE,280,1
1187,0.5,0.5,0.5,-149.691,-59.7983,0,-223.691,673.454,0,2.31481e+12,3,0.2,0,CIRCLE,280,1
1188,0.5,0.5,0.5,255.347,-5.92461,0,45.6769,-1351.73,0,2.31481e+12,3,0.2,0,CIRCLE,280,1
1189,0.5,0.5,0.5,21.405,-95.629,0,-402.845,-182.025,0,2.31481e+12,3,0.2,0,CIRCLE,280,1
1193,0.5,0.5,0.5,61.3394,-7.21486,0,39.2257,-381.697,0,2.31481e+12,3,0.2,0,CIRCLE,280,1
1194,0.5,0.5,0.5,-30.1428,1.16135,0,81.1068,75.714,0,2.31481e+12,3,0.2,0,CIRCLE,280,1
1195,0.5,0.5,0.5,11.4567,195.592,0,1053.26,-132.283,0,2.31481e+12,3,0.2,0,CIRCLE,280,1
1198,0.5,0.5,0.5,66.8216,-170.737,0,-778.387,-409.108,0,2.31481e+12,3,0.2,0,CIRCLE,280,1
1199,0.5,0.5,0.5,-130.026,229.985,0,1225.22,575.132,0,2.31481e+12,3,0.2,0,CIRCLE,280,1
1204,0.5,0.5,0.5,-142.157,-203.161,0,-940.506,635.787,0,2.31481e+12,3,0.2,0,CIRCLE,280,1
1205,0.5,0.5,0.5,-2.03961,-212.49,0,-987.148,-64.802,0,2.31481e+12,3,0.2,0,CIRCLE,280,1
1206,0.5,0.5,0.5,-132.008,-23.4621,0,-42.0107,585.041,0,2.31481e+12,3,0.2,0,CIRCLE,280,1
1207,0.5,0.5,0.5,-183.318,77.7078,0,463.839,841.591,0,2.31481e+12,3,0.2,0,CIRCLE,280,1
1208,0.5,0.5,0.5,247.439,-40.8488,0,-128.944,-1312.2,0,2.31481e+12,3,0.2,0,CIRCLE,280,1
1215,0.5,0.5,0.5,182.438,153.871,0,844.655,-987.189,0,2.31481e+12,3,0.2,0,CIRCLE,280,1
1217,0.5,0.5,0.5,118.892,-18.5953,0,-17.6763,-669.462,0,2.31481e+12,3,0.2,0,CIRCLE,280,1
1220,0.5,0.5,0.5,-161.129,214.463,0,1147.61,730.647,0,2.31481e+12,3,0.2,0,CIRCLE,280,1
1221,0.5,0.5,0.5,254.563,19.7713,0,174.156,-1347.81,0,2.31481e+12,3,0.2,0,CIRCLE,280,1
1223,0.5,0.5,0.5,24.8607,-254.307,0,-1196.24,-199.304,0,2.31481e+12,3,0.2,0,CIRCLE,280,1
1226,0.5,0.5,0.5,-48.2511,-112.485,0,-487.126,166.255,0,2.31481e+12,3,0.2,0,CIRCLE,280,1
1227,0.5,0.5,0.5,-69.3157,218.226,0,1166.43,271.578,0,2.31481e+12,3,0.2,0,CIRCLE,280,1
1228,0.5,0.5,0.5,-94.6198,129.638,0,723.49,398.099,0,2.31481e+12,3,0.2,0,CIRCLE,280,1
1229,0.5,0.5,0.5,-281.813,-31.4182,0,-81.7911,1334.07,0,2.31481e+12,3,0.2,0,CIRCLE,280,1
1230,0.5,0.5,0.5,238.161,-106.792,0,-458.661,-1265.81,0,2.31481e+12,3,0.2,0,CIRCLE,280,1
1231,0.5,0.5,0.5,121.124,-176.786,0,-808.63,-680.618,0,2.31481e+12,3,0.2,0,CIRCLE,280,1
1232,0.5,0.5,0.5,201.381,-101.102,0,-430.212,-1081.9,0,2.31481e+12,3,0.2,0,CIRCLE,280,1
1233,0.5,0.5,0.5,-112.128,246.253,0,1306.57,485.64,0,2.31481e+12,3,0.2,0,CIRCLE,280,1
1236,0.5,0.5,0.5,105.523,190.628,0,1028.44,-602.613,0,2.31481e+12,3,0.2,0,CIRCLE,280,1
1238,0.5,0.5,0.5,-146.187,-17.2768,0,-11.084,655.933,0,2.31481e+12,3,0.2,0,CIRCLE,280,1
1239,0.5,0.5,0.5,95.5689,-4.23801,0,54.1099,-552.844,0,2.31481e+12,3,0.2,0,CIRCLE,280,1
1240,0.5,0.5,0.5,-164.495,-50.186,0,-175.63,747.474,0,2.31481e+12,3,0.2,0,CIRCLE,280,1
1241,0.5,0.5,0.5,105.222,-183.371,0,-841.554,-601.112,0,2.31481e+12,3,0.2,0,CIRCLE,280,1
1244,0.5,0.5,0.5,-22.5228,-17.3698,0,-11.5491,37.6141,0,2.31481e+12,3,0.2,0,CIRCLE,280,1
1245,0.5,0.5,0.5,-7.38864,-92.0122,0,-384.761,-38.0568,0,2.31481e+12,3,0.2,0,CIRCLE,280,1
1246,0.5,0.5,0.5,203.416,-139.456,0,-621.979,-1092.08,0,2.31481e+12,3,0.2,0,CIRCLE,280,1
1247,0.5,0.5,0.5,29.4501,152.63,0,838.45,-222.251,0,2.31481e+12,3,0.2,0,CIRCLE,280,1
1248,0.5,0.5,0.5,-248.403,64.2739,0,396.669,1167.02,0,2.31481e+12,3,0.2,0,CIRCLE,280,1
1250,0.5,0.5,0.5,-233.131,-69.0854,0,-270.127,1090.66,0,2.31481e+12,3,0.2,0,CIRCLE,280,1
1254,0.5,0.5,0.5,86.0457,115.463,0,652.614,-505.229,0,2.31481e+12,3,0.2,0,CIRCLE,280,1
1256,0.5,0.5,0.5,-30.5324,-286.295,0,-1356.17,77.662,0,2.31481e+12,3,0.2,0,CIRCLE,280,1
1257,0.5,0.5,0.5,17.0594,-101.614,0,-432.77,-160.297,0,2.31481e+12,3,0.2,0,CIRCLE,280,1
1259,0.5,0.5,0.5,158.831,-80.6051,0,-327.726,-869.154,0,2.31481e+12,3,0.2,0,CIRCLE,280,1
1260,0.5,0.5,0.5,50.2985,198.813,0,1069.37,-326.492,0,2.31481e+12,3,0.2,0,CIRCLE,280,1
1261,0.5,0.5,0.5,37.0787,137.732,0,763.96,-260.393,0,2.31481e+12,3,0.2,0,CIRCLE,280,1
1262,0.5,0.5,0.5,0.116376,-240.058,0,-1124.99,-75.5819,0,2.31481e+12,3,0.2,0,CIRCLE,280,1
1263,0.5,0.5,0.5,90.3123,-46.3087,0,-156.244,-526.562,0,2.31481e+12,3,0.2,0,CIRCLE,280,1
1266,0.5,0.5,0.5,-206.914,134.807,0,749.335,959.57,0,2.31481e+12,3,0.2,0,CIRCLE,280,1
1267,0.5,0.5,0.5,12.3061,-268.883,0,-1269.11,-136.531,0,2.31481e+12,3,0.2,0,CIRCLE,280,1
1269,0.5,0.5,0.5,-239.151,-12.8723,0,10.9383,1120.75,0,2.31481e+12,3,0.2,0,CIRCLE,280,1
1271,0.5,0.5,0.5,40.5964,107.757,0,614.085,-277.982,0,2.31481e+12,3,0.2,0,CIRCLE,280,1
1272,0.5,0.5,0.5,-51.6315,-49.938,0,-174.39,183.157,0,2.31481e+12,3,0.2,0,CIRCLE,280,1
1273,0.5,0.5,0.5,145.35,-36.2467,0,-105.934,-801.751,0,2.31481e+12,3,0.2,0,CIRCLE,280,1
1277,0.5,0.5,0.5,-102.602,50.4555,0,327.577,438.008,0,2.31481e+12,3,0.2,0,CIRCLE,280,1
1278,0.5,0.5,0.5,-57.2358,108.904,0,619.822,211.179,0,2.31481e+12,3,0.2,0,CIRCLE,280,1
1284,0.5,0.5,0.5,-67.3572,-74.894,0,-299.17,261.786,0,2.31481e+12,3,0.2,0,CIRCLE,280,1
1286,0.5,0.5,0.5,-164.815,-123.182,0,-540.608,749.077,0,2.31481e+12,3,0.2,0,CIRCLE,280,1
1287,0.5,0.5,0.5,211.797,14.5201,0,147.901,-1133.98,0,2.31481e+12,3,0.2,0,CIRCLE,280,1
1288,0.5,0.5,0.5,164.923,-39.121,0,-120.305,-899.613,0,2.31481e+12,3,0.2,0,CIRCLE,280,1
1289,0.5,0.5,0.5,130.783,60.0732,0,375.666,-728.914,0,2.31481e+12,3,0.2,0,CIRCLE,280,1
1292,0.5,0.5,0.5,-44.8263,-132.326,0,-586.33,149.131,0,2.31481e+12,3,0.2,0,CIRCLE,280,1
1295,0.5,0.5,0.5,-181.592,-162.855,0,-738.976,832.959,0,2.31481e+12,3,0.2,0,CIRCLE,280,1
1298,0.5,0.5,0.5,139.476,-55.6214,0,-202.807,-772.379,0,2.31481e+12,3,0.2,0,CIRCLE,280,1
1300,0.5,0.5,0.5,54.2491,224.516,0,1197.88,-346.245,0,2.31481e+12,3,0.2,0,CIRCLE,280,1
1302,0.5,0.5,0.5,128.331,-148.205,0,-665.724,-716.654,0,2.31481e+12,3,0.2,0,CIRCLE,280,1
1303,0.5,0.5,0.5,-241.087,-109.49,0,-472.152,1130.43,0,2.31481e+12,3,0.2,0,CIRCLE,280,1
1304,0.5,0.5,0.5,222.653,16.3504,0,157.052,-1188.27,0,2.31481e+12,3,0.2,0,CIRCLE,280,1
1305,0.5,0.5,0.5,-161.533,20.707,0,178.835,732.665,0,2.31481e+12,3,0.2,0,CIRCLE,280,1
1306,0.5,0.5,0.5,-217.37,84.8577,0,499.588,1011.85,0,2.31481e+12,3,0.2,0,CIRCLE,280,1
1307,0.5,0.5,0.5,212.323,128.956,0,720.081,-1136.62,0,2.31481e+12,3,0.2,0,CIRCLE,280,1
1308,0.5,0.5,0.5,113.344,5.37377,0,102.169,-641.721,0,2.31481e+12,3,0.2,0,CIRCLE,280,1
1309,0.5,0.5,0.5,-12.329,-220.588,0,-1027.64,-13.355,0,2.31481e+12,3,0.2,0,CIRCLE,280,1
1311,0.5,0.5,0.5,184.181,-139.323,0,-621.313,-995.903,0,2.31481e+12,3,0.2,0,CIRCLE,280,1
1312,0.5,0.5,0.5,-47.8673,228.655,0,1218.57,164.337,0,2.31481e+12,3,0.2,0,CIRCLE,280,1
1313,0.5,0.5,0.5,107.449,24.388,0,197.24,-612.245,0,2.31481e+12,3,0.2,0,CIRCLE,280,1
1315,0.5,0.5,0.5,89.8356,2.05437,0,85.5719,-524.178,0,2.31481e+12,3,0.2,0,CIRCLE,280,1
1318,0.5,0.5,0.5,162.791,9.00874,0,120.344,-888.953,0,2.31481e+12,3,0.2,0,CIRCLE,280,1
1319,0.5,0.5,0.5,119.828,184.553,0,998.067,-674.141,0,2.31481e+12,3,0.2,0,CIRCLE,280,1
1320,0.5,0.5,0.5,-125.843,117.279,0,661.693,554.213,0,2.31481e+12,3,0.2,0,CIRCLE,280,1
1322,0.5,0.5,0.5,-172.094,-10.1938,0,24.3309,785.472,0,2.31481e+12,3,0.2,0,CIRCLE,280,1
1324,0.5,0.5,0.5,-75.4086,-194.81,0,-898.748,302.043,0,2.31481e+12,3,0.2,0,CIRCLE,280,1
1325,0.5,0.5,0.5,-103.538,77.6249,0,463.425,442.691,0,2.31481e+12,3,0.2,0,CIRCLE,280,1
1326,0.5,0.5,0.5,95.253,-17.9182,0,-14.291,-551.265,0,2.31481e+12,3,0.2,0,CIRCLE,280,1
1327,0.5,0.5,0.5,-138.384,127.739,0,713.994,616.918,0,2.31481e+12,3,0.2,0,CIRCLE,280,1
1331,0.5,0.5,0.5,-60.0307,173.924,0,944.921,225.153,0,2.31481e+12,3,0.2,0,CIRCLE,280,1
1334,0.5,0.5,0.5,171.404,10.3174,0,126.887,-932.018,0,2.31481e+12,3,0.2,0,CIRCLE,280,1
1335,0.5,0.5,0.5,-64.9982,138.488,0,767.74,249.991,0,2.31481e+12,3,0.2,0,CIRCLE,280,1
1337,0.5,0.5,0.5,124.773,-216.827,0,-1008.84,-698.867,0,2.31481e+12,3,0.2,0,CIRCLE,280,1
1338,0.5,0.5,0.5,-159.963,-163.488,0,-742.138,724.817,0,2.31481e+12,3,0.2,0,CIRCLE,280,1
1339,0.5,0.5,0.5,-142.154,-260.845,0,-1228.92,635.77,0,2.31481e+12,3,0.2,0,CIRCLE,280,1
1340,0.5,0.5,0.5,-281.925,24.3081,0,196.841,1334.62,0,2.31481e+12,3,0.2,0,CIRCLE,280,1
1341,0.5,0.5,0.5,-98.7455,-225.076,0,-1050.08,418.727,0,2.31481e+12,3,0.2,0,CIRCLE,280,1
1343,0.5,0.5,0.5,-181.341,-72.102,0,-285.21,831.703,0,2.31481e+12,3,0.2,0,CIRCLE,280,1
1348,0.5,0.5,0.5,156.381,65.4979,0,402.789,-856.907,0,2.31481e+12,3,0.2,0,CIRCLE,280,1
1355,0.5,0.5,0.5,108.852,34.6415,0,248.508,-619.262,0,2.31481e+12,3,0.2,0,CIRCLE,280,1
1357,0.5,0.5,0.5,-188.221,-110.105,0,-475.226,866.104,0,2.31481e+12,3,0.2,0,CIRCLE,280,1
1359,0.5,0.5,0.5,30.4693,190.47,0,1027.65,-227.347,0,2.31481e+12,3,0.2,0,CIRCLE,280,1
1362,0.5,0.5,0.5,-142.705,-153.247,0,-690.937,638.523,0,2.31481e+12,3,0.2,0,CIRCLE,280,1
1363,0.5,0.5,0.5,37.9799,-161.49,0,-732.151,-264.9,0,2.31481e+12,3,0.2,0,CIRCLE,280,1
1366,0.5,0.5,0.5,86.8532,96.9944,0,560.272,-509.266,0,2.31481e+12,3,0.2,0,CIRCLE,280,1
1367,0.5,0.5,0.5,1.01883,-11.2896,0,18.8518,-80.0941,0,2.31481e+12,3,0.2,0,CIRCLE,280,1
1369,0.5,0.5,0.5,77.7216,185.621,0,1003.4,-463.608,0,2.31481e+12,3,0.2,0,CIRCLE,280,1
1374,0.5,0.5,0.5,18.5907,-124.763,0,-548.517,-167.953,0,2.31481e+12,3,0.2,0,CIRCLE,280,1
1377,0.5,0.5,0.5,-243.42,71.8336,0,434.468,1142.1,0,2.31481e+12,3,0.2,0,CIRCLE,280,1
1378,0.5,0.5,0.5,-79.3776,-3.23684,0,59.1158,321.888,0,2.31481e+12,3,0.2,0,CIRCLE,280,1
1379,0.5,0.5,0.5,-282.788,-47.4822,0,-162.111,1338.94,0,2.31481e+12,3,0.2,0,CIRCLE,280,1
1380,0.5,0.5,0.5,-229.903,49.8547,0,324.574,1074.51,0,2.31481e+12,3,0.2,0,CIRCLE,280,1
1381,0.5,0.5,0.5,14.7754,124.226,0,696.432,-148.877,0,2.31481e+12,3,0.2,0,CIRCLE,280,1
1382,0.5,0.5,0.5,29.1419,-291.105,0,-1380.22,-220.709,0,2.31481e+12,3,0.2,0,CIRCLE,280,1
1384,0.5,0.5,0.5,77.8374,224.876,0,1199.68,-464.187,0,2.31481e+12,3,0.2,0,CIRCLE,280,1
1385,0.5,0.5,0.5,-236.848,32.879,0,239.695,1109.24,0,2.31481e+12,3,0.2,0,CIRCLE,280,1
1386,0.5,0.5,0.5,144.626,1.34057,0,82.0029,-798.128,0,2.31481e+12,3,0.2,0,CIRCLE,280,1
1387,0.5,0.5,0.5,124.072,226.717,0,1208.89,-695.36,0,2.31481e+12,3,0.2,0,CIRCLE,280,1
1388,0.5,0.5,0.5,187.309,-16.4742,0,-7.07088,-1011.54,0,2.31481e+12,3,0.2,0,CIRCLE,280,1
1390,0.5,0.5,0.5,-263.923,-92.2621,0,-386.01,1244.62,0,2.31481e+12,3,0.2,0,CIRCLE,280,1
1391,0.5,0.5,0.5,-82.4635,-181.718,0,-833.291,337.317,0,2.31481e+12,3,0.2,0,CIRCLE,280,1
1392,0.5,0.5,0.5,-211.351,-147.103,0,-660.215,981.753,0,2.31481e+12,3,0.2,0,CIRCLE,280,1
1396,0.5,0.5,0.5,130.082,-163.694,0,-743.171,-725.408,0,2.31481e+12,3,0.2,0,CIRCLE,280,1
1397,0.5,0.5,0.5,61.7024,69.8937,0,424.769,-383.512,0,2.31481e+12,3,0.2,0,CIRCLE,280,1
1398,0.5,0.5,0.5,-135.201,172.002,0,935.309,601.003,0,2.31481e+12,3,0.2,0,CIRCLE,280,1
1399,0.5,0.5,0.5,127.298,-100.442,0,-426.909,-711.49,0,2.31481e+12,3,0.2,0,CIRCLE,280,1
1400,0.5,0.5,0.5,-226.183,63.7092,0,393.846,1055.92,0,2.31481e+12,3,0.2,0,CIRCLE,280,1
1401,0.5,0.5,0.5,111.676,-3.087,0,59.865,-633.379,0,2.31481e+12,3,0.2,0,CIRCLE,280,1
1405,0.5,0.5,0.5,-23.3539,116.742,0,659.009,41.7696,0,2.31481e+12,3,0.2,0,CIRCLE,280,1
1407,0.5,0.5,0.5,-8.66629,-269.518,0,-1272.29,-31.6685,0,2.31481e+12,3,0.2,0,CIRCLE,280,1
1408,0.5,0.5,0.5,224.307,43.9222,0,294.911,-1196.54,0,2.31481e+12,3,0.2,0,CIRCLE,280,1
1409,0.5,0.5,0.5,87.9919,-36.6392,0,-107.896,-514.959,0,2.31481e+12,3,0.2,0,CIRCLE,280,1
1410,0.5,0.5,0.5,245.285,-12.9037,0,10.7814,-1301.43,0,2.31481e+12,3,0.2,0,CIRCLE,280,1
1411,0.5,0.5,0.5,-95.1882,-167.097,0,-760.184,400.941,0,2.31481e+12,3,0.2,0,CIRCLE,280,1
1413,0.5,0.5,0.5,207.099,138.513,0,767.867,-1110.5,0,2.31481e+12,3,0.2,0,CIRCLE,280,1
1415,0.5,0.5,0.5,92.5864,-238.05,0,-1114.95,-537.932,0,2.31481e+12,3,0.2,0,CIRCLE,280,1
1418,0.5,0.5,0.5,-24.895,-212.358,0,-986.49,49.4752,0,2.31481e+12,3,0.2,0,CIRCLE,280,1
1420,0.5,0.5,0.5,-255.676,-18.9462,0,-19.4311,1203.38,0,2.31481e+12,3,0.2,0,CIRCLE,280,1
1421,0.5,0.5,0.5,-78.0214,193.574,0,1043.17,315.107,0,2.31481e+12,3,0.2,0,CIRCLE,280,1
1422,0.5,0.5,0.5,129.482,-141.975,0,-634.573,-722.41,0,2.31481e+12,3,0.2,0,CIRCLE,280,1
1423,0.5,0.5,0.5,71.3867,-273.036,0,-1289.88,-431.934,0,2.31481e+12,3,0.2,0,CIRCLE,280,1
1424,0.5,0.5,0.5,-245.096,109.729,0,623.945,1150.48,0,2.31481e+12,3,0.2,0,CIRCLE,280,1
1425,0.5,0.5,0.5,-226.689,-116.594,0,-507.672,1058.45,0,2.31481e+12,3,0.2,0,CIRCLE,280,1
1426,0.5,0.5,0.5,222.402,-79.8677,0,-324.039,-1187.01,0,2.31481e+12,3,0.2,0,CIRCLE,280,1
1427,0.5,0.5,0.5,-217.155,-24.407,0,-46.7351,1010.77,0,2.31481e+12,3,0.2,0,CIRCLE,280,1
1428,0.5,0.5,0.5,199.891,41.2,0,281.3,-1074.45,0,2.31481e+12,3,0.2,0,CIRCLE,280,1
1429,0.5,0.5,0.5,-245.741,89.2225,0,521.412,1153.71,0,2.31481e+12,3,0.2,0,CIRCLE,280,1
1430,0.5,0.5,0.5,-46.5851,196.734,0,1058.97,157.925,0,2.31481e+12,3,0.2,0,CIRCLE,280,1
1432,0.5,0.5,0.5,204.375,-108.594,0,-467.669,-1096.88,0,2.31481e+12,3,0.2,0,CIRCLE,280,1
1433,0.5,0.5,0.5,-151.204,88.2844,0,516.722,681.018,0,2.31481e+12,3,0.2,0,CIRCLE,280,1
1434,0.5,0.5,0.5,-98.088,-120.657,0,-527.983,415.44,0,2.31481e+12,3,0.2,0,CIRCLE,280,1
1435,0.5,0.5,0.5,6.23254,-136.704,0,-608.221,-106.163,0,2.31481e+12,3,0.2,0,CIRCLE,280,1
1436,0.5,0.5,0.5,-119.118,163.698,0,893.789,520.588,0,2.31481e+12,3,0.2,0,CIRCLE,280,1
1438,0.5,0.5,0.5,-95.8603,100.124,0,575.922,404.301,0,2.31481e+12,3,0.2,0,CIRCLE,280,1
1440,0.5,0.5,0.5,187.032,-157.641,0,-712.904,-1010.16,0,2.31481e+12,3,0.2,0,CIRCLE,280,1
1441,0.5,0.5,0.5,-179.691,47.0655,0,310.628,823.455,0,2.31481e+12,3,0.2,0,CIRCLE,280,1
1443,0.5,0.5,0.5,-55.3123,27.3841,0,212.22,201.561,0,2.31481e+12,3,0.2,0,CIRCLE,280,1
1444,0.5,0.5,0.5,54.0297,88.4457,0,517.528,-345.148,0,2.31481e+12,3,0.2,0,CIRCLE,280,1
1445,0.5,0.5,0.5,57.4075,56.8026,0,359.313,-362.038,0,2.31481e+12,3,0.2,0,CIRCLE,280,1
1447,0.5,0.5,0.5,20.8168,-264.776,0,-1248.58,-179.084,0,2.31481e+12,3,0.2,0,CIRCLE,280,1
1449,0.5,0.5,0.5,174.013,155.792,0,854.26,-945.066,0,2.31481e+12,3,0.2,0,CIRCLE,280,1
1450,0.5,0.5,0.5,50.6939,175.625,0,953.424,-328.469,0,2.31481e+12,3,0.2,0,CIRCLE,280,1
1451,0.5,0.5,0.5,232.74,-78.3719,0,-316.56,-1238.7,0,2.31481e+12,3,0.2,0,CIRCLE,280,1
1453,0.5,0.5,0.5,-154.627,-39.5457,0,-122.428,698.136,0,2.31481e+12,3,0.2,0,CIRCLE,280,1
1454,0.5,0.5,0.5,-234.071,83.5468,0,493.034,1095.35,0,2.31481e+12,3,0.2,0,CIRCLE,280,1
1455,0.5,0.5,0.5,182.091,78.8221,0,469.41,-985.453,0,2.31481e+12,3,0.2,0,CIRCLE,280,1
1456,0.5,0.5,0.5,40.9931,2.68005,0,88.7003,-279.965,0,2.31481e+12,3,0.2,0,CIRCLE,280,1
1457,0.5,0.5,0.5,80.8827,192.669,0,1038.65,-479.414,0,2.31481e+12,3,0.2,0,CIRCLE,280,1
1458,0.5,0.5,0.5,45.7104,252.526,0,1337.93,-303.552,0,2.31481e+12,3,0.2,0,CIRCLE,280,1
1459,0.5,0.5,0.5,94.0857,-161.741,0,-733.403,-545.429,0,2.31481e+12,3,0.2,0,CIRCLE,280,1
1461,0.5,0.5,0.5,32.6417,-133.485,0,-592.123,-238.208,0,2.31481e+12,3,0.2,0,CIRCLE,280,1
1462,0.5,0.5,0.5,215.477,72.0342,0,435.471,-1152.38,0,2.31481e+12,3,0.2,0,CIRCLE,280,1
1463,0.5,0.5,0.5,118.625,208.831,0,1119.46,-668.126,0,2.31481e+12,3,0.2,0,CIRCLE,280,1
1464,0.5,0.5,0.5,93.9807,155.804,0,854.319,-544.903,0,2.31481e+12,3,0.2,0,CIRCLE,280,1
1466,0.5,0.5,0.5,-16.515,51.8011,0,334.306,7.57483,0,2.31481e+12,3,0.2,0,CIRCLE,280,1
1468,0.5,0.5,0.5,199.867,154.087,0,845.737,-1074.33,0,2.31481e+12,3,0.2,0,CIRCLE,280,1
1469,0.5,0.5,0.5,107.169,-15.0703,0,-0.051396,-610.847,0,2.31481e+12,3,0.2,0,CIRCLE,280,1
1471,0.5,0.5,0.5,15.5004,-115.283,0,-501.117,-152.502,0,2.31481e+12,3,0.2,0,CIRCLE,280,1
1472,0.5,0.5,0.5,125.005,-256.941,0,-1209.41,-700.023,0,2.31481e+12,3,0.2,0,CIRCLE,280,1
1475,0.5,0.5,0.5,-95.0308,-232.948,0,-1089.44,400.154,0,2.31481e+12,3,0.2,0,CIRCLE,280,1
1478,0.5,0.5,0.5,-117.097,156.057,0,855.587,510.487,0,2.31481e+12,3,0.2,0,CIRCLE,280,1
1479,0.5,0.5,0.5,-70.9038,-102.266,0,-436.031,279.519,0,2.31481e+12,3,0.2,0,CIRCLE,280,1
1481,0.5,0.5,0.5,-24.4932,237.147,0,1261.04,47.466,0,2.31481e+12,3,0.2,0,CIRCLE,280,1
1484,0.5,0.5,0.5,-259.51,71.5657,0,433.128,1222.55,0,2.31481e+12,3,0.2,0,CIRCLE,280,1
1485,0.5,0.5,0.5,-145.426,-208.237,0,-965.886,652.129,0,2.31481e+12,3,0.2,0,CIRCLE,280,1
1486,0.5,0.5,0.5,65.2872,196.535,0,1057.98,-401.436,0,2.31481e+12,3,0.2,0,CIRCLE,280,1
1487,0.5,0.5,0.5,-179.904,-29.8863,0,-74.1314,824.521,0,2.31481e+12,3,0.2,0,CIRCLE,280,1
1488,0.5,0.5,0.5,-174.615,-197.662,0,-913.011,798.075,0,2.31481e+12,3,0.2,0,CIRCLE,280,1
1489,0.5,0.5,0.5,233.57,-113.139,0,-490.395,-1242.85,0,2.31481e+12,3,0.2,0,CIRCLE,280,1
1491,0.5,0.5,0.5,36.3199,-178.651,0,-817.953,-256.599,0,2.31481e+12,3,0.2,0,CIRCLE,280,1
1492,0.5,0.5,0.5,-184.364,170.261,0,926.605,846.818,0,2.31481e+12,3,0.2,0,CIRCLE,280,1
1495,0.5,0.5,0.5,-116.155,192.323,0,1036.91,505.773,0,2.31481e+12,3,0.2,0,CIRCLE,280,1
1497,0.5,0.5,0.5,-184.677,-14.4306,0,3.14693,848.387,0,2.31481e+12,3,0.2,0,CIRCLE,280,1
1498,0.5,0.5,0.5,14.0078,-82.7485,0,-338.443,-145.039,0,2.31481e+12,3,0.2,0,CIRCLE,280,1
1500,0.5,0.5,0.5,-38.4775,-83.788,0,-343.64,117.387,0,2.31481e+12,3,0.2,0,CIRCLE,280,1
1503,0.5,0.5,0.5,-59.7375,35.3727,0,252.164,223.688,0,2.31481e+12,3,0.2,0,CIRCLE,280,1
1506,0.5,0.5,0.5,-242.82,-66.3668,0,-256.534,1139.1,0,2.31481e+12,3,0.2,0,CIRCLE,280,1
1507,0.5,0.5,0.5,22.285,192.827,0,1039.44,-186.425,0,2.31481e+12,3,0.2,0,CIRCLE,280,1
1509,0.5,0.5,0.5,210.782,92.4802,0,537.701,-1128.91,0,2.31481e+12,3,0.2,0,CIRCLE,280,1
1510,0.5,0.5,0.5,191.355,-43.4304,0,-141.852,-1031.78,0,2.31481e+12,3,0.2,0,CIRCLE,280,1
1511,0.5,0.5,0.5,-70.379,41.0117,0,280.359,276.895,0,2.31481e+12,3,0.2,0,CIRCLE,280,1
1516,0.5,0.5,0.5,92.0378,40.9544,0,280.072,-535.189,0,2.31481e+12,3,0.2,0,CIRCLE,280,1
1517,0.5,0.5,0.5,-35.6935,62.5885,0,388.243,103.467,0,2.31481e+12,3,0.2,0,CIRCLE,280,1
1518,0.5,0.5,0.5,-134.629,-219.688,0,-1023.14,598.144,0,2.31481e+12,3,0.2,0,CIRCLE,280,1
1521,0.5,0.5,0.5,16.3989,-240.74,0,-1128.4,-156.994,0,2.31481e+12,3,0.2,0,CIRCLE,280,1
1522,0.5,0.5,0.5,100.738,-23.4037,0,-41.7186,-578.689,0,2.31481e+12,3,0.2,0,CIRCLE,280,1
1524,0.5,0.5,0.5,193.243,-56.3819,0,-206.609,-1041.21,0,2.31481e+12,3,0.2,0,CIRCLE,280,1
1525,0.5,0.5,0.5,-14.5112,246.449,0,1307.54,-2.44402,0,2.31481e+12,3,0.2,0,CIRCLE,280,1
1526,0.5,0.5,0.5,84.0503,221.074,0,1180.67,-495.252,0,2.31481e+12,3,0.2,0,CIRCLE,280,1
1532,0.5,0.5,0.5,46.4827,193.012,0,1040.36,-307.414,0,2.31481e+12,3,0.2,0,CIRCLE,280,1
1535,0.5,0.5,0.5,102.464,-255.341,0,-1201.41,-587.322,0,2.31481e+12,3,0.2,0,CIRCLE,280,1
1536,0.5,0.5,0.5,208.625,30.554,0,228.07,-1118.12,0,2.31481e+12,3,0.2,0,CIRCLE,280,1
1538,0.5,0.5,0.5,-10.4125,85.5576,0,503.088,-22.9377,0,2.31481e+12,3,0.2,0,CIRCLE,280,1
1541,0.5,0.5,0.5,-264.45,46.2927,0,306.764,1247.25,0,2.31481e+12,3,0.2,0,CIRCLE,280,1
1542,0.5,0.5,0.5,-25.8411,-89.0356,0,-369.878,54.2053,0,2.31481e+12,3,0.2,0,CIRCLE,280,1
1545,0.5,0.5,0.5,-63.6405,-86.9758,0,-359.579,243.203,0,2.31481e+12,3,0.2,0,CIRCLE,280,1
1548,0.5,0.5,0.5,135.551,106.305,0,606.825,-752.753,0,2.31481e+12,3,0.2,0,CIRCLE,280,1
1549,0.5,0.5,0.5,-95.0703,-39.3318,0,-121.359,400.352,0,2.31481e+12,3,0.2,0,CIRCLE,280,1
1552,0.5,0.5,0.5,58.2314,-169.772,0,-773.559,-366.157,0,2.31481e+12,3,0.2,0,CIRCLE,280,1
1553,0.5,0.5,0.5,167.31,118.329,0,666.945,-911.552,0,2.31481e+12,3,0.2,0,CIRCLE,280,1
1556,0.5,0.5,0.5,-121.37,203.437,0,1092.48,531.849,0,2.31481e+12,3,0.2,0,CIRCLE,280,1
1557,0.5,0.5,0.5,-42.412,115.685,0,653.726,137.06,0,2.31481e+12,3,0.2,0,CIRCLE,280,1
1558,0.5,0.5,0.5,-57.0885,167.306,0,911.829,210.443,0,2.31481e+12,3,0.2,0,CIRCLE,280,1
1563,0.5,0.5,0.5,-136.353,84.7323,0,498.961,606.764,0,2.31481e+12,3,0.2,0,CIRCLE,280,1
1564,0.5,0.5,0.5,28.4177,225.947,0,1205.04,-217.089,0,2.31481e+12,3,0.2,0,CIRCLE,280,1
1566,0.5,0.5,0.5,-20.9535,-294.038,0,-1394.89,29.7675,0,2.31481e+12,3,0.2,0,CIRCLE,280,1
1568,0.5,0.5,0.5,-100.392,-90.8169,0,-378.785,426.958,0,2.31481e+12,3,0.2,0,CIRCLE,280,1
1569,0.5,0.5,0.5,48.3484,-130.999,0,-579.694,-316.742,0,2.31481e+12,3,0.2,0,CIRCLE,280,1
1573,0.5,0.5,0.5,186.411,-85.8074,0,-353.737,-1007.05,0,2.31481e+12,3,0.2,0,CIRCLE,280,1
1574,0.5,0.5,0.5,-192.273,32.2163,0,236.382,886.364,0,2.31481e+12,3,0.2,0,CIRCLE,280,1
1575,0.5,0.5,0.5,-151.866,154.248,0,846.538,684.328,0,2.31481e+12,3,0.2,0,CIRCLE,280,1
1578,0.5,0.5,0.5,-125.811,-96.6445,0,-407.923,554.057,0,2.31481e+12,3,0.2,0,CIRCLE,280,1
1579,0.5,0.5,0.5,28.6178,21.8602,0,184.601,-218.089,0,2.31481e+12,3,0.2,0,CIRCLE,280,1
1582,0.5,0.5,0.5,-34.726,228.674,0,1218.67,98.6298,0,2.31481e+12,3,0.2,0,CIRCLE,280,1
1583,0.5,0.5,0.5,-51.4644,-31.2436,0,-80.9182,182.322,0,2.31481e+12,3,0.2,0,CIRCLE,280,1
1585,0.5,0.5,0.5,37.821,-88.1419,0,-365.41,-264.105,0,2.31481e+12,3,0.2,0,CIRCLE,280,1
1586,0.5,0.5,0.5,-80.2414,-241.877,0,-1134.09,326.207,0,2.31481e+12,3,0.2,0,CIRCLE,280,1
1588,0.5,0.5,0.5,201.622,-175.085,0,-800.127,-1083.11,0,2.31481e+12,3,0.2,0,CIRCLE,280,1
1591,0.5,0.5,0.5,136.96,163.098,0,890.79,-759.802,0,2.31481e+12,3,0.2,0,CIRCLE,280,1
1592,0.5,0.5,0.5,-194.436,-50.8184,0,-178.792,897.182,0,2.31481e+12,3,0.2,0,CIRCLE,280,1
1595,0.5,0.5,0.5,-2.62814,-270.071,0,-1275.05,-61.8593,0,2.31481e+12,3,0.2,0,CIRCLE,280,1
1596,0.5,0.5,0.5,67.7137,-135.866,0,-604.029,-413.569,0,2.31481e+12,3,0.2,0,CIRCLE,280,1
1597,0.5,0.5,0.5,-226.994,-83.9326,0,-344.363,1059.97,0,2.31481e+12,3,0.2,0,CIRCLE,280,1
1600,0.5,0.5,0.5,208.979,-178.539,0,-817.395,-1119.9,0,2.31481e+12,3,0.2,0,CIRCLE,280,1
1601,0.5,0.5,0.5,-37.3565,-53.6428,0,-192.914,111.783,0,2.31481e+12,3,0.2,0,CIRCLE,280,1
1602,0.5,0.5,0.5,-230.434,-148.98,0,-669.6,1077.17,0,2.31481e+12,3,0.2,0,CIRCLE,280,1
1603,0.5,0.5,0.5,-136.614,191.445,0,1032.52,608.068,0,2.31481e+12,3,0.2,0,CIRCLE,280,1
1604,0.5,0.5,0.5,-197.06,-23.7169,0,-43.2844,910.302,0,2.31481e+12,3,0.2,0,CIRCLE,280,1
1606,0.5,0.5,0.5,-202.446,-76.3087,0,-306.243,937.232,0,2.31481e+12,3,0.2,0,CIRCLE,280,1
1608,0.5,0.5,0.5,-51.0987,221.397,0,1182.29,180.494,0,2.31481e+12,3,0.2,0,CIRCLE,280,1
1609,0.5,0.5,0.5,-128.193,97.3978,0,562.289,565.963,0,2.31481e+12,3,0.2,0,CIRCLE,280,1
1611,0.5,0.5,0.5,91.2574,-91.0638,0,-380.019,-531.287,0,2.31481e+12,3,0.2,0,CIRCLE,280,1
1615,0.5,0.5,0.5,139.212,-153.97,0,-694.55,-771.06,0,2.31481e+12,3,0.2,0,CIRCLE,280,1
1616,0.5,0.5,0.5,1.33198,257.005,0,1360.33,-81.6599,0,2.31481e+12,3,0.2,0,CIRCLE,280,1
1618,0.5,0.5,0.5,168.122,3.67488,0,93.6744,-915.609,0,2.31481e+12,3,0.2,0,CIRCLE,280,1
1619,0.5,0.5,0.5,-54.8497,-166.512,0,-757.259,199.249,0,2.31481e+12,3,0.2,0,CIRCLE,280,1
1620,0.5,0.5,0.5,-72.8242,-118.862,0,-519.011,289.121,0,2.31481e+12,3,0.2,0,CIRCLE,280,1
1622,0.5,0.5,0.5,85.8057,234.321,0,1246.9,-504.028,0,2.31481e+12,3,0.2,0,CIRCLE,280,1
1624,0.5,0.5,0.5,100.172,165.051,0,900.553,-575.861,0,2.31481e+12,3,0.2,0,CIRCLE,280,1
1625,0.5,0.5,0.5,145.388,-91.9169,0,-384.284,-801.939,0,2.31481e+12,3,0.2,0,CIRCLE,280,1
1631,0.5,0.5,0.5,-83.8159,-215.37,0,-1001.55,344.08,0,2.31481e+12,3,0.2,0,CIRCLE,280,1
1633,0.5,0.5,0.5,60.8144,-16.3085,0,-6.24261,-379.072,0,2.31481e+12,3,0.2,0,CIRCLE,280,1
1634,0.5,0.5,0.5,60.7364,-111.632,0,-482.859,-378.682,0,2.31481e+12,3,0.2,0,CIRCLE,280,1
1635,0.5,0.5,0.5,-126.138,-2.7502,0,61.549,555.688,0,2.31481e+12,3,0.2,0,CIRCLE,280,1
1638,0.5,0.5,0.5,147.512,-169.434,0,-771.872,-812.558,0,2.31481e+12,3,0.2,0,CIRCLE,280,1
1639,0.5,0.5,0.5,167.927,-220.532,0,-1027.36,-914.637,0,2.31481e+12,3,0.2,0,CIRCLE,280,1
1640,0.5,0.5,0.5,21.5027,-33.3746,0,-91.5728,-182.513,0,2.31481e+12,3,0.2,0,CIRCLE,280,1
1641,0.5,0.5,0.5,236.919,50.4198,0,327.399,-1259.6,0,2.31481e+12,3,0.2,0,CIRCLE,280,1
1642,0.5,0.5,0.5,126.866,-197.37,0,-911.552,-709.328,0,2.31481e+12,3,0.2,0,CIRCLE,280,1
1644,0.5,0.5,0.5,-145.865,-68.167,0,-265.535,654.324,0,2.31481e+12,3,0.2,0,CIRCLE,280,1
1645,0.5,0.5,0.5,-186.88,-232.363,0,-1086.52,859.402,0,2.31481e+12,3,0.2,0,CIRCLE,280,1
1646,0.5,0.5,0.5,1.85211,238.812,0,1269.36,-84.2606,0,2.31481e+12,3,0.2,0,CIRCLE,280,1
1650,0.5,0.5,0.5,20.7016,-48.0775,0,-165.087,-178.508,0,2.31481e+12,3,0.2,0,CIRCLE,280,1
1657,0.5,0.5,0.5,-221.38,-32.4739,0,-87.0696,1031.9,0,2.31481e+12,3,0.2,0,CIRCLE,280,1
1659,0.5,0.5,0.5,-118.359,76.8764,0,459.682,516.797,0,2.31481e+12,3,0.2,0,CIRCLE,280,1
1660,0.5,0.5,0.5,50.0114,-236.041,0,-1104.91,-325.057,0,2.31481e+12,3,0.2,0,CIRCLE,280,1
1663,0.5,0.5,0.5,-94.7664,57.5645,0,363.122,398.832,0,2.31481e+12,3,0.2,0,CIRCLE,280,1
1664,0.5,0.5,0.5,-47.2341,-118.449,0,-516.945,161.171,0,2.31481e+12,3,0.2,0,CIRCLE,280,1
1665,0.5,0.5,0.5,242.304,-22.2054,0,-35.7268,-1286.52,0,2.31481e+12,3,0.2,0,CIRCLE,280,1
1666,0.5,0.5,0.5,0.180701,-124.603,0,-547.713,-75.9035,0,2.31481e+12,3,0.2,0,CIRCLE,280,1
1668,0.5,0.5,0.5,135.533,126.956,0,710.081,-752.664,0,2.31481e+12,3,0.2,0,CIRCLE,280,1
1671,0.5,0.5,0.5,-138.755,-116.985,0,-509.625,618.774,0,2.31481e+12,3,0.2,0,CIRCLE,280,1
1672,0.5,0.5,0.5,184.948,106.628,0,608.439,-999.741,0,2.31481e+12,3,0.2,0,CIRCLE,280,1
1674,0.5,0.5,0.5,-58.8323,-252.375,0,-1186.58,219.161,0,2.31481e+12,3,0.2,0,CIRCLE,280,1
1677,0.5,0.5,0.5,-111.464,-9.02703,0,30.1649,482.318,0,2.31481e+12,3,0.2,0,CIRCLE,280,1
1678,0.5,0.5,0.5,-93.404,174.457,0,947.587,392.02,0,2.31481e+12,3,0.2,0,CIRCLE,280,1
1679,0.5,0.5,0.5,69.9413,-193.987,0,-894.636,-424.706,0,2.31481e+12,3,0.2,0,CIRCLE,280,1
1683,0.5,0.5,0.5,-175.559,-147.988,0,-664.64,802.793,0,2.31481e+12,3,0.2,0,CIRCLE,280,1
1684,0.5,0.5,0.5,98.6284,206.199,0,1106.3,-568.142,0,2.31481e+12,3,0.2,0,CIRCLE,280,1
1685,0.5,0.5,0.5,-101.517,-26.8437,0,-58.9183,432.583,0,2.31481e+12,3,0.2,0,CIRCLE,280,1
1686,0.5,0.5,0.5,210.499,48.0117,0,315.358,-1127.5,0,2.31481e+12,3,0.2,0,CIRCLE,280,1
1687,0.5,0.5,0.5,50.3915,236.86,0,1259.6,-326.958,0,2.31481e+12,3,0.2,0,CIRCLE,280,1
1689,0.5,0.5,0.5,71.8783,5.3691,0,102.146,-434.392,0,2.31481e+12,3,0.2,0,CIRCLE,280,1
1691,0.5,0.5,0.5,236.689,73.7541,0,444.071,-1258.44,0,2.31481e+12,3,0.2,0,CIRCLE,280,1
1692,0.5,0.5,0.5,61.1875,-197.171,0,-910.553,-380.938,0,2.31481e+12,3,0.2,0,CIRCLE,280,1
1695,0.5,0.5,0.5,-76.1486,201.865,0,1084.63,305.743,0,2.31481e+12,3,0.2,0,CIRCLE,280,1
1696,0.5,0.5,0.5,-218.027,-62.5804,0,-237.602,1015.14,0,2.31481e+12,3,0.2,0,CIRCLE,280,1
1704,0.5,0.5,0.5,42.9578,-235.274,0,-1101.07,-289.789,0,2.31481e+12,3,0.2,0,CIRCLE,280,1
1706,0.5,0.5,0.5,30.4837,-95.6925,0,-403.162,-227.419,0,2.31481e+12,3,0.2,0,CIRCLE,280,1
1707,0.5,0.5,0.5,225.336,-85.9993,0,-354.696,-1201.68,0,2.31481e+12,3,0.2,0,CIRCLE,280,1
1709,0.5,0.5,0.5,219.664,4.12117,0,95.9058,-1173.32,0,2.31481e+12,3,0.2,0,CIRCLE,280,1
1710,0.5,0.5,0.5,-213.713,-181.917,0,-834.286,993.567,0,2.31481e+12,3,0.2,0,CIRCLE,280,1
1714,0.5,0.5,0.5,194.768,26.3088,0,206.844,-1048.84,0,2.31481e+12,3,0.2,0,CIRCLE,280,1
1715,0.5,0.5,0.5,68.5529,-7.22322,0,39.1839,-417.765,0,2.31481e+12,3,0.2,0,CIRCLE,280,1
1719,0.5,0.5,0.5,-120.925,141.226,0,781.428,529.626,0,2.31481e+12,3,0.2,0,CIRCLE,280,1
1720,0.5,0.5,0.5,-30.2272,248.31,0,1316.85,76.1361,0,2.31481e+12,3,0.2,0,CIRCLE,280,1
1721,0.5,0.5,0.5,158.59,38.1324,0,265.962,-867.948,0,2.31481e+12,3,0.2,0,CIRCLE,280,1
1722,0.5,0.5,0.5,-61.9138,199.63,0,1073.45,234.569,0,2.31481e+12,3,0.2,0,CIRCLE,280,1
1723,0.5,0.5,0.5,-40.6266,-278.157,0,-1315.49,128.133,0,2.31481e+12,3,0.2,0,CIRCLE,280,1
1728,0.5,0.5,0.5,-63.1552,-179.253,0,-820.966,240.776,0,2.31481e+12,3,0.2,0,CIRCLE,280,1
1729,0.5,0.5,0.5,86.4742,242.053,0,1285.57,-507.371,0,2.31481e+12,3,0.2,0,CIRCLE,280,1
1731,0.5,0.5,0.5,-103.985,71.2836,0,431.718,444.926,0,2.31481e+12,3,0.2,0,CIRCLE,280,1
1732,0.5,0.5,0.5,-112.417,6.35707,0,107.085,487.086,0,2.31481e+12,3,0.2,0,CIRCLE,280,1
1733,0.5,0.5,0.5,-45.0726,89.9563,0,525.082,150.363,0,2.31481e+12,3,0.2,0,CIRCLE,280,1
1734,0.5,0.5,0.5,-240.21,-98.642,0,-417.91,1126.05,0,2.31481e+12,3,0.2,0,CIRCLE,280,1
1735,0.5,0.5,0.5,-60.0316,-26.8278,0,-58.839,225.158,0,2.31481e+12,3,0.2,0,CIRCLE,280,1
1740,0.5,0.5,0.5,139.861,50.8592,0,329.596,-774.306,0,2.31481e+12,3,0.2,0,CIRCLE,280,1
1741,0.5,0.5,0.5,-94.5203,145.476,0,802.678,397.602,0,2.31481e+12,3,0.2,0,CIRCLE,280,1
1742,0.5,0.5,0.5,146.235,174.115,0,945.877,-806.177,0,2.31481e+12,3,0.2,0,CIRCLE,280,1
1745,0.5,0.5,0.5,-0.840189,148.416,0,817.381,-70.7991,0,2.31481e+12,3,0.2,0,CIRCLE,280,1
1746,0.5,0.5,0.5,-117.361,21.9257,0,184.928,511.804,0,2.31481e+12,3,0.2,0,CIRCLE,280,1
1747,0.5,0.5,0.5,-141.665,-221.42,0,-1031.8,633.327,0,2.31481e+12,3,0.2,0,CIRCLE,280,1
1749,0.5,0.5,0.5,-31.7971,187.191,0,1011.25,83.9857,0,2.31481e+12,3,0.2,0,CIRCLE,280,1
1750,0.5,0.5,0.5,143.629,-194.059,0,-894.993,-793.143,0,2.31481e+12,3,0.2,0,CIRCLE,280,1
1751,0.5,0.5,0.5,-1.59355,18.8849,0,169.725,-67.0322,0,2.31481e+12,3,0.2,0,CIRCLE,280,1
1752,0.5,0.5,0.5,-81.2175,157.617,0,863.385,331.088,0,2.31481e+12,3,0.2,0,CIRCLE,280,1
1753,0.5,0.5,0.5,-153.88,-108.282,0,-466.112,694.399,0,2.31481e+12,3,0.2,0,CIRCLE,280,1
1757,0.5,0.5,0.5,120.818,-165.148,0,-750.441,-679.088,0,2.31481e+12,3,0.2,0,CIRCLE,280,1
1758,0.5,0.5,0.5,103.469,-241.44,0,-1131.9,-592.345,0,2.31481e+12,3,0.2,0,CIRCLE,280,1
1759,0.5,0.5,0.5,-170.175,161.691,0,883.753,775.877,0,2.31481e+12,3,0.2,0,CIRCLE,280,1
1763,0.5,0.5,0.5,-158.054,56.1696,0,356.148,715.271,0,2.31481e+12,3,0.2,0,CIRCLE,280,1
1766,0.5,0.5,0.5,-225.382,-173.52,0,-792.302,1051.91,0,2.31481e+12,3,0.2,0,CIRCLE,280,1
1767,0.5,0.5,0.5,184.156,1.65082,0,83.5541,-995.782,0,2.31481e+12,3,0.2,0,CIRCLE,280,1
1768,0.5,0.5,0.5,-215.53,36.521,0,257.905,1002.65,0,2.31481e+12,3,0.2,0,CIRCLE,280,1
1770,0.5,0.5,0.5,250.687,64.2092,0,396.346,-1328.44,0,2.31481e+12,3,0.2,0,CIRCLE,280,1
1772,0.5,0.5,0.5,-161.637,-93.2195,0,-390.797,733.186,0,2.31481e+12,3,0.2,0,CIRCLE,280,1
1773,0.5,0.5,0.5,156.601,20.2306,0,176.453,-858.006,0,2.31481e+12,3,0.2,0,CIRCLE,280,1
1777,0.5,0.5,0.5,131.027,-109.289,0,-471.145,-730.136,0,2.31481e+12,3,0.2,0,CIRCLE,280,1
1780,0.5,0.5,0.5,-217.119,123.817,0,694.387,1010.6,0,2.31481e+12,3,0.2,0,CIRCLE,280,1
1784,0.5,0.5,0.5,-222.096,97.6725,0,563.662,1035.48,0,2.31481e+12,3,0.2,0,CIRCLE,280,1
1786,0.5,0.5,0.5,-111.494,-190.531,0,-877.356,482.471,0,2.31481e+12,3,0.2,0,CIRCLE,280,1
1788,0.5,0.5,0.5,-93.4095,-193.893,0,-894.166,392.048,0,2.31481e+12,3,0.2,0,CIRCLE,280,1
1789,0.5,0.5,0.5,-180.894,88.9223,0,519.912,829.471,0,2.31481e+12,3,0.2,0,CIRCLE,280,1
1791,0.5,0.5,0.5,-118.724,-55.7335,0,-203.367,518.619,0,2.31481e+12,3,0.2,0,CIRCLE,280,1
1796,0.5,0.5,0.5,-109.814,228.248,0,1216.54,474.068,0,2.31481e+12,3,0.2,0,CIRCLE,280,1
1798,0.5,0.5,0.5,9.55132,-202.848,0,-938.942,-122.757,0,2.31481e+12,3,0.2,0,CIRCLE,280,1
1799,0.5,0.5,0.5,0.0540889,-36.5604,0,-107.502,-75.2704,0,2.31481e+12,3,0.2,0,CIRCLE,280,1
1800,0.5,0.5,0.5,230.272,-28.1344,0,-65.3719,-1226.36,0,2.31481e+12,3,0.2,0,CIRCLE,280,1
1803,0.5,0.5,0.5,112.918,67.8396,0,414.498,-639.591,0,2.31481e+12,3,0.2,0,CIRCLE,280,1
1804,0.5,0.5,0.5,-16.3557,11.9356,0,134.978,6.77832,0,2.31481e+12,3,0.2,0,CIRCLE,280,1
1805,0.5,0.5,0.5,-16.3743,143.383,0,792.213,6.87148,0,2.31481e+12,3,0.2,0,CIRCLE,280,1
1806,0.5,0.5,0.5,-214.55,168.996,0,920.278,997.749,0,2.31481e+12,3,0.2,0,CIRCLE,280,1
1807,0.5,0.5,0.5,214.789,-173.828,0,-793.841,-1148.94,0,2.31481e+12,3,0.2,0,CIRCLE,280,1
1810,0.5,0.5,0.5,-123.594,-30.8004,0,-78.7019,542.968,0,2.31481e+12,3,0.2,0,CIRCLE,280,1
1812,0.5,0.5,0.5,-43.6771,-180.974,0,-829.569,143.386,0,2.31481e+12,3,0.2,0,CIRCLE,280,1
1813,0.5,0.5,0.5,-24.4859,48.257,0,316.585,47.4294,0,2.31481e+12,3,0.2,0,CIRCLE,280,1
1815,0.5,0.5,0.5,210.26,109.945,0,625.023,-1126.3,0,2.31481e+12,3,0.2,0,CIRCLE,280,1
1816,0.5,0.5,0.5,-136.566,99.7936,0,574.268,607.828,0,2.31481e+12,3,0.2,0,CIRCLE,280,1
1817,0.5,0.5,0.5,264.349,-29.3684,0,-71.5418,-1396.74,0,2.31481e+12,3,0.2,0,CIRCLE,280,1
1820,0.5,0.5,0.5,2.95866,154.108,0,845.839,-89.7933,0,2.31481e+12,3,0.2,0,CIRCLE,280,1
1824,0.5,0.5,0.5,38.0061,-219.641,0,-1022.9,-265.031,0,2.31481e+12,3,0.2,0,CIRCLE,280,1
1833,0.5,0.5,0.5,136.594,134.236,0,746.481,-757.971,0,2.31481e+12,3,0.2,0,CIRCLE,280,1
1838,0.5,0.5,0.5,-195.481,-150.936,0,-679.38,902.405,0,2.31481e+12,3,0.2,0,CIRCLE,280,1
1839,0.5,0.5,0.5,-102.155,29.597,0,223.285,435.777,0,2.31481e+12,3,0.2,0,CIRCLE,280,1
1840,0.5,0.5,0.5,119.887,171.856,0,934.579,-674.437,0,2.31481e+12,3,0.2,0,CIRCLE,280,1
1841,0.5,0.5,0.5,125.891,-238.833,0,-1118.87,-704.454,0,2.31481e+12,3,0.2,0,CIRCLE,280,1
1845,0.5,0.5,0.5,21.8256,-7.23322,0,39.1339,-184.128,0,2.31481e+12,3,0.2,0,CIRCLE,280,1
1848,0.5,0.5,0.5,-214.619,25.5642,0,203.121,998.097,0,2.31481e+12,3,0.2,0,CIRCLE,280,1
1849,0.5,0.5,0.5,-263.448,82.7883,0,489.242,1242.24,0,2.31481e+12,3,0.2,0,CIRCLE,280,1
1852,0.5,0.5,0.5,71.6669,111.175,0,631.174,-433.335,0,2.31481e+12,3,0.2,0,CIRCLE,280,1
1854,0.5,0.5,0.5,125.534,101.47,0,582.652,-702.672,0,2.31481e+12,3,0.2,0,CIRCLE,280,1
1858,0.5,0.5,0.5,-223.483,-19.6181,0,-22.7907,1042.41,0,2.31481e+12,3,0.2,0,CIRCLE,280,1
1861,0.5,0.5,0.5,6.20186,-266.99,0,-1259.65,-106.009,0,2.31481e+12,3,0.2,0,CIRCLE,280,1
1862,0.5,0.5,0.5,-271.213,18.1741,0,166.17,1281.06,0,2.31481e+12,3,0.2,0,CIRCLE,280,1
1863,0.5,0.5,0.5,-141.281,-240.093,0,-1125.17,631.406,0,2.31481e+12,3,0.2,0,CIRCLE,280,1
1865,0.5,0.5,0.5,-37.1289,120.824,0,679.42,110.644,0,2.31481e+12,3,0.2,0,CIRCLE,280,1
1866,0.5,0.5,0.5,17.8092,70.7489,0,429.044,-164.046,0,2.31481e+12,3,0.2,0,CIRCLE,280,1
1869,0.5,0.5,0.5,45.2599,87.3164,0,511.882,-301.299,0,2.31481e+12,3,0.2,0,CIRCLE,280,1
1870,0.5,0.5,0.5,238.428,84.3837,0,497.218,-1267.14,0,2.31481e+12,3,0.2,0,CIRCLE,280,1
1873,0.5,0.5,0.5,-162.685,37.8922,0,264.761,738.425,0,2.31481e+12,3,0.2,0,CIRCLE,280,1
1875,0.5,0.5,0.5,17.1848,-166.344,0,-756.42,-160.924,0,2.31481e+12,3,0.2,0,CIRCLE,280,1
1876,0.5,0.5,0.5,-84.6302,214.335,0,1146.97,348.151,0,2.31481e+12,3,0.2,0,CIRCLE,280,1
1880,0.5,0.5,0.5,-272.46,34.9574,0,250.087,1287.3,0,2.31481e+12,3,0.2,0,CIRCLE,280,1
1881,0.5,0.5,0.5,-203.042,-192.43,0,-886.851,940.208,0,2.31481e+12,3,0.2,0,CIRCLE,280,1
1886,0.5,0.5,0.5,-62.4476,-238.22,0,-1115.8,237.238,0,2.31481e+12,3,0.2,0,CIRCLE,280,1
1890,0.5,0.5,0.5,-0.685201,-154.903,0,-699.213,-71.574,0,2.31481e+12,3,0.2,0,CIRCLE,280,1
1895,0.5,0.5,0.5,136.456,-73.0582,0,-289.991,-757.279,0,2.31481e+12,3,0.2,0,CIRCLE,280,1
1897,0.5,0.5,0.5,31.2927,29.0595,0,220.597,-231.464,0,2.31481e+12,3,0.2,0,CIRCLE,280,1
1900,0.5,0.5,0.5,-15.8203,75.5348,0,452.974,4.1015,0,2.31481e+12,3,0.2,0,CIRCLE,280,1
1901,0.5,0.5,0.5,-250.996,-150.104,0,-675.218,1179.98,0,2.31481e+12,3,0.2,0,CIRCLE,280,1
1904,0.5,0.5,0.5,-254.753,-80.5843,0,-327.622,1198.77,0,2.31481e+12,3,0.2,0,CIRCLE,280,1
1905,0.5,0.5,0.5,54.2431,254.24,0,1346.5,-346.216,0,2.31481e+12,3,0.2,0,CIRCLE,280,1
1907,0.5,0.5,0.5,93.9967,60.6469,0,378.535,-544.983,0,2.31481e+12,3,0.2,0,CIRCLE,280,1
1910,0.5,0.5,0.5,-274.513,-23.8362,0,-43.8812,1297.56,0,2.31481e+12,3,0.2,0,CIRCLE,280,1
1912,0.5,0.5,0.5,-118.548,-195.254,0,-900.97,517.74,0,2.31481e+12,3,0.2,0,CIRCLE,280,1
1916,0.5,0.5,0.5,211.288,-21.4671,0,-32.0355,-1131.44,0,2.31481e+12,3,0.2,0,CIRCLE,280,1
1917,0.5,0.5,0.5,-40.1107,-244.537,0,-1147.39,125.554,0,2.31481e+12,3,0.2,0,CIRCLE,280,1
1918,0.5,0.5,0.5,-16.4508,-282.81,0,-1338.75,7.25376,0,2.31481e+12,3,0.2,0,CIRCLE,280,1
1919,0.5,0.5,0.5,-224.087,13.5821,0,143.21,1045.44,0,2.31481e+12,3,0.2,0,CIRCLE,280,1
1926,0.5,0.5,0.5,-97.5982,-262.745,0,-1238.43,412.991,0,2.31481e+12,3,0.2,0,CIRCLE,280,1
1928,0.5,0.5,0.5,-30.1414,-67.2766,0,-261.083,75.707,0,2.31481e+12,3,0.2,0,CIRCLE,280,1
1930,0.5,0.5,0.5,-152.256,110.732,0,628.962,686.282,0,2.31481e+12,3,0.2,0,CIRCLE,280,1
1931,0.5,0.5,0.5,-160.187,7.5767,0,113.184,725.934,0,2.31481e+12,3,0.2,0,CIRCLE,280,1
1938,0.5,0.5,0.5,219.959,-37.4145,0,-111.773,-1174.79,0,2.31481e+12,3,0.2,0,CIRCLE,280,1
1944,0.5,0.5,0.5,54.8258,-119.422,0,-521.809,-349.129,0,2.31481e+12,3,0.2,0,CIRCLE,280,1
1948,0.5,0.5,0.5,-29.2137,-26.3206,0,-56.3029,71.0687,0,2.31481e+12,3,0.2,0,CIRCLE,280,1
1952,0.5,0.5,0.5,-271.221,-17.7269,0,-13.3345,1281.11,0,2.31481e+12,3,0.2,0,CIRCLE,280,1
1954,0.5,0.5,0.5,110.932,-189.591,0,-872.655,-629.66,0,2.31481e+12,3,0.2,0,CIRCLE,280,1
1955,0.5,0.5,0.5,126.013,-51.6478,0,-182.939,-705.063,0,2.31481e+12,3,0.2,0,CIRCLE,280,1
1956,0.5,0.5,0.5,203.572,-19.1498,0,-20.4489,-1092.86,0,2.31481e+12,3,0.2,0,CIRCLE,280,1
1961,0.5,0.5,0.5,-53.3548,-38.5179,0,-117.289,191.774,0,2.31481e+12,3,0.2,0,CIRCLE,280,1
1964,0.5,0.5,0.5,-12.457,262.728,0,1388.94,-12.715,0,2.31481e+12,3,0.2,0,CIRCLE,280,1
1970,0.5,0.5,0.5,-63.0489,-127.547,0,-562.437,240.245,0,2.31481e+12,3,0.2,0,CIRCLE,280,1
1972,0.5,0.5,0.5,48.1515,10.7062,0,128.831,-315.757,0,2.31481e+12,3,0.2,0,CIRCLE,280,1
1973,0.5,0.5,0.5,-205.668,51.887,0,334.735,953.341,0,2.31481e+12,3,0.2,0,CIRCLE,280,1
1974,0.5,0.5,0.5,36.0815,-27.6085,0,-62.7423,-255.408,0,2.31481e+12,3,0.2,0,CIRCLE,280,1
1979,0.5,0.5,0.5,57.2852,146.997,0,810.285,-361.426,0,2.31481e+12,3,0.2,0,CIRCLE,280,1
1980,0.5,0.5,0.5,124.201,-38.3303,0,-116.352,-696.005,0,2.31481e+12,3,0.2,0,CIRCLE,280,1
1982,0.5,0.5,0.5,-233.35,-172.925,0,-789.325,1091.75,0,2.31481e+12,3,0.2,0,CIRCLE,280,1
1983,0.5,0.5,0.5,-114.383,204.942,0,1100.01,496.914,0,2.31481e+12,3,0.2,0,CIRCLE,280,1
1987,0.5,0.5,0.5,113.277,214.319,0,1146.9,-641.384,0,2.31481e+12,3,0.2,0,CIRCLE,280,1
1988,0.5,0.5,0.5,-102.255,-6.81955,0,41.2023,436.277,0,2.31481e+12,3,0.2,0,CIRCLE,280,1
1989,0.5,0.5,0.5,-127.565,-45.792,0,-153.66,562.824,0,2.31481e+12,3,0.2,0,CIRCLE,280,1
1990,0.5,0.5,0.5,-194.569,50.8693,0,329.647,897.843,0,2.31481e+12,3,0.2,0,CIRCLE,280,1
1991,0.5,0.5,0.5,-175.083,71.6974,0,433.787,800.415,0,2.31481e+12,3,0.2,0,CIRCLE,280,1
1993,0.5,0.5,0.5,-106.791,233.647,0,1243.53,458.953,0,2.31481e+12,3,0.2,0,CIRCLE,280,1
1994,0.5,0.5,0.5,101.096,87.0286,0,510.443,-580.482,0,2.31481e+12,3,0.2,0,CIRCLE,280,1
1995,0.5,0.5,0.5,-23.0074,62.4523,0,387.561,40.0372,0,2.31481e+12,3,0.2,0,CIRCLE,280,1
1998,0.5,0.5,0.5,15.8863,-172.679,0,-788.096,-154.431,0,2.31481e+12,3,0.2,0,CIRCLE,280,1
2001,0.5,0.5,0.5,35.9103,126.276,0,706.679,-254.552,0,2.31481e+12,3,0.2,0,CIRCLE,280,1
2002,0.5,0.5,0.5,-108.654,53.2031,0,341.315,468.271,0,2.31481e+12,3,0.2,0,CIRCLE,280,1
2004,0.5,0.5,0.5,63.0583,-94.5735,0,-397.567,-390.292,0,2.31481e+12,3,0.2,0,CIRCLE,280,1
2005,0.5,0.5,0.5,76.0749,-193.303,0,-891.213,-455.374,0,2.31481e+12,3,0.2,0,CIRCLE,280,1
2006,0.5,0.5,0.5,105.177,130.588,0,728.242,-600.886,0,2.31481e+12,3,0.2,0,CIRCLE,280,1
2008,0.5,0.5,0.5,8.11601,-217.844,0,-1013.92,-115.58,0,2.31481e+12,3,0.2,0,CIRCLE,280,1
2015,0.5,0.5,0.5,28.5422,138.802,0,769.312,-217.711,0,2.31481e+12,3,0.2,0,CIRCLE,280,1
2017,0.5,0.5,0.5,-17.1992,175.347,0,952.033,10.996,0,2.31481e+12,3,0.2,0,CIRCLE,280,1
2020,0.5,0.5,0.5,-1.29595,173.36,0,942.099,-68.5202,0,2.31481e+12,3,0.2,0,CIRCLE,280,1
2024,0.5,0.5,0.5,-230.481,2.28771,0,86.7386,1077.4,0,2.31481e+12,3,0.2,0,CIRCLE,280,1
2026,0.5,0.5,0.5,-240.057,-169.571,0,-772.557,1125.29,0,2.31481e+12,3,0.2,0,CIRCLE,280,1
2027,0.5,0.5,0.5,89.3088,-175.076,0,-800.08,-521.544,0,2.31481e+12,3,0.2,0,CIRCLE,280,1
2029,0.5,0.5,0.5,-140.042,53.7465,0,344.033,625.208,0,2.31481e+12,3,0.2,0,CIRCLE,280,1
2033,0.5,0.5,0.5,54.1536,-135.248,0,-600.938,-345.768,0,2.31481e+12,3,0.2,0,CIRCLE,280,1
2037,0.5,0.5,0.5,254.783,48.5251,0,317.926,-1348.92,0,2.31481e+12,3,0.2,0,CIRCLE,280,1
2043,0.5,0.5,0.5,-3.34806,-191.515,0,-882.277,-58.2597,0,2.31481e+12,3,0.2,0,CIRCLE,280,1
2045,0.5,0.5,0.5,16.5514,258.139,0,1366,-157.757,0,2.31481e+12,3,0.2,0,CIRCLE,280,1
2046,0.5,0.5,0.5,-94.1759,-176.411,0,-806.755,395.879,0,2.31481e+12,3,0.2,0,CIRCLE,280,1
2054,0.5,0.5,0.5,-40.702,-229.383,0,-1071.62,128.51,0,2.31481e+12,3,0.2,0,CIRCLE,280,1
2055,0.5,0.5,0.5,-119.781,-130.86,0,-578.999,523.907,0,2.31481e+12,3,0.2,0,CIRCLE,280,1
2056,0.5,0.5,0.5,-75.5023,65.0484,0,400.542,302.511,0,2.31481e+12,3,0.2,0,CIRCLE,280,1
2059,0.5,0.5,0.5,-140.181,-174.687,0,-798.135,625.907,0,2.31481e+12,3,0.2,0,CIRCLE,280,1
2060,0.5,0.5,0.5,117.232,194.81,0,1049.35,-661.162,0,2.31481e+12,3,0.2,0,CIRCLE,280,1
2061,0.5,0.5,0.5,-48.3156,-252.683,0,-1188.11,166.578,0,2.31481e+12,3,0.2,0,CIRCLE,280,1
2062,0.5,0.5,0.5,119.83,-188.12,0,-865.301,-674.149,0,2.31481e+12,3,0.2,0,CIRCLE,280,1
2064,0.5,0.5,0.5,171.741,100.269,0,576.644,-933.707,0,2.31481e+12,3,0.2,0,CIRCLE,280,1
2066,0.5,0.5,0.5,-133.343,-133.417,0,-591.783,591.714,0,2.31481e+12,3,0.2,0,CIRCLE,280,1
2070,0.5,0.5,0.5,47.2956,-1.59918,0,67.3041,-311.478,0,2.31481e+12,3,0.2,0,CIRCLE,280,1
2075,0.5,0.5,0.5,-218.249,-156.494,0,-707.172,1016.25,0,2.31481e+12,3,0.2,0,CIRCLE,280,1
2077,0.5,0.5,0.5,-98.9879,186.418,0,1007.39,419.939,0,2.31481e+12,3,0.2,0,CIRCLE,280,1
2078,0.5,0.5,0.5,-141.833,-132.443,0,-586.914,634.165,0,2.31481e+12,3,0.2,0,CIRCLE,280,1
2079,0.5,0.5,0.5,0.570576,-290.198,0,-1375.69,-77.8529,0,2.31481e+12,3,0.2,0,CIRCLE,280,1
2082,0.5,0.5,0.5,-110.301,-47.2663,0,-161.032,476.503,0,2.31481e+12,3,0.2,0,CIRCLE,280,1
2083,0.5,0.5,0.5,-228.802,-60.6279,0,-227.839,1069.01,0,2.31481e+12,3,0.2,0,CIRCLE,280,1
2084,0.5,0.5,0.5,181.436,-117.448,0,-511.941,-982.181,0,2.31481e+12,3,0.2,0,CIRCLE,280,1
2089,0.5,0.5,0.5,-262.194,-0.122101,0,74.6895,1235.97,0,2.31481e+12,3,0.2,0,CIRCLE,280,1
2093,0.5,0.5,0.5,200.697,51.6547,0,333.573,-1078.49,0,2.31481e+12,3,0.2,0,CIRCLE,280,1
2094,0.5,0.5,0.5,237.654,9.39595,0,122.28,-1263.27,0,2.31481e+12,3,0.2,0,CIRCLE,280,1
2095,0.5,0.5,0.5,210.53,-108.319,0,-466.297,-1127.65,0,2.31481e+12,3,0.2,0,CIRCLE,280,1
2098,0.5,0.5,0.5,-26.1421,102.213,0,586.365,55.7107,0,2.31481e+12,3,0.2,0,CIRCLE,280,1
2099,0.5,0.5,0.5,-48.3516,-187.101,0,-860.207,166.758,0,2.31481e+12,3,0.2,0,CIRCLE,280,1
2100,0.5,0.5,0.5,-220.339,-111.905,0,-484.223,1026.69,0,2.31481e+12,3,0.2,0,CIRCLE,280,1
2103,0.5,0.5,0.5,-159.947,-152.241,0,-685.906,724.736,0,2.31481e+12,3,0.2,0,CIRCLE,280,1
2105,0.5,0.5,0.5,-72.844,-2.28382,0,63.8809,289.22,0,2.31481e+12,3,0.2,0,CIRCLE,280,1
2109,0.5,0.5,0.5,-177.341,-236.423,0,-1106.82,811.705,0,2.31481e+12,3,0.2,0,CIRCLE,280,1
2110,0.5,0.5,0.5,144.872,-16.9927,0,-9.66373,-799.361,0,2.31481e+12,3,0.2,0,CIRCLE,280,1
2112,0.5,0.5,0.5,30.9293,-147.778,0,-663.588,-229.646,0,2.31481e+12,3,0.2,0,CIRCLE,280,1
2113,0.5,0.5,0.5,-202.042,101.672,0,583.658,935.212,0,2.31481e+12,3,0.2,0,CIRCLE,280,1
2115,0.5,0.5,0.5,67.2702,129.205,0,721.323,-411.351,0,2.31481e+12,3,0.2,0,CIRCLE,280,1
2116,0.5,0.5,0.5,48.379,-225.414,0,-1051.77,-316.895,0,2.31481e+12,3,0.2,0,CIRCLE,280,1
2119,0.5,0.5,0.5,136.179,-94.3989,0,-396.694,-755.895,0,2.31481e+12,3,0.2,0,CIRCLE,280,1
2120,0.5,0.5,0.5,-257.935,78.7939,0,469.27,1214.68,0,2.31481e+12,3,0.2,0,CIRCLE,280,1
2123,0.5,0.5,0.5,-14.1148,218.727,0,1168.93,-4.42579,0,2.31481e+12,3,0.2,0,CIRCLE,280,1
2124,0.5,0.5,0.5,-20.2945,-220.624,0,-1027.82,26.4726,0,2.31481e+12,3,0.2,0,CIRCLE,280,1
2126,0.5,0.5,0.5,-203.448,78.7531,0,469.066,942.24,0,2.31481e+12,3,0.2,0,CIRCLE,280,1
2128,0.5,0.5,0.5,69.048,-39.5841,0,-122.62,-420.24,0,2.31481e+12,3,0.2,0,CIRCLE,280,1
2130,0.5,0.5,0.5,91.6352,197.779,0,1064.2,-533.176,0,2.31481e+12,3,0.2,0,CIRCLE,280,1
2132,0.5,0.5,0.5,-131.033,16.0483,0,155.541,580.166,0,2.31481e+12,3,0.2,0,CIRCLE,280,1
2134,0.5,0.5,0.5,205.204,-30.989,0,-79.6451,-1101.02,0,2.31481e+12,3,0.2,0,CIRCLE,280,1
2135,0.5,0.5,0.5,118.503,90.1831,0,526.216,-667.514,0,2.31481e+12,3,0.2,0,CIRCLE,280,1
2136,0.5,0.5,0.5,-35.6282,23.1458,0,191.029,103.141,0,2.31481e+12,3,0.2,0,CIRCLE,280,1
2137,0.5,0.5,0.5,-25.0054,260.591,0,1378.25,50.027,0,2.31481e+12,3,0.2,0,CIRCLE,280,1
2139,0.5,0.5,0.5,-139.813,-166.352,0,-756.461,624.065,0,2.31481e+12,3,0.2,0,CIRCLE,280,1
2143,0.5,0.5,0.5,-63.3026,-66.5319,0,-257.359,241.513,0,2.31481e+12,3,0.2,0,CIRCLE,280,1
2144,0.5,0.5,0.5,-48.5931,-4.13371,0,54.6315,167.965,0,2.31481e+12,3,0.2,0,CIRCLE,280,1
2147,0.5,0.5,0.5,-173.168,-142.368,0,-636.539,790.841,0,2.31481e+12,3,0.2,0,CIRCLE,280,1
2148,0.5,0.5,0.5,89.9411,-246.829,0,-1158.84,-524.705,0,2.31481e+12,3,0.2,0,CIRCLE,280,1
2149,0.5,0.5,0.5,-100.177,-67.8136,0,-263.768,425.883,0,2.31481e+12,3,0.2,0,CIRCLE,280,1
2153,0.5,0.5,0.5,-49.2705,-142.123,0,-635.316,171.353,0,2.31481e+12,3,0.2,0,CIRCLE,280,1
2155,0.5,0.5,0.5,61.282,-33.3019,0,-91.2094,-381.41,0,2.31481e+12,3,0.2,0,CIRCLE,280,1
2159,0.5,0.5,0.5,25.3455,218.107,0,1165.83,-201.728,0,2.31481e+12,3,0.2,0,CIRCLE,280,1
2163,0.5,0.5,0.5,-200.381,181.487,0,982.736,926.907,0,2.31481e+12,3,0.2,0,CIRCLE,280,1
2168,0.5,0.5,0.5,-74.5767,214.736,0,1148.98,297.883,0,2.31481e+12,3,0.2,0,CIRCLE,280,1
2169,0.5,0.5,0.5,-33.9971,-105.395,0,-451.676,94.9856,0,2.31481e+12,3,0.2,0,CIRCLE,280,1
2170,0.5,0.5,0.5,-184.876,-86.3042,0,-356.221,849.38,0,2.31481e+12,3,0.2,0,CIRCLE,280,1
2171,0.5,0.5,0.5,-25.0753,199.086,0,1070.73,50.3767,0,2.31481e+12,3,0.2,0,CIRCLE,280,1
2173,0.5,0.5,0.5,254.316,41.8545,0,284.572,-1346.58,0,2.31481e+12,3,0.2,0,CIRCLE,280,1
2174,0.5,0.5,0.5,-210.258,-117.669,0,-513.043,976.29,0,2.31481e+12,3,0.2,0,CIRCLE,280,1
2175,0.5,0.5,0.5,64.2799,6.1568,0,106.084,-396.4,0,2.31481e+12,3,0.2,0,CIRCLE,280,1
2178,0.5,0.5,0.5,-32.0428,157.272,0,861.658,85.2142,0,2.31481e+12,3,0.2,0,CIRCLE,280,1
2179,0.5,0.5,0.5,227.641,-120.395,0,-526.675,-1213.2,0,2.31481e+12,3,0.2,0,CIRCLE,280,1
2180,0.5,0.5,0.5,-37.7065,-97.7731,0,-413.566,113.532,0,2.31481e+12,3,0.2,0,CIRCLE,280,1
2182,0.5,0.5,0.5,126.782,-21.802,0,-33.7101,-708.912,0,2.31481e+12,3,0.2,0,CIRCLE,280,1
2184,0.5,0.5,0.5,197.489,69.2708,0,421.654,-1062.44,0,2.31481e+12,3,0.2,0,CIRCLE,280,1
2186,0.5,0.5,0.5,-48.5245,-228.233,0,-1065.86,167.622,0,2.31481e+12,3,0.2,0,CIRCLE,280,1
2189,0.5,0.5,0.5,-58.731,-131.872,0,-584.058,218.655,0,2.31481e+12,3,0.2,0,CIRCLE,280,1
2190,0.5,0.5,0.5,-117.734,-21.5392,0,-32.3962,513.67,0,2.31481e+12,3,0.2,0,CIRCLE,280,1
2193,0.5,0.5,0.5,80.9918,157.301,0,861.806,-479.959,0,2.31481e+12,3,0.2,0,CIRCLE,280,1
2197,0.5,0.5,0.5,131.508,-192.904,0,-889.219,-732.542,0,2.31481e+12,3,0.2,0,CIRCLE,280,1
2199,0.5,0.5,0.5,-163.715,78.9964,0,470.282,743.573,0,2.31481e+12,3,0.2,0,CIRCLE,280,1
2200,0.5,0.5,0.5,-230.436,-10.6411,0,22.0943,1077.18,0,2.31481e+12,3,0.2,0,CIRCLE,280,1
2209,0.5,0.5,0.5,238.59,59.7562,0,374.081,-1267.95,0,2.31481e+12,3,0.2,0,CIRCLE,280,1
2210,0.5,0.5,0.5,214.149,98.9196,0,569.898,-1145.74,0,2.31481e+12,3,0.2,0,CIRCLE,280,1
2212,0.5,0.5,0.5,-109.632,-239.637,0,-1122.88,473.158,0,2.31481e+12,3,0.2,0,CIRCLE,280,1
2216,0.5,0.5,0.5,205.827,-65.9262,0,-254.331,-1104.14,0,2.31481e+12,3,0.2,0,CIRCLE,280,1
2218,0.5,0.5,0.5,-216.329,-43.1116,0,-140.258,1006.64,0,2.31481e+12,3,0.2,0,CIRCLE,280,1
2222,0.5,0.5,0.5,-88.0721,-188.087,0,-865.137,365.361,0,2.31481e+12,3,0.2,0,CIRCLE,280,1
2225,0.5,0.5,0.5,-82.5187,103.85,0,594.552,337.594,0,2.31481e+12,3,0.2,0,CIRCLE,280,1
2226,0.5,0.5,0.5,91.9733,208.639,0,1118.49,-534.867,0,2.31481e+12,3,0.2,0,CIRCLE,280,1
2227,0.5,0.5,0.5,9.63808,-18.5583,0,-17.4916,-123.19,0,2.31481e+12,3,0.2,0,CIRCLE,280,1
2228,0.5,0.5,0.5,-47.0823,-84.2592,0,-345.996,160.412,0,2.31481e+12,3,0.2,0,CIRCLE,280,1
2232,0.5,0.5,0.5,14.3275,233.044,0,1240.52,-146.638,0,2.31481e+12,3,0.2,0,CIRCLE,280,1
2233,0.5,0.5,0.5,-171.564,207.001,0,1110.3,782.819,0,2.31481e+12,3,0.2,0,CIRCLE,280,1
2234,0.5,0.5,0.5,156.23,-65.4058,0,-251.729,-856.151,0,2.31481e+12,3,0.2,0,CIRCLE,280,1
2238,0.5,0.5,0.5,-141.598,44.4185,0,297.393,632.988,0,2.31481e+12,3,0.2,0,CIRCLE,280,1
2243,0.5,0.5,0.5,204.376,85.0782,0,500.691,-1096.88,0,2.31481e+12,3,0.2,0,CIRCLE,280,1
2245,0.5,0.5,0.5,-203.904,-52.5953,0,-187.677,944.519,0,2.31481e+12,3,0.2,0,CIRCLE,280,1
2246,0.5,0.5,0.5,218.843,-17.9148,0,-14.2738,-1169.22,0,2.31481e+12,3,0.2,0,CIRCLE,280,1
2250,0.5,0.5,0.5,4.32554,-102.171,0,-435.557,-96.6277,0,2.31481e+12,3,0.2,0,CIRCLE,280,1
2251,0.5,0.5,0.5,-71.8935,-209.612,0,-972.758,284.468,0,2.31481e+12,3,0.2,0,CIRCLE,280,1
2252,0.5,0.5,0.5,43.3987,-168.865,0,-769.024,-291.993,0,2.31481e+12,3,0.2,0,CIRCLE,280,1
2256,0.5,0.5,0.5,92.0796,-203.952,0,-944.458,-535.398,0,2.31481e+12,3,0.2,0,CIRCLE,280,1
2259,0.5,0.5,0.5,-238.711,143.88,0,794.702,1118.55,0,2.31481e+12,3,0.2,0,CIRCLE,280,1
2262,0.5,0.5,0.5,106.386,139.448,0,772.54,-606.928,0,2.31481e+12,3,0.2,0,CIRCLE,280,1
2267,0.5,0.5,0.5,-275.941,65.3892,0,402.246,1304.7,0,2.31481e+12,3,0.2,0,CIRCLE,280,1
2268,0.5,0.5,0.5,-100.706,-33.9446,0,-94.4228,428.528,0,2.31481e+12,3,0.2,0,CIRCLE,280,1
2271,0.5,0.5,0.5,191.676,-186.421,0,-856.803,-1033.38,0,2.31481e+12,3,0.2,0,CIRCLE,280,1
2272,0.5,0.5,0.5,18.8916,10.4606,0,127.603,-169.458,0,2.31481e+12,3,0.2,0,CIRCLE,280,1
2274,0.5,0.5,0.5,-88.521,-172.212,0,-785.762,367.605,0,2.31481e+12,3,0.2,0,CIRCLE,280,1
2275,0.5,0.5,0.5,-149.854,-44.9711,0,-149.556,674.268,0,2.31481e+12,3,0.2,0,CIRCLE,280,1
2276,0.5,0.5,0.5,-43.1037,79.8479,0,474.54,140.519,0,2.31481e+12,3,0.2,0,CIRCLE,280,1
2277,0.5,0.5,0.5,-212.594,-191.73,0,-883.35,987.971,0,2.31481e+12,3,0.2,0,CIRCLE,280,1
2278,0.5,0.5,0.5,24.7521,251.307,0,1331.84,-198.76,0,2.31481e+12,3,0.2,0,CIRCLE,280,1
2282,0.5,0.5,0.5,26.108,118.777,0,669.187,-205.54,0,2.31481e+12,3,0.2,0,CIRCLE,280,1
2283,0.5,0.5,0.5,19.2603,-71.5474,0,-282.437,-171.301,0,2.31481e+12,3,0.2,0,CIRCLE,280,1
2285,0.5,0.5,0.5,-237.755,50.1791,0,326.195,1113.78,0,2.31481e+12,3,0.2,0,CIRCLE,280,1
2290,0.5,0.5,0.5,-94.4799,227.1,0,1210.8,397.399,0,2.31481e+12,3,0.2,0,CIRCLE,280,1
2294,0.5,0.5,0.5,-85.3306,-81.4894,0,-332.147,351.653,0,2.31481e+12,3,0.2,0,CIRCLE,280,1
2295,0.5,0.5,0.5,-144.339,196.323,0,1056.91,646.696,0,2.31481e+12,3,0.2,0,CIRCLE,280,1
2296,0.5,0.5,0.5,116.732,-90.1962,0,-375.681,-658.659,0,2.31481e+12,3,0.2,0,CIRCLE,280,1
2300,0.5,0.5,0.5,-61.5619,-217.391,0,-1011.65,232.81,0,2.31481e+12,3,0.2,0,CIRCLE,280,1
2302,0.5,0.5,0.5,-117.075,-65.3921,0,-251.661,510.373,0,2.31481e+12,3,0.2,0,CIRCLE,280,1
2303,0.5,0.5,0.5,156.642,-88.1902,0,-365.651,-858.211,0,2.31481e+12,3,0.2,0,CIRCLE,280,1
2304,0.5,0.5,0.5,-171.882,-91.8518,0,-383.959,784.412,0,2.31481e+12,3,0.2,0,CIRCLE,280,1
2306,0.5,0.5,0.5,152.509,120.872,0,679.658,-837.544,0,2.31481e+12,3,0.2,0,CIRCLE,280,1
2308,0.5,0.5,0.5,-3.55682,-27.5922,0,-62.6612,-57.2159,0,2.31481e+12,3,0.2,0,CIRCLE,280,1
2309,0.5,0.5,0.5,-287.024,19.1081,0,170.841,1360.12,0,2.31481e+12,3,0.2,0,CIRCLE,280,1
2310,0.5,0.5,0.5,-166.449,-136.861,0,-609.007,757.247,0,2.31481e+12,3,0.2,0,CIRCLE,280,1
2311,0.5,0.5,0.5,-99.1338,-162.57,0,-737.549,420.669,0,2.31481e+12,3,0.2,0,CIRCLE,280,1
2312,0.5,0.5,0.5,125.534,-59.2852,0,-221.126,-702.669,0,2.31481e+12,3,0.2,0,CIRCLE,280,1
2313,0.5,0.5,0.5,99.5106,239.265,0,1271.63,-572.553,0,2.31481e+12,3,0.2,0,CIRCLE,280,1
2315,0.5,0.5,0.5,68.6048,-154.254,0,-695.969,-418.024,0,2.31481e+12,3,0.2,0,CIRCLE,280,1
2319,0.5,0.5,0.5,-16.638,-10.9431,0,20.5843,8.19006,0,2.31481e+12,3,0.2,0,CIRCLE,280,1
2320,0.5,0.5,0.5,-47.9968,18.4251,0,167.425,164.984,0,2.31481e+12,3,0.2,0,CIRCLE,280,1
2326,0.5,0.5,0.5,-181.612,149.43,0,822.448,833.058,0,2.31481e+12,3,0.2,0,CIRCLE,280,1
2328,0.5,0.5,0.5,145.387,-83.7909,0,-343.655,-801.933,0,2.31481e+12,3,0.2,0,CIRCLE,280,1
2329,0.5,0.5,0.5,-65.2764,150.021,0,825.407,251.382,0,2.31481e+12,3,0.2,0,CIRCLE,280,1
2330,0.5,0.5,0.5,-93.8627,64.2759,0,396.679,394.314,0,2.31481e+12,3,0.2,0,CIRCLE,280,1
2332,0.5,0.5,0.5,-88.0387,-245.047,0,-1149.93,365.194,0,2.31481e+12,3,0.2,0,CIRCLE,280,1
2333,0.5,0.5,0.5,-165.776,-17.0095,0,-9.74743,753.879,0,2.31481e+12,3,0.2,0,CIRCLE,280,1
2335,0.5,0.5,0.5,-253.522,-108.565,0,-467.523,1192.61,0,2.31481e+12,3,0.2,0,CIRCLE,280,1
2336,0.5,0.5,0.5,-135.267,-145.647,0,-652.936,601.334,0,2.31481e+12,3,0.2,0,CIRCLE,280,1
2338,0.5,0.5,0.5,-172.124,-54.2148,0,-195.774,785.622,0,2.31481e+12,3,0.2,0,CIRCLE,280,1
2339,0.5,0.5,0.5,-76.4149,-124.372,0,-546.561,307.075,0,2.31481e+12,3,0.2,0,CIRCLE,280,1
2341,0.5,0.5,0.5,165.996,134.011,0,745.357,-904.981,0,2.31481e+12,3,0.2,0,CIRCLE,280,1
2344,0.5,0.5,0.5,-68.9273,-9.30709,0,28.7646,269.637,0,2.31481e+12,3,0.2,0,CIRCLE,280,1
2345,0.5,0.5,0.5,164.552,140.129,0,775.947,-897.758,0,2.31481e+12,3,0.2,0,CIRCLE,280,1
2353,0.5,0.5,0.5,187.352,-107.171,0,-460.556,-1011.76,0,2.31481e+12,3,0.2,0,CIRCLE,280,1
2355,0.5,0.5,0.5,-75.7462,-72.8712,0,-289.056,303.731,0,2.31481e+12,3,0.2,0,CIRCLE,280,1
2359,0.5,0.5,0.5,-42.8142,256.579,0,1358.19,139.071,0,2.31481e+12,3,0.2,0,CIRCLE,280,1
2361,0.5,0.5,0.5,-63.4667,108.225,0,616.424,242.333,0,2.31481e+12,3,0.2,0,CIRCLE,280,1
2362,0.5,0.5,0.5,-50.509,-270.469,0,-1277.04,177.545,0,2.31481e+12,3,0.2,0,CIRCLE,280,1
2364,0.5,0.5,0.5,-161.761,-110.062,0,-475.011,733.806,0,2.31481e+12,3,0.2,0,CIRCLE,280,1
2365,0.5,0.5,0.5,103.519,-115.391,0,-501.655,-592.595,0,2.31481e+12,3,0.2,0,CIRCLE,280,1
2373,0.5,0.5,0.5,212.902,-27.9494,0,-64.4471,-1139.51,0,2.31481e+12,3,0.2,0,CIRCLE,280,1
2375,0.5,0.5,0.5,-134.124,-252.189,0,-1185.64,595.622,0,2.31481e+12,3,0.2,0,CIRCLE,280,1
2376,0.5,0.5,0.5,-8.60757,-211.318,0,-981.288,-31.9621,0,2.31481e+12,3,0.2,0,CIRCLE,280,1
2380,0.5,0.5,0.5,-280.428,-6.98133,0,40.3933,1327.14,0,2.31481e+12,3,0.2,0,CIRCLE,280,1
2382,0.5,0.5,0.5,69.6668,-19.6316,0,-22.8581,-423.334,0,2.31481e+12,3,0.2,0,CIRCLE,280,1
2383,0.5,0.5,0.5,-190.452,-91.8312,0,-383.856,877.261,0,2.31481e+12,3,0.2,0,CIRCLE,280,1
2384,0.5,0.5,0.5,-151.171,202.861,0,1089.61,680.856,0,2.31481e+12,3,0.2,0,CIRCLE,280,1
2385,0.5,0.5,0.5,163.892,-88.58,0,-367.6,-894.459,0,2.31481e+12,3,0.2,0,CIRCLE,280,1
2387,0.5,0.5,0.5,-147.786,34.6352,0,248.476,663.932,0,2.31481e+12,3,0.2,0,CIRCLE,280,1
2388,0.5,0.5,0.5,101.56,153.239,0,841.495,-582.799,0,2.31481e+12,3,0.2,0,CIRCLE,280,1
2392,0.5,0.5,0.5,-18.2834,-57.0637,0,-210.018,16.417,0,2.31481e+12,3,0.2,0,CIRCLE,280,1
2393,0.5,0.5,0.5,108.984,-224.503,0,-1047.22,-619.92,0,2.31481e+12,3,0.2,0,CIRCLE,280,1
2395,0.5,0.5,0.5,-173.919,-17.5447,0,-12.4236,794.593,0,2.31481e+12,3,0.2,0,CIRCLE,280,1
2399,0.5,0.5,0.5,140.45,113.53,0,642.952,-777.248,0,2.31481e+12,3,0.2,0,CIRCLE,280,1
2408,0.5,0.5,0.5,49.0337,-210.746,0,-978.431,-320.168,0,2.31481e+12,3,0.2,0,CIRCLE,280,1
2410,0.5,0.5,0.5,-66.62,-245.229,0,-1150.84,258.1,0,2.31481e+12,3,0.2,0,CIRCLE,280,1
2413,0.5,0.5,0.5,35.0752,-50.3402,0,-176.401,-250.376,0,2.31481e+12,3,0.2,0,CIRCLE,280,1
2417,0.5,0.5,0.5,85.121,-104.601,0,-447.705,-500.605,0,2.31481e+12,3,0.2,0,CIRCLE,280,1
2421,0.5,0.5,0.5,129.38,46.1077,0,305.839,-721.899,0,2.31481e+12,3,0.2,0,CIRCLE,280,1
2422,0.5,0.5,0.5,205.356,117.024,0,660.418,-1101.78,0,2.31481e+12,3,0.2,0,CIRCLE,280,1
2427,0.5,0.5,0.5,-264.18,-111.974,0,-484.572,1245.9,0,2.31481e+12,3,0.2,0,CIRCLE,280,1
2431,0.5,0.5,0.5,196.028,87.4494,0,512.547,-1055.14,0,2.31481e+12,3,0.2,0,CIRCLE,280,1
2432,0.5,0.5,0.5,174.606,-110.398,0,-476.688,-948.031,0,2.31481e+12,3,0.2,0,CIRCLE,280,1
2434,0.5,0.5,0.5,142.1,-25.9226,0,-54.3132,-785.502,0,2.31481e+12,3,0.2,0,CIRCLE,280,1
2435,0.5,0.5,0.5,226.727,101.039,0,580.493,-1208.63,0,2.31481e+12,3,0.2,0,CIRCLE,280,1
2438,0.5,0.5,0.5,-92.9594,-268.097,0,-1265.19,389.797,0,2.31481e+12,3,0.2,0,CIRCLE,280,1
2440,0.5,0.5,0.5,108.784,159.702,0,873.808,-618.922,0,2.31481e+12,3,0.2,0,CIRCLE,280,1
2450,0.5,0.5,0.5,40.2127,-77.0834,0,-310.117,-276.064,0,2.31481e+12,3,0.2,0,CIRCLE,280,1
2451,0.5,0.5,0.5,-90.1014,14.3769,0,147.184,375.507,0,2.31481e+12,3,0.2,0,CIRCLE,280,1
2455,0.5,0.5,0.5,183.053,-43.5647,0,-142.524,-990.266,0,2.31481e+12,3,0.2,0,CIRCLE,280,1
2456,0.5,0.5,0.5,62.5829,-40.7133,0,-128.266,-387.915,0,2.31481e+12,3,0.2,0,CIRCLE,280,1
2457,0.5,0.5,0.5,167.979,155.772,0,854.162,-914.893,0,2.31481e+12,3,0.2,0,CIRCLE,280,1
2458,0.5,0.5,0.5,-230.121,-134.564,0,-597.518,1075.6,0,2.31481e+12,3,0.2,0,CIRCLE,280,1
2462,0.5,0.5,0.5,-160.346,-139.148,0,-620.438,726.731,0,2.31481e+12,3,0.2,0,CIRCLE,280,1
2468,0.5,0.5,0.5,30.1183,241.871,0,1284.65,-225.592,0,2.31481e+12,3,0.2,0,CIRCLE,280,1
2469,0.5,0.5,0.5,-263.828,-29.0666,0,-70.0331,1244.14,0,2.31481e+12,3,0.2,0,CIRCLE,280,1
2472,0.5,0.5,0.5,96.8796,-183.919,0,-844.296,-559.398,0,2.31481e+12,3,0.2,0,CIRCLE,280,1
2473,0.5,0.5,0.5,78.1384,38.9264,0,269.932,-465.692,0,2.31481e+12,3,0.2,0,CIRCLE,280,1
2476,0.5,0.5,0.5,158.809,187.522,0,1012.91,-869.043,0,2.31481e+12,3,0.2,0,CIRCLE,280,1
2479,0.5,0.5,0.5,-178.606,-172.547,0,-787.435,818.029,0,2.31481e+12,3,0.2,0,CIRCLE,280,1
2481,0.5,0.5,0.5,51.7363,-267.457,0,-1261.98,-333.681,0,2.31481e+12,3,0.2,0,CIRCLE,280,1
2483,0.5,0.5,0.5,8.73975,-156.519,0,-707.294,-118.699,0,2.31481e+12,3,0.2,0,CIRCLE,280,1
2488,0.5,0.5,0.5,114.88,84.1381,0,495.99,-649.401,0,2.31481e+12,3,0.2,0,CIRCLE,280,1
2489,0.5,0.5,0.5,-214.079,14.9023,0,149.811,995.397,0,2.31481e+12,3,0.2,0,CIRCLE,280,1
2493,0.5,0.5,0.5,-174.06,-159.476,0,-722.08,795.3,0,2.31481e+12,3,0.2,0,CIRCLE,280,1
2497,0.5,0.5,0.5,-5.79782,68.451,0,417.555,-46.0109,0,2.31481e+12,3,0.2,0,CIRCLE,280,1
2499,0.5,0.5,0.5,204.92,97.6649,0,563.625,-1099.6,0,2.31481e+12,3,0.2,0,CIRCLE,280,1
2500,0.5,0.5,0.5,-246.403,80.5675,0,478.138,1157.01,0,2.31481e+12,3,0.2,0,CIRCLE,280,1
2502,0.5,0.5,0.5,21.1171,164.809,0,899.347,-180.585,0,2.31481e+12,3,0.2,0,CIRCLE,280,1
2506,0.5,0.5,0.5,-179.637,126.831,0,709.453,823.186,0,2.31481e+12,3,0.2,0,CIRCLE,280,1
2509,0.5,0.5,0.5,-123.58,14.2101,0,146.35,542.898,0,2.31481e+12,3,0.2,0,CIRCLE,280,1
2510,0.5,0.5,0.5,103.954,173.261,0,941.607,-594.772,0,2.31481e+12,3,0.2,0,CIRCLE,280,1
2513,0.5,0.5,0.5,176.19,124.149,0,696.045,-955.952,0,2.31481e+12,3,0.2,0,CIRCLE,280,1
2514,0.5,0.5,0.5,2.59516,38.9973,0,270.286,-87.9758,0,2.31481e+12,3,0.2,0,CIRCLE,280,1
2517,0.5,0.5,0.5,74.2095,-124.648,0,-547.94,-446.047,0,2.31481e+12,3,0.2,0,CIRCLE,280,1
2518,0.5,0.5,0.5,168.841,-194.667,0,-898.036,-919.205,0,2.31481e+12,3,0.2,0,CIRCLE,280,1
2524,0.5,0.5,0.5,148.027,-75.423,0,-301.815,-815.135,0,2.31481e+12,3,0.2,0,CIRCLE,280,1
2526,0.5,0.5,0.5,14.0776,-38.3372,0,-116.386,-145.388,0,2.31481e+12,3,0.2,0,CIRCLE,280,1
2528,0.5,0.5,0.5,24.2124,175.116,0,950.882,-196.062,0,2.31481e+12,3,0.2,0,CIRCLE,280,1
2530,0.5,0.5,0.5,3.86904,-112.218,0,-485.792,-94.3452,0,2.31481e+12,3,0.2,0,CIRCLE,280,1
2536,0.5,0.5,0.5,72.123,-99.689,0,-423.145,-435.615,0,2.31481e+12,3,0.2,0,CIRCLE,280,1
2539,0.5,0.5,0.5,-137.926,164.441,0,897.506,614.628,0,2.31481e+12,3,0.2,0,CIRCLE,280,1
2544,0.5,0.5,0.5,54.8283,32.4775,0,237.687,-349.141,0,2.31481e+12,3,0.2,0,CIRCLE,280,1
2548,0.5,0.5,0.5,-116.718,-181.624,0,-832.82,508.591,0,2.31481e+12,3,0.2,0,CIRCLE,280,1
2549,0.5,0.5,0.5,-280.513,-77.5464,0,-312.432,1327.56,0,2.31481e+12,3,0.2,0,CIRCLE,280,1
2550,0.5,0.5,0.5,101.318,125.2,0,701.301,-581.592,0,2.31481e+12,3,0.2,0,CIRCLE,280,1
2551,0.5,0.5,0.5,192.151,118.756,0,669.08,-1035.75,0,2.31481e+12,3,0.2,0,CIRCLE,280,1
2554,0.5,0.5,0.5,-181.968,-137.379,0,-611.594,834.838,0,2.31481e+12,3,0.2,0,CIRCLE,280,1
2555,0.5,0.5,0.5,-131.146,-115.602,0,-502.708,580.732,0,2.31481e+12,3,0.2,0,CIRCLE,280,1
2559,0.5,0.5,0.5,-188.648,-103.351,0,-441.455,868.238,0,2.31481e+12,3,0.2,0,CIRCLE,280,1
2560,0.5,0.5,0.5,100.935,-224.418,0,-1046.79,-579.674,0,2.31481e+12,3,0.2,0,CIRCLE,280,1
2561,0.5,0.5,0.5,15.9083,199.667,0,1073.63,-154.542,0,2.31481e+12,3,0.2,0,CIRCLE,280,1
2562,0.5,0.5,0.5,100.125,8.5437,0,118.018,-575.623,0,2.31481e+12,3,0.2,0,CIRCLE,280,1
2567,0.5,0.5,0.5,97.8842,-51.2158,0,-180.779,-564.421,0,2.31481e+12,3,0.2,0,CIRCLE,280,1
2568,0.5,0.5,0.5,14.5773,-141.399,0,-631.693,-147.887,0,2.31481e+12,3,0.2,0,CIRCLE,280,1
2574,0.5,0.5,0.5,-179.179,-229.982,0,-1074.61,820.893,0,2.31481e+12,3,0.2,0,CIRCLE,280,1
2577,0.5,0.5,0.5,190.362,48.9787,0,320.194,-1026.81,0,2.31481e+12,3,0.2,0,CIRCLE,280,1
2578,0.5,0.5,0.5,-176.37,16.5691,0,158.146,806.851,0,2.31481e+12,3,0.2,0,CIRCLE,280,1
2579,0.5,0.5,0.5,-177.64,-122.262,0,-536.009,813.202,0,2.31481e+12,3,0.2,0,CIRCLE,280,1
2583,0.5,0.5,0.5,241.105,-116.796,0,-508.68,-1280.53,0,2.31481e+12,3,0.2,0,CIRCLE,280,1
2586,0.5,0.5,0.5,170.607,-46.7304,0,-158.352,-928.034,0,2.31481e+12,3,0.2,0,CIRCLE,280,1
2589,0.5,0.5,0.5,174.281,15.9408,0,155.004,-946.405,0,2.31481e+12,3,0.2,0,CIRCLE,280,1
2590,0.5,0.5,0.5,-235.403,-60.1838,0,-225.619,1102.01,0,2.31481e+12,3,0.2,0,CIRCLE,280,1
2593,0.5,0.5,0.5,-26.1071,-49.6377,0,-172.888,55.5353,0,2.31481e+12,3,0.2,0,CIRCLE,280,1
2594,0.5,0.5,0.5,26.211,-137.24,0,-610.898,-206.055,0,2.31481e+12,3,0.2,0,CIRCLE,280,1
2595,0.5,0.5,0.5,-73.5056,235.348,0,1252.04,292.528,0,2.31481e+12,3,0.2,0,CIRCLE,280,1
2601,0.5,0.5,0.5,158.575,-22.8936,0,-39.1682,-867.873,0,2.31481e+12,3,0.2,0,CIRCLE,280,1
2602,0.5,0.5,0.5,182.513,121.184,0,681.221,-987.566,0,2.31481e+12,3,0.2,0,CIRCLE,280,1
2605,0.5,0.5,0.5,-148.207,-198.524,0,-917.322,666.033,0,2.31481e+12,3,0.2,0,CIRCLE,280,1
2606,0.5,0.5,0.5,8.65739,-5.83753,0,46.1123,-118.287,0,2.31481e+12,3,0.2,0,CIRCLE,280,1
2610,0.5,0.5,0.5,78.0461,177.339,0,961.994,-465.231,0,2.31481e+12,3,0.2,0,CIRCLE,280,1
2615,0.5,0.5,0.5,32.0657,-81.6421,0,-332.911,-235.329,0,2.31481e+12,3,0.2,0,CIRCLE,280,1
2616,0.5,0.5,0.5,41.0065,-126.328,0,-556.341,-280.032,0,2.31481e+12,3,0.2,0,CIRCLE,280,1
2621,0.5,0.5,0.5,-226.071,-142.48,0,-637.102,1055.35,0,2.31481e+12,3,0.2,0,CIRCLE,280,1
2624,0.5,0.5,0.5,-80.0664,-26.8375,0,-58.8873,325.332,0,2.31481e+12,3,0.2,0,CIRCLE,280,1
2629,0.5,0.5,0.5,-153.374,15.1694,0,151.147,691.871,0,2.31481e+12,3,0.2,0,CIRCLE,280,1
2633,0.5,0.5,0.5,-23.9526,84.8688,0,499.644,44.7632,0,2.31481e+12,3,0.2,0,CIRCLE,280,1
2636,0.5,0.5,0.5,-10.2631,227.75,0,1214.05,-23.6844,0,2.31481e+12,3,0.2,0,CIRCLE,280,1
2639,0.5,0.5,0.5,-67.0027,54.0504,0,345.552,260.014,0,2.31481e+12,3,0.2,0,CIRCLE,280,1
2640,0.5,0.5,0.5,-17.7571,-64.8312,0,-248.856,13.7856,0,2.31481e+12,3,0.2,0,CIRCLE,280,1
2646,0.5,0.5,0.5,-75.2912,-218.192,0,-1015.66,301.456,0,2.31481e+12,3,0.2,0,CIRCLE,280,1
2649,0.5,0.5,0.5,-95.6964,84.8672,0,499.636,403.482,0,2.31481e+12,3,0.2,0,CIRCLE,280,1
2650,0.5,0.5,0.5,28.8255,47.818,0,314.39,-219.128,0,2.31481e+12,3,0.2,0,CIRCLE,280,1
2651,0.5,0.5,0.5,47.072,-154.828,0,-698.842,-310.36,0,2.31481e+12,3,0.2,0,CIRCLE,280,1
2652,0.5,0.5,0.5,-249.735,-86.8724,0,-359.062,1173.67,0,2.31481e+12,3,0.2,0,CIRCLE,280,1
2653,0.5,0.5,0.5,-177.473,-62.101,0,-235.205,812.367,0,2.31481e+12,3,0.2,0,CIRCLE,280,1
2654,0.5,0.5,0.5,-162.23,-60.4504,0,-226.952,736.148,0,2.31481e+12,3,0.2,0,CIRCLE,280,1
2656,0.5,0.5,0.5,93.0296,-65.4889,0,-252.145,-540.148,0,2.31481e+12,3,0.2,0,CIRCLE,280,1
2657,0.5,0.5,0.5,-221.716,26.635,0,208.475,1033.58,0,2.31481e+12,3,0.2,0,CIRCLE,280,1
2664,0.5,0.5,0.5,155.777,-34.2378,0,-95.889,-853.885,0,2.31481e+12,3,0.2,0,CIRCLE,280,1
2666,0.5,0.5,0.5,19.7283,-183.376,0,-841.578,-173.641,0,2.31481e+12,3,0.2,0,CIRCLE,280,1
2669,0.5,0.5,0.5,-39.5491,104.197,0,596.283,122.746,0,2.31481e+12,3,0.2,0,CIRCLE,280,1
2671,0.5,0.5,0.5,78.9556,55.6392,0,353.496,-469.778,0,2.31481e+12,3,0.2,0,CIRCLE,280,1
2674,0.5,0.5,0.5,-2.67228,-42.3872,0,-136.636,-61.6386,0,2.31481e+12,3,0.2,0,CIRCLE,280,1
2675,0.5,0.5,0.5,25.1523,-128.396,0,-566.678,-200.762,0,2.31481e+12,3,0.2,0,CIRCLE,280,1
2678,0.5,0.5,0.5,148.52,-122.864,0,-539.021,-817.598,0,2.31481e+12,3,0.2,0,CIRCLE,280,1
2681,0.5,0.5,0.5,70.6927,227.599,0,1213.29,-428.463,0,2.31481e+12,3,0.2,0,CIRCLE,280,1
2686,0.5,0.5,0.5,-69.747,31.0765,0,230.682,273.735,0,2.31481e+12,3,0.2,0,CIRCLE,280,1
2690,0.5,0.5,0.5,-178.076,174.611,0,948.357,815.381,0,2.31481e+12,3,0.2,0,CIRCLE,280,1
2691,0.5,0.5,0.5,223.968,89.5086,0,522.843,-1194.84,0,2.31481e+12,3,0.2,0,CIRCLE,280,1
2693,0.5,0.5,0.5,154.628,205.318,0,1101.89,-848.142,0,2.31481e+12,3,0.2,0,CIRCLE,280,1
2696,0.5,0.5,0.5,232.404,-45.4672,0,-152.036,-1237.02,0,2.31481e+12,3,0.2,0,CIRCLE,280,1
2699,0.5,0.5,0.5,-171.114,-191.527,0,-882.335,780.571,0,2.31481e+12,3,0.2,0,CIRCLE,280,1
2700,0.5,0.5,0.5,13.688,-229.378,0,-1071.59,-143.44,0,2.31481e+12,3,0.2,0,CIRCLE,280,1
2712,0.5,0.5,0.5,55.4533,204.928,0,1099.94,-352.267,0,2.31481e+12,3,0.2,0,CIRCLE,280,1
2714,0.5,0.5,0.5,-128.207,-242.47,0,-1137.05,566.037,0,2.31481e+12,3,0.2,0,CIRCLE,280,1
2722,0.5,0.5,0.5,134.795,-223.516,0,-1042.28,-748.975,0,2.31481e+12,3,0.2,0,CIRCLE,280,1
2725,0.5,0.5,0.5,50.9074,-66.4775,0,-257.087,-329.537,0,2.31481e+12,3,0.2,0,CIRCLE,280,1
2728,0.5,0.5,0.5,-148.893,-93.1927,0,-390.664,669.463,0,2.31481e+12,3,0.2,0,CIRCLE,280,1
2731,0.5,0.5,0.5,-231.884,-121.296,0,-531.182,1084.42,0,2.31481e+12,3,0.2,0,CIRCLE,280,1
2734,0.5,0.5,0.5,93.6839,22.321,0,186.905,-543.419,0,2.31481e+12,3,0.2,0,CIRCLE,280,1
2740,0.5,0.5,0.5,-126.214,-160.051,0,-724.957,556.072,0,2.31481e+12,3,0.2,0,CIRCLE,280,1
2741,0.5,0.5,0.5,-26.603,-148.759,0,-668.497,58.0151,0,2.31481e+12,3,0.2,0,CIRCLE,280,1
2744,0.5,0.5,0.5,162.781,-143.091,0,-640.153,-888.906,0,2.31481e+12,3,0.2,0,CIRCLE,280,1
2746,0.5,0.5,0.5,179.831,132.477,0,737.687,-974.154,0,2.31481e+12,3,0.2,0,CIRCLE,280,1
2747,0.5,0.5,0.5,-77.8948,-10.7059,0,21.7704,314.474,0,2.31481e+12,3,0.2,0,CIRCLE,280,1
2748,0.5,0.5,0.5,171.533,78.8959,0,469.78,-932.663,0,2.31481e+12,3,0.2,0,CIRCLE,280,1
2751,0.5,0.5,0.5,226.515,-48.5105,0,-167.252,-1207.58,0,2.31481e+12,3,0.2,0,CIRCLE,280,1
2752,0.5,0.5,0.5,-19.2635,-144.789,0,-648.646,21.3176,0,2.31481e+12,3,0.2,0,CIRCLE,280,1
2758,0.5,0.5,0.5,164.51,124.986,0,700.231,-897.551,0,2.31481e+12,3,0.2,0,CIRCLE,280,1
2760,0.5,0.5,0.5,-87.8867,125.46,0,702.6,364.434,0,2.31481e+12,3,0.2,0,CIRCLE,280,1
2763,0.5,0.5,0.5,-16.3245,-195.576,0,-902.58,6.62235,0,2.31481e+12,3,0.2,0,CIRCLE,280,1
2765,0.5,0.5,0.5,34.5171,198.642,0,1068.51,-247.586,0,2.31481e+12,3,0.2,0,CIRCLE,280,1
2766,0.5,0.5,0.5,125.106,-121.223,0,-530.814,-700.532,0,2.31481e+12,3,0.2,0,CIRCLE,280,1
2767,0.5,0.5,0.5,94.6166,-31.5185,0,-82.2923,-548.083,0,2.31481e+12,3,0.2,0,CIRCLE,280,1
2771,0.5,0.5,0.5,29.1144,-104.737,0,-448.387,-220.572,0,2.31481e+12,3,0.2,0,CIRCLE,280,1
2775,0.5,0.5,0.5,-42.8645,188.62,0,1018.4,139.323,0,2.31481e+12,3,0.2,0,CIRCLE,280,1
2779,0.5,0.5,0.5,-68.0669,81.0527,0,480.563,265.335,0,2.31481e+12,3,0.2,0,CIRCLE,280,1
2781,0.5,0.5,0.5,133.423,70.7459,0,429.029,-742.115,0,2.31481e+12,3,0.2,0,CIRCLE,280,1
2790,0.5,0.5,0.5,175.243,4.29053,0,96.7527,-951.215,0,2.31481e+12,3,0.2,0,CIRCLE,280,1
2791,0.5,0.5,0.5,54.2607,-205.592,0,-952.662,-346.304,0,2.31481e+12,3,0.2,0,CIRCLE,280,1
2792,0.5,0.5,0.5,0.0838925,223.962,0,1195.11,-75.4195,0,2.31481e+12,3,0.2,0,CIRCLE,280,1
2798,0.5,0.5,0.5,-215.003,-57.0418,0,-209.909,1000.01,0,2.31481e+12,3,0.2,0,CIRCLE,280,1
2800,0.5,0.5,0.5,-261.922,-40.588,0,-127.64,1234.61,0,2.31481e+12,3,0.2,0,CIRCLE,280,1
2801,0.5,0.5,0.5,-125.691,181.508,0,982.839,553.453,0,2.31481e+12,3,0.2,0,CIRCLE,280,1
2804,0.5,0.5,0.5,-41.2202,-259.89,0,-1224.15,131.101,0,2.31481e+12,3,0.2,0,CIRCLE,280,1
2808,0.5,0.5,0.5,174.868,144.953,0,800.065,-949.338,0,2.31481e+12,3,0.2,0,CIRCLE,280,1
2809,0.5,0.5,0.5,-231.151,-79.5988,0,-322.694,1080.75,0,2.31481e+12,3,0.2,0,CIRCLE,280,1
2811,0.5,0.5,0.5,112.405,172.866,0,939.632,-637.023,0,2.31481e+12,3,0.2,0,CIRCLE,280,1
2815,0.5,0.5,0.5,26.0087,73.954,0,445.07,-205.044,0,2.31481e+12,3,0.2,0,CIRCLE,280,1
2818,0.5,0.5,0.5,182.04,141.163,0,781.114,-985.199,0,2.31481e+12,3,0.2,0,CIRCLE,280,1
2819,0.5,0.5,0.5,-109.621,17.7052,0,163.826,473.106,0,2.31481e+12,3,0.2,0,CIRCLE,280,1
2820,0.5,0.5,0.5,-87.1498,165.888,0,904.738,360.749,0,2.31481e+12,3,0.2,0,CIRCLE,280,1
2821,0.5,0.5,0.5,109.428,91.6318,0,533.459,-622.141,0,2.31481e+12,3,0.2,0,CIRCLE,280,1
2828,0.5,0.5,0.5,-170.924,126.682,0,708.71,779.62,0,2.31481e+12,3,0.2,0,CIRCLE,280,1
2829,0.5,0.5,0.5,4.58161,-93.4429,0,-391.914,-97.9081,0,2.31481e+12,3,0.2,0,CIRCLE,280,1
2835,0.5,0.5,0.5,-200.734,29.8069,0,224.335,928.669,0,2.31481e+12,3,0.2,0,CIRCLE,280,1
2836,0.5,0.5,0.5,63.6728,112.687,0,638.734,-393.364,0,2.31481e+12,3,0.2,0,CIRCLE,280,1
2837,0.5,0.5,0.5,14.0231,-256.497,0,-1207.18,-145.115,0,2.31481e+12,3,0.2,0,CIRCLE,280,1
2843,0.5,0.5,0.5,188.814,-129.228,0,-570.839,-1019.07,0,2.31481e+12,3,0.2,0,CIRCLE,280,1
2845,0.5,0.5,0.5,64.5003,-86.0099,0,-354.749,-397.502,0,2.31481e+12,3,0.2,0,CIRCLE,280,1
2846,0.5,0.5,0.5,262.337,-7.71261,0,36.737,-1386.69,0,2.31481e+12,3,0.2,0,CIRCLE,280,1
2848,0.5,0.5,0.5,25.4955,-154.064,0,-695.022,-202.477,0,2.31481e+12,3,0.2,0,CIRCLE,280,1
2854,0.5,0.5,0.5,-26.8316,94.7097,0,548.848,59.1582,0,2.31481e+12,3,0.2,0,CIRCLE,280,1
2855,0.5,0.5,0.5,202.409,-48.9995,0,-169.697,-1087.04,0,2.31481e+12,3,0.2,0,CIRCLE,280,1
2856,0.5,0.5,0.5,40.9939,237.571,0,1263.15,-279.97,0,2.31481e+12,3,0.2,0,CIRCLE,280,1
2863,0.5,0.5,0.5,-232.759,133.578,0,743.19,1088.8,0,2.31481e+12,3,0.2,0,CIRCLE,280,1
2865,0.5,0.5,0.5,106.888,223.966,0,1195.13,-609.439,0,2.31481e+12,3,0.2,0,CIRCLE,280,1
2867,0.5,0.5,0.5,-212.451,-93.9428,0,-394.414,987.253,0,2.31481e+12,3,0.2,0,CIRCLE,280,1
2868,0.5,0.5,0.5,-112.49,-136.745,0,-608.424,487.45,0,2.31481e+12,3,0.2,0,CIRCLE,280,1
2870,0.5,0.5,0.5,87.9871,-72.0463,0,-284.932,-514.936,0,2.31481e+12,3,0.2,0,CIRCLE,280,1
2875,0.5,0.5,0.5,221.681,107.4,0,612.299,-1183.4,0,2.31481e+12,3,0.2,0,CIRCLE,280,1
2878,0.5,0.5,0.5,-227.881,21.2881,0,181.74,1064.41,0,2.31481e+12,3,0.2,0,CIRCLE,280,1
2879,0.5,0.5,0.5,-49.9809,59.4657,0,372.629,174.905,0,2.31481e+12,3,0.2,0,CIRCLE,280,1
2881,0.5,0.5,0.5,125.207,10.8829,0,129.714,-701.036,0,2.31481e+12,3,0.2,0,CIRCLE,280,1
2882,0.5,0.5,0.5,74.3902,153.336,0,841.98,-446.951,0,2.31481e+12,3,0.2,0,CIRCLE,280,1
2883,0.5,0.5,0.5,-179.38,9.98045,0,125.202,821.898,0,2.31481e+12,3,0.2,0,CIRCLE,280,1
2887,0.5,0.5,0.5,-136.233,-261.911,0,-1234.26,606.167,0,2.31481e+12,3,0.2,0,CIRCLE,280,1
2888,0.5,0.5,0.5,129.048,-231.945,0,-1084.43,-720.239,0,2.31481e+12,3,0.2,0,CIRCLE,280,1
2894,0.5,0.5,0.5,-73.2466,-268.848,0,-1268.94,291.233,0,2.31481e+12,3,0.2,0,CIRCLE,280,1
2898,0.5,0.5,0.5,200.189,-190.163,0,-875.515,-1075.94,0,2.31481e+12,3,0.2,0,CIRCLE,280,1
2902,0.5,0.5,0.5,105.127,-96.1722,0,-405.561,-600.635,0,2.31481e+12,3,0.2,0,CIRCLE,280,1
2905,0.5,0.5,0.5,58.4832,-158.931,0,-719.353,-367.416,0,2.31481e+12,3,0.2,0,CIRCLE,280,1
2907,0.5,0.5,0.5,-172.824,-104.51,0,-447.248,789.122,0,2.31481e+12,3,0.2,0,CIRCLE,280,1
2908,0.5,0.5,0.5,30.2735,78.9537,0,470.069,-226.367,0,2.31481e+12,3,0.2,0,CIRCLE,280,1
2910,0.5,0.5,0.5,-80.1875,-150.247,0,-675.935,325.937,0,2.31481e+12,3,0.2,0,CIRCLE,280,1
2916,0.5,0.5,0.5,-186.74,-68.017,0,-264.785,858.702,0,2.31481e+12,3,0.2,0,CIRCLE,280,1
2921,0.5,0.5,0.5,-234.152,-24.7769,0,-48.5844,1095.76,0,2.31481e+12,3,0.2,0,CIRCLE,280,1
2923,0.5,0.5,0.5,97.0451,-113.05,0,-489.95,-560.225,0,2.31481e+12,3,0.2,0,CIRCLE,280,1
2928,0.5,0.5,0.5,123.423,190.894,0,1029.77,-692.116,0,2.31481e+12,3,0.2,0,CIRCLE,280,1
2936,0.5,0.5,0.5,6.76865,62.402,0,387.31,-108.843,0,2.31481e+12,3,0.2,0,CIRCLE,280,1
2940,0.5,0.5,0.5,-103.565,-259.372,0,-1221.56,442.827,0,2.31481e+12,3,0.2,0,CIRCLE,280,1
2941,0.5,0.5,0.5,8.56369,46.0932,0,305.766,-117.818,0,2.31481e+12,3,0.2,0,CIRCLE,280,1
2945,0.5,0.5,0.5,153.013,-154.952,0,-699.458,-840.064,0,2.31481e+12,3,0.2,0,CIRCLE,280,1
2946,0.5,0.5,0.5,-209.106,149.705,0,823.824,970.532,0,2.31481e+12,3,0.2,0,CIRCLE,280,1
2947,0.5,0.5,0.5,195.225,-134.095,0,-595.177,-1051.13,0,2.31481e+12,3,0.2,0,CIRCLE,280,1
2948,0.5,0.5,0.5,-200.493,-11.3893,0,18.3535,927.465,0,2.31481e+12,3,0.2,0,CIRCLE,280,1
2949,0.5,0.5,0.5,22.3182,-85.3412,0,-351.406,-186.591,0,2.31481e+12,3,0.2,0,CIRCLE,280,1
2960,0.5,0.5,0.5,54.3182,-74.8433,0,-298.917,-346.591,0,2.31481e+12,3,0.2,0,CIRCLE,280,1
2961,0.5,0.5,0.5,-238.866,12.7211,0,138.905,1119.33,0,2.31481e+12,3,0.2,0,CIRCLE,280,1
2963,0.5,0.5,0.5,-152.7,50.0809,0,325.705,688.499,0,2.31481e+12,3,0.2,0,CIRCLE,280,1
2964,0.5,0.5,0.5,-221.338,-162.377,0,-736.585,1031.69,0,2.31481e+12,3,0.2,0,CIRCLE,280,1
2965,0.5,0.5,0.5,6.54402,-230.869,0,-1079.04,-107.72,0,2.31481e+12,3,0.2,0,CIRCLE,280,1
2966,0.5,0.5,0.5,100.375,46.0469,0,305.535,-576.874,0,2.31481e+12,3,0.2,0,CIRCLE,280,1
2967,0.5,0.5,0.5,164.299,35.9926,0,255.263,-896.496,0,2.31481e+12,3,0.2,0,CIRCLE,280,1
2968,0.5,0.5,0.5,-16.6903,156.995,0,860.275,8.45156,0,2.31481e+12,3,0.2,0,CIRCLE,280,1
2972,0.5,0.5,0.5,179.937,-103.073,0,-440.063,-974.683,0,2.31481e+12,3,0.2,0,CIRCLE,280,1
2979,0.5,0.5,0.5,133.425,-83.1584,0,-340.492,-742.127,0,2.31481e+12,3,0.2,0,CIRCLE,280,1
2981,0.5,0.5,0.5,28.8331,-48.7115,0,-168.257,-219.166,0,2.31481e+12,3,0.2,0,CIRCLE,280,1
2984,0.5,0.5,0.5,-7.96037,1.82326,0,84.4163,-35.1981,0,2.31481e+12,3,0.2,0,CIRCLE,280,1
2990,0.5,0.5,0.5,88.634,55.3464,0,352.032,-518.17,0,2.31481e+12,3,0.2,0,CIRCLE,280,1
2992,0.5,0.5,0.5,211.531,2.54046,0,88.0023,-1132.65,0,2.31481e+12,3,0.2,0,CIRCLE,280,1
2993,0.5,0.5,0.5,-123.6,209.655,0,1123.58,542.999,0,2.31481e+12,3,0.2,0,CIRCLE,280,1
3000,0.5,0.5,0.5,-172.927,-166.612,0,-757.761,789.635,0,2.31481e+12,3,0.2,0,CIRCLE,280,1
3002,0.5,0.5,0.5,-260.039,12.9603,0,140.101,1225.2,0,2.31481e+12,3,0.2,0,CIRCLE,280,1
3003,0.5,0.5,0.5,-7.19191,208.95,0,1120.05,-39.0404,0,2.31481e+12,3,0.2,0,CIRCLE,280,1
3009,0.5,0.5,0.5,-244.722,96.7154,0,558.877,1148.61,0,2.31481e+12,3,0.2,0,CIRCLE,280,1
3010,0.5,0.5,0.5,-35.1303,149.179,0,821.195,100.652,0,2.31481e+12,3,0.2,0,CIRCLE,280,1
3012,0.5,0.5,0.5,-55.2101,239.485,0,1272.72,201.051,0,2.31481e+12,3,0.2,0,CIRCLE,280,1
3013,0.5,0.5,0.5,36.4044,-34.6034,0,-97.7169,-257.022,0,2.31481e+12,3,0.2,0,CIRCLE,280,1
3014,0.5,0.5,0.5,-110.131,-162.627,0,-737.834,475.657,0,2.31481e+12,3,0.2,0,CIRCLE,280,1
3018,0.5,0.5,0.5,-194.836,138.846,0,769.53,899.18,0,2.31481e+12,3,0.2,0,CIRCLE,280,1
3021,0.5,0.5,0.5,-294.552,0.212036,0,76.3602,1397.76,0,2.31481e+12,3,0.2,0,CIRCLE,280,1
3024,0.5,0.5,0.5,-114.646,-271.372,0,-1281.56,498.229,0,2.31481e+12,3,0.2,0,CIRCLE,280,1
3027,0.5,0.5,0.5,249.054,50.6601,0,328.601,-1320.27,0,2.31481e+12,3,0.2,0,CIRCLE,280,1
3028,0.5,0.5,0.5,-69.8358,204.938,0,1099.99,274.179,0,2.31481e+12,3,0.2,0,CIRCLE,280,1
3035,0.5,0.5,0.5,-93.082,-239.821,0,-1123.8,390.41,0,2.31481e+12,3,0.2,0,CIRCLE,280,1
3036,0.5,0.5,0.5,-180.128,31.8084,0,234.342,825.641,0,2.31481e+12,3,0.2,0,CIRCLE,280,1
3037,0.5,0.5,0.5,138.611,94.6058,0,548.329,-768.056,0,2.31481e+12,3,0.2,0,CIRCLE,280,1
3039,0.5,0.5,0.5,190.572,-22.0193,0,-34.7967,-1027.86,0,2.31481e+12,3,0.2,0,CIRCLE,280,1
3043,0.5,0.5,0.5,79.6596,-49.6921,0,-173.161,-473.298,0,2.31481e+12,3,0.2,0,CIRCLE,280,1
3045,0.5,0.5,0.5,78.0714,-43.2533,0,-140.967,-465.357,0,2.31481e+12,3,0.2,0,CIRCLE,280,1
3047,0.5,0.5,0.5,185.75,67.931,0,414.955,-1003.75,0,2.31481e+12,3,0.2,0,CIRCLE,280,1
3048,0.5,0.5,0.5,-56.0282,-195.875,0,-904.076,205.141,0,2.31481e+12,3,0.2,0,CIRCLE,280,1
3057,0.5,0.5,0.5,-70.9451,22.313,0,186.865,279.725,0,2.31481e+12,3,0.2,0,CIRCLE,280,1
3059,0.5,0.5,0.5,-128.802,158.37,0,867.148,569.009,0,2.31481e+12,3,0.2,0,CIRCLE,280,1
3061,0.5,0.5,0.5,-15.4859,-262.234,0,-1235.87,2.42967,0,2.31481e+12,3,0.2,0,CIRCLE,280,1
3062,0.5,0.5,0.5,-30.647,-271.892,0,-1284.16,78.235,0,2.31481e+12,3,0.2,0,CIRCLE,280,1
3064,0.5,0.5,0.5,259.76,-67.522,0,-262.31,-1373.8,0,2.31481e+12,3,0.2,0,CIRCLE,280,1
3065,0.5,0.5,0.5,43.0453,-199.849,0,-923.944,-290.227,0,2.31481e+12,3,0.2,0,CIRCLE,280,1
3066,0.5,0.5,0.5,-285.715,8.96714,0,120.136,1353.58,0,2.31481e+12,3,0.2,0,CIRCLE,280,1
3067,0.5,0.5,0.5,6.8319,-162.418,0,-736.788,-109.16,0,2.31481e+12,3,0.2,0,CIRCLE,280,1
3074,0.5,0.5,0.5,-111.066,154.403,0,847.314,480.328,0,2.31481e+12,3,0.2,0,CIRCLE,280,1
3077,0.5,0.5,0.5,-234.21,114.318,0,646.889,1096.05,0,2.31481e+12,3,0.2,0,CIRCLE,280,1
3078,0.5,0.5,0.5,-32.8701,-239.494,0,-1122.17,89.3503,0,2.31481e+12,3,0.2,0,CIRCLE,280,1
3083,0.5,0.5,0.5,-11.8793,129.319,0,721.893,-15.6034,0,2.31481e+12,3,0.2,0,CIRCLE,280,1
3084,0.5,0.5,0.5,-58.5127,135.23,0,751.451,217.564,0,2.31481e+12,3,0.2,0,CIRCLE,280,1
3087,0.5,0.5,0.5,187.981,-171.42,0,-781.801,-1014.91,0,2.31481e+12,3,0.2,0,CIRCLE,280,1
3090,0.5,0.5,0.5,107.542,198.27,0,1066.65,-612.708,0,2.31481e+12,3,0.2,0,CIRCLE,280,1
3092,0.5,0.5,0.5,89.2247,-27.3686,0,-61.543,-521.123,0,2.31481e+12,3,0.2,0,CIRCLE,280,1
3094,0.5,0.5,0.5,-21.383,22.2835,0,186.718,31.9151,0,2.31481e+12,3,0.2,0,CIRCLE,280,1
3096,0.5,0.5,0.5,257.054,9.48001,0,122.7,-1360.27,0,2.31481e+12,3,0.2,0,CIRCLE,280,1
3098,0.5,0.5,0.5,118.593,-107.225,0,-460.826,-667.967,0,2.31481e+12,3,0.2,0,CIRCLE,280,1
3099,0.5,0.5,0.5,-186.023,66.4331,0,407.465,855.115,0,2.31481e+12,3,0.2,0,CIRCLE,280,1
3101,0.5,0.5,0.5,124.797,58.0114,0,365.357,-698.987,0,2.31481e+12,3,0.2,0,CIRCLE,280,1
3102,0.5,0.5,0.5,-262.519,6.05276,0,105.564,1237.59,0,2.31481e+12,3,0.2,0,CIRCLE,280,1
3106,0.5,0.5,0.5,141.094,214.886,0,1149.73,-780.472,0,2.31481e+12,3,0.2,0,CIRCLE,280,1
3111,0.5,0.5,0.5,-228.167,103.424,0,592.422,1065.84,0,2.31481e+12,3,0.2,0,CIRCLE,280,1
3115,0.5,0.5,0.5,-154.925,-93.7211,0,-393.305,699.625,0,2.31481e+12,3,0.2,0,CIRCLE,280,1
3121,0.5,0.5,0.5,-150.069,164.205,0,896.325,675.346,0,2.31481e+12,3,0.2,0,CIRCLE,280,1
3125,0.5,0.5,0.5,-123.936,-213.706,0,-993.228,544.682,0,2.31481e+12,3,0.2,0,CIRCLE,280,1
3126,0.5,0.5,0.5,-37.8418,204.703,0,1098.81,114.209,0,2.31481e+12,3,0.2,0,CIRCLE,280,1
3130,0.5,0.5,0.5,-106.773,-226.807,0,-1058.73,458.863,0,2.31481e+12,3,0.2,0,CIRCLE,280,1
3131,0.5,0.5,0.5,176.969,164.37,0,897.149,-959.845,0,2.31481e+12,3,0.2,0,CIRCLE,280,1
3133,0.5,0.5,0.5,-64.7156,43.9618,0,295.109,248.578,0,2.31481e+12,3,0.2,0,CIRCLE,280,1
3135,0.5,0.5,0.5,176.923,36.3748,0,257.174,-959.617,0,2.31481e+12,3,0.2,0,CIRCLE,280,1
3136,0.5,0.5,0.5,140.624,66.2013,0,406.306,-778.121,0,2.31481e+12,3,0.2,0,CIRCLE,280,1
3138,0.5,0.5,0.5,179.173,111.169,0,631.146,-970.864,0,2.31481e+12,3,0.2,0,CIRCLE,280,1
3143,0.5,0.5,0.5,162.781,-104.32,0,-446.298,-888.904,0,2.31481e+12,3,0.2,0,CIRCLE,280,1
3145,0.5,0.5,0.5,-128.989,-12.6062,0,12.2689,569.946,0,2.31481e+12,3,0.2,0,CIRCLE,280,1
3146,0.5,0.5,0.5,187.053,-147.505,0,-662.226,-1010.27,0,2.31481e+12,3,0.2,0,CIRCLE,280,1
3153,0.5,0.5,0.5,109.696,-110.143,0,-475.415,-623.479,0,2.31481e+12,3,0.2,0,CIRCLE,280,1
3162,0.5,0.5,0.5,-41.4856,209.932,0,1124.96,132.428,0,2.31481e+12,3,0.2,0,CIRCLE,280,1
3166,0.5,0.5,0.5,237.578,103.045,0,590.526,-1262.89,0,2.31481e+12,3,0.2,0,CIRCLE,280,1
3171,0.5,0.5,0.5,-164.082,-230.225,0,-1075.82,745.41,0,2.31481e+12,3,0.2,0,CIRCLE,280,1
3172,0.5,0.5,0.5,-110.108,198.531,0,1067.95,475.542,0,2.31481e+12,3,0.2,0,CIRCLE,280,1
3173,0.5,0.5,0.5,133.601,-171.449,0,-781.944,-743.007,0,2.31481e+12,3,0.2,0,CIRCLE,280,1
3176,0.5,0.5,0.5,8.9547,36.9089,0,259.844,-119.773,0,2.31481e+12,3,0.2,0,CIRCLE,280,1
3177,0.5,0.5,0.5,157.138,145.531,0,802.957,-860.69,0,2.31481e+12,3,0.2,0,CIRCLE,280,1
3179,0.5,0.5,0.5,-218.986,-88.2767,0,-366.083,1019.93,0,2.31481e+12,3,0.2,0,CIRCLE,280,1
3184,0.5,0.5,0.5,96.5322,-79.2625,0,-321.013,-557.661,0,2.31481e+12,3,0.2,0,CIRCLE,280,1
3189,0.5,0.5,0.5,-246.345,-26.6992,0,-58.1958,1156.73,0,2.31481e+12,3,0.2,0,CIRCLE,280,1
3191,0.5,0.5,0.5,-240.634,118.808,0,669.339,1128.17,0,2.31481e+12,3,0.2,0,CIRCLE,280,1
3197,0.5,0.5,0.5,-137.389,208.346,0,1117.03,611.945,0,2.31481e+12,3,0.2,0,CIRCLE,280,1
3198,0.5,0.5,0.5,-29.4156,-278.287,0,-1316.14,72.0779,0,2.31481e+12,3,0.2,0,CIRCLE,280,1
3201,0.5,0.5,0.5,15.3801,-11.4538,0,18.0311,-151.901,0,2.31481e+12,3,0.2,0,CIRCLE,280,1
3202,0.5,0.5,0.5,148.57,54.4146,0,347.373,-817.848,0,2.31481e+12,3,0.2,0,CIRCLE,280,1
3211,0.5,0.5,0.5,46.5488,31.7567,0,234.084,-307.744,0,2.31481e+12,3,0.2,0,CIRCLE,280,1
3213,0.5,0.5,0.5,-151.746,145.36,0,802.1,683.729,0,2.31481e+12,3,0.2,0,CIRCLE,280,1
3218,0.5,0.5,0.5,146.884,23.6103,0,193.351,-809.422,0,2.31481e+12,3,0.2,0,CIRCLE,280,1
3223,0.5,0.5,0.5,-152.272,-54.0827,0,-195.114,686.359,0,2.31481e+12,3,0.2,0,CIRCLE,280,1
3229,0.5,0.5,0.5,-5.301,93.781,0,544.205,-48.495,0,2.31481e+12,3,0.2,0,CIRCLE,280,1
3233,0.5,0.5,0.5,118.73,220.033,0,1175.46,-668.652,0,2.31481e+12,3,0.2,0,CIRCLE,280,1
3235,0.5,0.5,0.5,-203.09,-219.718,0,-1023.29,940.451,0,2.31481e+12,3,0.2,0,CIRCLE,280,1
3236,0.5,0.5,0.5,214.286,-167.004,0,-759.721,-1146.43,0,2.31481e+12,3,0.2,0,CIRCLE,280,1
3237,0.5,0.5,0.5,-238.6,-32.637,0,-87.8852,1118,0,2.31481e+12,3,0.2,0,CIRCLE,280,1
3238,0.5,0.5,0.5,-40.2116,-40.0538,0,-124.969,126.058,0,2.31481e+12,3,0.2,0,CIRCLE,280,1
3239,0.5,0.5,0.5,228.156,-63.1259,0,-240.33,-1215.78,0,2.31481e+12,3,0.2,0,CIRCLE,280,1
3240,0.5,0.5,0.5,-142.423,-194.144,0,-895.42,637.114,0,2.31481e+12,3,0.2,0,CIRCLE,280,1
3244,0.5,0.5,0.5,-35.2084,46.0812,0,305.706,101.042,0,2.31481e+12,3,0.2,0,CIRCLE,280,1
3248,0.5,0.5,0.5,22.5064,154.333,0,846.965,-187.532,0,2.31481e+12,3,0.2,0,CIRCLE,280,1
3249,0.5,0.5,0.5,-79.8126,36.3568,0,257.084,324.063,0,2.31481e+12,3,0.2,0,CIRCLE,280,1
3250,0.5,0.5,0.5,-32.1293,-18.9036,0,-19.218,85.6466,0,2.31481e+12,3,0.2,0,CIRCLE,280,1
3251,0.5,0.5,0.5,-136.022,27.0384,0,210.492,605.111,0,2.31481e+12,3,0.2,0,CIRCLE,280,1
3252,0.5,0.5,0.5,-7.68654,246.612,0,1308.36,-36.5673,0,2.31481e+12,3,0.2,0,CIRCLE,280,1
3257,0.5,0.5,0.5,15.9854,-211.469,0,-982.044,-154.927,0,2.31481e+12,3,0.2,0,CIRCLE,280,1
3266,0.5,0.5,0.5,-7.35825,-100.154,0,-425.469,-38.2088,0,2.31481e+12,3,0.2,0,CIRCLE,280,1
3267,0.5,0.5,0.5,-24.5257,-287.465,0,-1362.02,47.6286,0,2.31481e+12,3,0.2,0,CIRCLE,280,1
3268,0.5,0.5,0.5,127.033,181.517,0,982.883,-710.167,0,2.31481e+12,3,0.2,0,CIRCLE,280,1
3283,0.5,0.5,0.5,109.84,-78.2923,0,-316.161,-624.202,0,2.31481e+12,3,0.2,0,CIRCLE,280,1
3285,0.5,0.5,0.5,47.2508,124.509,0,697.845,-311.254,0,2.31481e+12,3,0.2,0,CIRCLE,280,1
3287,0.5,0.5,0.5,39.4062,98.1281,0,565.941,-272.031,0,2.31481e+12,3,0.2,0,CIRCLE,280,1
3290,0.5,0.5,0.5,229.296,-150.871,0,-679.056,-1221.48,0,2.31481e+12,3,0.2,0,CIRCLE,280,1
3292,0.5,0.5,0.5,-88.0134,-43.7702,0,-143.551,365.067,0,2.31481e+12,3,0.2,0,CIRCLE,280,1
3295,0.5,0.5,0.5,28.1148,-1.77626,0,66.4187,-215.574,0,2.31481e+12,3,0.2,0,CIRCLE,280,1
3297,0.5,0.5,0.5,-41.0607,-137.952,0,-614.459,130.303,0,2.31481e+12,3,0.2,0,CIRCLE,280,1
3301,0.5,0.5,0.5,141.461,151.953,0,835.067,-782.307,0,2.31481e+12,3,0.2,0,CIRCLE,280,1
3303,0.5,0.5,0.5,-250.646,73.5993,0,443.297,1178.23,0,2.31481e+12,3,0.2,0,CIRCLE,280,1
3306,0.5,0.5,0.5,57.6047,213.3,0,1141.8,-363.023,0,2.31481e+12,3,0.2,0,CIRCLE,280,1
3307,0.5,0.5,0.5,253.884,-88.7469,0,-368.435,-1344.42,0,2.31481e+12,3,0.2,0,CIRCLE,280,1
3308,0.5,0.5,0.5,-2.94277,-173.179,0,-790.594,-60.2861,0,2.31481e+12,3,0.2,0,CIRCLE,280,1
3309,0.5,0.5,0.5,241.532,92.7064,0,538.832,-1282.66,0,2.31481e+12,3,0.2,0,CIRCLE,280,1
3312,0.5,0.5,0.5,-78.1139,241.279,0,1281.69,315.569,0,2.31481e+12,3,0.2,0,CIRCLE,280,1
3316,0.5,0.5,0.5,-121.309,132.237,0,736.485,531.544,0,2.31481e+12,3,0.2,0,CIRCLE,280,1
3318,0.5,0.5,0.5,104.448,-262.398,0,-1236.69,-597.239,0,2.31481e+12,3,0.2,0,CIRCLE,280,1
3319,0.5,0.5,0.5,-189.747,19.3947,0,172.274,873.733,0,2.31481e+12,3,0.2,0,CIRCLE,280,1
3324,0.5,0.5,0.5,227.51,68.5876,0,418.238,-1212.55,0,2.31481e+12,3,0.2,0,CIRCLE,280,1
3326,0.5,0.5,0.5,205.188,-4.30948,0,53.7526,-1100.94,0,2.31481e+12,3,0.2,0,CIRCLE,280,1
3334,0.5,0.5,0.5,-53.6208,186.358,0,1007.09,193.104,0,2.31481e+12,3,0.2,0,CIRCLE,280,1
3340,0.5,0.5,0.5,133.596,-53.5579,0,-192.49,-742.982,0,2.31481e+12,3,0.2,0,CIRCLE,280,1
3341,0.5,0.5,0.5,-93.4034,-211.238,0,-980.89,392.017,0,2.31481e+12,3,0.2,0,CIRCLE,280,1
3354,0.5,0.5,0.5,8.4297,253.602,0,1343.31,-117.149,0,2.31481e+12,3,0.2,0,CIRCLE,280,1
3356,0.5,0.5,0.5,-109.818,40.1782,0,276.191,474.089,0,2.31481e+12,3,0.2,0,CIRCLE,280,1
3357,0.5,0.5,0.5,-236.079,-183.65,0,-842.949,1105.39,0,2.31481e+12,3,0.2,0,CIRCLE,280,1
3364,0.5,0.5,0.5,48.9057,-142.761,0,-638.507,-319.528,0,2.31481e+12,3,0.2,0,CIRCLE,280,1
3371,0.5,0.5,0.5,-86.8416,-141.404,0,-631.718,359.208,0,2.31481e+12,3,0.2,0,CIRCLE,280,1
3373,0.5,0.5,0.5,11.0981,-147.561,0,-662.505,-130.491,0,2.31481e+12,3,0.2,0,CIRCLE,280,1
3375,0.5,0.5,0.5,-138.506,233.522,0,1242.91,617.531,0,2.31481e+12,3,0.2,0,CIRCLE,280,1
3381,0.5,0.5,0.5,-267.248,99.3445,0,572.023,1261.24,0,2.31481e+12,3,0.2,0,CIRCLE,280,1
3382,0.5,0.5,0.5,-43.7017,-153.686,0,-693.13,143.509,0,2.31481e+12,3,0.2,0,CIRCLE,280,1
3383,0.5,0.5,0.5,42.1263,201.439,0,1082.5,-285.631,0,2.31481e+12,3,0.2,0,CIRCLE,280,1
3384,0.5,0.5,0.5,252.157,-16.5369,0,-7.38432,-1335.78,0,2.31481e+12,3,0.2,0,CIRCLE,280,1
3385,0.5,0.5,0.5,105.688,-136.436,0,-606.882,-603.439,0,2.31481e+12,3,0.2,0,CIRCLE,280,1
3386,0.5,0.5,0.5,-22.6656,-193.156,0,-890.48,38.3278,0,2.31481e+12,3,0.2,0,CIRCLE,280,1
3401,0.5,0.5,0.5,-67.0403,-135.107,0,-600.233,260.201,0,2.31481e+12,3,0.2,0,CIRCLE,280,1
3403,0.5,0.5,0.5,-95.6086,-187.713,0,-863.266,403.043,0,2.31481e+12,3,0.2,0,CIRCLE,280,1
3405,0.5,0.5,0.5,-228.064,55.8651,0,354.626,1065.32,0,2.31481e+12,3,0.2,0,CIRCLE,280,1
3407,0.5,0.5,0.5,-227.111,154.736,0,848.979,1060.55,0,2.31481e+12,3,0.2,0,CIRCLE,280,1
3408,0.5,0.5,0.5,122.999,36.0866,0,255.733,-689.994,0,2.31481e+12,3,0.2,0,CIRCLE,280,1
3409,0.5,0.5,0.5,177.086,-208.946,0,-969.429,-960.429,0,2.31481e+12,3,0.2,0,CIRCLE,280,1
3418,0.5,0.5,0.5,-265.448,-129.805,0,-573.724,1252.24,0,2.31481e+12,3,0.2,0,CIRCLE,280,1
3419,0.5,0.5,0.5,-100.775,2.29328,0,86.7664,428.877,0,2.31481e+12,3,0.2,0,CIRCLE,280,1
3423,0.5,0.5,0.5,-86.5273,7.18598,0,111.23,357.637,0,2.31481e+12,3,0.2,0,CIRCLE,280,1
3426,0.5,0.5,0.5,-53.5665,259.761,0,1374.11,192.833,0,2.31481e+12,3,0.2,0,CIRCLE,280,1
3433,0.5,0.5,0.5,3.37491,231.677,0,1233.69,-91.8746,0,2.31481e+12,3,0.2,0,CIRCLE,280,1
3439,0.5,0.5,0.5,22.1193,123.483,0,692.713,-185.597,0,2.31481e+12,3,0.2,0,CIRCLE,280,1
3440,0.5,0.5,0.5,86.4895,-227.698,0,-1063.19,-507.448,0,2.31481e+12,3,0.2,0,CIRCLE,280,1
3449,0.5,0.5,0.5,82.8583,-60.484,0,-227.12,-489.291,0,2.31481e+12,3,0.2,0,CIRCLE,280,1
3451,0.5,0.5,0.5,-277.628,-68.4206,0,-266.803,1313.14,0,2.31481e+12,3,0.2,0,CIRCLE,280,1
3458,0.5,0.5,0.5,-172.026,113.848,0,644.54,785.129,0,2.31481e+12,3,0.2,0,CIRCLE,280,1
3462,0.5,0.5,0.5,-86.5329,-278.334,0,-1316.37,357.665,0,2.31481e+12,3,0.2,0,CIRCLE,280,1
3474,0.5,0.5,0.5,27.7864,89.0387,0,520.494,-213.932,0,2.31481e+12,3,0.2,0,CIRCLE,280,1
3477,0.5,0.5,0.5,-155.408,-176.43,0,-806.848,702.038,0,2.31481e+12,3,0.2,0,CIRCLE,280,1
3480,0.5,0.5,0.5,-14.3304,-93.0311,0,-389.855,-3.34799,0,2.31481e+12,3,0.2,0,CIRCLE,280,1
3482,0.5,0.5,0.5,-207.586,73.3258,0,441.929,962.931,0,2.31481e+12,3,0.2,0,CIRCLE,280,1
3483,0.5,0.5,0.5,-195.866,-222.302,0,-1036.21,904.33,0,2.31481e+12,3,0.2,0,CIRCLE,280,1
3487,0.5,0.5,0.5,-137.942,-8.28637,0,33.8681,614.711,0,2.31481e+12,3,0.2,0,CIRCLE,280,1
3489,0.5,0.5,0.5,183.002,-187.534,0,-862.372,-990.01,0,2.31481e+12,3,0.2,0,CIRCLE,280,1
3490,0.5,0.5,0.5,95.2162,-210.359,0,-976.494,-551.081,0,2.31481e+12,3,0.2,0,CIRCLE,280,1
3491,0.5,0.5,0.5,-62.4664,94.8388,0,549.494,237.332,0,2.31481e+12,3,0.2,0,CIRCLE,280,1
3494,0.5,0.5,0.5,-13.2962,118.105,0,665.827,-8.51891,0,2.31481e+12,3,0.2,0,CIRCLE,280,1
3500,0.5,0.5,0.5,-123.165,24.9833,0,200.217,540.826,0,2.31481e+12,3,0.2,0,CIRCLE,280,1
3503,0.5,0.5,0.5,-101.997,-134.474,0,-597.069,434.986,0,2.31481e+12,3,0.2,0,CIRCLE,280,1
3505,0.5,0.5,0.5,129.788,-12.6399,0,12.1006,-723.941,0,2.31481e+12,3,0.2,0,CIRCLE,280,1
3506,0.5,0.5,0.5,21.9134,183.732,0,993.959,-184.567,0,2.31481e+12,3,0.2,0,CIRCLE,280,1
3507,0.5,0.5,0.5,-256.23,102.77,0,589.151,1206.15,0,2.31481e+12,3,0.2,0,CIRCLE,280,1
3508,0.5,0.5,0.5,-219.594,117.634,0,663.468,1022.97,0,2.31481e+12,3,0.2,0,CIRCLE,280,1
3513,0.5,0.5,0.5,46.0431,112.241,0,636.503,-305.215,0,2.31481e+12,3,0.2,0,CIRCLE,280,1
3514,0.5,0.5,0.5,97.156,-172.712,0,-788.262,-560.78,0,2.31481e+12,3,0.2,0,CIRCLE,280,1
3516,0.5,0.5,0.5,113.836,130.036,0,725.479,-644.178,0,2.31481e+12,3,0.2,0,CIRCLE,280,1
3517,0.5,0.5,0.5,-246.537,-154.72,0,-698.302,1157.69,0,2.31481e+12,3,0.2,0,CIRCLE,280,1
3521,0.5,0.5,0.5,154.217,10.4335,0,127.467,-846.085,0,2.31481e+12,3,0.2,0,CIRCLE,280,1
3526,0.5,0.5,0.5,1.16455,-182.155,0,-835.476,-80.8228,0,2.31481e+12,3,0.2,0,CIRCLE,280,1
3528,0.5,0.5,0.5,122.418,-11.3364,0,18.6179,-687.091,0,2.31481e+12,3,0.2,0,CIRCLE,280,1
3529,0.5,0.5,0.5,-194.746,-162.838,0,-738.89,898.732,0,2.31481e+12,3,0.2,0,CIRCLE,280,1
3530,0.5,0.5,0.5,151.813,134.747,0,749.033,-834.063,0,2.31481e+12,3,0.2,0,CIRCLE,280,1
3532,0.5,0.5,0.5,-238.177,42.7503,0,289.052,1115.89,0,2.31481e+12,3,0.2,0,CIRCLE,280,1
3537,0.5,0.5,0.5,137.394,-195.28,0,-901.1,-761.97,0,2.31481e+12,3,0.2,0,CIRCLE,280,1
3540,0.5,0.5,0.5,64.1004,222.178,0,1186.19,-395.502,0,2.31481e+12,3,0.2,0,CIRCLE,280,1
3541,0.5,0.5,0.5,-248.856,-115.329,0,-501.346,1169.28,0,2.31481e+12,3,0.2,0,CIRCLE,280,1
3542,0.5,0.5,0.5,124.931,84.1576,0,496.088,-699.654,0,2.31481e+12,3,0.2,0,CIRCLE,280,1
3544,0.5,0.5,0.5,-197.859,-90.1913,0,-375.656,914.295,0,2.31481e+12,3,0.2,0,CIRCLE,280,1
3545,0.5,0.5,0.5,-20.1884,-26.856,0,-58.9802,25.9421,0,2.31481e+12,3,0.2,0,CIRCLE,280,1
3552,0.5,0.5,0.5,-278.431,12.1967,0,136.284,1317.16,0,2.31481e+12,3,0.2,0,CIRCLE,280,1
3556,0.5,0.5,0.5,207.086,21.041,0,180.505,-1110.43,0,2.31481e+12,3,0.2,0,CIRCLE,280,1
3563,0.5,0.5,0.5,-183.387,-39.4343,0,-121.872,841.933,0,2.31481e+12,3,0.2,0,CIRCLE,280,1
3565,0.5,0.5,0.5,-78.8259,96.3537,0,557.069,319.13,0,2.31481e+12,3,0.2,0,CIRCLE,280,1
3567,0.5,0.5,0.5,37.3458,-227.291,0,-1061.16,-261.729,0,2.31481e+12,3,0.2,0,CIRCLE,280,1
3570,0.5,0.5,0.5,225.735,-144.393,0,-646.667,-1203.68,0,2.31481e+12,3,0.2,0,CIRCLE,280,1
3574,0.5,0.5,0.5,-13.3635,-52.9485,0,-189.443,-8.18233,0,2.31481e+12,3,0.2,0,CIRCLE,280,1
3575,0.5,0.5,0.5,96.2227,-38.3463,0,-116.431,-556.113,0,2.31481e+12,3,0.2,0,CIRCLE,280,1
3576,0.5,0.5,0.5,26.5633,146.1,0,805.798,-207.816,0,2.31481e+12,3,0.2,0,CIRCLE,280,1
3582,0.5,0.5,0.5,-118.423,174.424,0,947.419,517.115,0,2.31481e+12,3,0.2,0,CIRCLE,280,1
3584,0.5,0.5,0.5,219.988,-148.065,0,-665.023,-1174.94,0,2.31481e+12,3,0.2,0,CIRCLE,280,1
3585,0.5,0.5,0.5,-5.47989,220.448,0,1177.54,-47.6005,0,2.31481e+12,3,0.2,0,CIRCLE,280,1
3586,0.5,0.5,0.5,10.1032,261.161,0,1381.1,-125.516,0,2.31481e+12,3,0.2,0,CIRCLE,280,1
3590,0.5,0.5,0.5,-22.7247,-132.192,0,-585.66,38.6233,0,2.31481e+12,3,0.2,0,CIRCLE,280,1
3600,0.5,0.5,0.5,-38.5341,31.3922,0,232.261,117.671,0,2.31481e+12,3,0.2,0,CIRCLE,280,1
3603,0.5,0.5,0.5,-228.988,-157.365,0,-711.527,1069.94,0,2.31481e+12,3,0.2,0,CIRCLE,280,1
3604,0.5,0.5,0.5,-260.27,31.1296,0,230.948,1226.35,0,2.31481e+12,3,0.2,0,CIRCLE,280,1
3612,0.5,0.5,0.5,56.6586,63.4905,0,392.752,-358.293,0,2.31481e+12,3,0.2,0,CIRCLE,280,1
3620,0.5,0.5,0.5,189.186,40.7497,0,279.049,-1020.93,0,2.31481e+12,3,0.2,0,CIRCLE,280,1
3628,0.5,0.5,0.5,-166.322,14.7841,0,149.22,756.608,0,2.31481e+12,3,0.2,0,CIRCLE,280,1
3635,0.5,0.5,0.5,4.48318,-63.9966,0,-244.683,-97.4159,0,2.31481e+12,3,0.2,0,CIRCLE,280,1
3636,0.5,0.5,0.5,-158.474,99.0007,0,570.304,717.368,0,2.31481e+12,3,0.2,0,CIRCLE,280,1
3640,0.5,0.5,0.5,165.463,-135.937,0,-604.385,-902.315,0,2.31481e+12,3,0.2,0,CIRCLE,280,1
3644,0.5,0.5,0.5,-149.99,-165.36,0,-751.501,674.952,0,2.31481e+12,3,0.2,0,CIRCLE,280,1
3653,0.5,0.5,0.5,10.0062,-190.103,0,-875.214,-125.031,0,2.31481e+12,3,0.2,0,CIRCLE,280,1
3655,0.5,0.5,0.5,173.745,-121.02,0,-529.8,-943.724,0,2.31481e+12,3,0.2,0,CIRCLE,280,1
3656,0.5,0.5,0.5,-107.134,-108.977,0,-469.584,460.672,0,2.31481e+12,3,0.2,0,CIRCLE,280,1
3658,0.5,0.5,0.5,77.7399,-215.964,0,-1004.52,-463.7,0,2.31481e+12,3,0.2,0,CIRCLE,280,1
3660,0.5,0.5,0.5,-29.7172,66.9884,0,410.242,73.5859,0,2.31481e+12,3,0.2,0,CIRCLE,280,1
3665,0.5,0.5,0.5,200.806,5.1281,0,100.941,-1079.03,0,2.31481e+12,3,0.2,0,CIRCLE,280,1
3669,0.5,0.5,0.5,164.673,-97.6745,0,-413.073,-898.365,0,2.31481e+12,3,0.2,0,CIRCLE,280,1
3673,0.5,0.5,0.5,166.195,-166.699,0,-758.196,-905.977,0,2.31481e+12,3,0.2,0,CIRCLE,280,1
3674,0.5,0.5,0.5,-114.518,101.071,0,580.653,497.589,0,2.31481e+12,3,0.2,0,CIRCLE,280,1
3675,0.5,0.5,0.5,-207.024,-135.035,0,-599.875,960.121,0,2.31481e+12,3,0.2,0,CIRCLE,280,1
3676,0.5,0.5,0.5,-91.9646,3.70776,0,93.8388,384.823,0,2.31481e+12,3,0.2,0,CIRCLE,280,1
3678,0.5,0.5,0.5,-155.58,-169.607,0,-772.733,702.899,0,2.31481e+12,3,0.2,0,CIRCLE,280,1
3684,0.5,0.5,0.5,-125.082,-153.993,0,-694.664,550.41,0,2.31481e+12,3,0.2,0,CIRCLE,280,1
3685,0.5,0.5,0.5,50.1528,217.517,0,1162.88,-325.764,0,2.31481e+12,3,0.2,0,CIRCLE,280,1
3687,0.5,0.5,0.5,174.012,-100.309,0,-426.243,-945.06,0,2.31481e+12,3,0.2,0,CIRCLE,280,1
3690,0.5,0.5,0.5,-129.902,-127.876,0,-564.082,574.51,0,2.31481e+12,3,0.2,0,CIRCLE,280,1
3691,0.5,0.5,0.5,185.4,-100.135,0,-425.375,-1002,0,2.31481e+12,3,0.2,0,CIRCLE,280,1
3692,0.5,0.5,0.5,-112.392,-149.018,0,-669.792,486.959,0,2.31481e+12,3,0.2,0,CIRCLE,280,1
3694,0.5,0.5,0.5,-188.199,126.62,0,708.4,865.997,0,2.31481e+12,3,0.2,0,CIRCLE,280,1
3696,0.5,0.5,0.5,84.3768,-123.558,0,-542.492,-496.884,0,2.31481e+12,3,0.2,0,CIRCLE,280,1
3697,0.5,0.5,0.5,209.232,150.976,0,830.179,-1121.16,0,2.31481e+12,3,0.2,0,CIRCLE,280,1
3700,0.5,0.5,0.5,-104.869,-169.175,0,-770.573,449.344,0,2.31481e+12,3,0.2,0,CIRCLE,280,1
3702,0.5,0.5,0.5,-36.1707,-203.83,0,-943.852,105.853,0,2.31481e+12,3,0.2,0,CIRCLE,280,1
3703,0.5,0.5,0.5,-134.797,-205.93,0,-954.35,598.985,0,2.31481e+12,3,0.2,0,CIRCLE,280,1
3705,0.5,0.5,0.5,239.135,-47.0384,0,-159.892,-1270.68,0,2.31481e+12,3,0.2,0,CIRCLE,280,1
3706,0.5,0.5,0.5,-132.234,205.006,0,1100.33,586.171,0,2.31481e+12,3,0.2,0,CIRCLE,280,1
3709,0.5,0.5,0.5,-33.4214,-209.581,0,-972.604,92.1068,0,2.31481e+12,3,0.2,0,CIRCLE,280,1
3713,0.5,0.5,0.5,91.2143,-217.166,0,-1010.53,-531.072,0,2.31481e+12,3,0.2,0,CIRCLE,280,1
3716,0.5,0.5,0.5,27.8374,-263.639,0,-1242.9,-214.187,0,2.31481e+12,3,0.2,0,CIRCLE,280,1
3717,0.5,0.5,0.5,69.7337,-200.858,0,-928.991,-423.669,0,2.31481e+12,3,0.2,0,CIRCLE,280,1
3720,0.5,0.5,0.5,-119.834,-187.397,0,-861.685,524.172,0,2.31481e+12,3,0.2,0,CIRCLE,280,1
3726,0.5,0.5,0.5,121.095,-204.369,0,-946.546,-680.476,0,2.31481e+12,3,0.2,0,CIRCLE,280,1
3727,0.5,0.5,0.5,215.043,52.7668,0,339.134,-1150.22,0,2.31481e+12,3,0.2,0,CIRCLE,280,1
3729,0.5,0.5,0.5,-127.553,-18.5731,0,-17.5655,562.767,0,2.31481e+12,3,0.2,0,CIRCLE,280,1
3739,0.5,0.5,0.5,-268.212,-56.0672,0,-205.036,1266.06,0,2.31481e+12,3,0.2,0,CIRCLE,280,1
3743,0.5,0.5,0.5,36.8566,85.8059,0,504.329,-259.283,0,2.31481e+12,3,0.2,0,CIRCLE,280,1
3746,0.5,0.5,0.5,-80.1245,-275.566,0,-1302.53,325.623,0,2.31481e+12,3,0.2,0,CIRCLE,280,1
3747,0.5,0.5,0.5,253.208,-47.1419,0,-160.41,-1341.04,0,2.31481e+12,3,0.2,0,CIRCLE,280,1
3752,0.5,0.5,0.5,92.4211,170.142,0,926.01,-537.105,0,2.31481e+12,3,0.2,0,CIRCLE,280,1
3753,0.5,0.5,0.5,244.892,87.0338,0,510.469,-1299.46,0,2.31481e+12,3,0.2,0,CIRCLE,280,1
3758,0.5,0.5,0.5,-166.607,-248.004,0,-1164.72,758.036,0,2.31481e+12,3,0.2,0,CIRCLE,280,1
3770,0.5,0.5,0.5,43.6192,-112.595,0,-487.675,-293.096,0,2.31481e+12,3,0.2,0,CIRCLE,280,1
3773,0.5,0.5,0.5,-37.5624,-172.451,0,-786.955,112.812,0,2.31481e+12,3,0.2,0,CIRCLE,280,1
3775,0.5,0.5,0.5,0.867498,142.463,0,787.613,-79.3375,0,2.31481e+12,3,0.2,0,CIRCLE,280,1
3777,0.5,0.5,0.5,252.749,-62.8896,0,-239.148,-1338.75,0,2.31481e+12,3,0.2,0,CIRCLE,280,1
3781,0.5,0.5,0.5,74.8656,-4.0907,0,54.8465,-449.328,0,2.31481e+12,3,0.2,0,CIRCLE,280,1
3782,0.5,0.5,0.5,-104.773,181.164,0,981.119,448.866,0,2.31481e+12,3,0.2,0,CIRCLE,280,1
3784,0.5,0.5,0.5,173.626,-214.351,0,-996.456,-943.13,0,2.31481e+12,3,0.2,0,CIRCLE,280,1
3785,0.5,0.5,0.5,-22.3827,-241.065,0,-1130.02,36.9137,0,2.31481e+12,3,0.2,0,CIRCLE,280,1
3788,0.5,0.5,0.5,65.1592,41.2729,0,281.665,-400.796,0,2.31481e+12,3,0.2,0,CIRCLE,280,1
3794,0.5,0.5,0.5,147.666,48.2875,0,316.738,-813.331,0,2.31481e+12,3,0.2,0,CIRCLE,280,1
3799,0.5,0.5,0.5,-63.6872,73.808,0,444.34,243.436,0,2.31481e+12,3,0.2,0,CIRCLE,280,1
3804,0.5,0.5,0.5,-273.048,47.8808,0,314.704,1290.24,0,2.31481e+12,3,0.2,0,CIRCLE,280,1
3805,0.5,0.5,0.5,-82.4835,-109.491,0,-472.155,337.418,0,2.31481e+12,3,0.2,0,CIRCLE,280,1
3808,0.5,0.5,0.5,-121.164,-16.0281,0,-4.84037,530.818,0,2.31481e+12,3,0.2,0,CIRCLE,280,1
3812,0.5,0.5,0.5,-129.469,-195.817,0,-903.783,572.344,0,2.31481e+12,3,0.2,0,CIRCLE,280,1
3813,0.5,0.5,0.5,152.429,79.0888,0,470.744,-837.144,0,2.31481e+12,3,0.2,0,CIRCLE,280,1
3816,0.5,0.5,0.5,60.1463,-208.284,0,-966.118,-375.731,0,2.31481e+12,3,0.2,0,CIRCLE,280,1
3818,0.5,0.5,0.5,247.31,57.5934,0,363.267,-1311.55,0,2.31481e+12,3,0.2,0,CIRCLE,280,1
3824,0.5,0.5,0.5,-113.567,-123.569,0,-542.546,492.836,0,2.31481e+12,3,0.2,0,CIRCLE,280,1
3828,0.5,0.5,0.5,-106.194,-82.0016,0,-334.708,455.968,0,2.31481e+12,3,0.2,0,CIRCLE,280,1
3829,0.5,0.5,0.5,-57.9299,204.946,0,1100.03,214.65,0,2.31481e+12,3,0.2,0,CIRCLE,280,1
3833,0.5,0.5,0.5,219.188,-62.7057,0,-238.229,-1170.94,0,2.31481e+12,3,0.2,0,CIRCLE,280,1
3837,0.5,0.5,0.5,112.96,-210.633,0,-977.863,-639.798,0,2.31481e+12,3,0.2,0,CIRCLE,280,1
3848,0.5,0.5,0.5,-256.175,-37.4709,0,-112.055,1205.87,0,2.31481e+12,3,0.2,0,CIRCLE,280,1
3851,0.5,0.5,0.5,-171.128,84.7328,0,498.964,780.64,0,2.31481e+12,3,0.2,0,CIRCLE,280,1
3854,0.5,0.5,0.5,-75.3825,-245.477,0,-1152.08,301.912,0,2.31481e+12,3,0.2,0,CIRCLE,280,1
3858,0.5,0.5,0.5,-116.591,224.105,0,1195.82,507.957,0,2.31481e+12,3,0.2,0,CIRCLE,280,1
3859,0.5,0.5,0.5,136.976,179.904,0,974.822,-759.88,0,2.31481e+12,3,0.2,0,CIRCLE,280,1
3860,0.5,0.5,0.5,122.086,151.854,0,834.568,-685.432,0,2.31481e+12,3,0.2,0,CIRCLE,280,1
3861,0.5,0.5,0.5,183.477,162.074,0,885.672,-992.383,0,2.31481e+12,3,0.2,0,CIRCLE,280,1
3864,0.5,0.5,0.5,47.1894,-278.262,0,-1316.01,-310.947,0,2.31481e+12,3,0.2,0,CIRCLE,280,1
3867,0.5,0.5,0.5,29.5577,67.3776,0,412.188,-222.788,0,2.31481e+12,3,0.2,0,CIRCLE,280,1
3873,0.5,0.5,0.5,15.4601,215.649,0,1153.54,-152.301,0,2.31481e+12,3,0.2,0,CIRCLE,280,1
3874,0.5,0.5,0.5,-21.0157,216.904,0,1159.82,30.0785,0,2.31481e+12,3,0.2,0,CIRCLE,280,1
3877,0.5,0.5,0.5,-82.1465,-42.13,0,-135.35,335.733,0,2.31481e+12,3,0.2,0,CIRCLE,280,1
3878,0.5,0.5,0.5,-28.5965,181.511,0,982.857,67.9824,0,2.31481e+12,3,0.2,0,CIRCLE,280,1
3881,0.5,0.5,0.5,7.3348,215.5,0,1152.8,-111.674,0,2.31481e+12,3,0.2,0,CIRCLE,280,1
3885,0.5,0.5,0.5,-111.938,113.205,0,641.323,484.692,0,2.31481e+12,3,0.2,0,CIRCLE,280,1
3889,0.5,0.5,0.5,64.5423,52.507,0,337.835,-397.711,0,2.31481e+12,3,0.2,0,CIRCLE,280,1
3893,0.5,0.5,0.5,25.5978,-17.2677,0,-11.0386,-202.989,0,2.31481e+12,3,0.2,0,CIRCLE,280,1
3897,0.5,0.5,0.5,-131.026,-69.5924,0,-272.662,580.129,0,2.31481e+12,3,0.2,0,CIRCLE,280,1
3899,0.5,0.5,0.5,51.2235,246.024,0,1305.42,-331.118,0,2.31481e+12,3,0.2,0,CIRCLE,280,1
3907,0.5,0.5,0.5,-44.5859,-267.094,0,-1260.17,147.929,0,2.31481e+12,3,0.2,0,CIRCLE,280,1
3908,0.5,0.5,0.5,-32.2326,-38.8574,0,-118.987,86.1631,0,2.31481e+12,3,0.2,0,CIRCLE,280,1
3917,0.5,0.5,0.5,-124.694,80.6401,0,478.501,548.469,0,2.31481e+12,3,0.2,0,CIRCLE,280,1
3921,0.5,0.5,0.5,-74.1617,114.999,0,650.293,295.809,0,2.31481e+12,3,0.2,0,CIRCLE,280,1
3933,0.5,0.5,0.5,175.643,187.491,0,1012.76,-953.213,0,2.31481e+12,3,0.2,0,CIRCLE,280,1
3936,0.5,0.5,0.5,-106.968,-39.0616,0,-120.008,459.839,0,2.31481e+12,3,0.2,0,CIRCLE,280,1
3939,0.5,0.5,0.5,152.383,171.046,0,930.529,-836.914,0,2.31481e+12,3,0.2,0,CIRCLE,280,1
3946,0.5,0.5,0.5,-118.98,0.332723,0,76.9636,519.898,0,2.31481e+12,3,0.2,0,CIRCLE,280,1
3948,0.5,0.5,0.5,-81.9124,66.3624,0,407.112,334.562,0,2.31481e+12,3,0.2,0,CIRCLE,280,1
3949,0.5,0.5,0.5,-203.321,145.293,0,801.765,941.604,0,2.31481e+12,3,0.2,0,CIRCLE,280,1
3951,0.5,0.5,0.5,125.085,146.028,0,805.438,-700.425,0,2.31481e+12,3,0.2,0,CIRCLE,280,1
3961,0.5,0.5,0.5,191.646,131.553,0,733.064,-1033.23,0,2.31481e+12,3,0.2,0,CIRCLE,280,1
3968,0.5,0.5,0.5,114.967,-82.4654,0,-337.027,-649.834,0,2.31481e+12,3,0.2,0,CIRCLE,280,1
3970,0.5,0.5,0.5,165.431,-18.6679,0,-18.0396,-902.155,0,2.31481e+12,3,0.2,0,CIRCLE,280,1
3978,0.5,0.5,0.5,9.26272,151.698,0,833.789,-121.314,0,2.31481e+12,3,0.2,0,CIRCLE,280,1
3980,0.5,0.5,0.5,-39.1241,17.8774,0,164.687,120.62,0,2.31481e+12,3,0.2,0,CIRCLE,280,1
3983,0.5,0.5,0.5,-153.141,226.221,0,1206.41,690.704,0,2.31481e+12,3,0.2,0,CIRCLE,280,1
3985,0.5,0.5,0.5,244.086,-6.65077,0,42.0462,-1295.43,0,2.31481e+12,3,0.2,0,CIRCLE,280,1
3986,0.5,0.5,0.5,-193.31,-203.195,0,-940.677,891.55,0,2.31481e+12,3,0.2,0,CIRCLE,280,1
3987,0.5,0.5,0.5,-220.161,47.6453,0,313.526,1025.81,0,2.31481e+12,3,0.2,0,CIRCLE,280,1
3989,0.5,0.5,0.5,-66.8958,-279.802,0,-1323.71,259.479,0,2.31481e+12,3,0.2,0,CIRCLE,280,1
3990,0.5,0.5,0.5,-222.603,-50.3064,0,-176.232,1038.01,0,2.31481e+12,3,0.2,0,CIRCLE,280,1
3994,0.5,0.5,0.5,-48.359,50.6971,0,328.785,166.795,0,2.31481e+12,3,0.2,0,CIRCLE,280,1
3997,0.5,0.5,0.5,21.0116,-27.3738,0,-61.5689,-180.058,0,2.31481e+12,3,0.2,0,CIRCLE,280,1
3998,0.5,0.5,0.5,-122.417,221.995,0,1185.27,537.083,0,2.31481e+12,3,0.2,0,CIRCLE,280,1
4000,0.5,0.5,0.5,111.934,108.057,0,615.584,-634.67,0,2.31481e+12,3,0.2,0,CIRCLE,280,1
4001,0.5,0.5,0.5,-12.168,182.567,0,988.137,-14.1602,0,2.31481e+12,3,0.2,0,CIRCLE,280,1
4007,0.5,0.5,0.5,-47.498,-243.032,0,-1139.86,162.49,0,2.31481e+12,3,0.2,0,CIRCLE,280,1
4011,0.5,0.5,0.5,24.6976,-173.897,0,-794.183,-198.488,0,2.31481e+12,3,0.2,0,CIRCLE,280,1
4017,0.5,0.5,0.5,60.864,-145.177,0,-650.586,-379.32,0,2.31481e+12,3,0.2,0,CIRCLE,280,1
4019,0.5,0.5,0.5,251.484,28.6133,0,218.366,-1332.42,0,2.31481e+12,3,0.2,0,CIRCLE,280,1
4026,0.5,0.5,0.5,-99.1206,-241.399,0,-1131.7,420.603,0,2.31481e+12,3,0.2,0,CIRCLE,280,1
4040,0.5,0.5,0.5,-36.5851,-144.511,0,-647.256,107.925,0,2.31481e+12,3,0.2,0,CIRCLE,280,1
4041,0.5,0.5,0.5,-1.25207,-206.5,0,-957.199,-68.7396,0,2.31481e+12,3,0.2,0,CIRCLE,280,1
4044,0.5,0.5,0.5,1.31919,193.807,0,1044.34,-81.596,0,2.31481e+12,3,0.2,0,CIRCLE,280,1
4046,0.5,0.5,0.5,133.253,28.1172,0,215.886,-741.264,0,2.31481e+12,3,0.2,0,CIRCLE,280,1
4047,0.5,0.5,0.5,-191.871,64.6453,0,398.526,884.357,0,2.31481e+12,3,0.2,0,CIRCLE,280,1
4049,0.5,0.5,0.5,-44.672,-160.911,0,-729.253,148.36,0,2.31481e+12,3,0.2,0,CIRCLE,280,1
4053,0.5,0.5,0.5,3.84769,210.563,0,1128.11,-94.2384,0,2.31481e+12,3,0.2,0,CIRCLE,280,1
4055,0.5,0.5,0.5,-10.1473,238.674,0,1268.67,-24.2636,0,2.31481e+12,3,0.2,0,CIRCLE,280,1
4056,0.5,0.5,0.5,34.4949,256.391,0,1357.26,-247.475,0,2.31481e+12,3,0.2,0,CIRCLE,280,1
4063,0.5,0.5,0.5,-24.5633,144.02,0,795.401,47.8166,0,2.31481e+12,3,0.2,0,CIRCLE,280,1
4065,0.5,0.5,0.5,-221.018,-10.9502,0,20.5488,1030.09,0,2.31481e+12,3,0.2,0,CIRCLE,280,1
4066,0.5,0.5,0.5,150.344,-99.6656,0,-423.028,-826.719,0,2.31481e+12,3,0.2,0,CIRCLE,280,1
4068,0.5,0.5,0.5,-200.683,136.887,0,759.736,928.417,0,2.31481e+12,3,0.2,0,CIRCLE,280,1
4071,0.5,0.5,0.5,-72.6824,97.7947,0,564.274,288.412,0,2.31481e+12,3,0.2,0,CIRCLE,280,1
4074,0.5,0.5,0.5,181.58,48.4001,0,317.301,-982.901,0,2.31481e+12,3,0.2,0,CIRCLE,280,1
4076,0.5,0.5,0.5,-116.535,185.438,0,1002.49,507.675,0,2.31481e+12,3,0.2,0,CIRCLE,280,1
4077,0.5,0.5,0.5,47.2212,-164.097,0,-745.186,-311.106,0,2.31481e+12,3,0.2,0,CIRCLE,280,1
4082,0.5,0.5,0.5,18.3412,-149.994,0,-674.67,-166.706,0,2.31481e+12,3,0.2,0,CIRCLE,280,1
4089,0.5,0.5,0.5,-254.479,-8.31677,0,33.7162,1197.4,0,2.31481e+12,3,0.2,0,CIRCLE,280,1
4093,0.5,0.5,0.5,-71.4357,75.5233,0,452.916,282.178,0,2.31481e+12,3,0.2,0,CIRCLE,280,1
4099,0.5,0.5,0.5,52.5092,-193.798,0,-893.69,-337.546,0,2.31481e+12,3,0.2,0,CIRCLE,280,1
4102,0.5,0.5,0.5,-211.96,113.976,0,645.182,984.8,0,2.31481e+12,3,0.2,0,CIRCLE,280,1
4103,0.5,0.5,0.5,163.536,-209.432,0,-971.858,-892.68,0,2.31481e+12,3,0.2,0,CIRCLE,280,1
4108,0.5,0.5,0.5,-248.285,32.0329,0,235.464,1166.43,0,2.31481e+12,3,0.2,0,CIRCLE,280,1
4110,0.5,0.5,0.5,6.38083,-240.151,0,-1125.45,-106.904,0,2.31481e+12,3,0.2,0,CIRCLE,280,1
4113,0.5,0.5,0.5,82.2622,-153.561,0,-692.507,-486.311,0,2.31481e+12,3,0.2,0,CIRCLE,280,1
4122,0.5,0.5,0.5,-61.2793,-160.474,0,-727.069,231.397,0,2.31481e+12,3,0.2,0,CIRCLE,280,1
4124,0.5,0.5,0.5,135.713,-6.17549,0,44.4225,-753.567,0,2.31481e+12,3,0.2,0,CIRCLE,280,1
4126,0.5,0.5,0.5,-247.887,-41.7093,0,-133.247,1164.43,0,2.31481e+12,3,0.2,0,CIRCLE,280,1
4127,0.5,0.5,0.5,-17.1087,-128.068,0,-565.038,10.5437,0,2.31481e+12,3,0.2,0,CIRCLE,280,1
4130,0.5,0.5,0.5,86.6894,176.232,0,956.459,-508.447,0,2.31481e+12,3,0.2,0,CIRCLE,280,1
4132,0.5,0.5,0.5,-226.461,-39.4164,0,-121.782,1057.31,0,2.31481e+12,3,0.2,0,CIRCLE,280,1
4135,0.5,0.5,0.5,71.404,-55.1803,0,-200.601,-432.02,0,2.31481e+12,3,0.2,0,CIRCLE,280,1
4137,0.5,0.5,0.5,-153.698,-211.269,0,-981.043,693.492,0,2.31481e+12,3,0.2,0,CIRCLE,280,1
4149,0.5,0.5,0.5,41.7402,-249.165,0,-1170.53,-283.701,0,2.31481e+12,3,0.2,0,CIRCLE,280,1
4155,0.5,0.5,0.5,-272.224,-118.242,0,-515.908,1286.12,0,2.31481e+12,3,0.2,0,CIRCLE,280,1
4156,0.5,0.5,0.5,-2.10981,86.815,0,509.375,-64.451,0,2.31481e+12,3,0.2,0,CIRCLE,280,1
4162,0.5,0.5,0.5,21.1362,-217.54,0,-1012.4,-180.681,0,2.31481e+12,3,0.2,0,CIRCLE,280,1
4163,0.5,0.5,0.5,89.3413,-256.005,0,-1204.73,-521.707,0,2.31481e+12,3,0.2,0,CIRCLE,280,1
4164,0.5,0.5,0.5,64.4982,-259.288,0,-1221.14,-397.491,0,2.31481e+12,3,0.2,0,CIRCLE,280,1
4167,0.5,0.5,0.5,180.165,-147.04,0,-659.901,-975.823,0,2.31481e+12,3,0.2,0,CIRCLE,280,1
4168,0.5,0.5,0.5,-256.621,-153.508,0,-692.24,1208.1,0,2.31481e+12,3,0.2,0,CIRCLE,280,1
4169,0.5,0.5,0.5,-209.838,-62.0429,0,-234.914,974.192,0,2.31481e+12,3,0.2,0,CIRCLE,280,1
4170,0.5,0.5,0.5,-167.906,25.789,0,204.245,764.528,0,2.31481e+12,3,0.2,0,CIRCLE,280,1
4175,0.5,0.5,0.5,-143.712,26.3616,0,207.108,643.558,0,2.31481e+12,3,0.2,0,CIRCLE,280,1
4178,0.5,0.5,0.5,-102.444,104.077,0,595.684,437.22,0,2.31481e+12,3,0.2,0,CIRCLE,280,1
4181,0.5,0.5,0.5,48.2036,80.3076,0,476.838,-316.018,0,2.31481e+12,3,0.2,0,CIRCLE,280,1
4185,0.5,0.5,0.5,-128.841,236.811,0,1259.36,569.206,0,2.31481e+12,3,0.2,0,CIRCLE,280,1
4194,0.5,0.5,0.5,-123.481,-122.885,0,-539.124,542.406,0,2.31481e+12,3,0.2,0,CIRCLE,280,1
4196,0.5,0.5,0.5,-182.074,200.927,0,1079.94,835.37,0,2.31481e+12,3,0.2,0,CIRCLE,280,1
4199,0.5,0.5,0.5,-126.247,-270.143,0,-1275.42,556.237,0,2.31481e+12,3,0.2,0,CIRCLE,280,1
4200,0.5,0.5,0.5,129.955,-93.3425,0,-391.413,-724.773,0,2.31481e+12,3,0.2,0,CIRCLE,280,1
4203,0.5,0.5,0.5,-145.394,117.34,0,661.999,651.969,0,2.31481e+12,3,0.2,0,CIRCLE,280,1
4206,0.5,0.5,0.5,174.084,-141.189,0,-630.647,-945.419,0,2.31481e+12,3,0.2,0,CIRCLE,280,1
4211,0.5,0.5,0.5,62.4908,201.86,0,1084.6,-387.454,0,2.31481e+12,3,0.2,0,CIRCLE,280,1
4214,0.5,0.5,0.5,-39.9695,195.665,0,1053.63,124.847,0,2.31481e+12,3,0.2,0,CIRCLE,280,1
4228,0.5,0.5,0.5,183.102,-152.77,0,-688.552,-990.511,0,2.31481e+12,3,0.2,0,CIRCLE,280,1
4237,0.5,0.5,0.5,-210.113,160.795,0,879.274,975.566,0,2.31481e+12,3,0.2,0,CIRCLE,280,1
4243,0.5,0.5,0.5,-13.6201,-37.6916,0,-113.158,-6.89969,0,2.31481e+12,3,0.2,0,CIRCLE,280,1
4254,0.5,0.5,0.5,-34.9012,-123.591,0,-542.657,99.5058,0,2.31481e+12,3,0.2,0,CIRCLE,280,1
4267,0.5,0.5,0.5,-169.527,64.0706,0,395.653,772.634,0,2.31481e+12,3,0.2,0,CIRCLE,280,1
4269,0.5,0.5,0.5,-55.5971,-137.786,0,-613.632,202.986,0,2.31481e+12,3,0.2,0,CIRCLE,280,1
4273,0.5,0.5,0.5,80.2835,19.983,0,175.215,-476.418,0,2.31481e+12,3,0.2,0,CIRCLE,280,1
4276,0.5,0.5,0.5,-53.611,38.6709,0,268.654,193.055,0,2.31481e+12,3,0.2,0,CIRCLE,280,1
4278,0.5,0.5,0.5,205.156,-122.665,0,-538.023,-1100.78,0,2.31481e+12,3,0.2,0,CIRCLE,280,1
4280,0.5,0.5,0.5,152.58,94.6686,0,548.643,-837.902,0,2.31481e+12,3,0.2,0,CIRCLE,280,1
4282,0.5,0.5,0.5,-128.591,47.1677,0,311.139,567.954,0,2.31481e+12,3,0.2,0,CIRCLE,280,1
4284,0.5,0.5,0.5,10.2885,21.7258,0,183.929,-126.442,0,2.31481e+12,3,0.2,0,CIRCLE,280,1
4290,0.5,0.5,0.5,-14.1252,-73.6708,0,-293.054,-4.37389,0,2.31481e+12,3,0.2,0,CIRCLE,280,1
4292,0.5,0.5,0.5,-102.638,85.603,0,503.315,438.188,0,2.31481e+12,3,0.2,0,CIRCLE,280,1
4298,0.5,0.5,0.5,-91.2024,-254.852,0,-1198.96,381.012,0,2.31481e+12,3,0.2,0,CIRCLE,280,1
4300,0.5,0.5,0.5,188.285,-205.381,0,-951.607,-1016.42,0,2.31481e+12,3,0.2,0,CIRCLE,280,1
4306,0.5,0.5,0.5,-157.301,190.435,0,1027.47,711.504,0,2.31481e+12,3,0.2,0,CIRCLE,280,1
4308,0.5,0.5,0.5,-9.69075,-27.0034,0,-59.7172,-26.5462,0,2.31481e+12,3,0.2,0,CIRCLE,280,1
4312,0.5,0.5,0.5,81.0053,80.8627,0,479.613,-480.026,0,2.31481e+12,3,0.2,0,CIRCLE,280,1
4317,0.5,0.5,0.5,-209.076,58.9056,0,369.828,970.38,0,2.31481e+12,3,0.2,0,CIRCLE,280,1
4320,0.5,0.5,0.5,-63.743,248.686,0,1318.73,243.715,0,2.31481e+12,3,0.2,0,CIRCLE,280,1
4322,0.5,0.5,0.5,13.4052,84.896,0,499.78,-142.026,0,2.31481e+12,3,0.2,0,CIRCLE,280,1
4329,0.5,0.5,0.5,-255.377,-144.587,0,-647.637,1201.89,0,2.31481e+12,3,0.2,0,CIRCLE,280,1
4331,0.5,0.5,0.5,-61.8947,116.196,0,656.281,234.473,0,2.31481e+12,3,0.2,0,CIRCLE,280,1
4335,0.5,0.5,0.5,194.824,10.7168,0,128.884,-1049.12,0,2.31481e+12,3,0.2,0,CIRCLE,280,1
4336,0.5,0.5,0.5,-274.052,-97.6991,0,-413.196,1295.26,0,2.31481e+12,3,0.2,0,CIRCLE,280,1
4343,0.5,0.5,0.5,-91.9364,-55.6047,0,-202.723,384.682,0,2.31481e+12,3,0.2,0,CIRCLE,280,1
4345,0.5,0.5,0.5,-185.587,-126.24,0,-555.898,852.936,0,2.31481e+12,3,0.2,0,CIRCLE,280,1
4348,0.5,0.5,0.5,-41.8366,-2.52965,0,62.6518,134.183,0,2.31481e+12,3,0.2,0,CIRCLE,280,1
4350,0.5,0.5,0.5,-182.556,-147.56,0,-662.5,837.778,0,2.31481e+12,3,0.2,0,CIRCLE,280,1
4352,0.5,0.5,0.5,-216.57,147.318,0,811.888,1007.85,0,2.31481e+12,3,0.2,0,CIRCLE,280,1
4353,0.5,0.5,0.5,68.1675,167.145,0,911.025,-415.838,0,2.31481e+12,3,0.2,0,CIRCLE,280,1
4356,0.5,0.5,0.5,249.973,-104.685,0,-448.124,-1324.86,0,2.31481e+12,3,0.2,0,CIRCLE,280,1
4360,0.5,0.5,0.5,-37.8099,247.953,0,1315.06,114.05,0,2.31481e+12,3,0.2,0,CIRCLE,280,1
4365,0.5,0.5,0.5,-8.31234,-257.556,0,-1212.48,-33.4383,0,2.31481e+12,3,0.2,0,CIRCLE,280,1
4367,0.5,0.5,0.5,111.403,122.816,0,689.38,-632.015,0,2.31481e+12,3,0.2,0,CIRCLE,280,1
4376,0.5,0.5,0.5,131.327,144.601,0,798.303,-731.636,0,2.31481e+12,3,0.2,0,CIRCLE,280,1
4385,0.5,0.5,0.5,0.126749,-163.119,0,-740.293,-75.6337,0,2.31481e+12,3,0.2,0,CIRCLE,280,1
4386,0.5,0.5,0.5,-94.817,74.1452,0,446.026,399.085,0,2.31481e+12,3,0.2,0,CIRCLE,280,1
4396,0.5,0.5,0.5,108.916,-178.395,0,-816.676,-619.582,0,2.31481e+12,3,0.2,0,CIRCLE,280,1
4398,0.5,0.5,0.5,37.7657,-14.0893,0,4.85355,-263.828,0,2.31481e+12,3,0.2,0,CIRCLE,280,1
4406,0.5,0.5,0.5,-227.19,-101.54,0,-432.398,1060.95,0,2.31481e+12,3,0.2,0,CIRCLE,280,1
4407,0.5,0.5,0.5,107.386,112.374,0,637.17,-611.932,0,2.31481e+12,3,0.2,0,CIRCLE,280,1
4409,0.5,0.5,0.5,-141.849,-48.3176,0,-166.288,634.246,0,2.31481e+12,3,0.2,0,CIRCLE,280,1
4410,0.5,0.5,0.5,-76.5996,-131.136,0,-580.381,307.998,0,2.31481e+12,3,0.2,0,CIRCLE,280,1
4414,0.5,0.5,0.5,190.135,89.7928,0,524.264,-1025.67,0,2.31481e+12,3,0.2,0,CIRCLE,280,1
4421,0.5,0.5,0.5,-129.602,-37.0321,0,-109.86,573.009,0,2.31481e+12,3,0.2,0,CIRCLE,280,1
4424,0.5,0.5,0.5,54.2656,-276.416,0,-1306.78,-346.328,0,2.31481e+12,3,0.2,0,CIRCLE,280,1
4434,0.5,0.5,0.5,80.1962,-181.047,0,-829.934,-475.981,0,2.31481e+12,3,0.2,0,CIRCLE,280,1
4436,0.5,0.5,0.5,195.274,-117.482,0,-512.111,-1051.37,0,2.31481e+12,3,0.2,0,CIRCLE,280,1
4440,0.5,0.5,0.5,32.2944,-242.099,0,-1135.2,-236.472,0,2.31481e+12,3,0.2,0,CIRCLE,280,1
4442,0.5,0.5,0.5,-54.2684,-184.202,0,-845.71,196.342,0,2.31481e+12,3,0.2,0,CIRCLE,280,1
4445,0.5,0.5,0.5,-23.2823,244.715,0,1298.88,41.4114,0,2.31481e+12,3,0.2,0,CIRCLE,280,1
4446,0.5,0.5,0.5,123.202,-81.2122,0,-330.761,-691.01,0,2.31481e+12,3,0.2,0,CIRCLE,280,1
4448,0.5,0.5,0.5,142.47,198.361,0,1067.11,-787.352,0,2.31481e+12,3,0.2,0,CIRCLE,280,1
4461,0.5,0.5,0.5,222.929,77.0446,0,460.523,-1189.65,0,2.31481e+12,3,0.2,0,CIRCLE,280,1
4463,0.5,0.5,0.5,-38.5939,-67.6451,0,-262.925,117.97,0,2.31481e+12,3,0.2,0,CIRCLE,280,1
4464,0.5,0.5,0.5,105.069,-146.567,0,-657.536,-600.346,0,2.31481e+12,3,0.2,0,CIRCLE,280,1
4467,0.5,0.5,0.5,170.122,176.855,0,959.573,-925.611,0,2.31481e+12,3,0.2,0,CIRCLE,280,1
4474,0.5,0.5,0.5,182.481,86.026,0,505.43,-987.403,0,2.31481e+12,3,0.2,0,CIRCLE,280,1
4482,0.5,0.5,0.5,38.2463,174.465,0,947.626,-266.231,0,2.31481e+12,3,0.2,0,CIRCLE,280,1
4487,0.5,0.5,0.5,-54.8949,-104.339,0,-446.393,199.475,0,2.31481e+12,3,0.2,0,CIRCLE,280,1
4493,0.5,0.5,0.5,-258.862,-126.899,0,-559.195,1219.31,0,2.31481e+12,3,0.2,0,CIRCLE,280,1
4497,0.5,0.5,0.5,-12.7459,36.8098,0,259.349,-11.2706,0,2.31481e+12,3,0.2,0,CIRCLE,280,1
4498,0.5,0.5,0.5,232.937,-142.86,0,-638.999,-1239.69,0,2.31481e+12,3,0.2,0,CIRCLE,280,1
4507,0.5,0.5,0.5,-225.979,128.715,0,718.875,1054.9,0,2.31481e+12,3,0.2,0,CIRCLE,280,1
4511,0.5,0.5,0.5,15.8093,-192.603,0,-887.717,-154.047,0,2.31481e+12,3,0.2,0,CIRCLE,280,1
4514,0.5,0.5,0.5,233.693,-8.46529,0,32.9736,-1243.46,0,2.31481e+12,3,0.2,0,CIRCLE,280,1
4521,0.5,0.5,0.5,-128.458,220.858,0,1179.59,567.289,0,2.31481e+12,3,0.2,0,CIRCLE,280,1
4524,0.5,0.5,0.5,23.2395,-167.068,0,-760.039,-191.197,0,2.31481e+12,3,0.2,0,CIRCLE,280,1
4532,0.5,0.5,0.5,17.1079,27.4216,0,212.408,-160.539,0,2.31481e+12,3,0.2,0,CIRCLE,280,1
4533,0.5,0.5,0.5,-22.7026,2.16922,0,86.1461,38.5131,0,2.31481e+12,3,0.2,0,CIRCLE,280,1
4542,0.5,0.5,0.5,-280.1,0.037509,0,75.4875,1325.5,0,2.31481e+12,3,0.2,0,CIRCLE,280,1
4550,0.5,0.5,0.5,136.214,-37.698,0,-113.19,-756.072,0,2.31481e+12,3,0.2,0,CIRCLE,280,1
4552,0.5,0.5,0.5,-144.179,91.2886,0,531.743,645.894,0,2.31481e+12,3,0.2,0,CIRCLE,280,1
4559,0.5,0.5,0.5,47.4046,105.119,0,600.895,-312.023,0,2.31481e+12,3,0.2,0,CIRCLE,280,1
4560,0.5,0.5,0.5,-121.567,65.8432,0,404.516,532.837,0,2.31481e+12,3,0.2,0,CIRCLE,280,1
4563,0.5,0.5,0.5,-94.345,32.5697,0,238.149,396.725,0,2.31481e+12,3,0.2,0,CIRCLE,280,1
4571,0.5,0.5,0.5,153.817,-172.798,0,-788.688,-844.084,0,2.31481e+12,3,0.2,0,CIRCLE,280,1
4572,0.5,0.5,0.5,-231.98,-89.0208,0,-369.804,1084.9,0,2.31481e+12,3,0.2,0,CIRCLE,280,1
4582,0.5,0.5,0.5,-74.3151,-260.718,0,-1228.29,296.576,0,2.31481e+12,3,0.2,0,CIRCLE,280,1
4590,0.5,0.5,0.5,-22.3147,-38.845,0,-118.925,36.5737,0,2.31481e+12,3,0.2,0,CIRCLE,280,1
4595,0.5,0.5,0.5,83.2547,107.435,0,612.475,-491.273,0,2.31481e+12,3,0.2,0,CIRCLE,280,1
4597,0.5,0.5,0.5,-108.777,-175.173,0,-800.563,468.885,0,2.31481e+12,3,0.2,0,CIRCLE,280,1
4606,0.5,0.5,0.5,-280.524,36.7334,0,258.967,1327.62,0,2.31481e+12,3,0.2,0,CIRCLE,280,1
4608,0.5,0.5,0.5,-54.6558,122.804,0,689.318,198.279,0,2.31481e+12,3,0.2,0,CIRCLE,280,1
4613,0.5,0.5,0.5,231.459,39.6018,0,273.309,-1232.3,0,2.31481e+12,3,0.2,0,CIRCLE,280,1
4615,0.5,0.5,0.5,118.244,202.001,0,1085.3,-666.219,0,2.31481e+12,3,0.2,0,CIRCLE,280,1
4619,0.5,0.5,0.5,-132.308,215.37,0,1152.15,586.542,0,2.31481e+12,3,0.2,0,CIRCLE,280,1
4625,0.5,0.5,0.5,-15.8467,-80.657,0,-327.985,4.23361,0,2.31481e+12,3,0.2,0,CIRCLE,280,1
4626,0.5,0.5,0.5,-185.696,142.694,0,788.77,853.481,0,2.31481e+12,3,0.2,0,CIRCLE,280,1
4628,0.5,0.5,0.5,144.406,-225.526,0,-1052.33,-797.028,0,2.31481e+12,3,0.2,0,CIRCLE,280,1
4629,0.5,0.5,0.5,-100.228,-211.806,0,-983.729,426.14,0,2.31481e+12,3,0.2,0,CIRCLE,280,1
4642,0.5,0.5,0.5,80.5851,-174.07,0,-795.051,-477.925,0,2.31481e+12,3,0.2,0,CIRCLE,280,1
4643,0.5,0.5,0.5,-205.852,-183.734,0,-843.371,954.262,0,2.31481e+12,3,0.2,0,CIRCLE,280,1
4648,0.5,0.5,0.5,-81.1726,-144.091,0,-645.156,330.863,0,2.31481e+12,3,0.2,0,CIRCLE,280,1
4655,0.5,0.5,0.5,175.146,87.8137,0,514.369,-950.729,0,2.31481e+12,3,0.2,0,CIRCLE,280,1
4658,0.5,0.5,0.5,-159.478,146.425,0,807.425,722.388,0,2.31481e+12,3,0.2,0,CIRCLE,280,1
4661,0.5,0.5,0.5,-198.461,91.9519,0,535.059,917.306,0,2.31481e+12,3,0.2,0,CIRCLE,280,1
4663,0.5,0.5,0.5,8.30459,53.8641,0,344.62,-116.523,0,2.31481e+12,3,0.2,0,CIRCLE,280,1
4677,0.5,0.5,0.5,237.451,-132.044,0,-584.919,-1262.26,0,2.31481e+12,3,0.2,0,CIRCLE,280,1
4679,0.5,0.5,0.5,178.397,-182.805,0,-838.727,-966.985,0,2.31481e+12,3,0.2,0,CIRCLE,280,1
4684,0.5,0.5,0.5,-105.278,111.459,0,632.594,451.388,0,2.31481e+12,3,0.2,0,CIRCLE,280,1
4692,0.5,0.5,0.5,-108.205,31.6153,0,233.377,466.027,0,2.31481e+12,3,0.2,0,CIRCLE,280,1
4696,0.5,0.5,0.5,94.9231,110.043,0,625.516,-549.615,0,2.31481e+12,3,0.2,0,CIRCLE,280,1
4699,0.5,0.5,0.5,-151.922,-99.3902,0,-421.651,684.61,0,2.31481e+12,3,0.2,0,CIRCLE,280,1
4702,0.5,0.5,0.5,101.295,-122.127,0,-535.336,-581.476,0,2.31481e+12,3,0.2,0,CIRCLE,280,1
4719,0.5,0.5,0.5,58.1694,-188.364,0,-866.52,-365.847,0,2.31481e+12,3,0.2,0,CIRCLE,280,1
4720,0.5,0.5,0.5,-156.135,-3.54074,0,57.5963,705.675,0,2.31481e+12,3,0.2,0,CIRCLE,280,1
4724,0.5,0.5,0.5,-22.7278,207.258,0,1111.59,38.6389,0,2.31481e+12,3,0.2,0,CIRCLE,280,1
4727,0.5,0.5,0.5,-162.415,114.578,0,648.188,737.077,0,2.31481e+12,3,0.2,0,CIRCLE,280,1
4747,0.5,0.5,0.5,50.5154,-106.014,0,-454.769,-327.577,0,2.31481e+12,3,0.2,0,CIRCLE,280,1
4750,0.5,0.5,0.5,-148.989,139.648,0,773.539,669.945,0,2.31481e+12,3,0.2,0,CIRCLE,280,1
4752,0.5,0.5,0.5,184.039,-65.6297,0,-252.849,-995.197,0,2.31481e+12,3,0.2,0,CIRCLE,280,1
4754,0.5,0.5,0.5,-151.413,-183.622,0,-842.81,682.066,0,2.31481e+12,3,0.2,0,CIRCLE,280,1
4757,0.5,0.5,0.5,-27.2421,-294.527,0,-1397.33,61.2104,0,2.31481e+12,3,0.2,0,CIRCLE,280,1
4759,0.5,0.5,0.5,48.0378,17.6001,0,163.3,-315.189,0,2.31481e+12,3,0.2,0,CIRCLE,280,1
4760,0.5,0.5,0.5,79.4797,-21.6053,0,-32.7263,-472.399,0,2.31481e+12,3,0.2,0,CIRCLE,280,1
4769,0.5,0.5,0.5,93.0966,67.3795,0,412.198,-540.483,0,2.31481e+12,3,0.2,0,CIRCLE,280,1
4774,0.5,0.5,0.5,-193.304,-1.38292,0,68.3854,891.521,0,2.31481e+12,3,0.2,0,CIRCLE,280,1
4788,0.5,0.5,0.5,135.384,-213.374,0,-991.568,-751.918,0,2.31481e+12,3,0.2,0,CIRCLE,280,1
4790,0.5,0.5,0.5,67.5621,62.2027,0,386.314,-412.81,0,2.31481e+12,3,0.2,0,CIRCLE,280,1
4791,0.5,0.5,0.5,-206.039,-41.003,0,-129.715,955.197,0,2.31481e+12,3,0.2,0,CIRCLE,280,1
4795,0.5,0.5,0.5,-85.2182,-159.62,0,-722.798,351.091,0,2.31481e+12,3,0.2,0,CIRCLE,280,1
4799,0.5,0.5,0.5,168.897,-54.1904,0,-195.652,-919.483,0,2.31481e+12,3,0.2,0,CIRCLE,280,1
4811,0.5,0.5,0.5,-163.766,-7.21948,0,39.2026,743.83,0,2.31481e+12,3,0.2,0,CIRCLE,280,1
4814,0.5,0.5,0.5,69.49,-70.8028,0,-278.714,-422.45,0,2.31481e+12,3,0.2,0,CIRCLE,280,1
4817,0.5,0.5,0.5,-206.493,18.9284,0,169.942,957.464,0,2.31481e+12,3,0.2,0,CIRCLE,280,1
4819,0.5,0.5,0.5,-88.0702,132.958,0,740.089,365.351,0,2.31481e+12,3,0.2,0,CIRCLE,280,1
4825,0.5,0.5,0.5,-115.534,123.566,0,693.129,502.67,0,2.31481e+12,3,0.2,0,CIRCLE,280,1
4833,0.5,0.5,0.5,-65.3418,130.941,0,730.007,251.709,0,2.31481e+12,3,0.2,0,CIRCLE,280,1
4836,0.5,0.5,0.5,85.6976,144.097,0,795.786,-503.488,0,2.31481e+12,3,0.2,0,CIRCLE,280,1
4848,0.5,0.5,0.5,242.454,47.5532,0,313.066,-1287.27,0,2.31481e+12,3,0.2,0,CIRCLE,280,1
4850,0.5,0.5,0.5,-11.6658,-287.738,0,-1363.39,-16.671,0,2.31481e+12,3,0.2,0,CIRCLE,280,1
4853,0.5,0.5,0.5,175.903,-34.4684,0,-97.042,-954.514,0,2.31481e+12,3,0.2,0,CIRCLE,280,1
4855,0.5,0.5,0.5,-18.2376,-230.756,0,-1078.48,16.188,0,2.31481e+12,3,0.2,0,CIRCLE,280,1
4856,0.5,0.5,0.5,148.645,-212.475,0,-987.077,-818.227,0,2.31481e+12,3,0.2,0,CIRCLE,280,1
4857,0.5,0.5,0.5,-213.343,-4.16888,0,54.4556,991.714,0,2.31481e+12,3,0.2,0,CIRCLE,280,1
4858,0.5,0.5,0.5,72.7052,-131.527,0,-582.333,-438.526,0,2.31481e+12,3,0.2,0,CIRCLE,280,1
4860,0.5,0.5,0.5,-28.5335,215.193,0,1151.26,67.6676,0,2.31481e+12,3,0.2,0,CIRCLE,280,1
4862,0.5,0.5,0.5,5.41364,83.4005,0,492.303,-102.068,0,2.31481e+12,3,0.2,0,CIRCLE,280,1
4867,0.5,0.5,0.5,-63.6113,-258.099,0,-1215.19,243.057,0,2.31481e+12,3,0.2,0,CIRCLE,280,1
4868,0.5,0.5,0.5,220.183,-125.41,0,-551.752,-1175.91,0,2.31481e+12,3,0.2,0,CIRCLE,280,1
4871,0.5,0.5,0.5,-90.6066,-181.812,0,-833.76,378.033,0,2.31481e+12,3,0.2,0,CIRCLE,280,1
4877,0.5,0.5,0.5,148.131,-106.468,0,-457.04,-815.656,0,2.31481e+12,3,0.2,0,CIRCLE,280,1
4879,0.5,0.5,0.5,135.965,156.068,0,855.638,-754.824,0,2.31481e+12,3,0.2,0,CIRCLE,280,1
4881,0.5,0.5,0.5,37.9954,8.77228,0,119.161,-264.977,0,2.31481e+12,3,0.2,0,CIRCLE,280,1
4886,0.5,0.5,0.5,-78.2648,-95.9269,0,-404.334,316.324,0,2.31481e+12,3,0.2,0,CIRCLE,280,1
4888,0.5,0.5,0.5,-120.128,-218.834,0,-1018.87,525.641,0,2.31481e+12,3,0.2,0,CIRCLE,280,1
4890,0.5,0.5,0.5,-156.248,140.342,0,777.01,706.242,0,2.31481e+12,3,0.2,0,CIRCLE,280,1
4902,0.5,0.5,0.5,209.371,-140.297,0,-626.186,-1121.86,0,2.31481e+12,3,0.2,0,CIRCLE,280,1
4905,0.5,0.5,0.5,-153.673,37.4731,0,262.665,693.366,0,2.31481e+12,3,0.2,0,CIRCLE,280,1
4906,0.5,0.5,0.5,228.488,-135.408,0,-601.742,-1217.44,0,2.31481e+12,3,0.2,0,CIRCLE,280,1
4907,0.5,0.5,0.5,1.19126,130.298,0,726.788,-80.9563,0,2.31481e+12,3,0.2,0,CIRCLE,280,1
4910,0.5,0.5,0.5,-108.546,104.332,0,596.959,467.731,0,2.31481e+12,3,0.2,0,CIRCLE,280,1
4912,0.5,0.5,0.5,63.7035,-240.842,0,-1128.91,-393.518,0,2.31481e+12,3,0.2,0,CIRCLE,280,1
4915,0.5,0.5,0.5,35.989,42.5115,0,287.858,-254.945,0,2.31481e+12,3,0.2,0,CIRCLE,280,1
4919,0.5,0.5,0.5,37.24,160.749,0,879.045,-261.2,0,2.31481e+12,3,0.2,0,CIRCLE,280,1
4922,0.5,0.5,0.5,154.092,-233.666,0,-1093.03,-845.462,0,2.31481e+12,3,0.2,0,CIRCLE,280,1
4935,0.5,0.5,0.5,-141.682,-140.889,0,-629.145,633.411,0,2.31481e+12,3,0.2,0,CIRCLE,280,1
4947,0.5,0.5,0.5,143.989,-49.0418,0,-169.909,-794.946,0,2.31481e+12,3,0.2,0,CIRCLE,280,1
4949,0.5,0.5,0.5,-270.696,-45.916,0,-154.28,1278.48,0,2.31481e+12,3,0.2,0,CIRCLE,280,1
4951,0.5,0.5,0.5,69.8207,20.1732,0,176.166,-424.103,0,2.31481e+12,3,0.2,0,CIRCLE,280,1
4960,0.5,0.5,0.5,192.607,97.7187,0,563.893,-1038.04,0,2.31481e+12,3,0.2,0,CIRCLE,280,1
4968,0.5,0.5,0.5,132.246,188.072,0,1015.66,-736.23,0,2.31481e+12,3,0.2,0,CIRCLE,280,1
4969,0.5,0.5,0.5,-234.646,-142.652,0,-637.959,1098.23,0,2.31481e+12,3,0.2,0,CIRCLE,280,1
4974,0.5,0.5,0.5,-201.474,-150.635,0,-677.873,932.372,0,2.31481e+12,3,0.2,0,CIRCLE,280,1
4975,0.5,0.5,0.5,116.14,-197.992,0,-914.658,-655.698,0,2.31481e+12,3,0.2,0,CIRCLE,280,1
4976,0.5,0.5,0.5,-14.6662,103.005,0,590.324,-1.66881,0,2.31481e+12,3,0.2,0,CIRCLE,280,1
4979,0.5,0.5,0.5,77.609,-103.04,0,-439.899,-463.045,0,2.31481e+12,3,0.2,0,CIRCLE,280,1
4981,0.5,0.5,0.5,-108.776,90.0998,0,525.799,468.879,0,2.31481e+12,3,0.2,0,CIRCLE,280,1
4984,0.5,0.5,0.5,-48.6253,-62.7375,0,-238.387,168.126,0,2.31481e+12,3,0.2,0,CIRCLE,280,1
4991,0.5,0.5,0.5,111.391,51.2874,0,331.737,-631.954,0,2.31481e+12,3,0.2,0,CIRCLE,280,1
4993,0.5,0.5,0.5,-43.535,-193.815,0,-893.773,142.675,0,2.31481e+12,3,0.2,0,CIRCLE,280,1
4998,0.5,0.5,0.5,-29.7699,-73.999,0,-294.695,73.8497,0,2.31481e+12,3,0.2,0,CIRCLE,280,1
5002,0.5,0.5,0.5,-141.838,-31.5218,0,-82.3091,634.192,0,2.31481e+12,3,0.2,0,CIRCLE,280,1
5009,0.5,0.5,0.5,81.8783,90.0176,0,525.388,-484.392,0,2.31481e+12,3,0.2,0,CIRCLE,280,1
5016,0.5,0.5,0.5,-218.26,73.9618,0,445.109,1016.3,0,2.31481e+12,3,0.2,0,CIRCLE,280,1
5023,0.5,0.5,0.5,-271.79,27.2542,0,211.571,1283.95,0,2.31481e+12,3,0.2,0,CIRCLE,280,1
5031,0.5,0.5,0.5,237.411,-65.8133,0,-253.766,-1262.05,0,2.31481e+12,3,0.2,0,CIRCLE,280,1
5032,0.5,0.5,0.5,179.958,28.545,0,218.025,-974.788,0,2.31481e+12,3,0.2,0,CIRCLE,280,1
5033,0.5,0.5,0.5,191.238,-90.2712,0,-376.056,-1031.19,0,2.31481e+12,3,0.2,0,CIRCLE,280,1
5042,0.5,0.5,0.5,128.144,-74.3907,0,-296.653,-715.72,0,2.31481e+12,3,0.2,0,CIRCLE,280,1
5061,0.5,0.5,0.5,-40.6324,71.7516,0,434.058,128.162,0,2.31481e+12,3,0.2,0,CIRCLE,280,1
5068,0.5,0.5,0.5,44.8383,-136.841,0,-608.904,-299.191,0,2.31481e+12,3,0.2,0,CIRCLE,280,1
5071,0.5,0.5,0.5,202.216,32.0754,0,235.677,-1086.08,0,2.31481e+12,3,0.2,0,CIRCLE,280,1
5078,0.5,0.5,0.5,-80.1699,184.803,0,999.315,325.85,0,2.31481e+12,3,0.2,0,CIRCLE,280,1
5084,0.5,0.5,0.5,148.918,110.418,0,627.39,-819.59,0,2.31481e+12,3,0.2,0,CIRCLE,280,1
5085,0.5,0.5,0.5,-35.423,259.527,0,1372.94,102.115,0,2.31481e+12,3,0.2,0,CIRCLE,280,1
5086,0.5,0.5,0.5,153.984,-216.86,0,-1009,-844.919,0,2.31481e+12,3,0.2,0,CIRCLE,280,1
5089,0.5,0.5,0.5,244.365,20.6324,0,178.462,-1296.83,0,2.31481e+12,3,0.2,0,CIRCLE,280,1
5092,0.5,0.5,0.5,-45.0931,169.931,0,924.954,150.466,0,2.31481e+12,3,0.2,0,CIRCLE,280,1
5105,0.5,0.5,0.5,-105.806,98.0421,0,565.51,454.03,0,2.31481e+12,3,0.2,0,CIRCLE,280,1
5106,0.5,0.5,0.5,-211.024,-127.92,0,-564.3,980.121,0,2.31481e+12,3,0.2,0,CIRCLE,280,1
5114,0.5,0.5,0.5,28.7554,-121.279,0,-531.096,-218.777,0,2.31481e+12,3,0.2,0,CIRCLE,280,1
5117,0.5,0.5,0.5,-213.064,94.587,0,548.235,990.32,0,2.31481e+12,3,0.2,0,CIRCLE,280,1
5120,0.5,0.5,0.5,13.119,115.746,0,654.028,-140.595,0,2.31481e+12,3,0.2,0,CIRCLE,280,1
5124,0.5,0.5,0.5,-18.822,192.06,0,1035.6,19.1099,0,2.31481e+12,3,0.2,0,CIRCLE,280,1
5126,0.5,0.5,0.5,-27.0589,-261.179,0,-1230.59,60.2943,0,2.31481e+12,3,0.2,0,CIRCLE,280,1
5133,0.5,0.5,0.5,-55.1466,-77.1693,0,-310.547,200.733,0,2.31481e+12,3,0.2,0,CIRCLE,280,1
5136,0.5,0.5,0.5,32.2009,178.017,0,965.386,-236.004,0,2.31481e+12,3,0.2,0,CIRCLE,280,1
5140,0.5,0.5,0.5,-18.3717,-175.923,0,-804.316,16.8584,0,2.31481e+12,3,0.2,0,CIRCLE,280,1
5145,0.5,0.5,0.5,-166.507,-105.912,0,-454.259,757.535,0,2.31481e+12,3,0.2,0,CIRCLE,280,1
5153,0.5,0.5,0.5,-104.069,-116.105,0,-505.225,445.343,0,2.31481e+12,3,0.2,0,CIRCLE,280,1
5155,0.5,0.5,0.5,66.2674,-1.36341,0,68.4829,-406.337,0,2.31481e+12,3,0.2,0,CIRCLE,280,1
5159,0.5,0.5,0.5,-195.081,85.9038,0,504.819,900.405,0,2.31481e+12,3,0.2,0,CIRCLE,280,1
5161,0.5,0.5,0.5,91.6034,-108.686,0,-468.129,-533.017,0,2.31481e+12,3,0.2,0,CIRCLE,280,1
5165,0.5,0.5,0.5,-148.291,1.55714,0,83.0857,666.454,0,2.31481e+12,3,0.2,0,CIRCLE,280,1
5171,0.5,0.5,0.5,-255.28,-69.7574,0,-273.487,1201.4,0,2.31481e+12,3,0.2,0,CIRCLE,280,1
5173,0.5,0.5,0.5,-8.52133,-160.692,0,-728.162,-32.3934,0,2.31481e+12,3,0.2,0,CIRCLE,280,1
5181,0.5,0.5,0.5,41.5791,-103.414,0,-441.768,-282.895,0,2.31481e+12,3,0.2,0,CIRCLE,280,1
5183,0.5,0.5,0.5,-126.111,-145.247,0,-650.937,555.553,0,2.31481e+12,3,0.2,0,CIRCLE,280,1
5191,0.5,0.5,0.5,163.623,-227.297,0,-1061.19,-893.115,0,2.31481e+12,3,0.2,0,CIRCLE,280,1
5195,0.5,0.5,0.5,180.236,20.6157,0,178.378,-976.178,0,2.31481e+12,3,0.2,0,CIRCLE,280,1
5198,0.5,0.5,0.5,-23.3095,223.988,0,1195.24,41.5473,0,2.31481e+12,3,0.2,0,CIRCLE,280,1
5199,0.5,0.5,0.5,81.8685,66.5747,0,408.173,-484.343,0,2.31481e+12,3,0.2,0,CIRCLE,280,1
5205,0.5,0.5,0.5,-10.1173,199.39,0,1072.25,-24.4133,0,2.31481e+12,3,0.2,0,CIRCLE,280,1
5207,0.5,0.5,0.5,105.101,-128.694,0,-568.169,-600.503,0,2.31481e+12,3,0.2,0,CIRCLE,280,1
5210,0.5,0.5,0.5,-233.706,-37.4521,0,-111.96,1093.53,0,2.31481e+12,3,0.2,0,CIRCLE,280,1
5219,0.5,0.5,0.5,29.4392,-37.7662,0,-113.531,-222.196,0,2.31481e+12,3,0.2,0,CIRCLE,280,1
5221,0.5,0.5,0.5,244.418,-30.0895,0,-75.1475,-1297.09,0,2.31481e+12,3,0.2,0,CIRCLE,280,1
5223,0.5,0.5,0.5,-101.371,-174.646,0,-797.929,431.857,0,2.31481e+12,3,0.2,0,CIRCLE,280,1
5224,0.5,0.5,0.5,-156.88,30.9839,0,230.219,709.4,0,2.31481e+12,3,0.2,0,CIRCLE,280,1
5228,0.5,0.5,0.5,94.2905,-251.233,0,-1180.86,-546.453,0,2.31481e+12,3,0.2,0,CIRCLE,280,1
5230,0.5,0.5,0.5,14.4859,-89.193,0,-370.665,-147.43,0,2.31481e+12,3,0.2,0,CIRCLE,280,1
5234,0.5,0.5,0.5,133.975,-235.856,0,-1103.98,-744.874,0,2.31481e+12,3,0.2,0,CIRCLE,280,1
5237,0.5,0.5,0.5,43.4474,170.259,0,926.594,-292.237,0,2.31481e+12,3,0.2,0,CIRCLE,280,1
5241,0.5,0.5,0.5,-32.8841,-114.085,0,-495.125,89.4207,0,2.31481e+12,3,0.2,0,CIRCLE,280,1
5255,0.5,0.5,0.5,-1.32853,215.652,0,1153.56,-68.3573,0,2.31481e+12,3,0.2,0,CIRCLE,280,1
5256,0.5,0.5,0.5,49.2566,-256.39,0,-1206.65,-321.283,0,2.31481e+12,3,0.2,0,CIRCLE,280,1
5259,0.5,0.5,0.5,-262.903,-86.2492,0,-355.946,1239.52,0,2.31481e+12,3,0.2,0,CIRCLE,280,1
5265,0.5,0.5,0.5,-64.4035,-150.908,0,-679.242,247.017,0,2.31481e+12,3,0.2,0,CIRCLE,280,1
5272,0.5,0.5,0.5,-74.5302,-139.669,0,-623.045,297.651,0,2.31481e+12,3,0.2,0,CIRCLE,280,1
5273,0.5,0.5,0.5,-156.548,180.727,0,978.933,707.741,0,2.31481e+12,3,0.2,0,CIRCLE,280,1
5274,0.5,0.5,0.5,-248.702,-160.839,0,-728.893,1168.51,0,2.31481e+12,3,0.2,0,CIRCLE,280,1
5277,0.5,0.5,0.5,83.0103,130.904,0,729.818,-490.052,0,2.31481e+12,3,0.2,0,CIRCLE,280,1
5283,0.5,0.5,0.5,-220.353,-204.492,0,-947.16,1026.76,0,2.31481e+12,3,0.2,0,CIRCLE,280,1
5285,0.5,0.5,0.5,-222.609,-195.381,0,-901.606,1038.05,0,2.31481e+12,3,0.2,0,CIRCLE,280,1
5291,0.5,0.5,0.5,-186.533,-155.807,0,-703.736,857.666,0,2.31481e+12,3,0.2,0,CIRCLE,280,1
5296,0.5,0.5,0.5,224.427,-30.4013,0,-76.7067,-1197.13,0,2.31481e+12,3,0.2,0,CIRCLE,280,1
5297,0.5,0.5,0.5,-87.8611,139.18,0,771.201,364.305,0,2.31481e+12,3,0.2,0,CIRCLE,280,1
5298,0.5,0.5,0.5,-251.823,-1.8398,0,66.101,1184.12,0,2.31481e+12,3,0.2,0,CIRCLE,280,1
5310,0.5,0.5,0.5,167.639,-79.6807,0,-323.104,-913.196,0,2.31481e+12,3,0.2,0,CIRCLE,280,1
5311,0.5,0.5,0.5,44.4902,53.8091,0,344.346,-297.451,0,2.31481e+12,3,0.2,0,CIRCLE,280,1
5316,0.5,0.5,0.5,46.3549,40.312,0,276.86,-306.774,0,2.31481e+12,3,0.2,0,CIRCLE,280,1
5337,0.5,0.5,0.5,-278.097,-53.3837,0,-191.618,1315.48,0,2.31481e+12,3,0.2,0,CIRCLE,280,1
5357,0.5,0.5,0.5,-107.884,141.849,0,784.545,464.422,0,2.31481e+12,3,0.2,0,CIRCLE,280,1
5362,0.5,0.5,0.5,-230.304,-18.7367,0,-18.3834,1076.52,0,2.31481e+12,3,0.2,0,CIRCLE,280,1
5364,0.5,0.5,0.5,127.531,220.352,0,1177.06,-712.655,0,2.31481e+12,3,0.2,0,CIRCLE,280,1
5365,0.5,0.5,0.5,82.0932,-81.2607,0,-331.003,-485.466,0,2.31481e+12,3,0.2,0,CIRCLE,280,1
5366,0.5,0.5,0.5,33.9214,209.33,0,1121.95,-244.607,0,2.31481e+12,3,0.2,0,CIRCLE,280,1
5368,0.5,0.5,0.5,-268.165,-80.769,0,-328.545,1265.82,0,2.31481e+12,3,0.2,0,CIRCLE,280,1
5370,0.5,0.5,0.5,83.7565,-95.3875,0,-401.637,-493.783,0,2.31481e+12,3,0.2,0,CIRCLE,280,1
5371,0.5,0.5,0.5,1.92293,-86.3938,0,-356.669,-84.6146,0,2.31481e+12,3,0.2,0,CIRCLE,280,1
5377,0.5,0.5,0.5,113.756,-14.3087,0,3.75656,-643.782,0,2.31481e+12,3,0.2,0,CIRCLE,280,1
5382,0.5,0.5,0.5,-184.675,-168.584,0,-767.619,848.374,0,2.31481e+12,3,0.2,0,CIRCLE,280,1
5386,0.5,0.5,0.5,173.671,-187.797,0,-863.686,-943.357,0,2.31481e+12,3,0.2,0,CIRCLE,280,1
5387,0.5,0.5,0.5,184.708,-24.0054,0,-44.7268,-998.541,0,2.31481e+12,3,0.2,0,CIRCLE,280,1
5391,0.5,0.5,0.5,-24.0661,187.566,0,1013.13,45.3306,0,2.31481e+12,3,0.2,0,CIRCLE,280,1
5402,0.5,0.5,0.5,-55.7798,-144.822,0,-648.81,203.899,0,2.31481e+12,3,0.2,0,CIRCLE,280,1
5413,0.5,0.5,0.5,102.467,228.893,0,1219.76,-587.335,0,2.31481e+12,3,0.2,0,CIRCLE,280,1
5421,0.5,0.5,0.5,-59.4983,-45.9528,0,-154.464,222.492,0,2.31481e+12,3,0.2,0,CIRCLE,280,1
5423,0.5,0.5,0.5,77.2917,216.45,0,1157.55,-461.459,0,2.31481e+12,3,0.2,0,CIRCLE,280,1
5428,0.5,0.5,0.5,29.3649,-231.778,0,-1083.59,-221.824,0,2.31481e+12,3,0.2,0,CIRCLE,280,1
5430,0.5,0.5,0.5,61.7057,20.9748,0,180.174,-383.528,0,2.31481e+12,3,0.2,0,CIRCLE,280,1
5439,0.5,0.5,0.5,-87.2868,152.45,0,837.552,361.434,0,2.31481e+12,3,0.2,0,CIRCLE,280,1
5440,0.5,0.5,0.5,-149.199,188.676,0,1018.68,670.994,0,2.31481e+12,3,0.2,0,CIRCLE,280,1
5441,0.5,0.5,0.5,-5.84811,-141.461,0,-632.007,-45.7594,0,2.31481e+12,3,0.2,0,CIRCLE,280,1
5454,0.5,0.5,0.5,21.108,82.0941,0,485.77,-180.54,0,2.31481e+12,3,0.2,0,CIRCLE,280,1
5462,0.5,0.5,0.5,-284.503,-38.5474,0,-117.437,1347.52,0,2.31481e+12,3,0.2,0,CIRCLE,280,1
5475,0.5,0.5,0.5,167.273,-182.645,0,-837.927,-911.365,0,2.31481e+12,3,0.2,0,CIRCLE,280,1
5476,0.5,0.5,0.5,119.106,44.8169,0,299.384,-670.532,0,2.31481e+12,3,0.2,0,CIRCLE,280,1
5481,0.5,0.5,0.5,-215.534,101.184,0,581.222,1002.67,0,2.31481e+12,3,0.2,0,CIRCLE,280,1
5489,0.5,0.5,0.5,98.6525,52.4142,0,337.371,-568.262,0,2.31481e+12,3,0.2,0,CIRCLE,280,1
5491,0.5,0.5,0.5,89.226,-269.544,0,-1272.42,-521.13,0,2.31481e+12,3,0.2,0,CIRCLE,280,1
5496,0.5,0.5,0.5,-8.22779,-169.293,0,-771.167,-33.8611,0,2.31481e+12,3,0.2,0,CIRCLE,280,1
5498,0.5,0.5,0.5,-217.58,107.989,0,615.247,1012.9,0,2.31481e+12,3,0.2,0,CIRCLE,280,1
5500,0.5,0.5,0.5,-35.0723,-293.473,0,-1392.07,100.362,0,2.31481e+12,3,0.2,0,CIRCLE,280,1
5508,0.5,0.5,0.5,-115.809,145.189,0,801.243,504.043,0,2.31481e+12,3,0.2,0,CIRCLE,280,1
5511,0.5,0.5,0.5,-17.476,42.803,0,289.315,12.38,0,2.31481e+12,3,0.2,0,CIRCLE,280,1
5515,0.5,0.5,0.5,-141.927,-108.293,0,-466.167,634.636,0,2.31481e+12,3,0.2,0,CIRCLE,280,1
5524,0.5,0.5,0.5,-4.59029,48.0926,0,315.763,-52.0485,0,2.31481e+12,3,0.2,0,CIRCLE,280,1
5528,0.5,0.5,0.5,-61.0086,-285.611,0,-1352.75,230.043,0,2.31481e+12,3,0.2,0,CIRCLE,280,1
5533,0.5,0.5,0.5,169.714,-147.441,0,-661.904,-923.569,0,2.31481e+12,3,0.2,0,CIRCLE,280,1
5552,0.5,0.5,0.5,-35.282,-178.598,0,-817.691,101.41,0,2.31481e+12,3,0.2,0,CIRCLE,280,1
5560,0.5,0.5,0.5,-117.692,-203.601,0,-942.704,513.461,0,2.31481e+12,3,0.2,0,CIRCLE,280,1
5564,0.5,0.5,0.5,-101.161,171.379,0,932.195,430.806,0,2.31481e+12,3,0.2,0,CIRCLE,280,1
5565,0.5,0.5,0.5,-181.236,-105.277,0,-451.087,831.181,0,2.31481e+12,3,0.2,0,CIRCLE,280,1
5569,0.5,0.5,0.5,-187.15,92.9332,0,539.966,860.75,0,2.31481e+12,3,0.2,0,CIRCLE,280,1
5570,0.5,0.5,0.5,-4.48816,-244.45,0,-1146.95,-52.5592,0,2.31481e+12,3,0.2,0,CIRCLE,280,1
5572,0.5,0.5,0.5,-30.49,-159.151,0,-720.455,77.4502,0,2.31481e+12,3,0.2,0,CIRCLE,280,1
5574,0.5,0.5,0.5,67.2826,-126.353,0,-556.465,-411.413,0,2.31481e+12,3,0.2,0,CIRCLE,280,1
5576,0.5,0.5,0.5,-98.3578,-51.5027,0,-182.213,416.789,0,2.31481e+12,3,0.2,0,CIRCLE,280,1
5577,0.5,0.5,0.5,-128.04,106.388,0,607.24,565.201,0,2.31481e+12,3,0.2,0,CIRCLE,280,1
5578,0.5,0.5,0.5,-96.2524,163.721,0,893.906,406.262,0,2.31481e+12,3,0.2,0,CIRCLE,280,1
5579,0.5,0.5,0.5,72.5412,-212.406,0,-986.732,-437.706,0,2.31481e+12,3,0.2,0,CIRCLE,280,1
5592,0.5,0.5,0.5,-204.421,157.253,0,861.563,947.107,0,2.31481e+12,3,0.2,0,CIRCLE,280,1
5593,0.5,0.5,0.5,-43.8124,163.79,0,894.251,144.062,0,2.31481e+12,3,0.2,0,CIRCLE,280,1
5599,0.5,0.5,0.5,-125.147,40.5643,0,278.121,550.733,0,2.31481e+12,3,0.2,0,CIRCLE,280,1
5607,0.5,0.5,0.5,-190.158,73.4021,0,442.31,875.792,0,2.31481e+12,3,0.2,0,CIRCLE,280,1
5610,0.5,0.5,0.5,-28.9244,39.9059,0,274.829,69.622,0,2.31481e+12,3,0.2,0,CIRCLE,280,1
5616,0.5,0.5,0.5,-90.157,-65.4604,0,-252.002,375.785,0,2.31481e+12,3,0.2,0,CIRCLE,280,1
5619,0.5,0.5,0.5,61.9272,-59.0688,0,-220.044,-384.636,0,2.31481e+12,3,0.2,0,CIRCLE,280,1
5623,0.5,0.5,0.5,-80.5373,-103.248,0,-440.941,327.687,0,2.31481e+12,3,0.2,0,CIRCLE,280,1
5625,0.5,0.5,0.5,-156.417,-127.19,0,-560.65,707.087,0,2.31481e+12,3,0.2,0,CIRCLE,280,1
5627,0.5,0.5,0.5,67.9735,140.173,0,776.166,-414.867,0,2.31481e+12,3,0.2,0,CIRCLE,280,1
5633,0.5,0.5,0.5,159.824,82.3646,0,487.123,-874.122,0,2.31481e+12,3,0.2,0,CIRCLE,280,1
5635,0.5,0.5,0.5,145.735,-233.485,0,-1092.13,-803.675,0,2.31481e+12,3,0.2,0,CIRCLE,280,1
5650,0.5,0.5,0.5,-205.791,36.052,0,255.56,953.953,0,2.31481e+12,3,0.2,0,CIRCLE,280,1
5656,0.5,0.5,0.5,-31.7302,-166.32,0,-756.3,83.6509,0,2.31481e+12,3,0.2,0,CIRCLE,280,1
5669,0.5,0.5,0.5,-108.912,-26.7753,0,-58.5764,469.559,0,2.31481e+12,3,0.2,0,CIRCLE,280,1
5671,0.5,0.5,0.5,-57.3097,14.1783,0,146.191,211.549,0,2.31481e+12,3,0.2,0,CIRCLE,280,1
5680,0.5,0.5,0.5,204.164,72.6486,0,438.543,-1095.82,0,2.31481e+12,3,0.2,0,CIRCLE,280,1
5682,0.5,0.5,0.5,195.661,102.959,0,590.094,-1053.3,0,2.31481e+12,3,0.2,0,CIRCLE,280,1
5688,0.5,0.5,0.5,-158.354,45.01,0,300.35,716.768,0,2.31481e+12,3,0.2,0,CIRCLE,280,1
5691,0.5,0.5,0.5,-147.866,-33.682,0,-93.11,664.328,0,2.31481e+12,3,0.2,0,CIRCLE,280,1
5699,0.5,0.5,0.5,144.103,76.2657,0,456.628,-795.513,0,2.31481e+12,3,0.2,0,CIRCLE,280,1
5703,0.5,0.5,0.5,36.6751,-108.259,0,-465.993,-258.375,0,2.31481e+12,3,0.2,0,CIRCLE,280,1
5712,0.5,0.5,0.5,64.7426,-26.1891,0,-55.6454,-398.713,0,2.31481e+12,3,0.2,0,CIRCLE,280,1
5715,0.5,0.5,0.5,-161.303,196.299,0,1056.79,731.513,0,2.31481e+12,3,0.2,0,CIRCLE,280,1
5719,0.5,0.5,0.5,-97.3626,-248.528,0,-1167.34,411.813,0,2.31481e+12,3,0.2,0,CIRCLE,280,1
5724,0.5,0.5,0.5,-154.398,74.9895,0,450.247,696.989,0,2.31481e+12,3,0.2,0,CIRCLE,280,1
5729,0.5,0.5,0.5,-146.242,-7.73215,0,36.6392,656.211,0,2.31481e+12,3,0.2,0,CIRCLE,280,1
5734,0.5,0.5,0.5,-4.23735,9.72916,0,123.946,-53.8133,0,2.31481e+12,3,0.2,0,CIRCLE,280,1
5735,0.5,0.5,0.5,134.107,-115.588,0,-502.642,-745.537,0,2.31481e+12,3,0.2,0,CIRCLE,280,1
5737,0.5,0.5,0.5,164.559,102.557,0,588.084,-897.794,0,2.31481e+12,3,0.2,0,CIRCLE,280,1
5740,0.5,0.5,0.5,203.498,-184.852,0,-848.959,-1092.49,0,2.31481e+12,3,0.2,0,CIRCLE,280,1
5751,0.5,0.5,0.5,137.676,76.8724,0,459.662,-763.38,0,2.31481e+12,3,0.2,0,CIRCLE,280,1
5752,0.5,0.5,0.5,31.6957,-112.96,0,-489.499,-233.479,0,2.31481e+12,3,0.2,0,CIRCLE,280,1
5754,0.5,0.5,0.5,230.849,59.3225,0,371.912,-1229.24,0,2.31481e+12,3,0.2,0,CIRCLE,280,1
5755,0.5,0.5,0.5,111.757,-51.3651,0,-181.526,-633.786,0,2.31481e+12,3,0.2,0,CIRCLE,280,1
5770,0.5,0.5,0.5,80.6005,122.199,0,686.293,-478.002,0,2.31481e+12,3,0.2,0,CIRCLE,280,1
5780,0.5,0.5,0.5,157.082,-145.362,0,-651.508,-860.411,0,2.31481e+12,3,0.2,0,CIRCLE,280,1
5797,0.5,0.5,0.5,-218.166,-75.9305,0,-304.352,1015.83,0,2.31481e+12,3,0.2,0,CIRCLE,280,1
5799,0.5,0.5,0.5,99.5652,39.9148,0,274.874,-572.826,0,2.31481e+12,3,0.2,0,CIRCLE,280,1
5803,0.5,0.5,0.5,30.0423,-206.825,0,-958.824,-225.211,0,2.31481e+12,3,0.2,0,CIRCLE,280,1
5804,0.5,0.5,0.5,-70.5957,-253.723,0,-1193.31,277.979,0,2.31481e+12,3,0.2,0,CIRCLE,280,1
5805,0.5,0.5,0.5,11.7812,-287.039,0,-1359.9,-133.906,0,2.31481e+12,3,0.2,0,CIRCLE,280,1
5810,0.5,0.5,0.5,133.683,114.108,0,645.839,-743.413,0,2.31481e+12,3,0.2,0,CIRCLE,280,1
5822,0.5,0.5,0.5,-8.72692,-130.179,0,-575.595,-31.3654,0,2.31481e+12,3,0.2,0,CIRCLE,280,1
5836,0.5,0.5,0.5,-56.6394,160.442,0,877.51,208.197,0,2.31481e+12,3,0.2,0,CIRCLE,280,1
5837,0.5,0.5,0.5,250.246,-23.6496,0,-42.9478,-1326.23,0,2.31481e+12,3,0.2,0,CIRCLE,280,1
5838,0.5,0.5,0.5,62.8511,104.925,0,599.925,-389.255,0,2.31481e+12,3,0.2,0,CIRCLE,280,1
5859,0.5,0.5,0.5,-144.794,108.746,0,619.031,648.97,0,2.31481e+12,3,0.2,0,CIRCLE,280,1
5863,0.5,0.5,0.5,254.464,56.633,0,358.465,-1347.32,0,2.31481e+12,3,0.2,0,CIRCLE,280,1
5865,0.5,0.5,0.5,-73.1179,138.613,0,768.367,290.59,0,2.31481e+12,3,0.2,0,CIRCLE,280,1
5867,0.5,0.5,0.5,-14.4656,-274.252,0,-1295.96,-2.67205,0,2.31481e+12,3,0.2,0,CIRCLE,280,1
5877,0.5,0.5,0.5,-249.516,-72.8139,0,-288.77,1172.58,0,2.31481e+12,3,0.2,0,CIRCLE,280,1
5888,0.5,0.5,0.5,-64.2008,25.4034,0,202.317,246.004,0,2.31481e+12,3,0.2,0,CIRCLE,280,1
5899,0.5,0.5,0.5,-188.19,-208.58,0,-967.6,865.95,0,2.31481e+12,3,0.2,0,CIRCLE,280,1
5902,0.5,0.5,0.5,-86.8611,-207.725,0,-963.324,359.305,0,2.31481e+12,3,0.2,0,CIRCLE,280,1
5907,0.5,0.5,0.5,-112.707,-256.725,0,-1208.32,488.537,0,2.31481e+12,3,0.2,0,CIRCLE,280,1
5910,0.5,0.5,0.5,239.838,-73.8724,0,-294.062,-1274.19,0,2.31481e+12,3,0.2,0,CIRCLE,280,1
5915,0.5,0.5,0.5,-178.97,194.747,0,1049.03,819.85,0,2.31481e+12,3,0.2,0,CIRCLE,280,1
5929,0.5,0.5,0.5,-12.6141,-226.777,0,-1058.58,-11.9294,0,2.31481e+12,3,0.2,0,CIRCLE,280,1
5933,0.5,0.5,0.5,-93.2726,-25.0736,0,-50.068,391.363,0,2.31481e+12,3,0.2,0,CIRCLE,280,1
5945,0.5,0.5,0.5,103.909,78.3165,0,466.882,-594.547,0,2.31481e+12,3,0.2,0,CIRCLE,280,1
5948,0.5,0.5,0.5,98.8282,-72.4352,0,-286.876,-569.141,0,2.31481e+12,3,0.2,0,CIRCLE,280,1
5962,0.5,0.5,0.5,-98.4965,197.406,0,1062.33,417.482,0,2.31481e+12,3,0.2,0,CIRCLE,280,1
5970,0.5,0.5,0.5,-271.67,57.651,0,363.555,1283.35,0,2.31481e+12,3,0.2,0,CIRCLE,280,1
5972,0.5,0.5,0.5,210.61,-132.553,0,-587.467,-1128.05,0,2.31481e+12,3,0.2,0,CIRCLE,280,1
5973,0.5,0.5,0.5,-12.3088,150.589,0,828.245,-13.4562,0,2.31481e+12,3,0.2,0,CIRCLE,280,1
5978,0.5,0.5,0.5,20.8458,-291.742,0,-1383.41,-179.229,0,2.31481e+12,3,0.2,0,CIRCLE,280,1
5982,0.5,0.5,0.5,-135.7,-52.8952,0,-189.176,603.498,0,2.31481e+12,3,0.2,0,CIRCLE,280,1
5999,0.5,0.5,0.5,129.437,20.534,0,177.97,-722.187,0,2.31481e+12,3,0.2,0,CIRCLE,280,1
6004,0.5,0.5,0.5,75.3014,-231.151,0,-1080.45,-451.507,0,2.31481e+12,3,0.2,0,CIRCLE,280,1
6012,0.5,0.5,0.5,229.287,26.232,0,206.46,-1221.44,0,2.31481e+12,3,0.2,0,CIRCLE,280,1
6040,0.5,0.5,0.5,44.3646,212.035,0,1135.48,-296.823,0,2.31481e+12,3,0.2,0,CIRCLE,280,1
6053,0.5,0.5,0.5,139.194,-80.2964,0,-326.182,-770.971,0,2.31481e+12,3,0.2,0,CIRCLE,280,1
6055,0.5,0.5,0.5,16.9835,59.9763,0,375.182,-159.918,0,2.31481e+12,3,0.2,0,CIRCLE,280,1
6066,0.5,0.5,0.5,91.5609,221.856,0,1184.58,-532.804,0,2.31481e+12,3,0.2,0,CIRCLE,280,1
6067,0.5,0.5,0.5,4.55449,186.806,0,1009.33,-97.7725,0,2.31481e+12,3,0.2,0,CIRCLE,280,1
6069,0.5,0.5,0.5,1.81849,31.0885,0,230.742,-84.0924,0,2.31481e+12,3,0.2,0,CIRCLE,280,1
6070,0.5,0.5,0.5,44.6273,93.344,0,542.02,-298.136,0,2.31481e+12,3,0.2,0,CIRCLE,280,1
6073,0.5,0.5,0.5,-8.70306,-238.714,0,-1118.27,-31.4847,0,2.31481e+12,3,0.2,0,CIRCLE,280,1
6079,0.5,0.5,0.5,16.0397,-246.952,0,-1159.46,-155.199,0,2.31481e+12,3,0.2,0,CIRCLE,280,1
6080,0.5,0.5,0.5,10.5815,100.81,0,579.351,-127.907,0,2.31481e+12,3,0.2,0,CIRCLE,280,1
6090,0.5,0.5,0.5,-87.6815,-197.119,0,-910.295,363.407,0,2.31481e+12,3,0.2,0,CIRCLE,280,1
6094,0.5,0.5,0.5,137.288,-48.4324,0,-166.862,-761.44,0,2.31481e+12,3,0.2,0,CIRCLE,280,1
6103,0.5,0.5,0.5,32.3866,-253.042,0,-1189.91,-236.933,0,2.31481e+12,3,0.2,0,CIRCLE,280,1
6104,0.5,0.5,0.5,117.098,-252.324,0,-1186.32,-660.49,0,2.31481e+12,3,0.2,0,CIRCLE,280,1
6105,0.5,0.5,0.5,194.207,161.795,0,884.274,-1046.03,0,2.31481e+12,3,0.2,0,CIRCLE,280,1
6111,0.5,0.5,0.5,26.706,198.349,0,1067.05,-208.53,0,2.31481e+12,3,0.2,0,CIRCLE,280,1
6113,0.5,0.5,0.5,91.0503,127.429,0,712.446,-530.252,0,2.31481e+12,3,0.2,0,CIRCLE,280,1
6116,0.5,0.5,0.5,-79.3602,-211.298,0,-981.192,321.801,0,2.31481e+12,3,0.2,0,CIRCLE,280,1
6125,0.5,0.5,0.5,-107.374,-93.473,0,-392.065,461.868,0,2.31481e+12,3,0.2,0,CIRCLE,280,1
6127,0.5,0.5,0.5,-211.399,142.41,0,787.349,981.993,0,2.31481e+12,3,0.2,0,CIRCLE,280,1
6134,0.5,0.5,0.5,84.8613,39.6909,0,273.755,-499.307,0,2.31481e+12,3,0.2,0,CIRCLE,280,1
6144,0.5,0.5,0.5,-255.647,-55.4041,0,-201.72,1203.24,0,2.31481e+12,3,0.2,0,CIRCLE,280,1
6145,0.5,0.5,0.5,-63.5046,168.275,0,916.675,242.523,0,2.31481e+12,3,0.2,0,CIRCLE,280,1
6151,0.5,0.5,0.5,226.639,-0.293663,0,73.8317,-1208.19,0,2.31481e+12,3,0.2,0,CIRCLE,280,1
6159,0.5,0.5,0.5,76.3549,-69.9488,0,-274.444,-456.775,0,2.31481e+12,3,0.2,0,CIRCLE,280,1
6173,0.5,0.5,0.5,-110.431,-1.18949,0,69.3526,477.156,0,2.31481e+12,3,0.2,0,CIRCLE,280,1
6175,0.5,0.5,0.5,-156.183,-188.563,0,-867.514,705.914,0,2.31481e+12,3,0.2,0,CIRCLE,280,1
6182,0.5,0.5,0.5,-261.532,110.196,0,626.282,1232.66,0,2.31481e+12,3,0.2,0,CIRCLE,280,1
6186,0.5,0.5,0.5,241.438,28.6875,0,218.738,-1282.19,0,2.31481e+12,3,0.2,0,CIRCLE,280,1
6187,0.5,0.5,0.5,134.344,34.116,0,245.88,-746.721,0,2.31481e+12,3,0.2,0,CIRCLE,280,1
6197,0.5,0.5,0.5,-137.939,-80.4272,0,-326.836,614.697,0,2.31481e+12,3,0.2,0,CIRCLE,280,1
6213,0.5,0.5,0.5,-112.788,65.8701,0,404.651,488.942,0,2.31481e+12,3,0.2,0,CIRCLE,280,1
6220,0.5,0.5,0.5,163.186,16.1305,0,155.952,-890.932,0,2.31481e+12,3,0.2,0,CIRCLE,280,1
6235,0.5,0.5,0.5,-95.9178,-108.213,0,-465.766,404.589,0,2.31481e+12,3,0.2,0,CIRCLE,280,1
6238,0.5,0.5,0.5,174.875,63.7366,0,393.983,-949.373,0,2.31481e+12,3,0.2,0,CIRCLE,280,1
6247,0.5,0.5,0.5,-193.94,-215.78,0,-1003.6,894.699,0,2.31481e+12,3,0.2,0,CIRCLE,280,1
6254,0.5,0.5,0.5,6.4789,-35.6478,0,-102.939,-107.394,0,2.31481e+12,3,0.2,0,CIRCLE,280,1
6263,0.5,0.5,0.5,15.354,-4.51814,0,52.7093,-151.77,0,2.31481e+12,3,0.2,0,CIRCLE,280,1
6270,0.5,0.5,0.5,32.3091,219.829,0,1174.45,-236.545,0,2.31481e+12,3,0.2,0,CIRCLE,280,1
6274,0.5,0.5,0.5,12.5885,-25.3638,0,-51.5189,-137.942,0,2.31481e+12,3,0.2,0,CIRCLE,280,1
6286,0.5,0.5,0.5,-194.642,-96.7231,0,-408.315,898.211,0,2.31481e+12,3,0.2,0,CIRCLE,280,1
6293,0.5,0.5,0.5,7.30405,143.57,0,793.152,-111.52,0,2.31481e+12,3,0.2,0,CIRCLE,280,1
6295,0.5,0.5,0.5,34.9744,-153.595,0,-692.677,-249.872,0,2.31481e+12,3,0.2,0,CIRCLE,280,1
6299,0.5,0.5,0.5,138.894,-0.943964,0,70.5802,-769.472,0,2.31481e+12,3,0.2,0,CIRCLE,280,1
6305,0.5,0.5,0.5,68.1997,89.6581,0,523.59,-415.998,0,2.31481e+12,3,0.2,0,CIRCLE,280,1
6308,0.5,0.5,0.5,69.4069,-264.419,0,-1246.79,-422.034,0,2.31481e+12,3,0.2,0,CIRCLE,280,1
6309,0.5,0.5,0.5,218.06,-104.186,0,-445.631,-1165.3,0,2.31481e+12,3,0.2,0,CIRCLE,280,1
6314,0.5,0.5,0.5,-31.5006,105.406,0,602.329,82.5028,0,2.31481e+12,3,0.2,0,CIRCLE,280,1
6315,0.5,0.5,0.5,106.777,0.850647,0,79.5532,-608.885,0,2.31481e+12,3,0.2,0,CIRCLE,280,1
6317,0.5,0.5,0.5,-171.974,-182.532,0,-837.361,784.868,0,2.31481e+12,3,0.2,0,CIRCLE,280,1
6318,0.5,0.5,0.5,7.46686,-256.507,0,-1207.24,-112.334,0,2.31481e+12,3,0.2,0,CIRCLE,280,1
6327,0.5,0.5,0.5,128.716,198.767,0,1069.13,-718.581,0,2.31481e+12,3,0.2,0,CIRCLE,280,1
6335,0.5,0.5,0.5,171.247,93.4566,0,542.583,-931.237,0,2.31481e+12,3,0.2,0,CIRCLE,280,1
6342,0.5,0.5,0.5,-204.655,-21.8946,0,-34.1729,948.275,0,2.31481e+12,3,0.2,0,CIRCLE,280,1
6348,0.5,0.5,0.5,73.0203,56.7886,0,359.243,-440.101,0,2.31481e+12,3,0.2,0,CIRCLE,280,1
6352,0.5,0.5,0.5,-70.1484,188.945,0,1020.02,275.742,0,2.31481e+12,3,0.2,0,CIRCLE,280,1
6353,0.5,0.5,0.5,146.927,-186.859,0,-858.995,-809.636,0,2.31481e+12,3,0.2,0,CIRCLE,280,1
6354,0.5,0.5,0.5,234.278,33.9899,0,245.25,-1246.39,0,2.31481e+12,3,0.2,0,CIRCLE,280,1
6355,0.5,0.5,0.5,19.661,-59.399,0,-221.695,-173.305,0,2.31481e+12,3,0.2,0,CIRCLE,280,1
6360,0.5,0.5,0.5,13.2791,14.704,0,148.82,-141.396,0,2.31481e+12,3,0.2,0,CIRCLE,280,1
6370,0.5,0.5,0.5,-219.732,159.329,0,871.947,1023.66,0,2.31481e+12,3,0.2,0,CIRCLE,280,1
6374,0.5,0.5,0.5,40.5992,131.32,0,731.899,-277.996,0,2.31481e+12,3,0.2,0,CIRCLE,280,1
6389,0.5,0.5,0.5,72.5228,-92.0066,0,-384.733,-437.614,0,2.31481e+12,3,0.2,0,CIRCLE,280,1
6395,0.5,0.5,0.5,48.0785,-286.915,0,-1359.28,-315.393,0,2.31481e+12,3,0.2,0,CIRCLE,280,1
6397,0.5,0.5,0.5,3.01733,161.088,0,880.742,-90.0866,0,2.31481e+12,3,0.2,0,CIRCLE,280,1
6398,0.5,0.5,0.5,-29.0051,31.7391,0,233.996,70.0254,0,2.31481e+12,3,0.2,0,CIRCLE,280,1
6400,0.5,0.5,0.5,-189.313,175.528,0,952.938,871.563,0,2.31481e+12,3,0.2,0,CIRCLE,280,1
6402,0.5,0.5,0.5,201.856,-25.0703,0,-50.0515,-1084.28,0,2.31481e+12,3,0.2,0,CIRCLE,280,1
6406,0.5,0.5,0.5,-62.7301,222.036,0,1185.48,238.65,0,2.31481e+12,3,0.2,0,CIRCLE,280,1
6415,0.5,0.5,0.5,58.6593,-105.252,0,-450.96,-368.296,0,2.31481e+12,3,0.2,0,CIRCLE,280,1
6424,0.5,0.5,0.5,-177.213,0.74155,0,79.0078,811.064,0,2.31481e+12,3,0.2,0,CIRCLE,280,1
6426,0.5,0.5,0.5,-99.1174,217.099,0,1160.79,420.587,0,2.31481e+12,3,0.2,0,CIRCLE,280,1
6427,0.5,0.5,0.5,-233.488,108.141,0,616.003,1092.44,0,2.31481e+12,3,0.2,0,CIRCLE,280,1
6431,0.5,0.5,0.5,52.7176,-53.1232,0,-190.316,-338.588,0,2.31481e+12,3,0.2,0,CIRCLE,280,1
6436,0.5,0.5,0.5,-68.5134,164.592,0,898.26,267.567,0,2.31481e+12,3,0.2,0,CIRCLE,280,1
6441,0.5,0.5,0.5,69.75,-45.7841,0,-153.621,-423.75,0,2.31481e+12,3,0.2,0,CIRCLE,280,1
6444,0.5,0.5,0.5,-7.61769,-4.59799,0,52.3101,-36.9115,0,2.31481e+12,3,0.2,0,CIRCLE,280,1
6455,0.5,0.5,0.5,64.2572,-75.3772,0,-301.586,-396.286,0,2.31481e+12,3,0.2,0,CIRCLE,280,1
6458,0.5,0.5,0.5,-46.8691,203.811,0,1094.35,159.346,0,2.31481e+12,3,0.2,0,CIRCLE,280,1
6461,0.5,0.5,0.5,40.6898,148.94,0,819.998,-278.449,0,2.31481e+12,3,0.2,0,CIRCLE,280,1
6464,0.5,0.5,0.5,-102.605,224.854,0,1199.57,438.025,0,2.31481e+12,3,0.2,0,CIRCLE,280,1
6468,0.5,0.5,0.5,-90.0478,88.1052,0,515.826,375.239,0,2.31481e+12,3,0.2,0,CIRCLE,280,1
6473,0.5,0.5,0.5,-97.3465,-218.722,0,-1018.31,411.732,0,2.31481e+12,3,0.2,0,CIRCLE,280,1
6476,0.5,0.5,0.5,76.5331,-223.237,0,-1040.89,-457.666,0,2.31481e+12,3,0.2,0,CIRCLE,280,1
6477,0.5,0.5,0.5,-159.094,105.614,0,603.369,720.469,0,2.31481e+12,3,0.2,0,CIRCLE,280,1
6483,0.5,0.5,0.5,-23.8002,123.78,0,694.201,44.0012,0,2.31481e+12,3,0.2,0,CIRCLE,280,1
6506,0.5,0.5,0.5,-163.499,-219.511,0,-1022.25,742.495,0,2.31481e+12,3,0.2,0,CIRCLE,280,1
6514,0.5,0.5,0.5,143.191,-99.1294,0,-420.347,-790.956,0,2.31481e+12,3,0.2,0,CIRCLE,280,1
6516,0.5,0.5,0.5,-89.6755,-113.565,0,-492.523,373.378,0,2.31481e+12,3,0.2,0,CIRCLE,280,1
6521,0.5,0.5,0.5,210.711,84.6404,0,498.502,-1128.56,0,2.31481e+12,3,0.2,0,CIRCLE,280,1
6523,0.5,0.5,0.5,79.9668,-255.164,0,-1200.52,-474.834,0,2.31481e+12,3,0.2,0,CIRCLE,280,1
6532,0.5,0.5,0.5,-54.186,-86.0565,0,-354.983,195.93,0,2.31481e+12,3,0.2,0,CIRCLE,280,1
6534,0.5,0.5,0.5,-44.2278,-123.916,0,-544.28,146.139,0,2.31481e+12,3,0.2,0,CIRCLE,280,1
6539,0.5,0.5,0.5,-8.54506,16.5713,0,158.156,-32.2747,0,2.31481e+12,3,0.2,0,CIRCLE,280,1
6546,0.5,0.5,0.5,-188.315,-221.752,0,-1033.46,866.574,0,2.31481e+12,3,0.2,0,CIRCLE,280,1
6550,0.5,0.5,0.5,-124.025,-248.248,0,-1165.94,545.123,0,2.31481e+12,3,0.2,0,CIRCLE,280,1
6563,0.5,0.5,0.5,72.8857,171.761,0,934.105,-439.428,0,2.31481e+12,3,0.2,0,CIRCLE,280,1
6584,0.5,0.5,0.5,20.7319,-283.583,0,-1342.62,-178.66,0,2.31481e+12,3,0.2,0,CIRCLE,280,1
6585,0.5,0.5,0.5,162.292,-151.137,0,-680.384,-886.461,0,2.31481e+12,3,0.2,0,CIRCLE,280,1
6595,0.5,0.5,0.5,95.2118,-137.642,0,-612.91,-551.059,0,2.31481e+12,3,0.2,0,CIRCLE,280,1
6606,0.5,0.5,0.5,-117.999,-211.733,0,-983.363,514.995,0,2.31481e+12,3,0.2,0,CIRCLE,280,1
6622,0.5,0.5,0.5,91.4708,104.628,0,598.439,-532.354,0,2.31481e+12,3,0.2,0,CIRCLE,280,1
6633,0.5,0.5,0.5,-5.05337,-219.26,0,-1021,-49.7331,0,2.31481e+12,3,0.2,0,CIRCLE,280,1
6639,0.5,0.5,0.5,-251.556,-127.581,0,-562.606,1182.78,0,2.31481e+12,3,0.2,0,CIRCLE,280,1
6656,0.5,0.5,0.5,122.375,-96.2719,0,-406.059,-686.874,0,2.31481e+12,3,0.2,0,CIRCLE,280,1
6665,0.5,0.5,0.5,74.3986,-171.142,0,-780.412,-446.993,0,2.31481e+12,3,0.2,0,CIRCLE,280,1
6671,0.5,0.5,0.5,-62.087,65.9585,0,405.092,235.435,0,2.31481e+12,3,0.2,0,CIRCLE,280,1
6673,0.5,0.5,0.5,78.4548,-136.961,0,-609.505,-467.274,0,2.31481e+12,3,0.2,0,CIRCLE,280,1
6675,0.5,0.5,0.5,231.281,-86.9859,0,-359.63,-1231.4,0,2.31481e+12,3,0.2,0,CIRCLE,280,1
6676,0.5,0.5,0.5,-3.08088,118.104,0,665.82,-59.5956,0,2.31481e+12,3,0.2,0,CIRCLE,280,1
6683,0.5,0.5,0.5,-13.8193,-100.809,0,-428.745,-5.90331,0,2.31481e+12,3,0.2,0,CIRCLE,280,1
6686,0.5,0.5,0.5,-79.1681,133.019,0,740.396,320.841,0,2.31481e+12,3,0.2,0,CIRCLE,280,1
6695,0.5,0.5,0.5,116.027,-180.145,0,-825.427,-655.135,0,2.31481e+12,3,0.2,0,CIRCLE,280,1
6699,0.5,0.5,0.5,-95.782,138.795,0,769.273,403.91,0,2.31481e+12,3,0.2,0,CIRCLE,280,1
6720,0.5,0.5,0.5,197.639,-106.347,0,-456.435,-1063.19,0,2.31481e+12,3,0.2,0,CIRCLE,280,1
6721,0.5,0.5,0.5,166.879,182.008,0,985.339,-909.394,0,2.31481e+12,3,0.2,0,CIRCLE,280,1
6725,0.5,0.5,0.5,48.8323,-202.555,0,-937.475,-319.161,0,2.31481e+12,3,0.2,0,CIRCLE,280,1
6737,0.5,0.5,0.5,-136.531,92.9457,0,540.029,607.655,0,2.31481e+12,3,0.2,0,CIRCLE,280,1
6743,0.5,0.5,0.5,159.105,56.221,0,356.405,-870.524,0,2.31481e+12,3,0.2,0,CIRCLE,280,1
6762,0.5,0.5,0.5,-178.079,-192.155,0,-885.475,815.396,0,2.31481e+12,3,0.2,0,CIRCLE,280,1
6763,0.5,0.5,0.5,-77.7709,23.5222,0,192.911,313.854,0,2.31481e+12,3,0.2,0,CIRCLE,280,1
6769,0.5,0.5,0.5,-136.82,-62.0866,0,-235.133,609.099,0,2.31481e+12,3,0.2,0,CIRCLE,280,1
6773,0.5,0.5,0.5,-85.2274,-267.021,0,-1259.81,351.137,0,2.31481e+12,3,0.2,0,CIRCLE,280,1
6779,0.5,0.5,0.5,109.425,-88.8685,0,-369.042,-622.124,0,2.31481e+12,3,0.2,0,CIRCLE,280,1
6791,0.5,0.5,0.5,-224.381,-107.072,0,-460.059,1046.91,0,2.31481e+12,3,0.2,0,CIRCLE,280,1
6798,0.5,0.5,0.5,165.234,-174.377,0,-796.586,-901.171,0,2.31481e+12,3,0.2,0,CIRCLE,280,1
6803,0.5,0.5,0.5,139.376,-64.9194,0,-249.297,-771.881,0,2.31481e+12,3,0.2,0,CIRCLE,280,1
6827,0.5,0.5,0.5,-104.094,205.173,0,1101.16,445.471,0,2.31481e+12,3,0.2,0,CIRCLE,280,1
6835,0.5,0.5,0.5,77.3629,-239.1,0,-1120.2,-461.815,0,2.31481e+12,3,0.2,0,CIRCLE,280,1
6871,0.5,0.5,0.5,-120.217,106.345,0,607.026,526.083,0,2.31481e+12,3,0.2,0,CIRCLE,280,1
6882,0.5,0.5,0.5,-167.986,43.3926,0,292.263,764.93,0,2.31481e+12,3,0.2,0,CIRCLE,280,1
6887,0.5,0.5,0.5,-24.6229,-164.932,0,-749.361,48.1144,0,2.31481e+12,3,0.2,0,CIRCLE,280,1
6889,0.5,0.5,0.5,-128.425,-84.1597,0,-345.499,567.123,0,2.31481e+12,3,0.2,0,CIRCLE,280,1
6900,0.5,0.5,0.5,-220.848,68.4011,0,417.306,1029.24,0,2.31481e+12,3,0.2,0,CIRCLE,280,1
6907,0.5,0.5,0.5,-12.9846,62.4075,0,387.338,-10.0771,0,2.31481e+12,3,0.2,0,CIRCLE,280,1
6914,0.5,0.5,0.5,52.4712,-160.913,0,-729.266,-337.356,0,2.31481e+12,3,0.2,0,CIRCLE,280,1
6923,0.5,0.5,0.5,-193.571,-121.873,0,-534.063,892.855,0,2.31481e+12,3,0.2,0,CIRCLE,280,1
6939,0.5,0.5,0.5,-49.8053,129.184,0,721.22,174.026,0,2.31481e+12,3,0.2,0,CIRCLE,280,1
6953,0.5,0.5,0.5,94.2119,163.63,0,893.448,-546.059,0,2.31481e+12,3,0.2,0,CIRCLE,280,1
6959,0.5,0.5,0.5,174.854,105.893,0,604.763,-949.271,0,2.31481e+12,3,0.2,0,CIRCLE,280,1
6961,0.5,0.5,0.5,-285.479,-71.315,0,-281.275,1352.4,0,2.31481e+12,3,0.2,0,CIRCLE,280,1
6979,0.5,0.5,0.5,52.765,-100.142,0,-425.409,-338.825,0,2.31481e+12,3,0.2,0,CIRCLE,280,1
6981,0.5,0.5,0.5,-122.121,99.9873,0,575.236,535.604,0,2.31481e+12,3,0.2,0,CIRCLE,280,1
6988,0.5,0.5,0.5,-193.754,115.019,0,650.395,893.77,0,2.31481e+12,3,0.2,0,CIRCLE,280,1
6989,0.5,0.5,0.5,104.242,-171.919,0,-784.295,-596.211,0,2.31481e+12,3,0.2,0,CIRCLE,280,1
6997,0.5,0.5,0.5,56.398,-150.393,0,-676.663,-356.99,0,2.31481e+12,3,0.2,0,CIRCLE,280,1
7004,0.5,0.5,0.5,146.079,120.121,0,675.904,-805.397,0,2.31481e+12,3,0.2,0,CIRCLE,280,1
7012,0.5,0.5,0.5,-144.539,84.8837,0,499.718,647.693,0,2.31481e+12,3,0.2,0,CIRCLE,280,1
7024,0.5,0.5,0.5,-104.153,-14.7692,0,1.45395,445.767,0,2.31481e+12,3,0.2,0,CIRCLE,280,1
7027,0.5,0.5,0.5,-99.7705,-276.768,0,-1308.54,423.852,0,2.31481e+12,3,0.2,0,CIRCLE,280,1
7028,0.5,0.5,0.5,170.821,149.572,0,823.158,-929.104,0,2.31481e+12,3,0.2,0,CIRCLE,280,1
7043,0.5,0.5,0.5,14.4977,225.387,0,1202.23,-147.489,0,2.31481e+12,3,0.2,0,CIRCLE,280,1
7059,0.5,0.5,0.5,112.291,-132.211,0,-585.757,-636.457,0,2.31481e+12,3,0.2,0,CIRCLE,280,1
7067,0.5,0.5,0.5,85.7071,-52.2594,0,-185.997,-503.536,0,2.31481e+12,3,0.2,0,CIRCLE,280,1
7073,0.5,0.5,0.5,-105.135,157.403,0,862.313,450.674,0,2.31481e+12,3,0.2,0,CIRCLE,280,1
7080,0.5,0.5,0.5,185.443,35.4551,0,252.576,-1002.22,0,2.31481e+12,3,0.2,0,CIRCLE,280,1
7096,0.5,0.5,0.5,114.29,-157.657,0,-712.985,-646.451,0,2.31481e+12,3,0.2,0,CIRCLE,280,1
7105,0.5,0.5,0.5,-183.683,99.1477,0,571.038,843.417,0,2.31481e+12,3,0.2,0,CIRCLE,280,1
7115,0.5,0.5,0.5,107.306,-35.8123,0,-103.762,-611.53,0,2.31481e+12,3,0.2,0,CIRCLE,280,1
7130,0.5,0.5,0.5,-56.2737,-112.401,0,-486.704,206.369,0,2.31481e+12,3,0.2,0,CIRCLE,280,1
7131,0.5,0.5,0.5,191.265,-33.5203,0,-92.3017,-1031.33,0,2.31481e+12,3,0.2,0,CIRCLE,280,1
7139,0.5,0.5,0.5,-169.717,-43.6688,0,-143.044,773.583,0,2.31481e+12,3,0.2,0,CIRCLE,280,1
7162,0.5,0.5,0.5,35.5997,-190.644,0,-877.918,-252.999,0,2.31481e+12,3,0.2,0,CIRCLE,280,1
7166,0.5,0.5,0.5,44.9876,-270.474,0,-1277.07,-299.938,0,2.31481e+12,3,0.2,0,CIRCLE,280,1
7167,0.5,0.5,0.5,-209.628,4.75407,0,99.0704,973.142,0,2.31481e+12,3,0.2,0,CIRCLE,280,1
7168,0.5,0.5,0.5,113.297,114.44,0,647.499,-641.485,0,2.31481e+12,3,0.2,0,CIRCLE,280,1
7173,0.5,0.5,0.5,150.499,-23.5443,0,-42.4214,-827.494,0,2.31481e+12,3,0.2,0,CIRCLE,280,1
7181,0.5,0.5,0.5,-174.341,153.628,0,843.44,796.707,0,2.31481e+12,3,0.2,0,CIRCLE,280,1
7187,0.5,0.5,0.5,93.9362,34.0415,0,245.507,-544.681,0,2.31481e+12,3,0.2,0,CIRCLE,280,1
7194,0.5,0.5,0.5,-226.565,-125.777,0,-553.586,1057.82,0,2.31481e+12,3,0.2,0,CIRCLE,280,1
7201,0.5,0.5,0.5,49.0889,145.812,0,804.361,-320.444,0,2.31481e+12,3,0.2,0,CIRCLE,280,1
7207,0.5,0.5,0.5,-113.469,180.221,0,976.407,492.346,0,2.31481e+12,3,0.2,0,CIRCLE,280,1
7213,0.5,0.5,0.5,-176.792,-42.2602,0,-136.001,808.959,0,2.31481e+12,3,0.2,0,CIRCLE,280,1
7218,0.5,0.5,0.5,-82.7345,172.456,0,937.578,338.673,0,2.31481e+12,3,0.2,0,CIRCLE,280,1
7224,0.5,0.5,0.5,39.665,66.9532,0,410.066,-273.325,0,2.31481e+12,3,0.2,0,CIRCLE,280,1
7243,0.5,0.5,0.5,-144.197,168.196,0,916.281,645.987,0,2.31481e+12,3,0.2,0,CIRCLE,280,1
7251,0.5,0.5,0.5,-69.8088,-215.249,0,-1000.94,274.044,0,2.31481e+12,3,0.2,0,CIRCLE,280,1
7252,0.5,0.5,0.5,7.98723,-292.024,0,-1384.82,-114.936,0,2.31481e+12,3,0.2,0,CIRCLE,280,1
7257,0.5,0.5,0.5,94.8717,190.952,0,1030.06,-549.358,0,2.31481e+12,3,0.2,0,CIRCLE,280,1
7263,0.5,0.5,0.5,-19.9433,57.2513,0,361.557,24.7167,0,2.31481e+12,3,0.2,0,CIRCLE,280,1
7270,0.5,0.5,0.5,41.013,-48.8082,0,-168.741,-280.065,0,2.31481e+12,3,0.2,0,CIRCLE,280,1
7272,0.5,0.5,0.5,32.3588,-62.1617,0,-235.508,-236.794,0,2.31481e+12,3,0.2,0,CIRCLE,280,1
7282,0.5,0.5,0.5,250.487,34.5894,0,248.247,-1327.43,0,2.31481e+12,3,0.2,0,CIRCLE,280,1
7290,0.5,0.5,0.5,26.7962,-65.358,0,-251.49,-208.981,0,2.31481e+12,3,0.2,0,CIRCLE,280,1
7293,0.5,0.5,0.5,218.44,32.7865,0,239.232,-1167.2,0,2.31481e+12,3,0.2,0,CIRCLE,280,1
7295,0.5,0.5,0.5,-74.1744,10.9533,0,130.066,295.872,0,2.31481e+12,3,0.2,0,CIRCLE,280,1
7300,0.5,0.5,0.5,-1.61088,199.072,0,1070.66,-66.9456,0,2.31481e+12,3,0.2,0,CIRCLE,280,1
7319,0.5,0.5,0.5,87.5501,-165.532,0,-752.361,-512.751,0,2.31481e+12,3,0.2,0,CIRCLE,280,1
7325,0.5,0.5,0.5,-194.72,5.26269,0,101.613,898.601,0,2.31481e+12,3,0.2,0,CIRCLE,280,1
7331,0.5,0.5,0.5,-164.64,-26.0817,0,-55.1085,748.199,0,2.31481e+12,3,0.2,0,CIRCLE,280,1
7336,0.5,0.5,0.5,-81.3864,224.837,0,1199.49,331.932,0,2.31481e+12,3,0.2,0,CIRCLE,280,1
7340,0.5,0.5,0.5,26.8382,-55.0806,0,-200.103,-209.191,0,2.31481e+12,3,0.2,0,CIRCLE,280,1
7348,0.5,0.5,0.5,194.455,-178.144,0,-815.421,-1047.28,0,2.31481e+12,3,0.2,0,CIRCLE,280,1
7354,0.5,0.5,0.5,150.551,-41.6708,0,-133.054,-827.755,0,2.31481e+12,3,0.2,0,CIRCLE,280,1
7356,0.5,0.5,0.5,69.9905,-175.944,0,-804.418,-424.952,0,2.31481e+12,3,0.2,0,CIRCLE,280,1
7363,0.5,0.5,0.5,-74.9271,-285.189,0,-1350.65,299.635,0,2.31481e+12,3,0.2,0,CIRCLE,280,1
7372,0.5,0.5,0.5,27.3016,-223.322,0,-1041.31,-211.508,0,2.31481e+12,3,0.2,0,CIRCLE,280,1
7376,0.5,0.5,0.5,-87.6973,-92.1117,0,-385.258,363.486,0,2.31481e+12,3,0.2,0,CIRCLE,280,1
7378,0.5,0.5,0.5,177.483,-21.942,0,-34.4098,-962.417,0,2.31481e+12,3,0.2,0,CIRCLE,280,1
7390,0.5,0.5,0.5,-40.1015,-20.5031,0,-27.2154,125.508,0,2.31481e+12,3,0.2,0,CIRCLE,280,1
7412,0.5,0.5,0.5,23.2872,27.5397,0,212.999,-191.436,0,2.31481e+12,3,0.2,0,CIRCLE,280,1
7413,0.5,0.5,0.5,-60.0233,-230.057,0,-1074.98,225.116,0,2.31481e+12,3,0.2,0,CIRCLE,280,1
7414,0.5,0.5,0.5,-33.4795,164.079,0,895.696,92.3975,0,2.31481e+12,3,0.2,0,CIRCLE,280,1
7419,0.5,0.5,0.5,121.569,-4.63611,0,52.1194,-682.843,0,2.31481e+12,3,0.2,0,CIRCLE,280,1
7424,0.5,0.5,0.5,0.0380066,-74.4165,0,-296.783,-75.19,0,2.31481e+12,3,0.2,0,CIRCLE,280,1
7440,0.5,0.5,0.5,-153.189,103.862,0,594.609,690.946,0,2.31481e+12,3,0.2,0,CIRCLE,280,1
7444,0.5,0.5,0.5,-115.075,236.881,0,1259.71,500.375,0,2.31481e+12,3,0.2,0,CIRCLE,280,1
7452,0.5,0.5,0.5,-125.133,-206.716,0,-958.281,550.663,0,2.31481e+12,3,0.2,0,CIRCLE,280,1
7465,0.5,0.5,0.5,-240.479,135.76,0,754.099,1127.39,0,2.31481e+12,3,0.2,0,CIRCLE,280,1
7478,0.5,0.5,0.5,226.62,114.511,0,647.854,-1208.1,0,2.31481e+12,3,0.2,0,CIRCLE,280,1
7483,0.5,0.5,0.5,3.58012,-44.1327,0,-145.363,-92.9006,0,2.31481e+12,3,0.2,0,CIRCLE,280,1
7487,0.5,0.5,0.5,-173.177,-72.3354,0,-286.377,790.887,0,2.31481e+12,3,0.2,0,CIRCLE,280,1
7495,0.5,0.5,0.5,-164.302,59.2067,0,371.333,746.512,0,2.31481e+12,3,0.2,0,CIRCLE,280,1
7501,0.5,0.5,0.5,-137.163,67.3262,0,411.931,610.814,0,2.31481e+12,3,0.2,0,CIRCLE,280,1
7517,0.5,0.5,0.5,188.146,137.306,0,761.829,-1015.73,0,2.31481e+12,3,0.2,0,CIRCLE,280,1
7526,0.5,0.5,0.5,-29.276,-95.2384,0,-400.892,71.3801,0,2.31481e+12,3,0.2,0,CIRCLE,280,1
7555,0.5,0.5,0.5,246.167,-78.5082,0,-317.241,-1305.83,0,2.31481e+12,3,0.2,0,CIRCLE,280,1
7559,0.5,0.5,0.5,-58.3417,59.519,0,372.895,216.708,0,2.31481e+12,3,0.2,0,CIRCLE,280,1
7573,0.5,0.5,0.5,-29.2704,174.369,0,947.147,71.352,0,2.31481e+12,3,0.2,0,CIRCLE,280,1
7577,0.5,0.5,0.5,-22.3228,152.939,0,839.996,36.6138,0,2.31481e+12,3,0.2,0,CIRCLE,280,1
7591,0.5,0.5,0.5,35.6696,234.287,0,1246.74,-253.348,0,2.31481e+12,3,0.2,0,CIRCLE,280,1
7597,0.5,0.5,0.5,-27.2659,-187.011,0,-859.755,61.3297,0,2.31481e+12,3,0.2,0,CIRCLE,280,1
7601,0.5,0.5,0.5,150.911,-204.978,0,-949.59,-829.557,0,2.31481e+12,3,0.2,0,CIRCLE,280,1
7608,0.5,0.5,0.5,-157.928,-241.925,0,-1134.32,714.639,0,2.31481e+12,3,0.2,0,CIRCLE,280,1
7609,0.5,0.5,0.5,95.4416,-11.8437,0,16.0816,-552.208,0,2.31481e+12,3,0.2,0,CIRCLE,280,1
7624,0.5,0.5,0.5,-56.2247,178.944,0,970.019,206.123,0,2.31481e+12,3,0.2,0,CIRCLE,280,1
7640,0.5,0.5,0.5,-163.966,166.845,0,909.524,744.828,0,2.31481e+12,3,0.2,0,CIRCLE,280,1
7650,0.5,0.5,0.5,30.4816,204.237,0,1096.48,-227.408,0,2.31481e+12,3,0.2,0,CIRCLE,280,1
7657,0.5,0.5,0.5,76.3489,63.9544,0,395.072,-456.744,0,2.31481e+12,3,0.2,0,CIRCLE,280,1
7665,0.5,0.5,0.5,-253.105,95.8643,0,554.621,1190.53,0,2.31481e+12,3,0.2,0,CIRCLE,280,1
7677,0.5,0.5,0.5,-73.7369,249.344,0,1322.02,293.685,0,2.31481e+12,3,0.2,0,CIRCLE,280,1
7678,0.5,0.5,0.5,180.598,-215.007,0,-999.735,-977.988,0,2.31481e+12,3,0.2,0,CIRCLE,280,1
7690,0.5,0.5,0.5,-23.5562,28.5699,0,218.15,42.7809,0,2.31481e+12,3,0.2,0,CIRCLE,280,1
7707,0.5,0.5,0.5,86.9621,63.2622,0,391.611,-509.811,0,2.31481e+12,3,0.2,0,CIRCLE,280,1
7712,0.5,0.5,0.5,87.0766,15.7093,0,153.846,-510.383,0,2.31481e+12,3,0.2,0,CIRCLE,280,1
7722,0.5,0.5,0.5,-29.165,54.2474,0,346.537,70.8249,0,2.31481e+12,3,0.2,0,CIRCLE,280,1
7728,0.5,0.5,0.5,-63.5248,-194.723,0,-898.317,242.624,0,2.31481e+12,3,0.2,0,CIRCLE,280,1
7741,0.5,0.5,0.5,205.223,44.4936,0,297.768,-1101.12,0,2.31481e+12,3,0.2,0,CIRCLE,280,1
7742,0.5,0.5,0.5,-14.6389,-293.998,0,-1394.69,-1.80559,0,2.31481e+12,3,0.2,0,CIRCLE,280,1
7744,0.5,0.5,0.5,166.554,-3.88057,0,55.8971,-907.771,0,2.31481e+12,3,0.2,0,CIRCLE,280,1
7746,0.5,0.5,0.5,56.886,170.213,0,926.367,-359.43,0,2.31481e+12,3,0.2,0,CIRCLE,280,1
7777,0.5,0.5,0.5,143.308,-240.07,0,-1125.05,-791.542,0,2.31481e+12,3,0.2,0,CIRCLE,280,1
7781,0.5,0.5,0.5,-271.495,-108.418,0,-466.792,1282.48,0,2.31481e+12,3,0.2,0,CIRCLE,280,1
7787,0.5,0.5,0.5,186.725,16.0319,0,155.459,-1008.63,0,2.31481e+12,3,0.2,0,CIRCLE,280,1
7794,0.5,0.5,0.5,-52.6785,-159.722,0,-723.31,188.392,0,2.31481e+12,3,0.2,0,CIRCLE,280,1
7805,0.5,0.5,0.5,78.2634,98.3374,0,566.987,-466.317,0,2.31481e+12,3,0.2,0,CIRCLE,280,1
7810,0.5,0.5,0.5,-183.008,-46.7652,0,-158.526,840.041,0,2.31481e+12,3,0.2,0,CIRCLE,280,1
7813,0.5,0.5,0.5,99.0367,2.00568,0,85.3284,-570.184,0,2.31481e+12,3,0.2,0,CIRCLE,280,1
7815,0.5,0.5,0.5,191.728,110.535,0,627.974,-1033.64,0,2.31481e+12,3,0.2,0,CIRCLE,280,1
7827,0.5,0.5,0.5,72.8693,243.833,0,1294.46,-439.347,0,2.31481e+12,3,0.2,0,CIRCLE,280,1
7830,0.5,0.5,0.5,16.0767,147.109,0,810.845,-155.383,0,2.31481e+12,3,0.2,0,CIRCLE,280,1
7832,0.5,0.5,0.5,10.6766,1.10877,0,80.8438,-128.383,0,2.31481e+12,3,0.2,0,CIRCLE,280,1
7849,0.5,0.5,0.5,-238.111,58.6371,0,368.485,1115.55,0,2.31481e+12,3,0.2,0,CIRCLE,280,1
7854,0.5,0.5,0.5,-44.355,-173.802,0,-793.712,146.775,0,2.31481e+12,3,0.2,0,CIRCLE,280,1
7856,0.5,0.5,0.5,116.384,61.3059,0,381.829,-656.919,0,2.31481e+12,3,0.2,0,CIRCLE,280,1
7872,0.5,0.5,0.5,-50.5094,161.697,0,883.783,177.547,0,2.31481e+12,3,0.2,0,CIRCLE,280,1
7877,0.5,0.5,0.5,-78.5472,-168.807,0,-768.737,317.736,0,2.31481e+12,3,0.2,0,CIRCLE,280,1
7896,0.5,0.5,0.5,238.933,-91.7664,0,-383.532,-1269.66,0,2.31481e+12,3,0.2,0,CIRCLE,280,1
7898,0.5,0.5,0.5,-83.0045,-202.415,0,-936.777,340.023,0,2.31481e+12,3,0.2,0,CIRCLE,280,1
7899,0.5,0.5,0.5,-95.4577,-2.10924,0,64.7538,402.288,0,2.31481e+12,3,0.2,0,CIRCLE,280,1
7904,0.5,0.5,0.5,-19.2528,-157.815,0,-713.773,21.264,0,2.31481e+12,3,0.2,0,CIRCLE,280,1
7927,0.5,0.5,0.5,-201.034,126.578,0,708.189,930.171,0,2.31481e+12,3,0.2,0,CIRCLE,280,1
7929,0.5,0.5,0.5,-148.762,-260.886,0,-1229.13,668.808,0,2.31481e+12,3,0.2,0,CIRCLE,280,1
7937,0.5,0.5,0.5,-189.847,-78.3776,0,-316.588,874.235,0,2.31481e+12,3,0.2,0,CIRCLE,280,1
7938,0.5,0.5,0.5,-48.466,148.443,0,817.517,167.33,0,2.31481e+12,3,0.2,0,CIRCLE,280,1
7940,0.5,0.5,0.5,-140.114,72.7425,0,439.012,625.57,0,2.31481e+12,3,0.2,0,CIRCLE,280,1
7945,0.5,0.5,0.5,72.2232,-159.777,0,-723.585,-436.116,0,2.31481e+12,3,0.2,0,CIRCLE,280,1
7963,0.5,0.5,0.5,-276.261,76.5387,0,457.993,1306.3,0,2.31481e+12,3,0.2,0,CIRCLE,280,1
7967,0.5,0.5,0.5,-189.638,-35.7078,0,-103.239,873.192,0,2.31481e+12,3,0.2,0,CIRCLE,280,1
7972,0.5,0.5,0.5,-42.836,-202.588,0,-937.638,139.18,0,2.31481e+12,3,0.2,0,CIRCLE,280,1
7996,0.5,0.5,0.5,-277.899,-92.6374,0,-387.887,1314.5,0,2.31481e+12,3,0.2,0,CIRCLE,280,1
8003,0.5,0.5,0.5,249.029,16.025,0,155.425,-1320.15,0,2.31481e+12,3,0.2,0,CIRCLE,280,1
8010,0.5,0.5,0.5,-182.745,207.38,0,1112.2,838.724,0,2.31481e+12,3,0.2,0,CIRCLE,280,1
8012,0.5,0.5,0.5,-170.797,-124.216,0,-545.779,778.985,0,2.31481e+12,3,0.2,0,CIRCLE,280,1
8016,0.5,0.5,0.5,-196.804,197.786,0,1064.23,909.021,0,2.31481e+12,3,0.2,0,CIRCLE,280,1
8038,0.5,0.5,0.5,-5.64486,24.8414,0,199.507,-46.7757,0,2.31481e+12,3,0.2,0,CIRCLE,280,1
8044,0.5,0.5,0.5,227.114,54.5099,0,347.849,-1210.57,0,2.31481e+12,3,0.2,0,CIRCLE,280,1
8046,0.5,0.5,0.5,-208.726,86.7682,0,509.141,968.63,0,2.31481e+12,3,0.2,0,CIRCLE,280,1
8055,0.5,0.5,0.5,-87.677,226.534,0,1207.97,363.385,0,2.31481e+12,3,0.2,0,CIRCLE,280,1
8061,0.5,0.5,0.5,-9.92056,-106.645,0,-457.923,-25.3972,0,2.31481e+12,3,0.2,0,CIRCLE,280,1
8085,0.5,0.5,0.5,207.873,54.6688,0,348.644,-1114.37,0,2.31481e+12,3,0.2,0,CIRCLE,280,1
8090,0.5,0.5,0.5,-70.1865,-174.391,0,-796.655,275.932,0,2.31481e+12,3,0.2,0,CIRCLE,280,1
8091,0.5,0.5,0.5,87.4253,-11.424,0,18.18,-512.127,0,2.31481e+12,3,0.2,0,CIRCLE,280,1
8092,0.5,0.5,0.5,130.341,173.549,0,943.043,-726.707,0,2.31481e+12,3,0.2,0,CIRCLE,280,1
8110,0.5,0.5,0.5,40.5376,259.315,0,1371.87,-277.688,0,2.31481e+12,3,0.2,0,CIRCLE,280,1
8120,0.5,0.5,0.5,69.6877,103.364,0,592.122,-423.438,0,2.31481e+12,3,0.2,0,CIRCLE,280,1
8121,0.5,0.5,0.5,211.613,-55.2181,0,-200.791,-1133.06,0,2.31481e+12,3,0.2,0,CIRCLE,280,1
8150,0.5,0.5,0.5,-237.489,78.3378,0,466.989,1112.44,0,2.31481e+12,3,0.2,0,CIRCLE,280,1
8157,0.5,0.5,0.5,143.004,184.305,0,996.823,-790.022,0,2.31481e+12,3,0.2,0,CIRCLE,280,1
8162,0.5,0.5,0.5,-161.2,-43.3394,0,-141.397,730.999,0,2.31481e+12,3,0.2,0,CIRCLE,280,1
8178,0.5,0.5,0.5,-187.67,39.3575,0,272.088,863.351,0,2.31481e+12,3,0.2,0,CIRCLE,280,1
8181,0.5,0.5,0.5,146.671,84.0675,0,495.637,-808.356,0,2.31481e+12,3,0.2,0,CIRCLE,280,1
8186,0.5,0.5,0.5,-164.977,-241.582,0,-1132.61,749.886,0,2.31481e+12,3,0.2,0,CIRCLE,280,1
8189,0.5,0.5,0.5,19.8417,-270.884,0,-1279.12,-174.208,0,2.31481e+12,3,0.2,0,CIRCLE,280,1
8199,0.5,0.5,0.5,231.795,78.1422,0,466.011,-1233.97,0,2.31481e+12,3,0.2,0,CIRCLE,280,1
8213,0.5,0.5,0.5,118.218,-223.262,0,-1041.01,-666.091,0,2.31481e+12,3,0.2,0,CIRCLE,280,1
8232,0.5,0.5,0.5,-4.83336,-67.8143,0,-263.772,-50.8332,0,2.31481e+12,3,0.2,0,CIRCLE,280,1
8238,0.5,0.5,0.5,-21.7588,-200.185,0,-925.627,33.7938,0,2.31481e+12,3,0.2,0,CIRCLE,280,1
8257,0.5,0.5,0.5,-76.1999,-47.8718,0,-164.059,305.999,0,2.31481e+12,3,0.2,0,CIRCLE,280,1
8264,0.5,0.5,0.5,-144.401,205.147,0,1101.03,647.006,0,2.31481e+12,3,0.2,0,CIRCLE,280,1
8281,0.5,0.5,0.5,-100.682,-149.943,0,-674.417,428.41,0,2.31481e+12,3,0.2,0,CIRCLE,280,1
8282,0.5,0.5,0.5,-2.97578,263.834,0,1394.47,-60.1211,0,2.31481e+12,3,0.2,0,CIRCLE,280,1
8284,0.5,0.5,0.5,-179.565,53.8523,0,344.562,822.825,0,2.31481e+12,3,0.2,0,CIRCLE,280,1
8295,0.5,0.5,0.5,-118.914,-8.44567,0,33.0716,519.571,0,2.31481e+12,3,0.2,0,CIRCLE,280,1
8296,0.5,0.5,0.5,20.6453,-277.162,0,-1310.51,-178.227,0,2.31481e+12,3,0.2,0,CIRCLE,280,1
8299,0.5,0.5,0.5,5.89941,-27.321,0,-61.3049,-104.497,0,2.31481e+12,3,0.2,0,CIRCLE,280,1
8315,0.5,0.5,0.5,-169.554,-237.395,0,-1111.68,772.772,0,2.31481e+12,3,0.2,0,CIRCLE,280,1
8321,0.5,0.5,0.5,127.66,119.946,0,675.031,-713.3,0,2.31481e+12,3,0.2,0,CIRCLE,280,1
8333,0.5,0.5,0.5,198.01,-38.3751,0,-116.575,-1065.05,0,2.31481e+12,3,0.2,0,CIRCLE,280,1
8336,0.5,0.5,0.5,-245.544,-34.5644,0,-97.522,1152.72,0,2.31481e+12,3,0.2,0,CIRCLE,280,1
8353,0.5,0.5,0.5,8.12008,-84.3243,0,-346.322,-115.6,0,2.31481e+12,3,0.2,0,CIRCLE,280,1
8361,0.5,0.5,0.5,-30.0125,-202.234,0,-935.871,75.0625,0,2.31481e+12,3,0.2,0,CIRCLE,280,1
8365,0.5,0.5,0.5,246.891,-69.3436,0,-271.418,-1309.46,0,2.31481e+12,3,0.2,0,CIRCLE,280,1
8379,0.5,0.5,0.5,192.716,73.808,0,444.34,-1038.58,0,2.31481e+12,3,0.2,0,CIRCLE,280,1
8393,0.5,0.5,0.5,109.058,-117.775,0,-513.576,-620.289,0,2.31481e+12,3,0.2,0,CIRCLE,280,1
8402,0.5,0.5,0.5,-196.893,174.706,0,948.829,909.466,0,2.31481e+12,3,0.2,0,CIRCLE,280,1
8403,0.5,0.5,0.5,-27.9181,-10.0466,0,25.0668,64.5903,0,2.31481e+12,3,0.2,0,CIRCLE,280,1
8410,0.5,0.5,0.5,-164.779,221.091,0,1180.76,748.893,0,2.31481e+12,3,0.2,0,CIRCLE,280,1
8411,0.5,0.5,0.5,19.8342,211.227,0,1131.43,-174.171,0,2.31481e+12,3,0.2,0,CIRCLE,280,1
8414,0.5,0.5,0.5,-215.33,177.837,0,964.487,1001.65,0,2.31481e+12,3,0.2,0,CIRCLE,280,1
8421,0.5,0.5,0.5,-139.889,5.82085,0,104.404,624.445,0,2.31481e+12,3,0.2,0,CIRCLE,280,1
8439,0.5,0.5,0.5,19.018,-223.169,0,-1040.54,-170.09,0,2.31481e+12,3,0.2,0,CIRCLE,280,1
8443,0.5,0.5,0.5,-259.991,40.6335,0,278.468,1224.96,0,2.31481e+12,3,0.2,0,CIRCLE,280,1
8452,0.5,0.5,0.5,-203.194,-115.526,0,-502.33,940.972,0,2.31481e+12,3,0.2,0,CIRCLE,280,1
8460,0.5,0.5,0.5,-20.2553,36.3129,0,256.864,26.2765,0,2.31481e+12,3,0.2,0,CIRCLE,280,1
8475,0.5,0.5,0.5,-26.1633,-138.464,0,-617.02,55.8164,0,2.31481e+12,3,0.2,0,CIRCLE,280,1
8481,0.5,0.5,0.5,-259.602,20.6854,0,178.727,1223.01,0,2.31481e+12,3,0.2,0,CIRCLE,280,1
8491,0.5,0.5,0.5,136.622,-185.885,0,-854.126,-758.109,0,2.31481e+12,3,0.2,0,CIRCLE,280,1
8494,0.5,0.5,0.5,208.464,-49.4637,0,-172.018,-1117.32,0,2.31481e+12,3,0.2,0,CIRCLE,280,1
8507,0.5,0.5,0.5,-208.064,-8.16682,0,34.4659,965.322,0,2.31481e+12,3,0.2,0,CIRCLE,280,1
8537,0.5,0.5,0.5,70.5684,-84.38,0,-346.6,-427.842,0,2.31481e+12,3,0.2,0,CIRCLE,280,1
8542,0.5,0.5,0.5,-233.256,140.89,0,779.749,1091.28,0,2.31481e+12,3,0.2,0,CIRCLE,280,1
8544,0.5,0.5,0.5,-138.355,-123.975,0,-544.574,616.775,0,2.31481e+12,3,0.2,0,CIRCLE,280,1
8553,0.5,0.5,0.5,118.721,-62.6163,0,-237.782,-668.603,0,2.31481e+12,3,0.2,0,CIRCLE,280,1
8557,0.5,0.5,0.5,-217.57,-144.783,0,-648.613,1012.85,0,2.31481e+12,3,0.2,0,CIRCLE,280,1
8573,0.5,0.5,0.5,172.804,170.237,0,926.487,-939.018,0,2.31481e+12,3,0.2,0,CIRCLE,280,1
8576,0.5,0.5,0.5,-63.2155,87.2819,0,511.71,241.078,0,2.31481e+12,3,0.2,0,CIRCLE,280,1
8583,0.5,0.5,0.5,54.3961,-128.702,0,-568.209,-346.98,0,2.31481e+12,3,0.2,0,CIRCLE,280,1
8595,0.5,0.5,0.5,-83.2491,204.328,0,1096.94,341.246,0,2.31481e+12,3,0.2,0,CIRCLE,280,1
8611,0.5,0.5,0.5,-217.532,153.541,0,843.005,1012.66,0,2.31481e+12,3,0.2,0,CIRCLE,280,1
8614,0.5,0.5,0.5,-149.494,45.0054,0,300.327,672.472,0,2.31481e+12,3,0.2,0,CIRCLE,280,1
8620,0.5,0.5,0.5,-234.398,-105.167,0,-450.534,1096.99,0,2.31481e+12,3,0.2,0,CIRCLE,280,1
8637,0.5,0.5,0.5,-86.137,-260.253,0,-1225.96,355.685,0,2.31481e+12,3,0.2,0,CIRCLE,280,1
8638,0.5,0.5,0.5,-126.447,-168.174,0,-765.569,557.233,0,2.31481e+12,3,0.2,0,CIRCLE,280,1
8639,0.5,0.5,0.5,53.6474,123.433,0,692.467,-343.237,0,2.31481e+12,3,0.2,0,CIRCLE,280,1
8643,0.5,0.5,0.5,-165.431,-158.863,0,-719.015,752.157,0,2.31481e+12,3,0.2,0,CIRCLE,280,1
8659,0.5,0.5,0.5,-191.538,102.011,0,585.356,882.692,0,2.31481e+12,3,0.2,0,CIRCLE,280,1
8669,0.5,0.5,0.5,59.1559,-216.293,0,-1006.16,-370.779,0,2.31481e+12,3,0.2,0,CIRCLE,280,1
8670,0.5,0.5,0.5,-28.3132,-218.164,0,-1015.52,66.566,0,2.31481e+12,3,0.2,0,CIRCLE,280,1
8700,0.5,0.5,0.5,-58.9412,1.94572,0,85.0286,219.706,0,2.31481e+12,3,0.2,0,CIRCLE,280,1
8703,0.5,0.5,0.5,200.46,137.617,0,763.384,-1077.3,0,2.31481e+12,3,0.2,0,CIRCLE,280,1
8704,0.5,0.5,0.5,-111.277,-265.546,0,-1252.43,481.386,0,2.31481e+12,3,0.2,0,CIRCLE,280,1
8713,0.5,0.5,0.5,13.0812,109.184,0,621.22,-140.406,0,2.31481e+12,3,0.2,0,CIRCLE,280,1
8715,0.5,0.5,0.5,-187.411,194.726,0,1048.93,862.055,0,2.31481e+12,3,0.2,0,CIRCLE,280,1
8716,0.5,0.5,0.5,-25.7673,-110.872,0,-479.061,53.8365,0,2.31481e+12,3,0.2,0,CIRCLE,280,1
8717,0.5,0.5,0.5,74.4845,32.1285,0,235.943,-447.423,0,2.31481e+12,3,0.2,0,CIRCLE,280,1
8729,0.5,0.5,0.5,-53.8826,152.979,0,840.193,194.413,0,2.31481e+12,3,0.2,0,CIRCLE,280,1
8761,0.5,0.5,0.5,-261.587,-74.0372,0,-294.886,1232.94,0,2.31481e+12,3,0.2,0,CIRCLE,280,1
8763,0.5,0.5,0.5,-57.107,-275.968,0,-1304.54,210.535,0,2.31481e+12,3,0.2,0,CIRCLE,280,1
8765,0.5,0.5,0.5,58.6814,163.87,0,894.65,-368.407,0,2.31481e+12,3,0.2,0,CIRCLE,280,1
8772,0.5,0.5,0.5,178.697,71.3076,0,431.838,-968.484,0,2.31481e+12,3,0.2,0,CIRCLE,280,1
8776,0.5,0.5,0.5,2.52319,-54.638,0,-197.89,-87.6159,0,2.31481e+12,3,0.2,0,CIRCLE,280,1
8807,0.5,0.5,0.5,-65.6528,-141.288,0,-631.139,253.264,0,2.31481e+12,3,0.2,0,CIRCLE,280,1
8808,0.5,0.5,0.5,178.236,-173.84,0,-793.899,-966.18,0,2.31481e+12,3,0.2,0,CIRCLE,280,1
8811,0.5,0.5,0.5,87.0758,-134.077,0,-595.086,-510.379,0,2.31481e+12,3,0.2,0,CIRCLE,280,1
8814,0.5,0.5,0.5,-147.614,-176.758,0,-808.488,663.07,0,2.31481e+12,3,0.2,0,CIRCLE,280,1
8827,0.5,0.5,0.5,-172.515,-27.698,0,-63.1898,787.573,0,2.31481e+12,3,0.2,0,CIRCLE,280,1
8839,0.5,0.5,0.5,-243.567,-148.953,0,-669.463,1142.83,0,2.31481e+12,3,0.2,0,CIRCLE,280,1
8849,0.5,0.5,0.5,198.621,-169.724,0,-773.318,-1068.11,0,2.31481e+12,3,0.2,0,CIRCLE,280,1
8854,0.5,0.5,0.5,159.203,71.687,0,433.735,-871.015,0,2.31481e+12,3,0.2,0,CIRCLE,280,1
8880,0.5,0.5,0.5,123.156,127.086,0,710.728,-690.779,0,2.31481e+12,3,0.2,0,CIRCLE,280,1
8881,0.5,0.5,0.5,262.924,-45.8222,0,-153.811,-1389.62,0,2.31481e+12,3,0.2,0,CIRCLE,280,1
8883,0.5,0.5,0.5,150.959,2.88981,0,89.749,-829.795,0,2.31481e+12,3,0.2,0,CIRCLE,280,1
8885,0.5,0.5,0.5,55.3289,-233.243,0,-1090.91,-351.645,0,2.31481e+12,3,0.2,0,CIRCLE,280,1
8892,0.5,0.5,0.5,-160.678,64.1492,0,396.046,728.392,0,2.31481e+12,3,0.2,0,CIRCLE,280,1
8902,0.5,0.5,0.5,-110.057,127.421,0,712.403,475.287,0,2.31481e+12,3,0.2,0,CIRCLE,280,1
8912,0.5,0.5,0.5,99.451,221.123,0,1180.92,-572.255,0,2.31481e+12,3,0.2,0,CIRCLE,280,1
8918,0.5,0.5,0.5,99.7388,97.5649,0,563.124,-573.694,0,2.31481e+12,3,0.2,0,CIRCLE,280,1
8929,0.5,0.5,0.5,56.0452,-175.374,0,-801.568,-355.226,0,2.31481e+12,3,0.2,0,CIRCLE,280,1
8932,0.5,0.5,0.5,-245.535,-91.4798,0,-382.099,1152.68,0,2.31481e+12,3,0.2,0,CIRCLE,280,1
8940,0.5,0.5,0.5,-167.875,180.091,0,975.756,764.375,0,2.31481e+12,3,0.2,0,CIRCLE,280,1
8950,0.5,0.5,0.5,-136.913,-245.061,0,-1150.01,609.566,0,2.31481e+12,3,0.2,0,CIRCLE,280,1
8966,0.5,0.5,0.5,210.351,144.948,0,800.039,-1126.75,0,2.31481e+12,3,0.2,0,CIRCLE,280,1
8967,0.5,0.5,0.5,55.6516,-227.116,0,-1060.28,-353.258,0,2.31481e+12,3,0.2,0,CIRCLE,280,1
8972,0.5,0.5,0.5,163.095,-72.0992,0,-285.196,-890.475,0,2.31481e+12,3,0.2,0,CIRCLE,280,1
9000,0.5,0.5,0.5,195.242,-197.138,0,-910.392,-1051.21,0,2.31481e+12,3,0.2,0,CIRCLE,280,1
9009,0.5,0.5,0.5,35.2389,-120.185,0,-525.626,-251.195,0,2.31481e+12,3,0.2,0,CIRCLE,280,1
9010,0.5,0.5,0.5,56.0807,-253.799,0,-1193.69,-355.403,0,2.31481e+12,3,0.2,0,CIRCLE,280,1
9013,0.5,0.5,0.5,45.6195,-261.455,0,-1231.98,-303.098,0,2.31481e+12,3,0.2,0,CIRCLE,280,1
9014,0.5,0.5,0.5,217.614,-85.906,0,-354.23,-1163.07,0,2.31481e+12,3,0.2,0,CIRCLE,280,1
9017,0.5,0.5,0.5,-62.5601,-103.516,0,-442.278,237.801,0,2.31481e+12,3,0.2,0,CIRCLE,280,1
9021,0.5,0.5,0.5,-208.903,183.998,0,995.292,969.517,0,2.31481e+12,3,0.2,0,CIRCLE,280,1
9024,0.5,0.5,0.5,-220.371,-170.116,0,-775.278,1026.86,0,2.31481e+12,3,0.2,0,CIRCLE,280,1
9025,0.5,0.5,0.5,-79.9936,30.1906,0,226.253,324.968,0,2.31481e+12,3,0.2,0,CIRCLE,280,1
9029,0.5,0.5,0.5,-244.202,-127.661,0,-563.004,1146.01,0,2.31481e+12,3,0.2,0,CIRCLE,280,1
9035,0.5,0.5,0.5,65.4608,15.5959,0,153.279,-402.304,0,2.31481e+12,3,0.2,0,CIRCLE,280,1
9045,0.5,0.5,0.5,-212.459,-67.7552,0,-263.476,987.297,0,2.31481e+12,3,0.2,0,CIRCLE,280,1
9050,0.5,0.5,0.5,-105.886,242.38,0,1287.2,454.43,0,2.31481e+12,3,0.2,0,CIRCLE,280,1
9063,0.5,0.5,0.5,6.59336,117.297,0,661.786,-107.967,0,2.31481e+12,3,0.2,0,CIRCLE,280,1
9077,0.5,0.5,0.5,161.451,150.251,0,826.555,-882.256,0,2.31481e+12,3,0.2,0,CIRCLE,280,1
9079,0.5,0.5,0.5,-126.406,-221.77,0,-1033.55,557.028,0,2.31481e+12,3,0.2,0,CIRCLE,280,1
9080,0.5,0.5,0.5,193.701,2.00561,0,85.328,-1043.51,0,2.31481e+12,3,0.2,0,CIRCLE,280,1
9084,0.5,0.5,0.5,-70.922,-233.573,0,-1092.56,279.61,0,2.31481e+12,3,0.2,0,CIRCLE,280,1
9096,0.5,0.5,0.5,30.0507,56.7856,0,359.228,-225.254,0,2.31481e+12,3,0.2,0,CIRCLE,280,1
9106,0.5,0.5,0.5,262.008,-38.4807,0,-117.104,-1385.04,0,2.31481e+12,3,0.2,0,CIRCLE,280,1
9111,0.5,0.5,0.5,138.412,-141.598,0,-632.692,-767.062,0,2.31481e+12,3,0.2,0,CIRCLE,280,1
9112,0.5,0.5,0.5,-42.7465,221.422,0,1182.41,138.733,0,2.31481e+12,3,0.2,0,CIRCLE,280,1
9121,0.5,0.5,0.5,-87.3137,47.0552,0,310.576,361.568,0,2.31481e+12,3,0.2,0,CIRCLE,280,1
9136,0.5,0.5,0.5,-164.803,142.987,0,790.234,749.016,0,2.31481e+12,3,0.2,0,CIRCLE,280,1
9163,0.5,0.5,0.5,-109.148,-131.469,0,-582.043,470.739,0,2.31481e+12,3,0.2,0,CIRCLE,280,1
9168,0.5,0.5,0.5,-149.978,63.5144,0,392.872,674.889,0,2.31481e+12,3,0.2,0,CIRCLE,280,1
9169,0.5,0.5,0.5,204.525,61.1364,0,380.982,-1097.62,0,2.31481e+12,3,0.2,0,CIRCLE,280,1
9173,0.5,0.5,0.5,-138.476,-233.227,0,-1090.83,617.382,0,2.31481e+12,3,0.2,0,CIRCLE,280,1
9195,0.5,0.5,0.5,243.059,65.4505,0,402.552,-1290.3,0,2.31481e+12,3,0.2,0,CIRCLE,280,1
9204,0.5,0.5,0.5,206.893,78.5133,0,467.867,-1109.46,0,2.31481e+12,3,0.2,0,CIRCLE,280,1
9205,0.5,0.5,0.5,212.834,-160.015,0,-724.776,-1139.17,0,2.31481e+12,3,0.2,0,CIRCLE,280,1
9219,0.5,0.5,0.5,-40.5121,-186.927,0,-859.333,127.561,0,2.31481e+12,3,0.2,0,CIRCLE,280,1
9233,0.5,0.5,0.5,122.648,115.055,0,650.573,-688.238,0,2.31481e+12,3,0.2,0,CIRCLE,280,1
9237,0.5,0.5,0.5,-124.642,-183.438,0,-841.889,548.212,0,2.31481e+12,3,0.2,0,CIRCLE,280,1
9239,0.5,0.5,0.5,114.631,154.846,0,849.529,-648.155,0,2.31481e+12,3,0.2,0,CIRCLE,280,1
9242,0.5,0.5,0.5,-235.658,150.403,0,827.313,1103.29,0,2.31481e+12,3,0.2,0,CIRCLE,280,1
9256,0.5,0.5,0.5,174.439,-40.4707,0,-127.054,-947.194,0,2.31481e+12,3,0.2,0,CIRCLE,280,1
9269,0.5,0.5,0.5,137.084,193.144,0,1041.02,-760.42,0,2.31481e+12,3,0.2,0,CIRCLE,280,1
9273,0.5,0.5,0.5,-152.754,-151.891,0,-684.157,688.769,0,2.31481e+12,3,0.2,0,CIRCLE,280,1
9286,0.5,0.5,0.5,89.1272,-148.434,0,-666.872,-520.636,0,2.31481e+12,3,0.2,0,CIRCLE,280,1
9305,0.5,0.5,0.5,-14.187,211.12,0,1130.9,-4.06495,0,2.31481e+12,3,0.2,0,CIRCLE,280,1
9307,0.5,0.5,0.5,-228.586,-31.2704,0,-81.0519,1067.93,0,2.31481e+12,3,0.2,0,CIRCLE,280,1
9315,0.5,0.5,0.5,33.1822,97.352,0,562.06,-240.911,0,2.31481e+12,3,0.2,0,CIRCLE,280,1
9329,0.5,0.5,0.5,233.826,112.715,0,638.873,-1244.13,0,2.31481e+12,3,0.2,0,CIRCLE,280,1
9338,0.5,0.5,0.5,249.145,-52.6317,0,-187.859,-1320.72,0,2.31481e+12,3,0.2,0,CIRCLE,280,1
9341,0.5,0.5,0.5,-272.045,-3.1869,0,59.3655,1285.23,0,2.31481e+12,3,0.2,0,CIRCLE,280,1
9348,0.5,0.5,0.5,17.6744,-77.5993,0,-312.696,-163.372,0,2.31481e+12,3,0.2,0,CIRCLE,280,1
9349,0.5,0.5,0.5,-143.777,134.21,0,746.348,643.886,0,2.31481e+12,3,0.2,0,CIRCLE,280,1
9360,0.5,0.5,0.5,107.48,13.32,0,141.9,-612.402,0,2.31481e+12,3,0.2,0,CIRCLE,280,1
9366,0.5,0.5,0.5,114.084,-145.134,0,-650.371,-645.421,0,2.31481e+12,3,0.2,0,CIRCLE,280,1
9376,0.5,0.5,0.5,-38.4791,90.6671,0,528.636,117.396,0,2.31481e+12,3,0.2,0,CIRCLE,280,1
9395,0.5,0.5,0.5,-237.58,-46.5577,0,-157.489,1112.9,0,2.31481e+12,3,0.2,0,CIRCLE,280,1
9416,0.5,0.5,0.5,-142.124,-100.422,0,-426.81,635.622,0,2.31481e+12,3,0.2,0,CIRCLE,280,1
9419,0.5,0.5,0.5,42.8637,-23.5609,0,-42.5043,-289.318,0,2.31481e+12,3,0.2,0,CIRCLE,280,1
9443,0.5,0.5,0.5,139.844,-173.396,0,-791.68,-774.222,0,2.31481e+12,3,0.2,0,CIRCLE,280,1
9450,0.5,0.5,0.5,-57.1681,21.2704,0,181.652,210.841,0,2.31481e+12,3,0.2,0,CIRCLE,280,1
9519,0.5,0.5,0.5,-104.545,-124.352,0,-546.461,447.726,0,2.31481e+12,3,0.2,0,CIRCLE,280,1
9524,0.5,0.5,0.5,250.28,7.07674,0,110.684,-1326.4,0,2.31481e+12,3,0.2,0,CIRCLE,280,1
9527,0.5,0.5,0.5,-112.062,84.689,0,498.745,485.31,0,2.31481e+12,3,0.2,0,CIRCLE,280,1
9545,0.5,0.5,0.5,-129.099,-105.696,0,-453.18,570.495,0,2.31481e+12,3,0.2,0,CIRCLE,280,1
9550,0.5,0.5,0.5,215.394,137.358,0,762.09,-1151.97,0,2.31481e+12,3,0.2,0,CIRCLE,280,1
9573,0.5,0.5,0.5,44.3463,225.285,0,1201.73,-296.731,0,2.31481e+12,3,0.2,0,CIRCLE,280,1
9588,0.5,0.5,0.5,101.363,-29.8283,0,-73.8417,-581.813,0,2.31481e+12,3,0.2,0,CIRCLE,280,1
9601,0.5,0.5,0.5,-248.885,-55.3763,0,-201.582,1169.43,0,2.31481e+12,3,0.2,0,CIRCLE,280,1
9651,0.5,0.5,0.5,-82.9718,-60.0711,0,-225.056,339.859,0,2.31481e+12,3,0.2,0,CIRCLE,280,1
9656,0.5,0.5,0.5,71.0741,-246.453,0,-1156.96,-430.371,0,2.31481e+12,3,0.2,0,CIRCLE,280,1
9661,0.5,0.5,0.5,38.8112,-267.088,0,-1260.14,-269.056,0,2.31481e+12,3,0.2,0,CIRCLE,280,1
9686,0.5,0.5,0.5,-180.529,158.502,0,867.809,827.643,0,2.31481e+12,3,0.2,0,CIRCLE,280,1
9708,0.5,0.5,0.5,-140.247,214.71,0,1148.85,626.237,0,2.31481e+12,3,0.2,0,CIRCLE,280,1
9722,0.5,0.5,0.5,-196.816,-60.859,0,-228.995,909.079,0,2.31481e+12,3,0.2,0,CIRCLE,280,1
9724,0.5,0.5,0.5,9.75684,-175.167,0,-800.537,-123.784,0,2.31481e+12,3,0.2,0,CIRCLE,280,1
9743,0.5,0.5,0.5,-125.491,125.502,0,702.812,552.453,0,2.31481e+12,3,0.2,0,CIRCLE,280,1
9747,0.5,0.5,0.5,65.5036,-118.653,0,-517.963,-402.518,0,2.31481e+12,3,0.2,0,CIRCLE,280,1
9778,0.5,0.5,0.5,216.251,116.065,0,655.626,-1156.25,0,2.31481e+12,3,0.2,0,CIRCLE,280,1
9809,0.5,0.5,0.5,110.761,207.413,0,1112.37,-628.804,0,2.31481e+12,3,0.2,0,CIRCLE,280,1
9826,0.5,0.5,0.5,84.0852,-208.801,0,-968.707,-495.426,0,2.31481e+12,3,0.2,0,CIRCLE,280,1
9837,0.5,0.5,0.5,-95.4462,-71.9015,0,-284.208,402.231,0,2.31481e+12,3,0.2,0,CIRCLE,280,1
9866,0.5,0.5,0.5,6.28864,68.7083,0,418.842,-106.443,0,2.31481e+12,3,0.2,0,CIRCLE,280,1
9873,0.5,0.5,0.5,-112.578,72.2074,0,436.337,487.89,0,2.31481e+12,3,0.2,0,CIRCLE,280,1
9896,0.5,0.5,0.5,10.8027,189.12,0,1020.9,-129.013,0,2.31481e+12,3,0.2,0,CIRCLE,280,1
9908,0.5,0.5,0.5,45.249,-181.59,0,-832.648,-301.245,0,2.31481e+12,3,0.2,0,CIRCLE,280,1
9909,0.5,0.5,0.5,-114.554,12.3559,0,137.08,497.768,0,2.31481e+12,3,0.2,0,CIRCLE,280,1
9923,0.5,0.5,0.5,16.5964,187.36,0,1012.1,-157.982,0,2.31481e+12,3,0.2,0,CIRCLE,280,1
9929,0.5,0.5,0.5,-174.667,108.408,0,617.339,798.334,0,2.31481e+12,3,0.2,0,CIRCLE,280,1
9931,0.5,0.5,0.5,66.357,-207.351,0,-961.457,-406.785,0,2.31481e+12,3,0.2,0,CIRCLE,280,1
9935,0.5,0.5,0.5,215.78,19.008,0,170.34,-1153.9,0,2.31481e+12,3,0.2,0,CIRCLE,280,1
9942,0.5,0.5,0.5,-11.6048,97.2077,0,561.338,-16.9761,0,2.31481e+12,3,0.2,0,CIRCLE,280,1
9962,0.5,0.5,0.5,29.148,-23.0974,0,-40.187,-220.74,0,2.31481e+12,3,0.2,0,CIRCLE,280,1
9964,0.5,0.5,0.5,196.156,-151.113,0,-680.264,-1055.78,0,2.31481e+12,3,0.2,0,CIRCLE,280,1
9967,0.5,0.5,0.5,-52.8853,-121.766,0,-533.528,189.427,0,2.31481e+12,3,0.2,0,CIRCLE,280,1
9972,0.5,0.5,0.5,127.602,133.413,0,742.367,-713.01,0,2.31481e+12,3,0.2,0,CIRCLE,280,1
9981,0.5,0.5,0.5,-38.9494,-26.9091,0,-59.2457,119.747,0,2.31481e+12,3,0.2,0,CIRCLE,280,1
10006,0.5,0.5,0.5,181.495,-194.271,0,-896.054,-982.475,0,2.31481e+12,3,0.2,0,CIRCLE,280,1
10038,0.5,0.5,0.5,209.289,-88.8591,0,-368.995,-1121.45,0,2.31481e+12,3,0.2,0,CIRCLE,280,1
10047,0.5,0.5,0.5,-104.192,-158.739,0,-718.395,445.959,0,2.31481e+12,3,0.2,0,CIRCLE,280,1
10057,0.5,0.5,0.5,-200.602,69.3913,0,422.256,928.009,0,2.31481e+12,3,0.2,0,CIRCLE,280,1
10090,0.5,0.5,0.5,80.9302,46.1885,0,306.242,-479.651,0,2.31481e+12,3,0.2,0,CIRCLE,280,1
10096,0.5,0.5,0.5,-202.702,-66.4618,0,-257.009,938.511,0,2.31481e+12,3,0.2,0,CIRCLE,280,1
10104,0.5,0.5,0.5,164.509,77.5284,0,462.942,-897.547,0,2.31481e+12,3,0.2,0,CIRCLE,280,1
10123,0.5,0.5,0.5,-234.361,120.898,0,679.789,1096.8,0,2.31481e+12,3,0.2,0,CIRCLE,280,1
10125,0.5,0.5,0.5,-259.34,62.538,0,387.99,1221.7,0,2.31481e+12,3,0.2,0,CIRCLE,280,1
10127,0.5,0.5,0.5,56.2325,97.8788,0,564.694,-356.162,0,2.31481e+12,3,0.2,0,CIRCLE,280,1
10162,0.5,0.5,0.5,-91.2618,198.356,0,1067.08,381.309,0,2.31481e+12,3,0.2,0,CIRCLE,280,1
10171,0.5,0.5,0.5,133.102,0.821311,0,79.4066,-740.512,0,2.31481e+12,3,0.2,0,CIRCLE,280,1
10261,0.5,0.5,0.5,-124.113,191.575,0,1033.17,545.563,0,2.31481e+12,3,0.2,0,CIRCLE,280,1
10273,0.5,0.5,0.5,59.0365,0.7038,0,78.819,-370.182,0,2.31481e+12,3,0.2,0,CIRCLE,280,1
10276,0.5,0.5,0.5,-1.39303,205.266,0,1101.63,-68.0349,0,2.31481e+12,3,0.2,0,CIRCLE,280,1
10279,0.5,0.5,0.5,-255.071,-25.6178,0,-52.7892,1200.35,0,2.31481e+12,3,0.2,0,CIRCLE,280,1
10295,0.5,0.5,0.5,-258.309,-98.7847,0,-418.624,1216.54,0,2.31481e+12,3,0.2,0,CIRCLE,280,1
10300,0.5,0.5,0.5,-155.309,-205.07,0,-950.052,701.544,0,2.31481e+12,3,0.2,0,CIRCLE,280,1
10308,0.5,0.5,0.5,-17.9001,-250.383,0,-1176.62,14.5005,0,2.31481e+12,3,0.2,0,CIRCLE,280,1
10322,0.5,0.5,0.5,24.1544,-109.537,0,-472.383,-195.772,0,2.31481e+12,3,0.2,0,CIRCLE,280,1
10331,0.5,0.5,0.5,-16.9077,27.2618,0,211.609,9.53863,0,2.31481e+12,3,0.2,0,CIRCLE,280,1
10333,0.5,0.5,0.5,-6.90461,54.497,0,347.785,-40.477,0,2.31481e+12,3,0.2,0,CIRCLE,280,1
10337,0.5,0.5,0.5,-98.5128,232.637,0,1238.48,417.564,0,2.31481e+12,3,0.2,0,CIRCLE,280,1
10344,0.5,0.5,0.5,157.936,-94.9363,0,-399.382,-864.678,0,2.31481e+12,3,0.2,0,CIRCLE,280,1
10345,0.5,0.5,0.5,102.028,-191.987,0,-884.637,-585.141,0,2.31481e+12,3,0.2,0,CIRCLE,280,1
10351,0.5,0.5,0.5,-122.718,-90.975,0,-379.575,538.591,0,2.31481e+12,3,0.2,0,CIRCLE,280,1
10357,0.5,0.5,0.5,60.2138,-138.5,0,-617.2,-376.069,0,2.31481e+12,3,0.2,0,CIRCLE,280,1
10394,0.5,0.5,0.5,12.1109,-94.9095,0,-399.248,-135.554,0,2.31481e+12,3,0.2,0,CIRCLE,280,1
10405,0.5,0.5,0.5,10.604,-223.987,0,-1044.63,-128.02,0,2.31481e+12,3,0.2,0,CIRCLE,280,1
10433,0.5,0.5,0.5,-6.27502,-275.281,0,-1301.1,-43.6249,0,2.31481e+12,3,0.2,0,CIRCLE,280,1
10449,0.5,0.5,0.5,-253.971,-91.4904,0,-382.152,1194.85,0,2.31481e+12,3,0.2,0,CIRCLE,280,1
10451,0.5,0.5,0.5,112.102,-70.731,0,-278.355,-635.51,0,2.31481e+12,3,0.2,0,CIRCLE,280,1
10516,0.5,0.5,0.5,60.0727,75.7693,0,454.147,-375.364,0,2.31481e+12,3,0.2,0,CIRCLE,280,1
10517,0.5,0.5,0.5,44.1027,46.1347,0,305.974,-295.514,0,2.31481e+12,3,0.2,0,CIRCLE,280,1
10521,0.5,0.5,0.5,-81.209,-89.2615,0,-371.007,331.045,0,2.31481e+12,3,0.2,0,CIRCLE,280,1
10533,0.5,0.5,0.5,194.918,-26.3623,0,-56.5114,-1049.59,0,2.31481e+12,3,0.2,0,CIRCLE,280,1
10547,0.5,0.5,0.5,-200.922,47.3133,0,311.866,929.61,0,2.31481e+12,3,0.2,0,CIRCLE,280,1
10551,0.5,0.5,0.5,91.2287,134.135,0,745.976,-531.143,0,2.31481e+12,3,0.2,0,CIRCLE,280,1
10559,0.5,0.5,0.5,-221.045,-2.40047,0,63.2976,1030.22,0,2.31481e+12,3,0.2,0,CIRCLE,280,1
10571,0.5,0.5,0.5,-187.013,-0.435885,0,73.1206,860.063,0,2.31481e+12,3,0.2,0,CIRCLE,280,1
10578,0.5,0.5,0.5,-251.588,123.653,0,693.567,1182.94,0,2.31481e+12,3,0.2,0,CIRCLE,280,1
10596,0.5,0.5,0.5,163.274,-57.8085,0,-213.743,-891.372,0,2.31481e+12,3,0.2,0,CIRCLE,280,1
10599,0.5,0.5,0.5,-190.315,-46.4436,0,-156.918,876.577,0,2.31481e+12,3,0.2,0,CIRCLE,280,1
10613,0.5,0.5,0.5,87.3015,158.395,0,867.276,-511.507,0,2.31481e+12,3,0.2,0,CIRCLE,280,1
10615,0.5,0.5,0.5,-75.4342,125.587,0,703.233,302.171,0,2.31481e+12,3,0.2,0,CIRCLE,280,1
10635,0.5,0.5,0.5,0.41097,-19.8271,0,-23.8355,-77.0548,0,2.31481e+12,3,0.2,0,CIRCLE,280,1
10671,0.5,0.5,0.5,66.3013,184.428,0,997.442,-406.506,0,2.31481e+12,3,0.2,0,CIRCLE,280,1
10672,0.5,0.5,0.5,220.351,126.868,0,709.641,-1176.76,0,2.31481e+12,3,0.2,0,CIRCLE,280,1
10676,0.5,0.5,0.5,178.253,-159.369,0,-721.545,-966.267,0,2.31481e+12,3,0.2,0,CIRCLE,280,1
10683,0.5,0.5,0.5,-85.0721,198.443,0,1067.52,350.361,0,2.31481e+12,3,0.2,0,CIRCLE,280,1
10686,0.5,0.5,0.5,18.7073,130.303,0,726.817,-168.537,0,2.31481e+12,3,0.2,0,CIRCLE,280,1
10695,0.5,0.5,0.5,-286.831,31.1758,0,231.179,1359.15,0,2.31481e+12,3,0.2,0,CIRCLE,280,1
10713,0.5,0.5,0.5,-112.834,-33.9837,0,-94.6183,489.171,0,2.31481e+12,3,0.2,0,CIRCLE,280,1
10717,0.5,0.5,0.5,87.241,-184.043,0,-844.917,-511.205,0,2.31481e+12,3,0.2,0,CIRCLE,280,1
10735,0.5,0.5,0.5,-60.8983,186.986,0,1010.23,229.491,0,2.31481e+12,3,0.2,0,CIRCLE,280,1
10764,0.5,0.5,0.5,-210.283,-75.531,0,-302.355,976.417,0,2.31481e+12,3,0.2,0,CIRCLE,280,1
10787,0.5,0.5,0.5,171.161,31.2153,0,231.377,-930.805,0,2.31481e+12,3,0.2,0,CIRCLE,280,1
10795,0.5,0.5,0.5,-239.908,-133.81,0,-593.751,1124.54,0,2.31481e+12,3,0.2,0,CIRCLE,280,1
10797,0.5,0.5,0.5,-0.531865,248.784,0,1319.22,-72.3407,0,2.31481e+12,3,0.2,0,CIRCLE,280,1
10801,0.5,0.5,0.5,71.0978,146.314,0,806.868,-430.489,0,2.31481e+12,3,0.2,0,CIRCLE,280,1
10819,0.5,0.5,0.5,-177.013,166.998,0,910.289,810.063,0,2.31481e+12,3,0.2,0,CIRCLE,280,1
10827,0.5,0.5,0.5,-99.8325,124.927,0,699.936,424.163,0,2.31481e+12,3,0.2,0,CIRCLE,280,1
10831,0.5,0.5,0.5,-40.9622,262.637,0,1388.49,129.811,0,2.31481e+12,3,0.2,0,CIRCLE,280,1
10839,0.5,0.5,0.5,-79.3754,232.07,0,1235.65,321.877,0,2.31481e+12,3,0.2,0,CIRCLE,280,1
10852,0.5,0.5,0.5,-64.2388,-59.6896,0,-223.148,246.194,0,2.31481e+12,3,0.2,0,CIRCLE,280,1
10874,0.5,0.5,0.5,132.894,-248.567,0,-1167.53,-739.472,0,2.31481e+12,3,0.2,0,CIRCLE,280,1
10881,0.5,0.5,0.5,75.5466,198.85,0,1069.55,-452.733,0,2.31481e+12,3,0.2,0,CIRCLE,280,1
10884,0.5,0.5,0.5,129.076,38.3676,0,267.138,-720.378,0,2.31481e+12,3,0.2,0,CIRCLE,280,1
10914,0.5,0.5,0.5,-137.624,183.466,0,992.632,613.122,0,2.31481e+12,3,0.2,0,CIRCLE,280,1
10917,0.5,0.5,0.5,-88.0666,116.24,0,656.501,365.333,0,2.31481e+12,3,0.2,0,CIRCLE,280,1
10957,0.5,0.5,0.5,132.896,-20.1635,0,-25.5177,-739.481,0,2.31481e+12,3,0.2,0,CIRCLE,280,1
10966,0.5,0.5,0.5,259.69,39.0936,0,270.768,-1373.45,0,2.31481e+12,3,0.2,0,CIRCLE,280,1
10969,0.5,0.5,0.5,-109.717,-87.197,0,-360.685,473.583,0,2.31481e+12,3,0.2,0,CIRCLE,280,1
10997,0.5,0.5,0.5,199.824,112.536,0,637.982,-1074.12,0,2.31481e+12,3,0.2,0,CIRCLE,280,1
11008,0.5,0.5,0.5,11.1899,29.9996,0,225.298,-130.95,0,2.31481e+12,3,0.2,0,CIRCLE,280,1
11012,0.5,0.5,0.5,-32.306,-132.557,0,-587.483,86.5298,0,2.31481e+12,3,0.2,0,CIRCLE,280,1
11013,0.5,0.5,0.5,69.2791,189.709,0,1023.84,-421.396,0,2.31481e+12,3,0.2,0,CIRCLE,280,1
11030,0.5,0.5,0.5,-243.581,-46.8722,0,-159.061,1142.91,0,2.31481e+12,3,0.2,0,CIRCLE,280,1
11043,0.5,0.5,0.5,-224.557,-153.146,0,-690.429,1047.79,0,2.31481e+12,3,0.2,0,CIRCLE,280,1
11048,0.5,0.5,0.5,-8.20261,-197.876,0,-914.081,-33.9869,0,2.31481e+12,3,0.2,0,CIRCLE,280,1
11049,0.5,0.5,0.5,67.9575,-185.899,0,-854.194,-414.788,0,2.31481e+12,3,0.2,0,CIRCLE,280,1
11058,0.5,0.5,0.5,-147.9,-223.689,0,-1043.15,664.5,0,2.31481e+12,3,0.2,0,CIRCLE,280,1
11075,0.5,0.5,0.5,34.8048,-72.965,0,-289.525,-249.024,0,2.31481e+12,3,0.2,0,CIRCLE,280,1
11106,0.5,0.5,0.5,24.3682,-246.957,0,-1159.49,-196.841,0,2.31481e+12,3,0.2,0,CIRCLE,280,1
11117,0.5,0.5,0.5,-66.3907,258.316,0,1366.88,256.954,0,2.31481e+12,3,0.2,0,CIRCLE,280,1
11127,0.5,0.5,0.5,-153.368,173.802,0,944.308,691.84,0,2.31481e+12,3,0.2,0,CIRCLE,280,1
11130,0.5,0.5,0.5,-224.261,4.01183,0,95.3591,1046.3,0,2.31481e+12,3,0.2,0,CIRCLE,280,1
11140,0.5,0.5,0.5,-207.577,44.4897,0,297.748,962.884,0,2.31481e+12,3,0.2,0,CIRCLE,280,1
11151,0.5,0.5,0.5,-254.224,36.389,0,257.245,1196.12,0,2.31481e+12,3,0.2,0,CIRCLE,280,1
11162,0.5,0.5,0.5,-237.674,-126.207,0,-555.734,1113.37,0,2.31481e+12,3,0.2,0,CIRCLE,280,1
11164,0.5,0.5,0.5,-11.4593,-16.3487,0,-6.44364,-17.7037,0,2.31481e+12,3,0.2,0,CIRCLE,280,1
11168,0.5,0.5,0.5,-183.263,105.572,0,603.16,841.314,0,2.31481e+12,3,0.2,0,CIRCLE,280,1
11238,0.5,0.5,0.5,94.6962,116.14,0,656.001,-548.481,0,2.31481e+12,3,0.2,0,CIRCLE,280,1
11243,0.5,0.5,0.5,-258.169,-138.254,0,-615.971,1215.85,0,2.31481e+12,3,0.2,0,CIRCLE,280,1
11248,0.5,0.5,0.5,96.803,232.746,0,1239.03,-559.015,0,2.31481e+12,3,0.2,0,CIRCLE,280,1
11279,0.5,0.5,0.5,-251.444,21.5817,0,183.208,1182.22,0,2.31481e+12,3,0.2,0,CIRCLE,280,1
11297,0.5,0.5,0.5,-60.9673,-20.1023,0,-25.2115,229.837,0,2.31481e+12,3,0.2,0,CIRCLE,280,1
11339,0.5,0.5,0.5,-83.7604,-249.536,0,-1172.38,343.802,0,2.31481e+12,3,0.2,0,CIRCLE,280,1
11367,0.5,0.5,0.5,144.894,98.0739,0,565.669,-799.47,0,2.31481e+12,3,0.2,0,CIRCLE,280,1
11377,0.5,0.5,0.5,-85.5665,39.0675,0,270.637,352.833,0,2.31481e+12,3,0.2,0,CIRCLE,280,1
11379,0.5,0.5,0.5,82.6181,-33.8349,0,-93.8747,-488.09,0,2.31481e+12,3,0.2,0,CIRCLE,280,1
11400,0.5,0.5,0.5,-112.923,-52.8065,0,-188.733,489.613,0,2.31481e+12,3,0.2,0,CIRCLE,280,1
11411,0.5,0.5,0.5,212.807,38.3185,0,266.893,-1139.04,0,2.31481e+12,3,0.2,0,CIRCLE,280,1
11423,0.5,0.5,0.5,166.224,83.4843,0,492.721,-906.121,0,2.31481e+12,3,0.2,0,CIRCLE,280,1
11435,0.5,0.5,0.5,-265.155,24.3417,0,197.009,1250.78,0,2.31481e+12,3,0.2,0,CIRCLE,280,1
11443,0.5,0.5,0.5,-121.009,112.949,0,640.044,530.045,0,2.31481e+12,3,0.2,0,CIRCLE,280,1
11444,0.5,0.5,0.5,15.4252,39.3176,0,271.888,-152.126,0,2.31481e+12,3,0.2,0,CIRCLE,280,1
11454,0.5,0.5,0.5,-202.949,109.575,0,623.173,939.747,0,2.31481e+12,3,0.2,0,CIRCLE,280,1
11459,0.5,0.5,0.5,-52.9407,78.9159,0,469.879,189.704,0,2.31481e+12,3,0.2,0,CIRCLE,280,1
11466,0.5,0.5,0.5,-68.6214,-183.889,0,-844.145,268.107,0,2.31481e+12,3,0.2,0,CIRCLE,280,1
11470,0.5,0.5,0.5,110.757,73.969,0,445.145,-628.785,0,2.31481e+12,3,0.2,0,CIRCLE,280,1
11480,0.5,0.5,0.5,-213.727,52.8365,0,339.483,993.634,0,2.31481e+12,3,0.2,0,CIRCLE,280,1
11495,0.5,0.5,0.5,117.599,-216.374,0,-1006.57,-662.996,0,2.31481e+12,3,0.2,0,CIRCLE,280,1
11498,0.5,0.5,0.5,201.398,131.527,0,732.934,-1081.99,0,2.31481e+12,3,0.2,0,CIRCLE,280,1
11524,0.5,0.5,0.5,35.0812,183.998,0,995.289,-250.406,0,2.31481e+12,3,0.2,0,CIRCLE,280,1
11534,0.5,0.5,0.5,-92.4448,-133.675,0,-593.077,387.224,0,2.31481e+12,3,0.2,0,CIRCLE,280,1
11544,0.5,0.5,0.5,-126.339,-233.129,0,-1090.35,556.693,0,2.31481e+12,3,0.2,0,CIRCLE,280,1
11561,0.5,0.5,0.5,-30.6323,118.42,0,667.402,78.1615,0,2.31481e+12,3,0.2,0,CIRCLE,280,1
11563,0.5,0.5,0.5,208.325,-171.139,0,-780.396,-1116.63,0,2.31481e+12,3,0.2,0,CIRCLE,280,1
11564,0.5,0.5,0.5,-206.342,-122.938,0,-539.389,956.708,0,2.31481e+12,3,0.2,0,CIRCLE,280,1
11569,0.5,0.5,0.5,-112.656,210.741,0,1129.01,488.279,0,2.31481e+12,3,0.2,0,CIRCLE,280,1
11579,0.5,0.5,0.5,84.44,-241.461,0,-1132.01,-497.2,0,2.31481e+12,3,0.2,0,CIRCLE,280,1
11585,0.5,0.5,0.5,132.875,215.298,0,1151.79,-739.374,0,2.31481e+12,3,0.2,0,CIRCLE,280,1
11609,0.5,0.5,0.5,-49.9089,117.934,0,664.968,174.545,0,2.31481e+12,3,0.2,0,CIRCLE,280,1
11614,0.5,0.5,0.5,219.24,-47.2263,0,-160.832,-1171.2,0,2.31481e+12,3,0.2,0,CIRCLE,280,1
11641,0.5,0.5,0.5,-147.584,-213.976,0,-994.579,662.922,0,2.31481e+12,3,0.2,0,CIRCLE,280,1
11642,0.5,0.5,0.5,-164.747,-186.968,0,-859.538,748.736,0,2.31481e+12,3,0.2,0,CIRCLE,280,1
11677,0.5,0.5,0.5,180.943,183.068,0,990.641,-979.716,0,2.31481e+12,3,0.2,0,CIRCLE,280,1
11708,0.5,0.5,0.5,82.7398,-261.762,0,-1233.51,-488.699,0,2.31481e+12,3,0.2,0,CIRCLE,280,1
11734,0.5,0.5,0.5,26.6327,-279.64,0,-1322.9,-208.163,0,2.31481e+12,3,0.2,0,CIRCLE,280,1
11740,0.5,0.5,0.5,221.965,-157.655,0,-712.974,-1184.82,0,2.31481e+12,3,0.2,0,CIRCLE,280,1
11757,0.5,0.5,0.5,-204.927,-91.2306,0,-380.853,949.635,0,2.31481e+12,3,0.2,0,CIRCLE,280,1
11766,0.5,0.5,0.5,-70.8502,-55.3457,0,-201.428,279.251,0,2.31481e+12,3,0.2,0,CIRCLE,280,1
11767,0.5,0.5,0.5,157.891,168.284,0,916.719,-864.455,0,2.31481e+12,3,0.2,0,CIRCLE,280,1
11791,0.5,0.5,0.5,68.8316,36.0165,0,255.382,-419.158,0,2.31481e+12,3,0.2,0,CIRCLE,280,1
11796,0.5,0.5,0.5,-117.797,-119.091,0,-520.157,513.986,0,2.31481e+12,3,0.2,0,CIRCLE,280,1
11816,0.5,0.5,0.5,6.49349,-78.5124,0,-317.262,-107.467,0,2.31481e+12,3,0.2,0,CIRCLE,280,1
11823,0.5,0.5,0.5,-208.189,-197.357,0,-911.485,965.944,0,2.31481e+12,3,0.2,0,CIRCLE,280,1
11840,0.5,0.5,0.5,60.8212,207.642,0,1113.51,-379.106,0,2.31481e+12,3,0.2,0,CIRCLE,280,1
11856,0.5,0.5,0.5,-23.7762,230.632,0,1228.46,43.8812,0,2.31481e+12,3,0.2,0,CIRCLE,280,1
11874,0.5,0.5,0.5,-65.8986,-1.31774,0,68.7113,254.493,0,2.31481e+12,3,0.2,0,CIRCLE,280,1
11893,0.5,0.5,0.5,-40.8578,-210.943,0,-979.417,129.289,0,2.31481e+12,3,0.2,0,CIRCLE,280,1
11905,0.5,0.5,0.5,37.7661,223.011,0,1190.35,-263.83,0,2.31481e+12,3,0.2,0,CIRCLE,280,1
11946,0.5,0.5,0.5,104.547,29.9611,0,225.105,-597.737,0,2.31481e+12,3,0.2,0,CIRCLE,280,1
11989,0.5,0.5,0.5,-20.4977,169.619,0,923.395,27.4884,0,2.31481e+12,3,0.2,0,CIRCLE,280,1
12000,0.5,0.5,0.5,-164.681,-145.201,0,-650.707,748.404,0,2.31481e+12,3,0.2,0,CIRCLE,280,1
12018,0.5,0.5,0.5,-183.693,59.7985,0,374.292,843.466,0,2.31481e+12,3,0.2,0,CIRCLE,280,1
12024,0.5,0.5,0.5,125.887,-249.97,0,-1174.55,-704.433,0,2.31481e+12,3,0.2,0,CIRCLE,280,1
12029,0.5,0.5,0.5,-127.384,-134.208,0,-595.741,561.92,0,2.31481e+12,3,0.2,0,CIRCLE,280,1
12031,0.5,0.5,0.5,18.4394,172.425,0,937.424,-167.197,0,2.31481e+12,3,0.2,0,CIRCLE,280,1
12043,0.5,0.5,0.5,-24.0822,-267.835,0,-1263.88,45.4108,0,2.31481e+12,3,0.2,0,CIRCLE,280,1
12046,0.5,0.5,0.5,-116.354,-72.9716,0,-289.558,506.77,0,2.31481e+12,3,0.2,0,CIRCLE,280,1
12048,0.5,0.5,0.5,-199.54,164.143,0,896.017,922.698,0,2.31481e+12,3,0.2,0,CIRCLE,280,1
12058,0.5,0.5,0.5,204.533,124.318,0,696.891,-1097.67,0,2.31481e+12,3,0.2,0,CIRCLE,280,1
12072,0.5,0.5,0.5,46.2191,-76.7882,0,-308.641,-306.096,0,2.31481e+12,3,0.2,0,CIRCLE,280,1
12082,0.5,0.5,0.5,26.7878,159.799,0,874.293,-208.939,0,2.31481e+12,3,0.2,0,CIRCLE,280,1
12088,0.5,0.5,0.5,163.566,-190.183,0,-875.615,-892.831,0,2.31481e+12,3,0.2,0,CIRCLE,280,1
12097,0.5,0.5,0.5,-38.8754,-111.868,0,-484.04,119.377,0,2.31481e+12,3,0.2,0,CIRCLE,280,1
12123,0.5,0.5,0.5,147.393,-67.7528,0,-263.464,-811.967,0,2.31481e+12,3,0.2,0,CIRCLE,280,1
12138,0.5,0.5,0.5,181.762,-91.8138,0,-383.769,-983.812,0,2.31481e+12,3,0.2,0,CIRCLE,280,1
12141,0.5,0.5,0.5,-145.235,-253.206,0,-1190.73,651.177,0,2.31481e+12,3,0.2,0,CIRCLE,280,1
12153,0.5,0.5,0.5,-0.193692,103.039,0,590.497,-74.0315,0,2.31481e+12,3,0.2,0,CIRCLE,280,1
12204,0.5,0.5,0.5,174.902,-202.451,0,-936.954,-949.51,0,2.31481e+12,3,0.2,0,CIRCLE,280,1
12209,0.5,0.5,0.5,-141.695,-93.7252,0,-393.326,633.475,0,2.31481e+12,3,0.2,0,CIRCLE,280,1
12211,0.5,0.5,0.5,-98.8428,251.377,0,1332.18,419.214,0,2.31481e+12,3,0.2,0,CIRCLE,280,1
12212,0.5,0.5,0.5,-132.289,-122.194,0,-535.668,586.446,0,2.31481e+12,3,0.2,0,CIRCLE,280,1
12249,0.5,0.5,0.5,-208.217,-213.523,0,-992.314,966.087,0,2.31481e+12,3,0.2,0,CIRCLE,280,1
12250,0.5,0.5,0.5,-291.674,-7.43805,0,38.1098,1383.37,0,2.31481e+12,3,0.2,0,CIRCLE,280,1
12252,0.5,0.5,0.5,202.353,147.307,0,811.837,-1086.76,0,2.31481e+12,3,0.2,0,CIRCLE,280,1
12268,0.5,0.5,0.5,-190.475,200.889,0,1079.75,877.377,0,2.31481e+12,3,0.2,0,CIRCLE,280,1
12269,0.5,0.5,0.5,-190.202,45.5198,0,302.899,876.011,0,2.31481e+12,3,0.2,0,CIRCLE,280,1
12271,0.5,0.5,0.5,-51.0777,13.1844,0,141.222,180.389,0,2.31481e+12,3,0.2,0,CIRCLE,280,1
12272,0.5,0.5,0.5,85.0937,210.479,0,1127.69,-500.468,0,2.31481e+12,3,0.2,0,CIRCLE,280,1
12274,0.5,0.5,0.5,-30.7459,-251.124,0,-1180.32,78.7295,0,2.31481e+12,3,0.2,0,CIRCLE,280,1
12277,0.5,0.5,0.5,-51.7201,-11.7349,0,16.6256,183.6,0,2.31481e+12,3,0.2,0,CIRCLE,280,1
12284,0.5,0.5,0.5,-121.113,59.3263,0,371.931,530.567,0,2.31481e+12,3,0.2,0,CIRCLE,280,1
12287,0.5,0.5,0.5,-114.544,-105.941,0,-454.406,497.722,0,2.31481e+12,3,0.2,0,CIRCLE,280,1
12292,0.5,0.5,0.5,120.747,78.1747,0,466.174,-678.734,0,2.31481e+12,3,0.2,0,CIRCLE,280,1
12293,0.5,0.5,0.5,161.811,156.739,0,858.997,-884.055,0,2.31481e+12,3,0.2,0,CIRCLE,280,1
12310,0.5,0.5,0.5,-57.6227,44.1993,0,296.297,213.113,0,2.31481e+12,3,0.2,0,CIRCLE,280,1
12314,0.5,0.5,0.5,129.085,-29.1916,0,-70.6581,-720.427,0,2.31481e+12,3,0.2,0,CIRCLE,280,1
12315,0.5,0.5,0.5,187.437,168.063,0,915.614,-1012.19,0,2.31481e+12,3,0.2,0,CIRCLE,280,1
12326,0.5,0.5,0.5,-59.8355,126.877,0,709.683,224.178,0,2.31481e+12,3,0.2,0,CIRCLE,280,1
12343,0.5,0.5,0.5,-264.327,-98.5109,0,-417.254,1246.64,0,2.31481e+12,3,0.2,0,CIRCLE,280,1
12345,0.5,0.5,0.5,64.2817,-52.0903,0,-185.151,-396.408,0,2.31481e+12,3,0.2,0,CIRCLE,280,1
12369,0.5,0.5,0.5,-275.289,-82.247,0,-335.935,1301.44,0,2.31481e+12,3,0.2,0,CIRCLE,280,1
12378,0.5,0.5,0.5,-55.8551,-96.269,0,-406.045,204.276,0,2.31481e+12,3,0.2,0,CIRCLE,280,1
12387,0.5,0.5,0.5,2.04976,-283.468,0,-1342.04,-85.2488,0,2.31481e+12,3,0.2,0,CIRCLE,280,1
12402,0.5,0.5,0.5,-33.3741,-257.584,0,-1212.62,91.8704,0,2.31481e+12,3,0.2,0,CIRCLE,280,1
12447,0.5,0.5,0.5,51.3829,-187.012,0,-859.759,-331.915,0,2.31481e+12,3,0.2,0,CIRCLE,280,1
12453,0.5,0.5,0.5,10.9374,-109.658,0,-472.988,-129.687,0,2.31481e+12,3,0.2,0,CIRCLE,280,1
12488,0.5,0.5,0.5,-203.848,7.39269,0,112.263,944.239,0,2.31481e+12,3,0.2,0,CIRCLE,280,1
12495,0.5,0.5,0.5,-48.2716,239,0,1270.3,166.358,0,2.31481e+12,3,0.2,0,CIRCLE,280,1
12499,0.5,0.5,0.5,-137.359,198.094,0,1065.77,611.795,0,2.31481e+12,3,0.2,0,CIRCLE,280,1
12501,0.5,0.5,0.5,108.281,-64.0837,0,-245.118,-616.407,0,2.31481e+12,3,0.2,0,CIRCLE,280,1
12506,0.5,0.5,0.5,-32.3513,-150.487,0,-677.137,86.7563,0,2.31481e+12,3,0.2,0,CIRCLE,280,1
12531,0.5,0.5,0.5,-48.1598,183.725,0,993.927,165.799,0,2.31481e+12,3,0.2,0,CIRCLE,280,1
12536,0.5,0.5,0.5,-56.1648,216.624,0,1158.42,205.824,0,2.31481e+12,3,0.2,0,CIRCLE,280,1
12538,0.5,0.5,0.5,-110.368,-203.983,0,-944.614,476.84,0,2.31481e+12,3,0.2,0,CIRCLE,280,1
12544,0.5,0.5,0.5,-10.0962,30.6757,0,228.679,-24.5188,0,2.31481e+12,3,0.2,0,CIRCLE,280,1
12567,0.5,0.5,0.5,-109.283,120.28,0,676.702,471.416,0,2.31481e+12,3,0.2,0,CIRCLE,280,1
12610,0.5,0.5,0.5,222.216,-131.798,0,-583.689,-1186.08,0,2.31481e+12,3,0.2,0,CIRCLE,280,1
12612,0.5,0.5,0.5,199.372,94.9784,0,550.192,-1071.86,0,2.31481e+12,3,0.2,0,CIRCLE,280,1
12623,0.5,0.5,0.5,-63.8823,240.92,0,1279.9,244.412,0,2.31481e+12,3,0.2,0,CIRCLE,280,1
12629,0.5,0.5,0.5,-27.6036,-180.976,0,-829.58,63.0178,0,2.31481e+12,3,0.2,0,CIRCLE,280,1
12634,0.5,0.5,0.5,41.3367,-289.204,0,-1370.72,-281.683,0,2.31481e+12,3,0.2,0,CIRCLE,280,1
12711,0.5,0.5,0.5,23.2025,-229.122,0,-1070.31,-191.012,0,2.31481e+12,3,0.2,0,CIRCLE,280,1
12732,0.5,0.5,0.5,-35.7916,-73.0279,0,-289.84,103.958,0,2.31481e+12,3,0.2,0,CIRCLE,280,1
12775,0.5,0.5,0.5,-133.467,122.104,0,685.82,592.335,0,2.31481e+12,3,0.2,0,CIRCLE,280,1
12795,0.5,0.5,0.5,85.4631,32.8949,0,239.774,-502.315,0,2.31481e+12,3,0.2,0,CIRCLE,280,1
12817,0.5,0.5,0.5,-199.063,-167.04,0,-759.901,920.314,0,2.31481e+12,3,0.2,0,CIRCLE,280,1
12819,0.5,0.5,0.5,-91.5999,251.761,0,1334.11,382.999,0,2.31481e+12,3,0.2,0,CIRCLE,280,1
12823,0.5,0.5,0.5,173.269,-179.435,0,-821.874,-941.346,0,2.31481e+12,3,0.2,0,CIRCLE,280,1
12827,0.5,0.5,0.5,-32.3255,201.082,0,1080.71,86.6276,0,2.31481e+12,3,0.2,0,CIRCLE,280,1
12839,0.5,0.5,0.5,105.149,52.4889,0,337.744,-600.744,0,2.31481e+12,3,0.2,0,CIRCLE,280,1
12852,0.5,0.5,0.5,-48.6067,84.5264,0,497.932,168.034,0,2.31481e+12,3,0.2,0,CIRCLE,280,1
12968,0.5,0.5,0.5,164.893,-122.687,0,-538.134,-899.463,0,2.31481e+12,3,0.2,0,CIRCLE,280,1
12970,0.5,0.5,0.5,80.2473,-268.586,0,-1267.63,-476.236,0,2.31481e+12,3,0.2,0,CIRCLE,280,1
12975,0.5,0.5,0.5,217.605,80.1516,0,476.058,-1163.02,0,2.31481e+12,3,0.2,0,CIRCLE,280,1
12987,0.5,0.5,0.5,-157.216,-11.5769,0,17.4155,711.079,0,2.31481e+12,3,0.2,0,CIRCLE,280,1
12991,0.5,0.5,0.5,36.2936,-20.4397,0,-26.8987,-256.468,0,2.31481e+12,3,0.2,0,CIRCLE,280,1
12993,0.5,0.5,0.5,5.0352,-206.813,0,-958.767,-100.176,0,2.31481e+12,3,0.2,0,CIRCLE,280,1
13000,0.5,0.5,0.5,-37.2368,110.962,0,630.111,111.184,0,2.31481e+12,3,0.2,0,CIRCLE,280,1
13044,0.5,0.5,0.5,-143.939,-246.701,0,-1158.2,644.694,0,2.31481e+12,3,0.2,0,CIRCLE,280,1
13055,0.5,0.5,0.5,-92.9218,-78.8391,0,-318.895,389.609,0,2.31481e+12,3,0.2,0,CIRCLE,280,1
13061,0.5,0.5,0.5,159.153,-45.6667,0,-153.033,-870.763,0,2.31481e+12,3,0.2,0,CIRCLE,280,1
13067,0.5,0.5,0.5,157.536,47.8957,0,314.778,-862.678,0,2.31481e+12,3,0.2,0,CIRCLE,280,1
13086,0.5,0.5,0.5,-48.9744,106.024,0,605.42,169.872,0,2.31481e+12,3,0.2,0,CIRCLE,280,1
13091,0.5,0.5,0.5,-149.283,70.5609,0,428.104,671.414,0,2.31481e+12,3,0.2,0,CIRCLE,280,1
13117,0.5,0.5,0.5,84.3926,-215.241,0,-1000.9,-496.963,0,2.31481e+12,3,0.2,0,CIRCLE,280,1
13133,0.5,0.5,0.5,-51.7511,173.29,0,941.75,183.756,0,2.31481e+12,3,0.2,0,CIRCLE,280,1
13134,0.5,0.5,0.5,-73.3304,258.131,0,1365.95,291.652,0,2.31481e+12,3,0.2,0,CIRCLE,280,1
13137,0.5,0.5,0.5,-134.738,-32.0704,0,-85.052,598.692,0,2.31481e+12,3,0.2,0,CIRCLE,280,1
13150,0.5,0.5,0.5,-95.3907,154.692,0,848.761,401.953,0,2.31481e+12,3,0.2,0,CIRCLE,280,1
13151,0.5,0.5,0.5,-165.262,202.373,0,1087.16,751.309,0,2.31481e+12,3,0.2,0,CIRCLE,280,1
13157,0.5,0.5,0.5,-63.8967,207.068,0,1110.64,244.483,0,2.31481e+12,3,0.2,0,CIRCLE,280,1
13159,0.5,0.5,0.5,-219.305,-134.734,0,-598.369,1021.52,0,2.31481e+12,3,0.2,0,CIRCLE,280,1
13175,0.5,0.5,0.5,239.64,-122.832,0,-538.86,-1273.2,0,2.31481e+12,3,0.2,0,CIRCLE,280,1
13178,0.5,0.5,0.5,145.024,-57.9344,0,-214.372,-800.118,0,2.31481e+12,3,0.2,0,CIRCLE,280,1
13183,0.5,0.5,0.5,-59.6966,101.382,0,582.212,223.483,0,2.31481e+12,3,0.2,0,CIRCLE,280,1
13191,0.5,0.5,0.5,31.3457,-127.326,0,-561.33,-231.728,0,2.31481e+12,3,0.2,0,CIRCLE,280,1
13206,0.5,0.5,0.5,-76.017,3.29928,0,91.7964,305.085,0,2.31481e+12,3,0.2,0,CIRCLE,280,1
13243,0.5,0.5,0.5,-108.295,190.315,0,1026.87,466.476,0,2.31481e+12,3,0.2,0,CIRCLE,280,1
13257,0.5,0.5,0.5,-158.089,221.019,0,1180.4,715.447,0,2.31481e+12,3,0.2,0,CIRCLE,280,1
13258,0.5,0.5,0.5,-226.282,166.873,0,909.666,1056.41,0,2.31481e+12,3,0.2,0,CIRCLE,280,1
13270,0.5,0.5,0.5,102.207,-56.6347,0,-207.873,-586.034,0,2.31481e+12,3,0.2,0,CIRCLE,280,1
13298,0.5,0.5,0.5,53.2762,-113.387,0,-491.633,-341.381,0,2.31481e+12,3,0.2,0,CIRCLE,280,1
13372,0.5,0.5,0.5,121.315,-134.334,0,-596.372,-681.573,0,2.31481e+12,3,0.2,0,CIRCLE,280,1
13390,0.5,0.5,0.5,-134.368,145.734,0,803.968,596.842,0,2.31481e+12,3,0.2,0,CIRCLE,280,1
13393,0.5,0.5,0.5,68.5751,-143.365,0,-641.524,-417.875,0,2.31481e+12,3,0.2,0,CIRCLE,280,1
13404,0.5,0.5,0.5,57.1918,-26.1338,0,-55.3688,-360.959,0,2.31481e+12,3,0.2,0,CIRCLE,280,1
13413,0.5,0.5,0.5,-251.369,-64.1658,0,-245.529,1181.84,0,2.31481e+12,3,0.2,0,CIRCLE,280,1
13434,0.5,0.5,0.5,84.4521,198.675,0,1068.68,-497.26,0,2.31481e+12,3,0.2,0,CIRCLE,280,1
13441,0.5,0.5,0.5,-34.0549,243.144,0,1291.02,95.2744,0,2.31481e+12,3,0.2,0,CIRCLE,280,1
13467,0.5,0.5,0.5,-40.625,227.405,0,1212.32,128.125,0,2.31481e+12,3,0.2,0,CIRCLE,280,1
13468,0.5,0.5,0.5,-72.7807,157.536,0,862.978,288.904,0,2.31481e+12,3,0.2,0,CIRCLE,280,1
13484,0.5,0.5,0.5,-188.511,85.2614,0,501.607,867.553,0,2.31481e+12,3,0.2,0,CIRCLE,280,1
13534,0.5,0.5,0.5,168.79,54.2834,0,346.717,-918.952,0,2.31481e+12,3,0.2,0,CIRCLE,280,1
13549,0.5,0.5,0.5,-291.263,11.3281,0,131.941,1381.32,0,2.31481e+12,3,0.2,0,CIRCLE,280,1
13557,0.5,0.5,0.5,-199.867,-135.754,0,-603.47,924.337,0,2.31481e+12,3,0.2,0,CIRCLE,280,1
13574,0.5,0.5,0.5,-211.679,-48.9145,0,-169.272,983.395,0,2.31481e+12,3,0.2,0,CIRCLE,280,1
13577,0.5,0.5,0.5,21.7147,0.125813,0,75.9291,-183.573,0,2.31481e+12,3,0.2,0,CIRCLE,280,1
13606,0.5,0.5,0.5,100.112,-247.918,0,-1164.29,-575.559,0,2.31481e+12,3,0.2,0,CIRCLE,280,1
13618,0.5,0.5,0.5,77.6405,234.696,0,1248.78,-463.202,0,2.31481e+12,3,0.2,0,CIRCLE,280,1
13622,0.5,0.5,0.5,218.855,47.263,0,311.615,-1169.28,0,2.31481e+12,3,0.2,0,CIRCLE,280,1
13625,0.5,0.5,0.5,59.6647,45.8006,0,304.303,-373.323,0,2.31481e+12,3,0.2,0,CIRCLE,280,1
13630,0.5,0.5,0.5,152.08,-81.6703,0,-333.051,-835.399,0,2.31481e+12,3,0.2,0,CIRCLE,280,1
13632,0.5,0.5,0.5,28.6412,38.1799,0,266.2,-218.206,0,2.31481e+12,3,0.2,0,CIRCLE,280,1
13634,0.5,0.5,0.5,213.546,-99.557,0,-422.485,-1142.73,0,2.31481e+12,3,0.2,0,CIRCLE,280,1
13638,0.5,0.5,0.5,39.2558,216.262,0,1156.61,-271.279,0,2.31481e+12,3,0.2,0,CIRCLE,280,1
13646,0.5,0.5,0.5,-215.037,-197.327,0,-911.336,1000.19,0,2.31481e+12,3,0.2,0,CIRCLE,280,1
13678,0.5,0.5,0.5,68.4074,-232.241,0,-1085.91,-417.037,0,2.31481e+12,3,0.2,0,CIRCLE,280,1
13696,0.5,0.5,0.5,-5.4045,-119.012,0,-519.758,-47.9775,0,2.31481e+12,3,0.2,0,CIRCLE,280,1
13699,0.5,0.5,0.5,-248.696,138.481,0,767.705,1168.48,0,2.31481e+12,3,0.2,0,CIRCLE,280,1
13714,0.5,0.5,0.5,70.9695,179.063,0,970.615,-429.848,0,2.31481e+12,3,0.2,0,CIRCLE,280,1
13730,0.5,0.5,0.5,34.1132,106.874,0,609.67,-245.566,0,2.31481e+12,3,0.2,0,CIRCLE,280,1
13745,0.5,0.5,0.5,64.9671,251.41,0,1332.35,-399.835,0,2.31481e+12,3,0.2,0,CIRCLE,280,1
13750,0.5,0.5,0.5,-206.153,-110.145,0,-475.423,955.765,0,2.31481e+12,3,0.2,0,CIRCLE,280,1
13760,0.5,0.5,0.5,-202.421,-46.4307,0,-156.853,937.107,0,2.31481e+12,3,0.2,0,CIRCLE,280,1
13775,0.5,0.5,0.5,159.884,-166.449,0,-756.943,-874.421,0,2.31481e+12,3,0.2,0,CIRCLE,280,1
13792,0.5,0.5,0.5,142.226,27.5396,0,212.998,-786.131,0,2.31481e+12,3,0.2,0,CIRCLE,280,1
13799,0.5,0.5,0.5,-206.202,117.347,0,662.035,956.01,0,2.31481e+12,3,0.2,0,CIRCLE,280,1
13823,0.5,0.5,0.5,-77.0476,153.276,0,841.681,310.238,0,2.31481e+12,3,0.2,0,CIRCLE,280,1
13831,0.5,0.5,0.5,-243.72,50.9732,0,330.166,1143.6,0,2.31481e+12,3,0.2,0,CIRCLE,280,1
13846,0.5,0.5,0.5,175.983,45.989,0,305.245,-954.915,0,2.31481e+12,3,0.2,0,CIRCLE,280,1
13864,0.5,0.5,0.5,-291.217,-34.6568,0,-97.984,1381.08,0,2.31481e+12,3,0.2,0,CIRCLE,280,1
13892,0.5,0.5,0.5,-136.663,-158.284,0,-716.12,608.317,0,2.31481e+12,3,0.2,0,CIRCLE,280,1
13917,0.5,0.5,0.5,0.417372,-139.849,0,-623.946,-77.0869,0,2.31481e+12,3,0.2,0,CIRCLE,280,1
13933,0.5,0.5,0.5,-277.352,-35.9975,0,-104.688,1311.76,0,2.31481e+12,3,0.2,0,CIRCLE,280,1
13964,0.5,0.5,0.5,-69.165,-108.334,0,-466.369,270.825,0,2.31481e+12,3,0.2,0,CIRCLE,280,1
14002,0.5,0.5,0.5,116.581,177.353,0,962.064,-657.906,0,2.31481e+12,3,0.2,0,CIRCLE,280,1
14019,0.5,0.5,0.5,211.104,122.182,0,686.211,-1130.52,0,2.31481e+12,3,0.2,0,CIRCLE,280,1
14028,0.5,0.5,0.5,-221.191,-181.692,0,-833.158,1030.96,0,2.31481e+12,3,0.2,0,CIRCLE,280,1
14053,0.5,0.5,0.5,-121.455,228.896,0,1219.78,532.273,0,2.31481e+12,3,0.2,0,CIRCLE,280,1
14055,0.5,0.5,0.5,143.685,-42.6606,0,-138.003,-793.423,0,2.31481e+12,3,0.2,0,CIRCLE,280,1
14056,0.5,0.5,0.5,147.696,-136.59,0,-607.649,-813.48,0,2.31481e+12,3,0.2,0,CIRCLE,280,1
14060,0.5,0.5,0.5,-251.74,-32.6233,0,-87.8165,1183.7,0,2.31481e+12,3,0.2,0,CIRCLE,280,1
14064,0.5,0.5,0.5,-81.3191,-193.279,0,-891.096,331.595,0,2.31481e+12,3,0.2,0,CIRCLE,280,1
14081,0.5,0.5,0.5,146.541,148.293,0,816.767,-807.707,0,2.31481e+12,3,0.2,0,CIRCLE,280,1
14093,0.5,0.5,0.5,201.025,-162.182,0,-735.611,-1080.12,0,2.31481e+12,3,0.2,0,CIRCLE,280,1
14096,0.5,0.5,0.5,69.4563,-238.294,0,-1116.17,-422.281,0,2.31481e+12,3,0.2,0,CIRCLE,280,1
14139,0.5,0.5,0.5,223.943,9.55272,0,123.064,-1194.71,0,2.31481e+12,3,0.2,0,CIRCLE,280,1
14155,0.5,0.5,0.5,-85.4437,189.981,0,1025.21,352.218,0,2.31481e+12,3,0.2,0,CIRCLE,280,1
14162,0.5,0.5,0.5,-79.2225,-20.8223,0,-28.8117,321.112,0,2.31481e+12,3,0.2,0,CIRCLE,280,1
14202,0.5,0.5,0.5,-218.616,-104.211,0,-445.753,1018.08,0,2.31481e+12,3,0.2,0,CIRCLE,280,1
14209,0.5,0.5,0.5,1.87658,-252.632,0,-1187.86,-84.3829,0,2.31481e+12,3,0.2,0,CIRCLE,280,1
14222,0.5,0.5,0.5,-24.1772,-248.056,0,-1164.98,45.8861,0,2.31481e+12,3,0.2,0,CIRCLE,280,1
14223,0.5,0.5,0.5,-4.67682,234.386,0,1247.23,-51.6159,0,2.31481e+12,3,0.2,0,CIRCLE,280,1
14249,0.5,0.5,0.5,-284.81,-13.1116,0,9.74217,1349.05,0,2.31481e+12,3,0.2,0,CIRCLE,280,1
14250,0.5,0.5,0.5,-110.057,-154.793,0,-698.663,475.286,0,2.31481e+12,3,0.2,0,CIRCLE,280,1
14282,0.5,0.5,0.5,-45.4031,-147.853,0,-663.963,152.016,0,2.31481e+12,3,0.2,0,CIRCLE,280,1
14300,0.5,0.5,0.5,-282.509,66.1787,0,406.193,1337.55,0,2.31481e+12,3,0.2,0,CIRCLE,280,1
14326,0.5,0.5,0.5,33.3968,146.797,0,809.283,-241.984,0,2.31481e+12,3,0.2,0,CIRCLE,280,1
14349,0.5,0.5,0.5,-105.046,23.3659,0,192.13,450.229,0,2.31481e+12,3,0.2,0,CIRCLE,280,1
14351,0.5,0.5,0.5,201.606,-114.619,0,-497.794,-1083.03,0,2.31481e+12,3,0.2,0,CIRCLE,280,1
14354,0.5,0.5,0.5,-172.98,29.1609,0,221.104,789.898,0,2.31481e+12,3,0.2,0,CIRCLE,280,1
14356,0.5,0.5,0.5,57.5082,-87.6787,0,-363.093,-362.541,0,2.31481e+12,3,0.2,0,CIRCLE,280,1
14378,0.5,0.5,0.5,-168.606,-2.46888,0,62.9556,768.03,0,2.31481e+12,3,0.2,0,CIRCLE,280,1
14384,0.5,0.5,0.5,74.9368,12.7733,0,139.167,-449.684,0,2.31481e+12,3,0.2,0,CIRCLE,280,1
14385,0.5,0.5,0.5,-225.075,135.594,0,753.271,1050.37,0,2.31481e+12,3,0.2,0,CIRCLE,280,1
14413,0.5,0.5,0.5,223.737,-71.9399,0,-284.4,-1193.68,0,2.31481e+12,3,0.2,0,CIRCLE,280,1
14424,0.5,0.5,0.5,-83.66,-50.4326,0,-176.863,343.3,0,2.31481e+12,3,0.2,0,CIRCLE,280,1
14464,0.5,0.5,0.5,76.3337,-30.4338,0,-76.8688,-456.669,0,2.31481e+12,3,0.2,0,CIRCLE,280,1
14481,0.5,0.5,0.5,-11.87,-114.044,0,-494.918,-15.6498,0,2.31481e+12,3,0.2,0,CIRCLE,280,1
14484,0.5,0.5,0.5,188.569,79.9025,0,474.812,-1017.84,0,2.31481e+12,3,0.2,0,CIRCLE,280,1
14511,0.5,0.5,0.5,-116.236,-98.1346,0,-415.373,506.18,0,2.31481e+12,3,0.2,0,CIRCLE,280,1
14512,0.5,0.5,0.5,-69.6933,242.794,0,1289.27,273.467,0,2.31481e+12,3,0.2,0,CIRCLE,280,1
14513,0.5,0.5,0.5,3.44033,-171.22,0,-780.801,-92.2017,0,2.31481e+12,3,0.2,0,CIRCLE,280,1
14523,0.5,0.5,0.5,107.729,-250.902,0,-1179.21,-613.646,0,2.31481e+12,3,0.2,0,CIRCLE,280,1
14549,0.5,0.5,0.5,85.0924,-275.848,0,-1303.94,-500.462,0,2.31481e+12,3,0.2,0,CIRCLE,280,1
14554,0.5,0.5,0.5,-239.026,129.197,0,721.283,1120.13,0,2.31481e+12,3,0.2,0,CIRCLE,280,1
14558,0.5,0.5,0.5,136.363,-147.662,0,-663.01,-756.815,0,2.31481e+12,3,0.2,0,CIRCLE,280,1
14560,0.5,0.5,0.5,-182.215,-20.7578,0,-28.4889,836.075,0,2.31481e+12,3,0.2,0,CIRCLE,280,1
14564,0.5,0.5,0.5,112.207,220.934,0,1179.97,-636.034,0,2.31481e+12,3,0.2,0,CIRCLE,280,1
14571,0.5,0.5,0.5,-1.43259,167.138,0,910.99,-67.8371,0,2.31481e+12,3,0.2,0,CIRCLE,280,1
14573,0.5,0.5,0.5,209.034,-71.5761,0,-282.581,-1120.17,0,2.31481e+12,3,0.2,0,CIRCLE,280,1
14584,0.5,0.5,0.5,230.905,14.23,0,146.45,-1229.52,0,2.31481e+12,3,0.2,0,CIRCLE,280,1
14591,0.5,0.5,0.5,-34.5587,-88.8453,0,-368.927,97.7935,0,2.31481e+12,3,0.2,0,CIRCLE,280,1
14598,0.5,0.5,0.5,-240.359,-20.9864,0,-29.6322,1126.79,0,2.31481e+12,3,0.2,0,CIRCLE,280,1
14618,0.5,0.5,0.5,153.441,30.3313,0,226.957,-842.206,0,2.31481e+12,3,0.2,0,CIRCLE,280,1
14702,0.5,0.5,0.5,-264.99,16.9786,0,160.193,1249.95,0,2.31481e+12,3,0.2,0,CIRCLE,280,1
14703,0.5,0.5,0.5,-97.2429,-114.419,0,-496.796,411.214,0,2.31481e+12,3,0.2,0,CIRCLE,280,1
14724,0.5,0.5,0.5,-66.0162,-272.954,0,-1289.47,255.081,0,2.31481e+12,3,0.2,0,CIRCLE,280,1
14773,0.5,0.5,0.5,129.384,6.05028,0,105.551,-721.919,0,2.31481e+12,3,0.2,0,CIRCLE,280,1
14797,0.5,0.5,0.5,-214.712,-30.0209,0,-74.8044,998.559,0,2.31481e+12,3,0.2,0,CIRCLE,280,1
14798,0.5,0.5,0.5,-264.812,-140.479,0,-627.096,1249.06,0,2.31481e+12,3,0.2,0,CIRCLE,280,1
14809,0.5,0.5,0.5,109.514,-44.7225,0,-148.313,-622.572,0,2.31481e+12,3,0.2,0,CIRCLE,280,1
14848,0.5,0.5,0.5,240.175,-82.2586,0,-335.993,-1275.88,0,2.31481e+12,3,0.2,0,CIRCLE,280,1
14928,0.5,0.5,0.5,-66.9578,156.011,0,855.354,259.789,0,2.31481e+12,3,0.2,0,CIRCLE,280,1
14954,0.5,0.5,0.5,56.5871,231.363,0,1232.11,-357.936,0,2.31481e+12,3,0.2,0,CIRCLE,280,1
14974,0.5,0.5,0.5,104.395,208.803,0,1119.32,-596.976,0,2.31481e+12,3,0.2,0,CIRCLE,280,1
14981,0.5,0.5,0.5,-250.225,117.455,0,662.576,1176.13,0,2.31481e+12,3,0.2,0,CIRCLE,280,1
15020,0.5,0.5,0.5,-288.452,-51.0995,0,-180.198,1367.26,0,2.31481e+12,3,0.2,0,CIRCLE,280,1
15031,0.5,0.5,0.5,-174.219,-112.041,0,-484.903,796.095,0,2.31481e+12,3,0.2,0,CIRCLE,280,1
15042,0.5,0.5,0.5,-120.647,88.4661,0,517.631,528.233,0,2.31481e+12,3,0.2,0,CIRCLE,280,1
15045,0.5,0.5,0.5,-195.593,129.685,0,723.725,902.965,0,2.31481e+12,3,0.2,0,CIRCLE,280,1
15063,0.5,0.5,0.5,-147.134,54.6393,0,348.496,660.671,0,2.31481e+12,3,0.2,0,CIRCLE,280,1
15065,0.5,0.5,0.5,163.136,193.371,0,1042.15,-890.679,0,2.31481e+12,3,0.2,0,CIRCLE,280,1
15088,0.5,0.5,0.5,164.027,-27.1367,0,-60.3834,-895.134,0,2.31481e+12,3,0.2,0,CIRCLE,280,1
15105,0.5,0.5,0.5,113.393,186.569,0,1008.15,-641.965,0,2.31481e+12,3,0.2,0,CIRCLE,280,1
15139,0.5,0.5,0.5,51.2836,58.221,0,366.405,-331.418,0,2.31481e+12,3,0.2,0,CIRCLE,280,1
15143,0.5,0.5,0.5,-121.735,-137.146,0,-610.431,533.673,0,2.31481e+12,3,0.2,0,CIRCLE,280,1
15221,0.5,0.5,0.5,33.1911,-171.828,0,-783.839,-240.956,0,2.31481e+12,3,0.2,0,CIRCLE,280,1
15230,0.5,0.5,0.5,-63.1918,-79.5293,0,-322.346,240.959,0,2.31481e+12,3,0.2,0,CIRCLE,280,1
15248,0.5,0.5,0.5,221.058,24.5172,0,197.886,-1180.29,0,2.31481e+12,3,0.2,0,CIRCLE,280,1
15254,0.5,0.5,0.5,-93.7812,240.591,0,1278.25,393.906,0,2.31481e+12,3,0.2,0,CIRCLE,280,1
15259,0.5,0.5,0.5,-8.89745,-43.8321,0,-143.861,-30.5128,0,2.31481e+12,3,0.2,0,CIRCLE,280,1
15279,0.5,0.5,0.5,-277.75,30.3075,0,226.838,1313.75,0,2.31481e+12,3,0.2,0,CIRCLE,280,1
15335,0.5,0.5,0.5,-108.219,-184.651,0,-847.955,466.097,0,2.31481e+12,3,0.2,0,CIRCLE,280,1
15340,0.5,0.5,0.5,51.7341,-8.31076,0,33.7462,-333.67,0,2.31481e+12,3,0.2,0,CIRCLE,280,1
15341,0.5,0.5,0.5,180.336,147.966,0,815.128,-976.681,0,2.31481e+12,3,0.2,0,CIRCLE,280,1
15384,0.5,0.5,0.5,-184.065,-214.652,0,-997.962,845.327,0,2.31481e+12,3,0.2,0,CIRCLE,280,1
15399,0.5,0.5,0.5,216.742,-1.29737,0,68.8131,-1158.71,0,2.31481e+12,3,0.2,0,CIRCLE,280,1
15406,0.5,0.5,0.5,-55.536,-281.826,0,-1333.83,202.68,0,2.31481e+12,3,0.2,0,CIRCLE,280,1
15421,0.5,0.5,0.5,-72.5373,89.9033,0,524.816,287.686,0,2.31481e+12,3,0.2,0,CIRCLE,280,1
15442,0.5,0.5,0.5,160.15,-115.203,0,-500.716,-875.749,0,2.31481e+12,3,0.2,0,CIRCLE,280,1
15445,0.5,0.5,0.5,130.706,-35.1029,0,-100.215,-728.53,0,2.31481e+12,3,0.2,0,CIRCLE,280,1
15488,0.5,0.5,0.5,10.6976,-100.97,0,-429.552,-128.488,0,2.31481e+12,3,0.2,0,CIRCLE,280,1
15499,0.5,0.5,0.5,-165.022,209.398,0,1122.29,750.108,0,2.31481e+12,3,0.2,0,CIRCLE,280,1
15503,0.5,0.5,0.5,127.207,66.7913,0,409.256,-711.033,0,2.31481e+12,3,0.2,0,CIRCLE,280,1
15604,0.5,0.5,0.5,-216.812,-119.588,0,-522.642,1009.06,0,2.31481e+12,3,0.2,0,CIRCLE,280,1
15618,0.5,0.5,0.5,51.0451,209.874,0,1124.67,-330.225,0,2.31481e+12,3,0.2,0,CIRCLE,280,1
15623,0.5,0.5,0.5,231.581,-104.513,0,-447.267,-1232.91,0,2.31481e+12,3,0.2,0,CIRCLE,280,1
15640,0.5,0.5,0.5,-149.829,-159.064,0,-720.02,674.144,0,2.31481e+12,3,0.2,0,CIRCLE,280,1
15664,0.5,0.5,0.5,92.2639,-223.318,0,-1041.29,-536.319,0,2.31481e+12,3,0.2,0,CIRCLE,280,1
15665,0.5,0.5,0.5,119.731,121.14,0,681,-673.655,0,2.31481e+12,3,0.2,0,CIRCLE,280,1
15674,0.5,0.5,0.5,6.9257,108.165,0,616.125,-109.628,0,2.31481e+12,3,0.2,0,CIRCLE,280,1
15681,0.5,0.5,0.5,41.4991,-241.517,0,-1132.29,-282.496,0,2.31481e+12,3,0.2,0,CIRCLE,280,1
15706,0.5,0.5,0.5,-192.033,-229.006,0,-1069.73,885.164,0,2.31481e+12,3,0.2,0,CIRCLE,280,1
15708,0.5,0.5,0.5,-247.407,-79.1977,0,-320.689,1162.03,0,2.31481e+12,3,0.2,0,CIRCLE,280,1
15731,0.5,0.5,0.5,-188.572,-163.603,0,-742.713,867.861,0,2.31481e+12,3,0.2,0,CIRCLE,280,1
15739,0.5,0.5,0.5,182.07,-204.081,0,-945.107,-985.352,0,2.31481e+12,3,0.2,0,CIRCLE,280,1
15762,0.5,0.5,0.5,-79.7948,72.4235,0,437.417,323.974,0,2.31481e+12,3,0.2,0,CIRCLE,280,1
15769,0.5,0.5,0.5,-3.90015,-234.286,0,-1096.13,-55.4992,0,2.31481e+12,3,0.2,0,CIRCLE,280,1
15780,0.5,0.5,0.5,105.099,120.253,0,676.565,-600.495,0,2.31481e+12,3,0.2,0,CIRCLE,280,1
15828,0.5,0.5,0.5,-276.587,42.8744,0,289.672,1307.93,0,2.31481e+12,3,0.2,0,CIRCLE,280,1
15849,0.5,0.5,0.5,-153.494,-137.965,0,-614.526,692.471,0,2.31481e+12,3,0.2,0,CIRCLE,280,1
15871,0.5,0.5,0.5,-53.7792,-264.146,0,-1245.43,193.896,0,2.31481e+12,3,0.2,0,CIRCLE,280,1
15877,0.5,0.5,0.5,-90.7416,-284.015,0,-1344.77,378.708,0,2.31481e+12,3,0.2,0,CIRCLE,280,1
15906,0.5,0.5,0.5,-131.454,-139.766,0,-623.53,582.271,0,2.31481e+12,3,0.2,0,CIRCLE,280,1
15916,0.5,0.5,0.5,-16.5365,82.413,0,487.365,7.68249,0,2.31481e+12,3,0.2,0,CIRCLE,280,1
15960,0.5,0.5,0.5,-149.868,9.88389,0,124.719,674.341,0,2.31481e+12,3,0.2,0,CIRCLE,280,1
15971,0.5,0.5,0.5,140.054,208.16,0,1116.1,-775.27,0,2.31481e+12,3,0.2,0,CIRCLE,280,1
16001,0.5,0.5,0.5,-174.547,213.736,0,1143.98,797.736,0,2.31481e+12,3,0.2,0,CIRCLE,280,1
16147,0.5,0.5,0.5,187.922,-10.0963,0,24.8187,-1014.61,0,2.31481e+12,3,0.2,0,CIRCLE,280,1
16170,0.5,0.5,0.5,-103.407,163.237,0,891.483,442.033,0,2.31481e+12,3,0.2,0,CIRCLE,280,1
16172,0.5,0.5,0.5,135.015,-59.9744,0,-224.572,-750.073,0,2.31481e+12,3,0.2,0,CIRCLE,280,1
16195,0.5,0.5,0.5,-196.154,21.8119,0,184.36,905.769,0,2.31481e+12,3,0.2,0,CIRCLE,280,1
16232,0.5,0.5,0.5,140.969,145.652,0,803.561,-779.847,0,2.31481e+12,3,0.2,0,CIRCLE,280,1
16257,0.5,0.5,0.5,109.257,-237.634,0,-1112.87,-621.286,0,2.31481e+12,3,0.2,0,CIRCLE,280,1
16262,0.5,0.5,0.5,-158.988,-66.9733,0,-259.567,719.938,0,2.31481e+12,3,0.2,0,CIRCLE,280,1
16272,0.5,0.5,0.5,-191.188,-15.321,0,-1.30477,880.939,0,2.31481e+12,3,0.2,0,CIRCLE,280,1
16291,0.5,0.5,0.5,-121.393,-257.106,0,-1210.23,531.964,0,2.31481e+12,3,0.2,0,CIRCLE,280,1
16293,0.5,0.5,0.5,-59.1149,8.13129,0,115.956,220.574,0,2.31481e+12,3,0.2,0,CIRCLE,280,1
16365,0.5,0.5,0.5,-50.3782,-127.853,0,-563.966,176.891,0,2.31481e+12,3,0.2,0,CIRCLE,280,1
16367,0.5,0.5,0.5,-130.387,-92.022,0,-384.81,576.934,0,2.31481e+12,3,0.2,0,CIRCLE,280,1
16368,0.5,0.5,0.5,148.869,72.5124,0,437.862,-819.347,0,2.31481e+12,3,0.2,0,CIRCLE,280,1
16391,0.5,0.5,0.5,-68.2808,117.472,0,662.662,266.404,0,2.31481e+12,3,0.2,0,CIRCLE,280,1
16420,0.5,0.5,0.5,-141.549,122.578,0,688.188,632.746,0,2.31481e+12,3,0.2,0,CIRCLE,280,1
16427,0.5,0.5,0.5,-113.209,138.564,0,768.118,491.044,0,2.31481e+12,3,0.2,0,CIRCLE,280,1
16444,0.5,0.5,0.5,-88.4387,-2.82903,0,61.1549,367.194,0,2.31481e+12,3,0.2,0,CIRCLE,280,1
16445,0.5,0.5,0.5,-178.117,-154.056,0,-694.981,815.584,0,2.31481e+12,3,0.2,0,CIRCLE,280,1
16463,0.5,0.5,0.5,88.1018,-191.061,0,-880.003,-515.509,0,2.31481e+12,3,0.2,0,CIRCLE,280,1
16469,0.5,0.5,0.5,-213.042,70.7744,0,429.172,990.208,0,2.31481e+12,3,0.2,0,CIRCLE,280,1
16479,0.5,0.5,0.5,-107.022,-101.065,0,-430.025,460.11,0,2.31481e+12,3,0.2,0,CIRCLE,280,1
16491,0.5,0.5,0.5,125.573,-159.129,0,-720.344,-702.866,0,2.31481e+12,3,0.2,0,CIRCLE,280,1
16639,0.5,0.5,0.5,-155.52,198.003,0,1065.31,702.599,0,2.31481e+12,3,0.2,0,CIRCLE,280,1
16647,0.5,0.5,0.5,-32.5941,194.351,0,1047.05,87.9704,0,2.31481e+12,3,0.2,0,CIRCLE,280,1
16649,0.5,0.5,0.5,-60.1734,52.3732,0,337.166,225.867,0,2.31481e+12,3,0.2,0,CIRCLE,280,1
16797,0.5,0.5,0.5,91.5504,-262.931,0,-1239.35,-532.752,0,2.31481e+12,3,0.2,0,CIRCLE,280,1
16800,0.5,0.5,0.5,227.777,107.266,0,611.632,-1213.89,0,2.31481e+12,3,0.2,0,CIRCLE,280,1
16825,0.5,0.5,0.5,-102.675,-45.87,0,-154.05,438.375,0,2.31481e+12,3,0.2,0,CIRCLE,280,1
16851,0.5,0.5,0.5,-43.6032,245.078,0,1300.69,143.016,0,2.31481e+12,3,0.2,0,CIRCLE,280,1
16866,0.5,0.5,0.5,-101.834,-233.921,0,-1094.3,434.169,0,2.31481e+12,3,0.2,0,CIRCLE,280,1
16873,0.5,0.5,0.5,109.114,-123.948,0,-544.439,-620.568,0,2.31481e+12,3,0.2,0,CIRCLE,280,1
16898,0.5,0.5,0.5,-180.105,-80.5704,0,-327.552,825.524,0,2.31481e+12,3,0.2,0,CIRCLE,280,1
16913,0.5,0.5,0.5,-153.839,3.97921,0,95.1961,694.195,0,2.31481e+12,3,0.2,0,CIRCLE,280,1
16942,0.5,0.5,0.5,-236.699,91.503,0,532.815,1108.5,0,2.31481e+12,3,0.2,0,CIRCLE,280,1
16943,0.5,0.5,0.5,117.465,0.333753,0,76.9688,-662.327,0,2.31481e+12,3,0.2,0,CIRCLE,280,1
16979,0.5,0.5,0.5,54.5518,-282.462,0,-1337.01,-347.759,0,2.31481e+12,3,0.2,0,CIRCLE,280,1
16980,0.5,0.5,0.5,164.279,-49.0209,0,-169.805,-896.397,0,2.31481e+12,3,0.2,0,CIRCLE,280,1
16993,0.5,0.5,0.5,22.4962,260.774,0,1379.17,-187.481,0,2.31481e+12,3,0.2,0,CIRCLE,280,1
17073,0.5,0.5,0.5,-163.073,-117.41,0,-511.748,740.363,0,2.31481e+12,3,0.2,0,CIRCLE,280,1
17097,0.5,0.5,0.5,-33.1244,98.1582,0,566.091,90.622,0,2.31481e+12,3,0.2,0,CIRCLE,280,1
17107,0.5,0.5,0.5,-145.968,151.476,0,832.681,654.841,0,2.31481e+12,3,0.2,0,CIRCLE,280,1
17132,0.5,0.5,0.5,146.668,-178.359,0,-816.493,-808.34,0,2.31481e+12,3,0.2,0,CIRCLE,280,1
17146,0.5,0.5,0.5,101.874,-177.887,0,-814.136,-584.369,0,2.31481e+12,3,0.2,0,CIRCLE,280,1
17278,0.5,0.5,0.5,-109.966,174.267,0,946.637,474.829,0,2.31481e+12,3,0.2,0,CIRCLE,280,1
17288,0.5,0.5,0.5,55.8156,110.465,0,627.624,-354.078,0,2.31481e+12,3,0.2,0,CIRCLE,280,1
17324,0.5,0.5,0.5,-123.965,-174.455,0,-796.973,544.823,0,2.31481e+12,3,0.2,0,CIRCLE,280,1
17376,0.5,0.5,0.5,-4.76932,179.009,0,970.344,-51.1534,0,2.31481e+12,3,0.2,0,CIRCLE,280,1
17394,0.5,0.5,0.5,-207.649,97.7538,0,564.069,963.244,0,2.31481e+12,3,0.2,0,CIRCLE,280,1
17400,0.5,0.5,0.5,-18.1023,121.795,0,684.275,15.5117,0,2.31481e+12,3,0.2,0,CIRCLE,280,1
17402,0.5,0.5,0.5,-128.834,-52.5463,0,-187.432,569.169,0,2.31481e+12,3,0.2,0,CIRCLE,280,1
17407,0.5,0.5,0.5,-83.2888,-131.792,0,-583.661,341.444,0,2.31481e+12,3,0.2,0,CIRCLE,280,1
17420,0.5,0.5,0.5,-45.4074,157.826,0,864.43,152.037,0,2.31481e+12,3,0.2,0,CIRCLE,280,1
17425,0.5,0.5,0.5,-87.2379,-100.873,0,-429.066,361.19,0,2.31481e+12,3,0.2,0,CIRCLE,280,1
17488,0.5,0.5,0.5,235.875,-38.1564,0,-115.482,-1254.38,0,2.31481e+12,3,0.2,0,CIRCLE,280,1
17539,0.5,0.5,0.5,-198.239,-197.511,0,-912.254,916.193,0,2.31481e+12,3,0.2,0,CIRCLE,280,1
17550,0.5,0.5,0.5,-31.992,207.636,0,1113.48,84.96,0,2.31481e+12,3,0.2,0,CIRCLE,280,1
17574,0.5,0.5,0.5,-55.5413,-3.21335,0,59.2333,202.707,0,2.31481e+12,3,0.2,0,CIRCLE,280,1
17586,0.5,0.5,0.5,211.554,-7.3947,0,38.3265,-1132.77,0,2.31481e+12,3,0.2,0,CIRCLE,280,1
17591,0.5,0.5,0.5,158.105,132.428,0,737.44,-865.526,0,2.31481e+12,3,0.2,0,CIRCLE,280,1
17596,0.5,0.5,0.5,-32.1766,84.1859,0,496.229,85.8832,0,2.31481e+12,3,0.2,0,CIRCLE,280,1
17651,0.5,0.5,0.5,-124.627,-66.8385,0,-258.892,548.133,0,2.31481e+12,3,0.2,0,CIRCLE,280,1
17671,0.5,0.5,0.5,-162.398,-71.9732,0,-284.566,736.99,0,2.31481e+12,3,0.2,0,CIRCLE,280,1
17716,0.5,0.5,0.5,-166.189,191.878,0,1034.69,755.947,0,2.31481e+12,3,0.2,0,CIRCLE,280,1
17720,0.5,0.5,0.5,-0.601553,136.315,0,756.873,-71.9922,0,2.31481e+12,3,0.2,0,CIRCLE,280,1
17722,0.5,0.5,0.5,118.55,-75.8322,0,-303.861,-667.752,0,2.31481e+12,3,0.2,0,CIRCLE,280,1
17738,0.5,0.5,0.5,4.23097,263.335,0,1391.97,-96.1549,0,2.31481e+12,3,0.2,0,CIRCLE,280,1
17743,0.5,0.5,0.5,172.897,-5.19095,0,49.3453,-939.487,0,2.31481e+12,3,0.2,0,CIRCLE,280,1
17752,0.5,0.5,0.5,-139.779,-22.198,0,-35.6899,623.895,0,2.31481e+12,3,0.2,0,CIRCLE,280,1
17775,0.5,0.5,0.5,0.209127,64.9172,0,399.886,-76.0456,0,2.31481e+12,3,0.2,0,CIRCLE,280,1
17786,0.5,0.5,0.5,9.94016,-278.169,0,-1315.54,-124.701,0,2.31481e+12,3,0.2,0,CIRCLE,280,1
17855,0.5,0.5,0.5,-118.304,-47.8041,0,-163.72,516.522,0,2.31481e+12,3,0.2,0,CIRCLE,280,1
17909,0.5,0.5,0.5,187.763,24.6467,0,198.534,-1013.82,0,2.31481e+12,3,0.2,0,CIRCLE,280,1
17912,0.5,0.5,0.5,27.6519,-10.4436,0,23.0818,-213.26,0,2.31481e+12,3,0.2,0,CIRCLE,280,1
17920,0.5,0.5,0.5,-243.372,-7.83779,0,36.111,1141.86,0,2.31481e+12,3,0.2,0,CIRCLE,280,1
17928,0.5,0.5,0.5,-38.7535,154.701,0,848.804,118.767,0,2.31481e+12,3,0.2,0,CIRCLE,280,1
17965,0.5,0.5,0.5,185.696,113.392,0,642.259,-1003.48,0,2.31481e+12,3,0.2,0,CIRCLE,280,1
17984,0.5,0.5,0.5,-70.0705,-92.5182,0,-387.291,275.353,0,2.31481e+12,3,0.2,0,CIRCLE,280,1
18003,0.5,0.5,0.5,103.859,-8.72647,0,31.6676,-594.296,0,2.31481e+12,3,0.2,0,CIRCLE,280,1
18018,0.5,0.5,0.5,-70.7154,178.331,0,966.957,278.577,0,2.31481e+12,3,0.2,0,CIRCLE,280,1
18032,0.5,0.5,0.5,26.3224,-79.4365,0,-321.882,-206.612,0,2.31481e+12,3,0.2,0,CIRCLE,280,1
18038,0.5,0.5,0.5,246.597,0.971375,0,80.1569,-1307.99,0,2.31481e+12,3,0.2,0,CIRCLE,280,1
18041,0.5,0.5,0.5,-189.363,-181.111,0,-830.255,871.817,0,2.31481e+12,3,0.2,0,CIRCLE,280,1
18084,0.5,0.5,0.5,192.884,56.3408,0,357.004,-1039.42,0,2.31481e+12,3,0.2,0,CIRCLE,280,1
18091,0.5,0.5,0.5,141.7,18.866,0,169.63,-783.501,0,2.31481e+12,3,0.2,0,CIRCLE,280,1
18165,0.5,0.5,0.5,-198.089,-179.326,0,-821.33,915.444,0,2.31481e+12,3,0.2,0,CIRCLE,280,1
18168,0.5,0.5,0.5,125.76,207.016,0,1110.38,-703.799,0,2.31481e+12,3,0.2,0,CIRCLE,280,1
18180,0.5,0.5,0.5,207.24,8.52573,0,117.929,-1111.2,0,2.31481e+12,3,0.2,0,CIRCLE,280,1
18183,0.5,0.5,0.5,27.737,110.021,0,625.407,-213.685,0,2.31481e+12,3,0.2,0,CIRCLE,280,1
18238,0.5,0.5,0.5,-77.7409,-63.7626,0,-243.513,313.704,0,2.31481e+12,3,0.2,0,CIRCLE,280,1
18251,0.5,0.5,0.5,13.3821,-182.617,0,-837.783,-141.91,0,2.31481e+12,3,0.2,0,CIRCLE,280,1
18351,0.5,0.5,0.5,147.443,-218.777,0,-1018.59,-812.216,0,2.31481e+12,3,0.2,0,CIRCLE,280,1
18353,0.5,0.5,0.5,100.474,195.009,0,1050.34,-577.369,0,2.31481e+12,3,0.2,0,CIRCLE,280,1
18408,0.5,0.5,0.5,-1.61035,-48.4295,0,-166.848,-66.9482,0,2.31481e+12,3,0.2,0,CIRCLE,280,1
18430,0.5,0.5,0.5,-125.029,-200.071,0,-925.055,550.144,0,2.31481e+12,3,0.2,0,CIRCLE,280,1
18436,0.5,0.5,0.5,122.785,-227.339,0,-1061.4,-688.927,0,2.31481e+12,3,0.2,0,CIRCLE,280,1
18458,0.5,0.5,0.5,117.799,-231.556,0,-1082.48,-663.996,0,2.31481e+12,3,0.2,0,CIRCLE,280,1
18489,0.5,0.5,0.5,-34.2939,73.4318,0,442.459,96.4694,0,2.31481e+12,3,0.2,0,CIRCLE,280,1
18534,0.5,0.5,0.5,-12.9988,69.3169,0,421.885,-10.0059,0,2.31481e+12,3,0.2,0,CIRCLE,280,1
18552,0.5,0.5,0.5,5.62209,-246.291,0,-1156.15,-103.11,0,2.31481e+12,3,0.2,0,CIRCLE,280,1
18582,0.5,0.5,0.5,169.071,-104.275,0,-446.077,-920.356,0,2.31481e+12,3,0.2,0,CIRCLE,280,1
18612,0.5,0.5,0.5,-219.834,129.354,0,722.071,1024.17,0,2.31481e+12,3,0.2,0,CIRCLE,280,1
18711,0.5,0.5,0.5,140.465,139.64,0,773.498,-777.324,0,2.31481e+12,3,0.2,0,CIRCLE,280,1
18715,0.5,0.5,0.5,134.813,-102.278,0,-436.091,-749.063,0,2.31481e+12,3,0.2,0,CIRCLE,280,1
18780,0.5,0.5,0.5,35.4282,53.0805,0,340.702,-252.141,0,2.31481e+12,3,0.2,0,CIRCLE,280,1
18818,0.5,0.5,0.5,159.442,117.782,0,664.211,-872.211,0,2.31481e+12,3,0.2,0,CIRCLE,280,1
18861,0.5,0.5,0.5,119.142,-259.404,0,-1221.72,-670.711,0,2.31481e+12,3,0.2,0,CIRCLE,280,1
18916,0.5,0.5,0.5,-87.7855,77.264,0,461.62,363.928,0,2.31481e+12,3,0.2,0,CIRCLE,280,1
18926,0.5,0.5,0.5,-214.939,134.692,0,748.762,999.697,0,2.31481e+12,3,0.2,0,CIRCLE,280,1
18946,0.5,0.5,0.5,259.929,-58.6972,0,-218.186,-1374.65,0,2.31481e+12,3,0.2,0,CIRCLE,280,1
19009,0.5,0.5,0.5,-150.167,-121.81,0,-533.749,675.835,0,2.31481e+12,3,0.2,0,CIRCLE,280,1
19017,0.5,0.5,0.5,-73.8429,184.011,0,995.353,294.215,0,2.31481e+12,3,0.2,0,CIRCLE,280,1
19073,0.5,0.5,0.5,-33.0132,221.615,0,1183.37,90.0661,0,2.31481e+12,3,0.2,0,CIRCLE,280,1
19202,0.5,0.5,0.5,-77.0046,-232.03,0,-1084.85,310.023,0,2.31481e+12,3,0.2,0,CIRCLE,280,1
19206,0.5,0.5,0.5,101.45,-141.039,0,-629.895,-582.248,0,2.31481e+12,3,0.2,0,CIRCLE,280,1
19234,0.5,0.5,0.5,-133.035,-170.176,0,-775.582,590.177,0,2.31481e+12,3,0.2,0,CIRCLE,280,1
19247,0.5,0.5,0.5,168.507,-153.85,0,-693.952,-917.534,0,2.31481e+12,3,0.2,0,CIRCLE,280,1
19263,0.5,0.5,0.5,-225.631,-92.7221,0,-388.31,1053.15,0,2.31481e+12,3,0.2,0,CIRCLE,280,1
19308,0.5,0.5,0.5,146.572,209.818,0,1124.39,-807.858,0,2.31481e+12,3,0.2,0,CIRCLE,280,1
19367,0.5,0.5,0.5,142.257,-162.445,0,-736.927,-786.287,0,2.31481e+12,3,0.2,0,CIRCLE,280,1
19392,0.5,0.5,0.5,142.054,-9.87853,0,25.9074,-785.27,0,2.31481e+12,3,0.2,0,CIRCLE,280,1
19414,0.5,0.5,0.5,-7.34189,-11.3761,0,18.4197,-38.2905,0,2.31481e+12,3,0.2,0,CIRCLE,280,1
19423,0.5,0.5,0.5,-193.665,79.908,0,474.84,893.325,0,2.31481e+12,3,0.2,0,CIRCLE,280,1
19508,0.5,0.5,0.5,154.208,85.8948,0,504.774,-846.041,0,2.31481e+12,3,0.2,0,CIRCLE,280,1
19551,0.5,0.5,0.5,241.352,-40.7457,0,-128.428,-1281.76,0,2.31481e+12,3,0.2,0,CIRCLE,280,1
19561,0.5,0.5,0.5,-69.2942,-19.8803,0,-24.1013,271.471,0,2.31481e+12,3,0.2,0,CIRCLE,280,1
19664,0.5,0.5,0.5,8.62566,158.263,0,866.613,-118.128,0,2.31481e+12,3,0.2,0,CIRCLE,280,1
19698,0.5,0.5,0.5,249.297,77.3465,0,462.032,-1321.49,0,2.31481e+12,3,0.2,0,CIRCLE,280,1
19753,0.5,0.5,0.5,67.347,-104.541,0,-447.403,-411.735,0,2.31481e+12,3,0.2,0,CIRCLE,280,1
19758,0.5,0.5,0.5,93.8387,241.777,0,1284.19,-544.193,0,2.31481e+12,3,0.2,0,CIRCLE,280,1
19781,0.5,0.5,0.5,-160.567,-212.828,0,-988.842,727.837,0,2.31481e+12,3,0.2,0,CIRCLE,280,1
19840,0.5,0.5,0.5,0.961569,181.004,0,980.321,-79.8078,0,2.31481e+12,3,0.2,0,CIRCLE,280,1
19866,0.5,0.5,0.5,-130.641,128.903,0,719.813,578.207,0,2.31481e+12,3,0.2,0,CIRCLE,280,1
19895,0.5,0.5,0.5,-129.698,-211.596,0,-982.682,573.488,0,2.31481e+12,3,0.2,0,CIRCLE,280,1
19917,0.5,0.5,0.5,174.206,-166.675,0,-758.074,-946.03,0,2.31481e+12,3,0.2,0,CIRCLE,280,1
19918,0.5,0.5,0.5,-68.43,-287.077,0,-1360.09,267.15,0,2.31481e+12,3,0.2,0,CIRCLE,280,1
19926,0.5,0.5,0.5,246.121,-97.0647,0,-410.024,-1305.6,0,2.31481e+12,3,0.2,0,CIRCLE,280,1
19955,0.5,0.5,0.5,113.36,29.9324,0,224.962,-641.8,0,2.31481e+12,3,0.2,0,CIRCLE,280,1
19956,0.5,0.5,0.5,176.105,-94.1612,0,-395.506,-955.527,0,2.31481e+12,3,0.2,0,CIRCLE,280,1
19986,0.5,0.5,0.5,159.073,0.899054,0,79.7953,-870.365,0,2.31481e+12,3,0.2,0,CIRCLE,280,1
20013,0.5,0.5,0.5,156.541,-101.185,0,-430.623,-857.704,0,2.31481e+12,3,0.2,0,CIRCLE,280,1
20020,0.5,0.5,0.5,194.8,-49.7494,0,-173.447,-1049,0,2.31481e+12,3,0.2,0,CIRCLE,280,1
20054,0.5,0.5,0.5,218.779,86.0666,0,505.633,-1168.9,0,2.31481e+12,3,0.2,0,CIRCLE,280,1
20107,0.5,0.5,0.5,83.4731,-159.726,0,-723.332,-492.365,0,2.31481e+12,3,0.2,0,CIRCLE,280,1
20115,0.5,0.5,0.5,75.045,-152.321,0,-686.305,-450.225,0,2.31481e+12,3,0.2,0,CIRCLE,280,1
20117,0.5,0.5,0.5,67.4983,-219.832,0,-1023.86,-412.492,0,2.31481e+12,3,0.2,0,CIRCLE,280,1
20138,0.5,0.5,0.5,-97.044,-128.264,0,-566.019,410.22,0,2.31481e+12,3,0.2,0,CIRCLE,280,1
20143,0.5,0.5,0.5,43.1243,-30.7741,0,-78.5706,-290.622,0,2.31481e+12,3,0.2,0,CIRCLE,280,1
20175,0.5,0.5,0.5,153.864,-165.481,0,-752.105,-844.321,0,2.31481e+12,3,0.2,0,CIRCLE,280,1
20255,0.5,0.5,0.5,74.3098,-61.491,0,-232.155,-446.549,0,2.31481e+12,3,0.2,0,CIRCLE,280,1
20307,0.5,0.5,0.5,118.944,-42.5261,0,-137.331,-669.718,0,2.31481e+12,3,0.2,0,CIRCLE,280,1
20328,0.5,0.5,0.5,233.469,90.0504,0,525.552,-1242.35,0,2.31481e+12,3,0.2,0,CIRCLE,280,1
20376,0.5,0.5,0.5,88.4346,-80.1964,0,-325.682,-517.173,0,2.31481e+12,3,0.2,0,CIRCLE,280,1
20428,0.5,0.5,0.5,-49.7119,135.618,0,753.389,173.56,0,2.31481e+12,3,0.2,0,CIRCLE,280,1
20515,0.5,0.5,0.5,-129.43,-75.5892,0,-302.646,572.151,0,2.31481e+12,3,0.2,0,CIRCLE,280,1
20531,0.5,0.5,0.5,-69.2218,-190.434,0,-876.872,271.109,0,2.31481e+12,3,0.2,0,CIRCLE,280,1
20590,0.5,0.5,0.5,141.035,41.8808,0,284.704,-780.177,0,2.31481e+12,3,0.2,0,CIRCLE,280,1
20651,0.5,0.5,0.5,-232.499,-112.089,0,-485.143,1087.5,0,2.31481e+12,3,0.2,0,CIRCLE,280,1
20693,0.5,0.5,0.5,151.664,-239.373,0,-1121.57,-833.318,0,2.31481e+12,3,0.2,0,CIRCLE,280,1
20747,0.5,0.5,0.5,-158.067,152.317,0,836.886,715.334,0,2.31481e+12,3,0.2,0,CIRCLE,280,1
20759,0.5,0.5,0.5,161.175,-219.882,0,-1024.11,-880.876,0,2.31481e+12,3,0.2,0,CIRCLE,280,1
20796,0.5,0.5,0.5,-132.058,179.593,0,973.264,585.288,0,2.31481e+12,3,0.2,0,CIRCLE,280,1
20842,0.5,0.5,0.5,-203.966,-143.349,0,-641.443,944.828,0,2.31481e+12,3,0.2,0,CIRCLE,280,1
20850,0.5,0.5,0.5,-15.5617,-31.0652,0,-80.026,2.8083,0,2.31481e+12,3,0.2,0,CIRCLE,280,1
20865,0.5,0.5,0.5,114.318,-96.1994,0,-405.697,-646.588,0,2.31481e+12,3,0.2,0,CIRCLE,280,1
20879,0.5,0.5,0.5,116.748,146.363,0,807.114,-658.74,0,2.31481e+12,3,0.2,0,CIRCLE,280,1
20897,0.5,0.5,0.5,-86.1047,178.525,0,967.926,355.523,0,2.31481e+12,3,0.2,0,CIRCLE,280,1
20921,0.5,0.5,0.5,-75.9632,-112.286,0,-486.131,304.816,0,2.31481e+12,3,0.2,0,CIRCLE,280,1
20950,0.5,0.5,0.5,-229.318,37.312,0,261.86,1071.59,0,2.31481e+12,3,0.2,0,CIRCLE,280,1
21023,0.5,0.5,0.5,-29.7885,255.099,0,1350.79,73.9426,0,2.31481e+12,3,0.2,0,CIRCLE,280,1
21072,0.5,0.5,0.5,43.136,117.535,0,662.974,-290.68,0,2.31481e+12,3,0.2,0,CIRCLE,280,1
21143,0.5,0.5,0.5,-122.957,7.30449,0,111.822,539.787,0,2.31481e+12,3,0.2,0,CIRCLE,280,1
21146,0.5,0.5,0.5,-260.494,53.4719,0,342.66,1227.47,0,2.31481e+12,3,0.2,0,CIRCLE,280,1
21165,0.5,0.5,0.5,-163.467,48.5604,0,318.102,742.334,0,2.31481e+12,3,0.2,0,CIRCLE,280,1
21194,0.5,0.5,0.5,201.59,11.4617,0,132.608,-1082.95,0,2.31481e+12,3,0.2,0,CIRCLE,280,1
21288,0.5,0.5,0.5,-219.601,55.4116,0,352.358,1023.01,0,2.31481e+12,3,0.2,0,CIRCLE,280,1
21289,0.5,0.5,0.5,-167.586,-98.1295,0,-415.347,762.928,0,2.31481e+12,3,0.2,0,CIRCLE,280,1
21367,0.5,0.5,0.5,-158.262,207.597,0,1113.29,716.309,0,2.31481e+12,3,0.2,0,CIRCLE,280,1
21409,0.5,0.5,0.5,-45.8172,140.508,0,777.84,154.086,0,2.31481e+12,3,0.2,0,CIRCLE,280,1
21428,0.5,0.5,0.5,206.43,-158.759,0,-718.497,-1107.15,0,2.31481e+12,3,0.2,0,CIRCLE,280,1
21447,0.5,0.5,0.5,138.23,7.67024,0,113.651,-766.152,0,2.31481e+12,3,0.2,0,CIRCLE,280,1
21481,0.5,0.5,0.5,-157.301,165.526,0,902.93,711.507,0,2.31481e+12,3,0.2,0,CIRCLE,280,1
21605,0.5,0.5,0.5,-103.57,-59.7866,0,-223.633,442.852,0,2.31481e+12,3,0.2,0,CIRCLE,280,1
21774,0.5,0.5,0.5,-240.557,65.9767,0,405.184,1127.79,0,2.31481e+12,3,0.2,0,CIRCLE,280,1
21802,0.5,0.5,0.5,-274.623,-10.1953,0,24.3234,1298.12,0,2.31481e+12,3,0.2,0,CIRCLE,280,1
21887,0.5,0.5,0.5,-138.597,-211.734,0,-983.372,617.984,0,2.31481e+12,3,0.2,0,CIRCLE,280,1
21898,0.5,0.5,0.5,-191.247,-116.033,0,-504.865,881.237,0,2.31481e+12,3,0.2,0,CIRCLE,280,1
21909,0.5,0.5,0.5,-15.6101,-238.278,0,-1116.09,3.05052,0,2.31481e+12,3,0.2,0,CIRCLE,280,1
21951,0.5,0.5,0.5,-196.751,-73.3674,0,-291.537,908.754,0,2.31481e+12,3,0.2,0,CIRCLE,280,1
21967,0.5,0.5,0.5,-22.3758,108.835,0,619.475,36.8792,0,2.31481e+12,3,0.2,0,CIRCLE,280,1
21987,0.5,0.5,0.5,-99.6384,-76.7368,0,-308.384,423.192,0,2.31481e+12,3,0.2,0,CIRCLE,280,1
22016,0.5,0.5,0.5,103.653,-77.0842,0,-310.121,-593.264,0,2.31481e+12,3,0.2,0,CIRCLE,280,1
22023,0.5,0.5,0.5,-68.5707,-124.317,0,-546.286,267.853,0,2.31481e+12,3,0.2,0,CIRCLE,280,1
22306,0.5,0.5,0.5,-281.324,-22.8413,0,-38.9064,1331.62,0,2.31481e+12,3,0.2,0,CIRCLE,280,1
22309,0.5,0.5,0.5,181.471,-110.802,0,-478.709,-982.355,0,2.31481e+12,3,0.2,0,CIRCLE,280,1
22332,0.5,0.5,0.5,-20.9504,69.3577,0,422.089,29.7522,0,2.31481e+12,3,0.2,0,CIRCLE,280,1
22403,0.5,0.5,0.5,194.818,-101.018,0,-429.791,-1049.09,0,2.31481e+12,3,0.2,0,CIRCLE,280,1
22429,0.5,0.5,0.5,159.012,109.011,0,620.356,-870.06,0,2.31481e+12,3,0.2,0,CIRCLE,280,1
22433,0.5,0.5,0.5,209.463,-116.412,0,-506.762,-1122.31,0,2.31481e+12,3,0.2,0,CIRCLE,280,1
22643,0.5,0.5,0.5,-62.6798,18.8487,0,169.543,238.399,0,2.31481e+12,3,0.2,0,CIRCLE,280,1
22654,0.5,0.5,0.5,163.796,23.4261,0,192.43,-893.979,0,2.31481e+12,3,0.2,0,CIRCLE,280,1
22740,0.5,0.5,0.5,-46.1172,-38.4745,0,-117.073,155.586,0,2.31481e+12,3,0.2,0,CIRCLE,280,1
22798,0.5,0.5,0.5,-36.7848,-159.705,0,-723.227,108.924,0,2.31481e+12,3,0.2,0,CIRCLE,280,1
22812,0.5,0.5,0.5,-221.241,91.3322,0,531.961,1031.2,0,2.31481e+12,3,0.2,0,CIRCLE,280,1
22821,0.5,0.5,0.5,137.118,-13.629,0,7.15493,-760.589,0,2.31481e+12,3,0.2,0,CIRCLE,280,1
22834,0.5,0.5,0.5,126.3,-128.049,0,-564.946,-706.5,0,2.31481e+12,3,0.2,0,CIRCLE,280,1
22853,0.5,0.5,0.5,-151.168,-245.141,0,-1150.41,680.84,0,2.31481e+12,3,0.2,0,CIRCLE,280,1
22864,0.5,0.5,0.5,-201.827,-172.668,0,-788.039,934.137,0,2.31481e+12,3,0.2,0,CIRCLE,280,1
22867,0.5,0.5,0.5,18.3918,-201.538,0,-932.388,-166.959,0,2.31481e+12,3,0.2,0,CIRCLE,280,1
22870,0.5,0.5,0.5,59.5818,119.904,0,674.818,-372.909,0,2.31481e+12,3,0.2,0,CIRCLE,280,1
22942,0.5,0.5,0.5,-130.517,112.731,0,638.953,577.586,0,2.31481e+12,3,0.2,0,CIRCLE,280,1
22954,0.5,0.5,0.5,60.8445,84.4523,0,497.562,-379.223,0,2.31481e+12,3,0.2,0,CIRCLE,280,1
22974,0.5,0.5,0.5,-205.907,168.979,0,920.193,954.537,0,2.31481e+12,3,0.2,0,CIRCLE,280,1
22988,0.5,0.5,0.5,145.35,-157.288,0,-711.14,-801.751,0,2.31481e+12,3,0.2,0,CIRCLE,280,1
23016,0.5,0.5,0.5,6.03838,201.687,0,1083.74,-105.192,0,2.31481e+12,3,0.2,0,CIRCLE,280,1
23017,0.5,0.5,0.5,-132.179,-151.14,0,-680.399,585.893,0,2.31481e+12,3,0.2,0,CIRCLE,280,1
23032,0.5,0.5,0.5,238.787,-15.0487,0,0.0566775,-1268.93,0,2.31481e+12,3,0.2,0,CIRCLE,280,1
23044,0.5,0.5,0.5,-98.6739,-20.9546,0,-29.473,418.37,0,2.31481e+12,3,0.2,0,CIRCLE,280,1
23093,0.5,0.5,0.5,42.9653,-148.536,0,-667.378,-289.826,0,2.31481e+12,3,0.2,0,CIRCLE,280,1
23098,0.5,0.5,0.5,28.1275,234.18,0,1246.2,-215.637,0,2.31481e+12,3,0.2,0,CIRCLE,280,1
23106,0.5,0.5,0.5,45.9765,-52.4451,0,-186.926,-304.883,0,2.31481e+12,3,0.2,0,CIRCLE,280,1
23174,0.5,0.5,0.5,-176.485,62.8815,0,389.707,807.424,0,2.31481e+12,3,0.2,0,CIRCLE,280,1
23180,0.5,0.5,0.5,-137.819,117.652,0,663.562,614.097,0,2.31481e+12,3,0.2,0,CIRCLE,280,1
23362,0.5,0.5,0.5,-261.904,-16.8228,0,-8.81401,1234.52,0,2.31481e+12,3,0.2,0,CIRCLE,280,1
23391,0.5,0.5,0.5,-18.9133,259.836,0,1374.48,19.5665,0,2.31481e+12,3,0.2,0,CIRCLE,280,1
23427,0.5,0.5,0.5,-18.6753,-45.7562,0,-153.481,18.3767,0,2.31481e+12,3,0.2,0,CIRCLE,280,1
23466,0.5,0.5,0.5,82.4857,-221.852,0,-1033.96,-487.428,0,2.31481e+12,3,0.2,0,CIRCLE,280,1
23513,0.5,0.5,0.5,86.3981,-87.0866,0,-360.133,-506.991,0,2.31481e+12,3,0.2,0,CIRCLE,280,1
23516,0.5,0.5,0.5,252.979,-72.4854,0,-287.127,-1339.89,0,2.31481e+12,3,0.2,0,CIRCLE,280,1
23527,0.5,0.5,0.5,11.779,-44.6846,0,-148.123,-133.895,0,2.31481e+12,3,0.2,0,CIRCLE,280,1
23563,0.5,0.5,0.5,99.4618,-133.17,0,-590.551,-572.309,0,2.31481e+12,3,0.2,0,CIRCLE,280,1
23579,0.5,0.5,0.5,-89.0697,-127.323,0,-561.316,370.348,0,2.31481e+12,3,0.2,0,CIRCLE,280,1
23656,0.5,0.5,0.5,123.585,-113.244,0,-490.92,-692.926,0,2.31481e+12,3,0.2,0,CIRCLE,280,1
23745,0.5,0.5,0.5,-116.275,198.776,0,1069.18,506.376,0,2.31481e+12,3,0.2,0,CIRCLE,280,1
23749,0.5,0.5,0.5,177.515,-51.609,0,-182.745,-962.573,0,2.31481e+12,3,0.2,0,CIRCLE,280,1
23759,0.5,0.5,0.5,-67.2192,62.6239,0,388.419,261.096,0,2.31481e+12,3,0.2,0,CIRCLE,280,1
23774,0.5,0.5,0.5,-54.2508,-226.429,0,-1056.84,196.254,0,2.31481e+12,3,0.2,0,CIRCLE,280,1
23818,0.5,0.5,0.5,53.8503,69.7903,0,424.252,-344.251,0,2.31481e+12,3,0.2,0,CIRCLE,280,1
23898,0.5,0.5,0.5,76.0169,103.921,0,594.906,-455.085,0,2.31481e+12,3,0.2,0,CIRCLE,280,1
23937,0.5,0.5,0.5,-139.735,-182.623,0,-837.817,623.673,0,2.31481e+12,3,0.2,0,CIRCLE,280,1
23961,0.5,0.5,0.5,-5.22346,-184.904,0,-849.221,-48.8827,0,2.31481e+12,3,0.2,0,CIRCLE,280,1
23972,0.5,0.5,0.5,101.469,110.335,0,626.977,-582.347,0,2.31481e+12,3,0.2,0,CIRCLE,280,1
24010,0.5,0.5,0.5,-124.074,-192.599,0,-887.696,545.369,0,2.31481e+12,3,0.2,0,CIRCLE,280,1
24046,0.5,0.5,0.5,29.0554,259.214,0,1371.37,-220.277,0,2.31481e+12,3,0.2,0,CIRCLE,280,1
24054,0.5,0.5,0.5,-214.041,-81.2437,0,-330.918,995.206,0,2.31481e+12,3,0.2,0,CIRCLE,280,1
24062,0.5,0.5,0.5,-92.2216,233.666,0,1243.63,386.108,0,2.31481e+12,3,0.2,0,CIRCLE,280,1
24096,0.5,0.5,0.5,-171.93,93.0028,0,540.314,784.652,0,2.31481e+12,3,0.2,0,CIRCLE,280,1
24174,0.5,0.5,0.5,180.737,-15.6756,0,-3.07801,-978.686,0,2.31481e+12,3,0.2,0,CIRCLE,280,1
24208,0.5,0.5,0.5,185.227,128.389,0,717.247,-1001.13,0,2.31481e+12,3,0.2,0,CIRCLE,280,1
24250,0.5,0.5,0.5,-178.571,40.5909,0,278.255,817.857,0,2.31481e+12,3,0.2,0,CIRCLE,280,1
24319,0.5,0.5,0.5,-55.7824,67.6191,0,413.396,203.912,0,2.31481e+12,3,0.2,0,CIRCLE,280,1
24383,0.5,0.5,0.5,-211.933,128.762,0,719.111,984.665,0,2.31481e+12,3,0.2,0,CIRCLE,280,1
24396,0.5,0.5,0.5,232.505,96.9943,0,560.272,-1237.52,0,2.31481e+12,3,0.2,0,CIRCLE,280,1
24439,0.5,0.5,0.5,-216.135,9.0061,0,120.331,1005.67,0,2.31481e+12,3,0.2,0,CIRCLE,280,1
24534,0.5,0.5,0.5,195.532,143.412,0,792.359,-1052.66,0,2.31481e+12,3,0.2,0,CIRCLE,280,1
24577,0.5,0.5,0.5,-228.891,-45.2003,0,-150.702,1069.46,0,2.31481e+12,3,0.2,0,CIRCLE,280,1
24643,0.5,0.5,0.5,132.984,150.758,0,829.088,-739.918,0,2.31481e+12,3,0.2,0,CIRCLE,280,1
24658,0.5,0.5,0.5,59.6108,180,0,975.299,-373.054,0,2.31481e+12,3,0.2,0,CIRCLE,280,1
24728,0.5,0.5,0.5,178.212,93.2856,0,541.728,-966.058,0,2.31481e+12,3,0.2,0,CIRCLE,280,1
24791,0.5,0.5,0.5,-39.9378,-237.431,0,-1111.85,124.689,0,2.31481e+12,3,0.2,0,CIRCLE,280,1
24873,0.5,0.5,0.5,39.5348,-207.491,0,-962.153,-272.674,0,2.31481e+12,3,0.2,0,CIRCLE,280,1
24878,0.5,0.5,0.5,110.932,99.055,0,570.575,-629.658,0,2.31481e+12,3,0.2,0,CIRCLE,280,1
24941,0.5,0.5,0.5,201.271,-58.538,0,-217.39,-1081.36,0,2.31481e+12,3,0.2,0,CIRCLE,280,1
24965,0.5,0.5,0.5,-41.9398,148.573,0,818.167,134.699,0,2.31481e+12,3,0.2,0,CIRCLE,280,1
25007,0.5,0.5,0.5,-42.6553,43.5211,0,292.905,138.277,0,2.31481e+12,3,0.2,0,CIRCLE,280,1
25053,0.5,0.5,0.5,-230.271,96.1967,0,556.283,1076.35,0,2.31481e+12,3,0.2,0,CIRCLE,280,1
25064,0.5,0.5,0.5,110.255,-243.835,0,-1143.88,-626.273,0,2.31481e+12,3,0.2,0,CIRCLE,280,1
25156,0.5,0.5,0.5,-86.4125,-29.64,0,-72.8999,357.063,0,2.31481e+12,3,0.2,0,CIRCLE,280,1
25190,0.5,0.5,0.5,-250.667,8.59975,0,118.299,1178.33,0,2.31481e+12,3,0.2,0,CIRCLE,280,1
25246,0.5,0.5,0.5,44.6471,154.276,0,846.682,-298.236,0,2.31481e+12,3,0.2,0,CIRCLE,280,1
25307,0.5,0.5,0.5,-176.889,-48.8681,0,-169.04,809.446,0,2.31481e+12,3,0.2,0,CIRCLE,280,1
25310,0.5,0.5,0.5,52.9281,-21.2831,0,-31.1153,-339.641,0,2.31481e+12,3,0.2,0,CIRCLE,280,1
25313,0.5,0.5,0.5,188.316,176.732,0,958.96,-1016.58,0,2.31481e+12,3,0.2,0,CIRCLE,280,1
25343,0.5,0.5,0.5,-213.796,79.985,0,475.225,993.981,0,2.31481e+12,3,0.2,0,CIRCLE,280,1
25370,0.5,0.5,0.5,231.004,-54.9708,0,-199.554,-1230.02,0,2.31481e+12,3,0.2,0,CIRCLE,280,1
25469,0.5,0.5,0.5,8.75201,173.479,0,942.693,-118.76,0,2.31481e+12,3,0.2,0,CIRCLE,280,1
25489,0.5,0.5,0.5,148.228,-29.877,0,-74.0848,-816.14,0,2.31481e+12,3,0.2,0,CIRCLE,280,1
25524,0.5,0.5,0.5,26.7786,-90.0246,0,-374.823,-208.893,0,2.31481e+12,3,0.2,0,CIRCLE,280,1
25557,0.5,0.5,0.5,-71.6701,-240.453,0,-1126.96,283.35,0,2.31481e+12,3,0.2,0,CIRCLE,280,1
25637,0.5,0.5,0.5,-132.646,-268.208,0,-1265.74,588.228,0,2.31481e+12,3,0.2,0,CIRCLE,280,1
25654,0.5,0.5,0.5,226.724,123.845,0,694.523,-1208.62,0,2.31481e+12,3,0.2,0,CIRCLE,280,1
25885,0.5,0.5,0.5,26.0276,-201.586,0,-932.629,-205.138,0,2.31481e+12,3,0.2,0,CIRCLE,280,1
25890,0.5,0.5,0.5,-221.555,-80.9401,0,-329.401,1032.78,0,2.31481e+12,3,0.2,0,CIRCLE,280,1
25923,0.5,0.5,0.5,92.5884,-197.277,0,-911.083,-537.942,0,2.31481e+12,3,0.2,0,CIRCLE,280,1
25940,0.5,0.5,0.5,-5.44731,153.836,0,844.482,-47.7635,0,2.31481e+12,3,0.2,0,CIRCLE,280,1
26061,0.5,0.5,0.5,228.118,-92.9978,0,-389.689,-1215.59,0,2.31481e+12,3,0.2,0,CIRCLE,280,1
26134,0.5,0.5,0.5,-231.931,75.1268,0,450.934,1084.65,0,2.31481e+12,3,0.2,0,CIRCLE,280,1
26143,0.5,0.5,0.5,-219.747,165.39,0,902.248,1023.73,0,2.31481e+12,3,0.2,0,CIRCLE,280,1
26182,0.5,0.5,0.5,238.661,2.68502,0,88.7251,-1268.3,0,2.31481e+12,3,0.2,0,CIRCLE,280,1
26201,0.5,0.5,0.5,-35.3903,213.444,0,1142.52,101.952,0,2.31481e+12,3,0.2,0,CIRCLE,280,1
26264,0.5,0.5,0.5,110.135,-265.052,0,-1249.96,-625.673,0,2.31481e+12,3,0.2,0,CIRCLE,280,1
26272,0.5,0.5,0.5,-206.367,-98.0144,0,-414.772,956.835,0,2.31481e+12,3,0.2,0,CIRCLE,280,1
26276,0.5,0.5,0.5,-12.4157,-205.48,0,-952.1,-12.9216,0,2.31481e+12,3,0.2,0,CIRCLE,280,1
26303,0.5,0.5,0.5,-266.633,92.0997,0,535.799,1258.16,0,2.31481e+12,3,0.2,0,CIRCLE,280,1
26342,0.5,0.5,0.5,77.5253,-278.228,0,-1315.84,-462.627,0,2.31481e+12,3,0.2,0,CIRCLE,280,1
26354,0.5,0.5,0.5,-144.136,-230.232,0,-1075.86,645.681,0,2.31481e+12,3,0.2,0,CIRCLE,280,1
26412,0.5,0.5,0.5,-208.441,-16.2426,0,-5.91317,967.206,0,2.31481e+12,3,0.2,0,CIRCLE,280,1
26442,0.5,0.5,0.5,-38.3791,142.552,0,788.061,116.896,0,2.31481e+12,3,0.2,0,CIRCLE,280,1
26474,0.5,0.5,0.5,-31.8924,129.896,0,724.781,84.4619,0,2.31481e+12,3,0.2,0,CIRCLE,280,1
26519,0.5,0.5,0.5,193.975,36.8365,0,259.482,-1044.88,0,2.31481e+12,3,0.2,0,CIRCLE,280,1
26550,0.5,0.5,0.5,-237.704,-151.085,0,-680.126,1113.52,0,2.31481e+12,3,0.2,0,CIRCLE,280,1
26617,0.5,0.5,0.5,-143.521,-38.178,0,-115.59,642.604,0,2.31481e+12,3,0.2,0,CIRCLE,280,1
26637,0.5,0.5,0.5,11.532,-236.486,0,-1107.13,-132.66,0,2.31481e+12,3,0.2,0,CIRCLE,280,1
26651,0.5,0.5,0.5,122.602,95.6542,0,553.571,-688.01,0,2.31481e+12,3,0.2,0,CIRCLE,280,1
26660,0.5,0.5,0.5,-80.5392,51.6706,0,333.653,327.696,0,2.31481e+12,3,0.2,0,CIRCLE,280,1
26677,0.5,0.5,0.5,50.1351,-149.643,0,-672.915,-325.675,0,2.31481e+12,3,0.2,0,CIRCLE,280,1
26742,0.5,0.5,0.5,-15.6481,-20.9557,0,-29.4783,3.24032,0,2.31481e+12,3,0.2,0,CIRCLE,280,1
26747,0.5,0.5,0.5,5.52781,-129.296,0,-571.18,-102.639,0,2.31481e+12,3,0.2,0,CIRCLE,280,1
26757,0.5,0.5,0.5,42.232,184.24,0,996.499,-286.16,0,2.31481e+12,3,0.2,0,CIRCLE,280,1
26821,0.5,0.5,0.5,-31.4699,236.336,0,1256.98,82.3496,0,2.31481e+12,3,0.2,0,CIRCLE,280,1
26836,0.5,0.5,0.5,66.1677,118.507,0,667.833,-405.839,0,2.31481e+12,3,0.2,0,CIRCLE,280,1
26849,0.5,0.5,0.5,125.138,-191.42,0,-881.799,-700.688,0,2.31481e+12,3,0.2,0,CIRCLE,280,1
26953,0.5,0.5,0.5,-231.557,126.394,0,707.269,1082.78,0,2.31481e+12,3,0.2,0,CIRCLE,280,1
26989,0.5,0.5,0.5,-247.443,-170.287,0,-776.137,1162.22,0,2.31481e+12,3,0.2,0,CIRCLE,280,1
27036,0.5,0.5,0.5,64.4822,228.921,0,1219.9,-397.411,0,2.31481e+12,3,0.2,0,CIRCLE,280,1
27063,0.5,0.5,0.5,-185.276,-120.128,0,-525.339,851.38,0,2.31481e+12,3,0.2,0,CIRCLE,280,1
27100,0.5,0.5,0.5,-255.944,-114.076,0,-495.078,1204.72,0,2.31481e+12,3,0.2,0,CIRCLE,280,1
27120,0.5,0.5,0.5,192.877,-110.894,0,-479.17,-1039.39,0,2.31481e+12,3,0.2,0,CIRCLE,280,1
27167,0.5,0.5,0.5,107.281,-207.625,0,-962.824,-611.404,0,2.31481e+12,3,0.2,0,CIRCLE,280,1
27170,0.5,0.5,0.5,-291.026,-61.2897,0,-231.148,1380.13,0,2.31481e+12,3,0.2,0,CIRCLE,280,1
27193,0.5,0.5,0.5,33.941,73.0455,0,440.527,-244.705,0,2.31481e+12,3,0.2,0,CIRCLE,280,1
27230,0.5,0.5,0.5,124.62,-170.667,0,-778.033,-698.098,0,2.31481e+12,3,0.2,0,CIRCLE,280,1
27239,0.5,0.5,0.5,170.857,-60.044,0,-224.92,-929.283,0,2.31481e+12,3,0.2,0,CIRCLE,280,1
27254,0.5,0.5,0.5,257.638,-32.1178,0,-85.2888,-1363.19,0,2.31481e+12,3,0.2,0,CIRCLE,280,1
27307,0.5,0.5,0.5,-154.735,117.154,0,661.068,698.674,0,2.31481e+12,3,0.2,0,CIRCLE,280,1
27320,0.5,0.5,0.5,243.613,7.1712,0,111.156,-1293.07,0,2.31481e+12,3,0.2,0,CIRCLE,280,1
27324,0.5,0.5,0.5,130.611,-123.691,0,-543.154,-728.054,0,2.31481e+12,3,0.2,0,CIRCLE,280,1
27419,0.5,0.5,0.5,-92.7563,-18.8126,0,-18.7628,388.782,0,2.31481e+12,3,0.2,0,CIRCLE,280,1
27457,0.5,0.5,0.5,-247.877,39.2932,0,271.766,1164.39,0,2.31481e+12,3,0.2,0,CIRCLE,280,1
27678,0.5,0.5,0.5,-272.772,-60.5697,0,-227.549,1288.86,0,2.31481e+12,3,0.2,0,CIRCLE,280,1
27783,0.5,0.5,0.5,135.763,45.2932,0,301.766,-753.813,0,2.31481e+12,3,0.2,0,CIRCLE,280,1
27817,0.5,0.5,0.5,-181.187,-9.40524,0,28.2738,830.936,0,2.31481e+12,3,0.2,0,CIRCLE,280,1
27834,0.5,0.5,0.5,-214.19,-109.892,0,-474.158,995.948,0,2.31481e+12,3,0.2,0,CIRCLE,280,1
27843,0.5,0.5,0.5,247.649,-110.631,0,-477.856,-1313.24,0,2.31481e+12,3,0.2,0,CIRCLE,280,1
27867,0.5,0.5,0.5,-244.687,9.69261,0,123.763,1148.43,0,2.31481e+12,3,0.2,0,CIRCLE,280,1
27883,0.5,0.5,0.5,76.2427,-200.157,0,-925.485,-456.213,0,2.31481e+12,3,0.2,0,CIRCLE,280,1
27928,0.5,0.5,0.5,-10.6933,170.968,0,930.138,-21.5335,0,2.31481e+12,3,0.2,0,CIRCLE,280,1
27930,0.5,0.5,0.5,141.55,158.603,0,868.314,-782.749,0,2.31481e+12,3,0.2,0,CIRCLE,280,1
27965,0.5,0.5,0.5,192.588,155.104,0,850.821,-1037.94,0,2.31481e+12,3,0.2,0,CIRCLE,280,1
28055,0.5,0.5,0.5,-227.981,148.638,0,818.492,1064.9,0,2.31481e+12,3,0.2,0,CIRCLE,280,1
28091,0.5,0.5,0.5,-177.985,115.527,0,652.933,814.924,0,2.31481e+12,3,0.2,0,CIRCLE,280,1
28156,0.5,0.5,0.5,-254.563,66.4684,0,407.642,1197.81,0,2.31481e+12,3,0.2,0,CIRCLE,280,1
28163,0.5,0.5,0.5,75.5819,92.7426,0,539.013,-452.91,0,2.31481e+12,3,0.2,0,CIRCLE,280,1
28186,0.5,0.5,0.5,59.1049,189.044,0,1020.52,-370.524,0,2.31481e+12,3,0.2,0,CIRCLE,280,1
28215,0.5,0.5,0.5,197.839,-31.932,0,-84.3601,-1064.2,0,2.31481e+12,3,0.2,0,CIRCLE,280,1
28354,0.5,0.5,0.5,-64.3247,11.53,0,132.95,246.624,0,2.31481e+12,3,0.2,0,CIRCLE,280,1
28459,0.5,0.5,0.5,86.636,22.847,0,189.535,-508.18,0,2.31481e+12,3,0.2,0,CIRCLE,280,1
28481,0.5,0.5,0.5,32.0133,-185.419,0,-851.794,-235.066,0,2.31481e+12,3,0.2,0,CIRCLE,280,1
28523,0.5,0.5,0.5,177.01,-133.826,0,-593.83,-960.049,0,2.31481e+12,3,0.2,0,CIRCLE,280,1
28534,0.5,0.5,0.5,-146.822,231.243,0,1231.51,659.108,0,2.31481e+12,3,0.2,0,CIRCLE,280,1
28696,0.5,0.5,0.5,145.664,135.929,0,754.945,-803.318,0,2.31481e+12,3,0.2,0,CIRCLE,280,1
28763,0.5,0.5,0.5,-209.666,106.894,0,609.771,973.331,0,2.31481e+12,3,0.2,0,CIRCLE,280,1
28937,0.5,0.5,0.5,-219.718,-188.237,0,-865.886,1023.59,0,2.31481e+12,3,0.2,0,CIRCLE,280,1
28980,0.5,0.5,0.5,-119.109,-151.27,0,-681.05,520.543,0,2.31481e+12,3,0.2,0,CIRCLE,280,1
28988,0.5,0.5,0.5,-46.0981,123.203,0,691.315,155.491,0,2.31481e+12,3,0.2,0,CIRCLE,280,1
29049,0.5,0.5,0.5,-135.357,-193.688,0,-893.139,601.783,0,2.31481e+12,3,0.2,0,CIRCLE,280,1
29151,0.5,0.5,0.5,236.715,-24.9966,0,-49.6828,-1258.57,0,2.31481e+12,3,0.2,0,CIRCLE,280,1
29208,0.5,0.5,0.5,-93.669,-31.2534,0,-80.9669,393.345,0,2.31481e+12,3,0.2,0,CIRCLE,280,1
29235,0.5,0.5,0.5,225.532,-21.828,0,-33.84,-1202.66,0,2.31481e+12,3,0.2,0,CIRCLE,280,1
29310,0.5,0.5,0.5,153.64,128.068,0,715.642,-843.202,0,2.31481e+12,3,0.2,0,CIRCLE,280,1
29351,0.5,0.5,0.5,-6.12145,112.789,0,639.244,-44.3927,0,2.31481e+12,3,0.2,0,CIRCLE,280,1
29495,0.5,0.5,0.5,188.995,-76.243,0,-305.915,-1019.97,0,2.31481e+12,3,0.2,0,CIRCLE,280,1
29513,0.5,0.5,0.5,132.037,97.9498,0,565.049,-735.186,0,2.31481e+12,3,0.2,0,CIRCLE,280,1
29613,0.5,0.5,0.5,-1.57011,-261.584,0,-1232.62,-67.1494,0,2.31481e+12,3,0.2,0,CIRCLE,280,1
29626,0.5,0.5,0.5,213.795,59.1776,0,371.188,-1143.98,0,2.31481e+12,3,0.2,0,CIRCLE,280,1
29657,0.5,0.5,0.5,2.42695,-118.765,0,-518.523,-87.1347,0,2.31481e+12,3,0.2,0,CIRCLE,280,1
29721,0.5,0.5,0.5,-0.216764,-60.2206,0,-225.803,-73.9162,0,2.31481e+12,3,0.2,0,CIRCLE,280,1
29777,0.5,0.5,0.5,-278.641,18.6734,0,168.667,1318.21,0,2.31481e+12,3,0.2,0,CIRCLE,280,1
29892,0.5,0.5,0.5,156.837,-138.308,0,-616.241,-859.187,0,2.31481e+12,3,0.2,0,CIRCLE,280,1
30012,0.5,0.5,0.5,-214.888,43.5714,0,293.157,999.442,0,2.31481e+12,3,0.2,0,CIRCLE,280,1
30031,0.5,0.5,0.5,77.803,143.196,0,791.278,-464.015,0,2.31481e+12,3,0.2,0,CIRCLE,280,1
30058,0.5,0.5,0.5,144.31,91.1869,0,531.235,-796.551,0,2.31481e+12,3,0.2,0,CIRCLE,280,1
30060,0.5,0.5,0.5,2.55598,25.0439,0,200.52,-87.7799,0,2.31481e+12,3,0.2,0,CIRCLE,280,1
30111,0.5,0.5,0.5,41.1304,-155.686,0,-703.129,-280.652,0,2.31481e+12,3,0.2,0,CIRCLE,280,1
30112,0.5,0.5,0.5,-5.11419,-112.169,0,-485.544,-49.429,0,2.31481e+12,3,0.2,0,CIRCLE,280,1
30150,0.5,0.5,0.5,123.766,50.1136,0,325.868,-693.831,0,2.31481e+12,3,0.2,0,CIRCLE,280,1
30306,0.5,0.5,0.5,-76.8962,-161.302,0,-731.208,309.481,0,2.31481e+12,3,0.2,0,CIRCLE,280,1
30312,0.5,0.5,0.5,-1.0178,-131.344,0,-581.42,-69.911,0,2.31481e+12,3,0.2,0,CIRCLE,280,1
30371,0.5,0.5,0.5,198.674,-94.5674,0,-397.537,-1068.37,0,2.31481e+12,3,0.2,0,CIRCLE,280,1
30396,0.5,0.5,0.5,-61.7277,-187.673,0,-863.063,233.638,0,2.31481e+12,3,0.2,0,CIRCLE,280,1
30548,0.5,0.5,0.5,-6.47326,-37.2341,0,-110.87,-42.6337,0,2.31481e+12,3,0.2,0,CIRCLE,280,1
30608,0.5,0.5,0.5,-240.742,4.54934,0,98.0467,1128.71,0,2.31481e+12,3,0.2,0,CIRCLE,280,1
30631,0.5,0.5,0.5,-203.447,176.186,0,956.229,942.234,0,2.31481e+12,3,0.2,0,CIRCLE,280,1
30715,0.5,0.5,0.5,-4.34738,-149.641,0,-672.903,-53.2631,0,2.31481e+12,3,0.2,0,CIRCLE,280,1
30764,0.5,0.5,0.5,-110.358,161.015,0,880.375,476.792,0,2.31481e+12,3,0.2,0,CIRCLE,280,1
30828,0.5,0.5,0.5,69.231,27.6633,0,213.617,-421.155,0,2.31481e+12,3,0.2,0,CIRCLE,280,1
31006,0.5,0.5,0.5,-237.998,-53.8934,0,-194.167,1114.99,0,2.31481e+12,3,0.2,0,CIRCLE,280,1
31030,0.5,0.5,0.5,-112.111,-80.471,0,-327.055,485.557,0,2.31481e+12,3,0.2,0,CIRCLE,280,1
31126,0.5,0.5,0.5,-50.8554,-21.1261,0,-30.3306,179.277,0,2.31481e+12,3,0.2,0,CIRCLE,280,1
31472,0.5,0.5,0.5,206.666,36.2987,0,256.793,-1108.33,0,2.31481e+12,3,0.2,0,CIRCLE,280,1
31573,0.5,0.5,0.5,39.6588,207.405,0,1112.33,-273.294,0,2.31481e+12,3,0.2,0,CIRCLE,280,1
31635,0.5,0.5,0.5,-56.3876,-213.259,0,-990.996,206.938,0,2.31481e+12,3,0.2,0,CIRCLE,280,1
31708,0.5,0.5,0.5,-17.0453,-86.9271,0,-359.336,10.2263,0,2.31481e+12,3,0.2,0,CIRCLE,280,1
31710,0.5,0.5,0.5,-117.979,-27.5513,0,-62.4564,514.893,0,2.31481e+12,3,0.2,0,CIRCLE,280,1
31748,0.5,0.5,0.5,-257.804,-64.1458,0,-245.429,1214.02,0,2.31481e+12,3,0.2,0,CIRCLE,280,1
31844,0.5,0.5,0.5,102.276,146.023,0,805.416,-586.379,0,2.31481e+12,3,0.2,0,CIRCLE,280,1
31860,0.5,0.5,0.5,55.8606,7.32972,0,111.949,-354.303,0,2.31481e+12,3,0.2,0,CIRCLE,280,1
31871,0.5,0.5,0.5,-89.2264,71.4048,0,432.324,371.132,0,2.31481e+12,3,0.2,0,CIRCLE,280,1
31958,0.5,0.5,0.5,-210.634,-170.385,0,-776.624,978.17,0,2.31481e+12,3,0.2,0,CIRCLE,280,1
32098,0.5,0.5,0.5,-122.601,72.0221,0,435.411,538.004,0,2.31481e+12,3,0.2,0,CIRCLE,280,1
32115,0.5,0.5,0.5,-146.81,-137.333,0,-611.364,659.048,0,2.31481e+12,3,0.2,0,CIRCLE,280,1
32117,0.5,0.5,0.5,-160.582,1.30063,0,81.8031,727.908,0,2.31481e+12,3,0.2,0,CIRCLE,280,1
32133,0.5,0.5,0.5,-31.4654,143.371,0,792.156,82.3269,0,2.31481e+12,3,0.2,0,CIRCLE,280,1
32157,0.5,0.5,0.5,-169.541,-151.42,0,-681.801,772.707,0,2.31481e+12,3,0.2,0,CIRCLE,280,1
32333,0.5,0.5,0.5,52.2263,153.029,0,840.443,-336.132,0,2.31481e+12,3,0.2,0,CIRCLE,280,1
32541,0.5,0.5,0.5,69.808,123.714,0,693.871,-424.04,0,2.31481e+12,3,0.2,0,CIRCLE,280,1
32630,0.5,0.5,0.5,-111.522,-231.257,0,-1080.99,482.609,0,2.31481e+12,3,0.2,0,CIRCLE,280,1
32764,0.5,0.5,0.5,36.2666,242.533,0,1287.96,-256.333,0,2.31481e+12,3,0.2,0,CIRCLE,280,1
32778,0.5,0.5,0.5,-176.22,80.2745,0,476.672,806.1,0,2.31481e+12,3,0.2,0,CIRCLE,280,1
32817,0.5,0.5,0.5,87.1178,85.9545,0,505.073,-510.589,0,2.31481e+12,3,0.2,0,CIRCLE,280,1
32914,0.5,0.5,0.5,-18.1057,-188.671,0,-868.056,15.5287,0,2.31481e+12,3,0.2,0,CIRCLE,280,1
32945,0.5,0.5,0.5,113.791,-203.74,0,-943.401,-643.957,0,2.31481e+12,3,0.2,0,CIRCLE,280,1
32951,0.5,0.5,0.5,234.769,-119.023,0,-519.815,-1248.85,0,2.31481e+12,3,0.2,0,CIRCLE,280,1
32954,0.5,0.5,0.5,130.549,-218.758,0,-1018.49,-727.745,0,2.31481e+12,3,0.2,0,CIRCLE,280,1
32979,0.5,0.5,0.5,85.0342,152.054,0,835.571,-500.171,0,2.31481e+12,3,0.2,0,CIRCLE,280,1
32981,0.5,0.5,0.5,55.7486,-61.688,0,-233.14,-353.743,0,2.31481e+12,3,0.2,0,CIRCLE,280,1
33071,0.5,0.5,0.5,175.742,-66.8826,0,-259.113,-953.711,0,2.31481e+12,3,0.2,0,CIRCLE,280,1
33082,0.5,0.5,0.5,57.8575,-239.174,0,-1120.57,-364.288,0,2.31481e+12,3,0.2,0,CIRCLE,280,1
33211,0.5,0.5,0.5,-163.12,185.893,0,1004.77,740.598,0,2.31481e+12,3,0.2,0,CIRCLE,280,1
33327,0.5,0.5,0.5,-133.807,139.524,0,772.921,594.036,0,2.31481e+12,3,0.2,0,CIRCLE,280,1
33340,0.5,0.5,0.5,119.744,109.553,0,623.063,-673.722,0,2.31481e+12,3,0.2,0,CIRCLE,280,1
33376,0.5,0.5,0.5,-275.28,7.03759,0,110.488,1301.4,0,2.31481e+12,3,0.2,0,CIRCLE,280,1
33412,0.5,0.5,0.5,-121.233,-102.409,0,-436.745,531.167,0,2.31481e+12,3,0.2,0,CIRCLE,280,1
33439,0.5,0.5,0.5,-27.2867,-33.8754,0,-94.0768,61.4334,0,2.31481e+12,3,0.2,0,CIRCLE,280,1
33465,0.5,0.5,0.5,-185.287,51.2338,0,331.469,851.436,0,2.31481e+12,3,0.2,0,CIRCLE,280,1
33470,0.5,0.5,0.5,116.167,36.7284,0,258.942,-655.834,0,2.31481e+12,3,0.2,0,CIRCLE,280,1
33519,0.5,0.5,0.5,-29.4872,22.9612,0,190.106,72.4358,0,2.31481e+12,3,0.2,0,CIRCLE,280,1
33634,0.5,0.5,0.5,-10.5959,8.09342,0,115.767,-22.0206,0,2.31481e+12,3,0.2,0,CIRCLE,280,1
33636,0.5,0.5,0.5,-89.9644,-106.332,0,-456.358,374.822,0,2.31481e+12,3,0.2,0,CIRCLE,280,1
33642,0.5,0.5,0.5,40.9889,34.9515,0,250.058,-279.944,0,2.31481e+12,3,0.2,0,CIRCLE,280,1
33703,0.5,0.5,0.5,16.2027,77.3192,0,461.896,-156.013,0,2.31481e+12,3,0.2,0,CIRCLE,280,1
33865,0.5,0.5,0.5,22.4638,-39.6714,0,-123.057,-187.319,0,2.31481e+12,3,0.2,0,CIRCLE,280,1
33878,0.5,0.5,0.5,-70.3663,-30.4539,0,-76.9697,276.832,0,2.31481e+12,3,0.2,0,CIRCLE,280,1
33954,0.5,0.5,0.5,216.269,-154.771,0,-698.553,-1156.35,0,2.31481e+12,3,0.2,0,CIRCLE,280,1
34012,0.5,0.5,0.5,-291.542,24.2627,0,196.614,1382.71,0,2.31481e+12,3,0.2,0,CIRCLE,280,1
34029,0.5,0.5,0.5,46.1378,-216.573,0,-1007.56,-305.689,0,2.31481e+12,3,0.2,0,CIRCLE,280,1
34096,0.5,0.5,0.5,115.063,-8.11011,0,34.7495,-650.316,0,2.31481e+12,3,0.2,0,CIRCLE,280,1
34121,0.5,0.5,0.5,140.675,-209.827,0,-973.834,-778.375,0,2.31481e+12,3,0.2,0,CIRCLE,280,1
34178,0.5,0.5,0.5,111.625,-30.5196,0,-77.2981,-633.126,0,2.31481e+12,3,0.2,0,CIRCLE,280,1
34317,0.5,0.5,0.5,-109.198,222.221,0,1186.41,470.989,0,2.31481e+12,3,0.2,0,CIRCLE,280,1
34318,0.5,0.5,0.5,-123.654,-40.5956,0,-127.678,543.272,0,2.31481e+12,3,0.2,0,CIRCLE,280,1
34339,0.5,0.5,0.5,-266.735,31.5963,0,233.281,1258.68,0,2.31481e+12,3,0.2,0,CIRCLE,280,1
34366,0.5,0.5,0.5,239.393,41.9228,0,284.914,-1271.97,0,2.31481e+12,3,0.2,0,CIRCLE,280,1
34416,0.5,0.5,0.5,58.6534,154.055,0,845.574,-368.267,0,2.31481e+12,3,0.2,0,CIRCLE,280,1
34421,0.5,0.5,0.5,171.149,-86.3982,0,-356.691,-930.744,0,2.31481e+12,3,0.2,0,CIRCLE,280,1
34453,0.5,0.5,0.5,-139.531,177.195,0,961.276,622.654,0,2.31481e+12,3,0.2,0,CIRCLE,280,1
34489,0.5,0.5,0.5,-136.15,11.4627,0,132.613,605.749,0,2.31481e+12,3,0.2,0,CIRCLE,280,1
34493,0.5,0.5,0.5,-227.795,116.604,0,658.321,1063.97,0,2.31481e+12,3,0.2,0,CIRCLE,280,1
34557,0.5,0.5,0.5,181.171,63.8897,0,394.749,-980.855,0,2.31481e+12,3,0.2,0,CIRCLE,280,1
34577,0.5,0.5,0.5,261.495,-52.0678,0,-185.039,-1382.47,0,2.31481e+12,3,0.2,0,CIRCLE,280,1
34679,0.5,0.5,0.5,-245.92,103.384,0,592.221,1154.6,0,2.31481e+12,3,0.2,0,CIRCLE,280,1
34758,0.5,0.5,0.5,-111.696,-277.555,0,-1312.47,483.48,0,2.31481e+12,3,0.2,0,CIRCLE,280,1
34796,0.5,0.5,0.5,-29.9644,7.70232,0,113.812,74.8221,0,2.31481e+12,3,0.2,0,CIRCLE,280,1
34846,0.5,0.5,0.5,-8.57831,-154.005,0,-694.727,-32.1085,0,2.31481e+12,3,0.2,0,CIRCLE,280,1
35119,0.5,0.5,0.5,-184.684,23.4298,0,192.449,848.419,0,2.31481e+12,3,0.2,0,CIRCLE,280,1
35161,0.5,0.5,0.5,-92.2305,51.946,0,335.03,386.153,0,2.31481e+12,3,0.2,0,CIRCLE,280,1
35230,0.5,0.5,0.5,-49.5491,-194.385,0,-896.626,172.745,0,2.31481e+12,3,0.2,0,CIRCLE,280,1
35244,0.5,0.5,0.5,-59.7807,80.1374,0,475.987,223.904,0,2.31481e+12,3,0.2,0,CIRCLE,280,1
35300,0.5,0.5,0.5,-28.607,149.172,0,821.158,68.0349,0,2.31481e+12,3,0.2,0,CIRCLE,280,1
35314,0.5,0.5,0.5,87.9082,191.527,0,1032.94,-514.541,0,2.31481e+12,3,0.2,0,CIRCLE,280,1
35326,0.5,0.5,0.5,117.814,-55.2345,0,-200.872,-664.071,0,2.31481e+12,3,0.2,0,CIRCLE,280,1
35413,0.5,0.5,0.5,-132.749,-4.48431,0,52.8785,588.746,0,2.31481e+12,3,0.2,0,CIRCLE,280,1
35451,0.5,0.5,0.5,-6.04971,-228.251,0,-1065.95,-44.7514,0,2.31481e+12,3,0.2,0,CIRCLE,280,1
35484,0.5,0.5,0.5,-165.318,-130.952,0,-579.461,751.591,0,2.31481e+12,3,0.2,0,CIRCLE,280,1
35562,0.5,0.5,0.5,-155.156,-48.641,0,-167.905,700.779,0,2.31481e+12,3,0.2,0,CIRCLE,280,1
35619,0.5,0.5,0.5,40.7749,195.338,0,1051.99,-278.875,0,2.31481e+12,3,0.2,0,CIRCLE,280,1
35632,0.5,0.5,0.5,-257.733,122.727,0,688.934,1213.66,0,2.31481e+12,3,0.2,0,CIRCLE,280,1
35651,0.5,0.5,0.5,120.692,5.50104,0,102.805,-678.459,0,2.31481e+12,3,0.2,0,CIRCLE,280,1
35724,0.5,0.5,0.5,56.1001,-37.5851,0,-112.626,-355.5,0,2.31481e+12,3,0.2,0,CIRCLE,280,1
35921,0.5,0.5,0.5,-32.3024,-47.5155,0,-162.278,86.5122,0,2.31481e+12,3,0.2,0,CIRCLE,280,1
35925,0.5,0.5,0.5,103.09,-89.4024,0,-371.712,-590.45,0,2.31481e+12,3,0.2,0,CIRCLE,280,1
35985,0.5,0.5,0.5,-54.9416,-237.512,0,-1112.26,199.708,0,2.31481e+12,3,0.2,0,CIRCLE,280,1
35992,0.5,0.5,0.5,222.654,132.514,0,737.872,-1188.27,0,2.31481e+12,3,0.2,0,CIRCLE,280,1
36029,0.5,0.5,0.5,19.8267,221.729,0,1183.95,-174.133,0,2.31481e+12,3,0.2,0,CIRCLE,280,1
36148,0.5,0.5,0.5,-14.9607,20.6776,0,178.688,-0.196687,0,2.31481e+12,3,0.2,0,CIRCLE,280,1
36246,0.5,0.5,0.5,15.4999,161.827,0,884.433,-152.5,0,2.31481e+12,3,0.2,0,CIRCLE,280,1
36350,0.5,0.5,0.5,54.1628,129.45,0,722.549,-345.814,0,2.31481e+12,3,0.2,0,CIRCLE,280,1
36395,0.5,0.5,0.5,-45.7034,215.616,0,1153.38,153.517,0,2.31481e+12,3,0.2,0,CIRCLE,280,1
36461,0.5,0.5,0.5,-168.032,-113.003,0,-489.715,765.16,0,2.31481e+12,3,0.2,0,CIRCLE,280,1
36465,0.5,0.5,0.5,13.5821,6.85154,0,109.558,-142.91,0,2.31481e+12,3,0.2,0,CIRCLE,280,1
36508,0.5,0.5,0.5,249.201,-84.0961,0,-345.181,-1321.01,0,2.31481e+12,3,0.2,0,CIRCLE,280,1
36675,0.5,0.5,0.5,-284.625,-65.1751,0,-250.576,1348.13,0,2.31481e+12,3,0.2,0,CIRCLE,280,1
36679,0.5,0.5,0.5,38.5393,-134.616,0,-597.78,-267.697,0,2.31481e+12,3,0.2,0,CIRCLE,280,1
36720,0.5,0.5,0.5,-130.518,-59.4219,0,-221.809,577.591,0,2.31481e+12,3,0.2,0,CIRCLE,280,1
36758,0.5,0.5,0.5,-266.296,-63.7614,0,-243.507,1256.48,0,2.31481e+12,3,0.2,0,CIRCLE,280,1
36919,0.5,0.5,0.5,9.52168,127.33,0,711.95,-122.608,0,2.31481e+12,3,0.2,0,CIRCLE,280,1
36965,0.5,0.5,0.5,204.111,-130.882,0,-579.111,-1095.56,0,2.31481e+12,3,0.2,0,CIRCLE,280,1
37121,0.5,0.5,0.5,10.5081,-262.424,0,-1236.82,-127.541,0,2.31481e+12,3,0.2,0,CIRCLE,280,1
37257,0.5,0.5,0.5,-172.555,-243.485,0,-1142.13,787.776,0,2.31481e+12,3,0.2,0,CIRCLE,280,1
37296,0.5,0.5,0.5,79.4098,-187.405,0,-861.723,-472.049,0,2.31481e+12,3,0.2,0,CIRCLE,280,1
37318,0.5,0.5,0.5,-127.04,137.081,0,760.705,560.201,0,2.31481e+12,3,0.2,0,CIRCLE,280,1
37362,0.5,0.5,0.5,-193.457,58.8217,0,369.409,892.286,0,2.31481e+12,3,0.2,0,CIRCLE,280,1
37413,0.5,0.5,0.5,-110.963,-250.717,0,-1178.28,479.817,0,2.31481e+12,3,0.2,0,CIRCLE,280,1
37573,0.5,0.5,0.5,-22.5869,180.53,0,977.951,37.9344,0,2.31481e+12,3,0.2,0,CIRCLE,280,1
37597,0.5,0.5,0.5,-198.544,-185.544,0,-852.42,917.719,0,2.31481e+12,3,0.2,0,CIRCLE,280,1
37755,0.5,0.5,0.5,83.7313,-66.926,0,-259.33,-493.657,0,2.31481e+12,3,0.2,0,CIRCLE,280,1
37792,0.5,0.5,0.5,-67.2353,144.214,0,796.372,261.176,0,2.31481e+12,3,0.2,0,CIRCLE,280,1
37810,0.5,0.5,0.5,124.31,213.154,0,1141.07,-696.55,0,2.31481e+12,3,0.2,0,CIRCLE,280,1
37898,0.5,0.5,0.5,-83.0717,145.812,0,804.361,340.358,0,2.31481e+12,3,0.2,0,CIRCLE,280,1
37899,0.5,0.5,0.5,-66.4149,-25.6226,0,-52.8128,257.075,0,2.31481e+12,3,0.2,0,CIRCLE,280,1
37917,0.5,0.5,0.5,30.6057,248.499,0,1317.79,-228.029,0,2.31481e+12,3,0.2,0,CIRCLE,280,1
37943,0.5,0.5,0.5,-165.918,-165.031,0,-749.856,754.592,0,2.31481e+12,3,0.2,0,CIRCLE,280,1
37944,0.5,0.5,0.5,-210.415,173.901,0,944.807,977.074,0,2.31481e+12,3,0.2,0,CIRCLE,280,1
38027,0.5,0.5,0.5,98.3544,-166.57,0,-757.552,-566.772,0,2.31481e+12,3,0.2,0,CIRCLE,280,1
38107,0.5,0.5,0.5,28.3518,-31.0392,0,-79.8961,-216.759,0,2.31481e+12,3,0.2,0,CIRCLE,280,1
38164,0.5,0.5,0.5,139.813,-89.28,0,-371.1,-774.066,0,2.31481e+12,3,0.2,0,CIRCLE,280,1
38207,0.5,0.5,0.5,81.257,-73.9327,0,-294.364,-481.285,0,2.31481e+12,3,0.2,0,CIRCLE,280,1
38365,0.5,0.5,0.5,-143.889,101.217,0,581.385,644.444,0,2.31481e+12,3,0.2,0,CIRCLE,280,1
38391,0.5,0.5,0.5,25.8604,-144.168,0,-645.542,-204.302,0,2.31481e+12,3,0.2,0,CIRCLE,280,1
38419,0.5,0.5,0.5,68.191,-60.7687,0,-228.543,-415.955,0,2.31481e+12,3,0.2,0,CIRCLE,280,1
38462,0.5,0.5,0.5,-43.7813,61.5604,0,383.102,143.907,0,2.31481e+12,3,0.2,0,CIRCLE,280,1
38558,0.5,0.5,0.5,35.2341,-6.48161,0,42.892,-251.17,0,2.31481e+12,3,0.2,0,CIRCLE,280,1
38566,0.5,0.5,0.5,-291.301,-15.1854,0,-0.62718,1381.51,0,2.31481e+12,3,0.2,0,CIRCLE,280,1
38577,0.5,0.5,0.5,-192.815,144.654,0,798.572,889.076,0,2.31481e+12,3,0.2,0,CIRCLE,280,1
38764,0.5,0.5,0.5,35.6586,23.6218,0,193.409,-253.293,0,2.31481e+12,3,0.2,0,CIRCLE,280,1
38870,0.5,0.5,0.5,-191.69,-29.9943,0,-74.6714,883.451,0,2.31481e+12,3,0.2,0,CIRCLE,280,1
38971,0.5,0.5,0.5,-193.842,190.618,0,1028.39,894.208,0,2.31481e+12,3,0.2,0,CIRCLE,280,1
39109,0.5,0.5,0.5,89.966,28.4798,0,217.699,-524.83,0,2.31481e+12,3,0.2,0,CIRCLE,280,1
39256,0.5,0.5,0.5,-149.321,24.0513,0,195.557,671.604,0,2.31481e+12,3,0.2,0,CIRCLE,280,1
39267,0.5,0.5,0.5,-80.4015,-174.595,0,-797.674,327.008,0,2.31481e+12,3,0.2,0,CIRCLE,280,1
39357,0.5,0.5,0.5,185.204,-31.0814,0,-80.1068,-1001.02,0,2.31481e+12,3,0.2,0,CIRCLE,280,1
39486,0.5,0.5,0.5,94.0721,9.69153,0,123.758,-545.36,0,2.31481e+12,3,0.2,0,CIRCLE,280,1
39587,0.5,0.5,0.5,-233.739,-95.4283,0,-401.842,1093.7,0,2.31481e+12,3,0.2,0,CIRCLE,280,1
39786,0.5,0.5,0.5,30.3307,-284.911,0,-1349.25,-226.653,0,2.31481e+12,3,0.2,0,CIRCLE,280,1
39897,0.5,0.5,0.5,-72.2703,-167.698,0,-763.192,286.351,0,2.31481e+12,3,0.2,0,CIRCLE,280,1
39918,0.5,0.5,0.5,98.8072,103.992,0,595.259,-569.036,0,2.31481e+12,3,0.2,0,CIRCLE,280,1
39969,0.5,0.5,0.5,-37.4032,38.4097,0,267.348,112.016,0,2.31481e+12,3,0.2,0,CIRCLE,280,1
