PARTICLE_ID,R,G,B,X,Y,Z,VX,VY,VZ,M,RAD,REST,TEMP,COMPLEXITY,COMPLEXITY_SIZE,COMPLEXITY_N
0,0.5,0.5,0.5,196.974,-260.442,0,6.83637,-1050.42,0,2.31481e+12,3,0.2,0,planet1,1,1
1,0.5,0.5,0.5,350.215,117.558,0,1179.03,-440.328,0,2.31481e+12,3,0.2,0,planet1,1,1
2,0.5,0.5,0.5,-117.144,71.3836,0,309.011,875.117,0,2.31481e+12,3,0.2,5.02693e+17,planet1,1,1
3,0.5,0.5,0.5,80.8003,382.468,0,1071.95,778.675,0,2.31481e+12,3,0.2,0,planet1,1,1
4,0.5,0.5,0.5,-163.402,-357.475,0,-1086.25,-532.315,0,2.31481e+12,3,0.2,0,planet1,1,1
5,0.5,0.5,0.5,375.037,75.2896,0,1151.27,-596.989,0,2.31481e+12,3,0.2,0,planet1,1,1
6,0.5,0.5,0.5,-190.471,-166.433,0,-91.0576,201.484,0,2.31481e+12,3,0.2,6.35728e+17,planet1,1,1
7,0.5,0.5,0.5,11.5631,30.7994,0,161.004,57.4732,0,2.31481e+12,3,0.2,0,planet1,1,1
8,0.5,0.5,0.5,234.747,-90.0377,0,457.853,-709.447,0,2.31481e+12,3,0.2,0,planet1,1,1
9,0.5,0.5,0.5,160.671,-4.61949,0,454.889,-343.611,0,2.31481e+12,3,0.2,0,planet1,1,1
10,0.5,0.5,0.5,155.518,-247.643,0,-68.2433,-931.792,0,2.31481e+12,3,0.2,0,planet1,1,1
11,0.5,0.5,0.5,14.2006,-18.5002,0,63.7159,-70.25,0,2.31481e+12,3,0.2,0,planet1,1,1
12,0.5,0.5,0.5,168.085,-207.313,0,47.3118,-858.29,0,2.31481e+12,3,0.2,0,planet1,1,1
15,0.5,0.5,0.5,331.194,47.365,0,984.393,-573.314,0,2.31481e+12,3,0.2,0,planet1,1,1
17,0.5,0.5,0.5,279.268,-178.812,0,381.391,-1022.14,0,2.31481e+12,3,0.2,0,planet1,1,1
18,0.5,0.5,0.5,-216.972,-333.397,0,-195.818,-458.159,0,2.31481e+12,3,0.2,7.33849e+17,planet1,1,1
20,0.5,0.5,0.5,-42.5407,-382.141,0,-839.67,-846.943,0,2.31481e+12,3,0.2,0,planet1,1,1
21,0.5,0.5,0.5,157.184,-393.14,0,-370.66,-1293.63,0,2.31481e+12,3,0.2,0,planet1,1,1
24,0.5,0.5,0.5,-46.7848,-210.23,0,-489.204,-414.692,0,2.31481e+12,3,0.2,0,planet1,1,1
25,0.5,0.5,0.5,-226.416,-343.95,0,-427.225,-701.565,0,2.31481e+12,3,0.2,9.48127e+17,planet1,1,1
26,0.5,0.5,0.5,257.888,-349.563,0,-31.0914,-1397.82,0,2.31481e+12,3,0.2,0,planet1,1,1
28,0.5,0.5,0.5,148.012,155.066,0,758.862,77.1755,0,2.31481e+12,3,0.2,0,planet1,1,1
29,0.5,0.5,0.5,-34.8077,-78.5399,0,-183.553,-114.964,0,2.31481e+12,3,0.2,0,planet1,1,1
30,0.5,0.5,0.5,-5.15018,116.009,0,298.895,301.632,0,2.31481e+12,3,0.2,0,planet1,1,1
31,0.5,0.5,0.5,-111.074,-42.9384,0,-249.4,103.89,0,2.31481e+12,3,0.2,2.4839e+15,planet1,1,1
32,0.5,0.5,0.5,270.071,-315.163,0,71.5196,-1338.76,0,2.31481e+12,3,0.2,0,planet1,1,1
33,0.5,0.5,0.5,131.036,157.095,0,721.487,117.686,0,2.31481e+12,3,0.2,0,planet1,1,1
35,0.5,0.5,0.5,-129.334,-364.993,0,-1017.36,-622.604,0,2.31481e+12,3,0.2,0,planet1,1,1
36,0.5,0.5,0.5,-127.833,221.655,0,51.3678,1008.43,0,2.31481e+12,3,0.2,7.94088e+16,planet1,1,1
37,0.5,0.5,0.5,-180.738,-208.971,0,-111.266,54.2764,0,2.31481e+12,3,0.2,7.80663e+17,planet1,1,1
39,0.5,0.5,0.5,-126.485,-103.184,0,-461.265,17.0241,0,2.31481e+12,3,0.2,0,planet1,1,1
41,0.5,0.5,0.5,-191.791,-223.158,0,-22.8534,2.91078,0,2.31481e+12,3,0.2,8.00705e+17,planet1,1,1
43,0.5,0.5,0.5,189.275,2.59965,0,540.747,-385.586,0,2.31481e+12,3,0.2,0,planet1,1,1
46,0.5,0.5,0.5,-173.368,-183.106,0,-110.127,-11.4968,0,2.31481e+12,3,0.2,3.17196e+17,planet1,1,1
48,0.5,0.5,0.5,-49.4244,101.787,0,156.118,463.272,0,2.31481e+12,3,0.2,3.23893e+17,planet1,1,1
49,0.5,0.5,0.5,-183.316,-148.655,0,-95.2573,262.445,0,2.31481e+12,3,0.2,5.37259e+17,planet1,1,1
50,0.5,0.5,0.5,405.125,10.398,0,1088.77,-820.081,0,2.31481e+12,3,0.2,0,planet1,1,1
51,0.5,0.5,0.5,395.82,-5.51225,0,1032.5,-839.917,0,2.31481e+12,3,0.2,0,planet1,1,1
52,0.5,0.5,0.5,-155.747,-88.8419,0,-161.467,316.37,0,2.31481e+12,3,0.2,3.40383e+17,planet1,1,1
53,0.5,0.5,0.5,-37.5291,101.122,0,202.101,370.755,0,2.31481e+12,3,0.2,4.23969e+15,planet1,1,1
54,0.5,0.5,0.5,154.491,-329.307,0,-242.7,-1131.28,0,2.31481e+12,3,0.2,0,planet1,1,1
55,0.5,0.5,0.5,387.678,23.9312,0,1074.27,-750.145,0,2.31481e+12,3,0.2,0,planet1,1,1
56,0.5,0.5,0.5,-148.142,-316.485,0,-962.018,-463.521,0,2.31481e+12,3,0.2,0,planet1,1,1
57,0.5,0.5,0.5,157.097,45.0635,0,550.67,-213.363,0,2.31481e+12,3,0.2,0,planet1,1,1
58,0.5,0.5,0.5,-142.952,-283.919,0,-880.932,-394.103,0,2.31481e+12,3,0.2,0,planet1,1,1
59,0.5,0.5,0.5,289.885,19.04,0,823.533,-556.099,0,2.31481e+12,3,0.2,0,planet1,1,1
60,0.5,0.5,0.5,-182.387,-174.486,0,-88.3035,77.118,0,2.31481e+12,3,0.2,3.96921e+17,planet1,1,1
61,0.5,0.5,0.5,189.978,238.103,0,1037.14,192.897,0,2.31481e+12,3,0.2,0,planet1,1,1
62,0.5,0.5,0.5,-206.233,-160.2,0,44.9571,222.542,0,2.31481e+12,3,0.2,7.90908e+17,planet1,1,1
63,0.5,0.5,0.5,-187.686,-177.326,0,-71.4978,49.949,0,2.31481e+12,3,0.2,5.8806e+17,planet1,1,1
64,0.5,0.5,0.5,245.941,-39.3652,0,592.357,-607.816,0,2.31481e+12,3,0.2,0,planet1,1,1
65,0.5,0.5,0.5,-41.6424,-91.4248,0,-227.217,-132.448,0,2.31481e+12,3,0.2,0,planet1,1,1
67,0.5,0.5,0.5,-23.0808,124.346,0,290.775,394.566,0,2.31481e+12,3,0.2,9.21951e+16,planet1,1,1
68,0.5,0.5,0.5,141.127,-398.978,0,-422.344,-1274.05,0,2.31481e+12,3,0.2,0,planet1,1,1
70,0.5,0.5,0.5,-196.592,207.008,0,-57.8078,817.385,0,2.31481e+12,3,0.2,1.50647e+16,planet1,1,1
71,0.5,0.5,0.5,-76.7708,-250.18,0,-646.655,-449.949,0,2.31481e+12,3,0.2,0,planet1,1,1
73,0.5,0.5,0.5,117.593,-209.964,0,-82.9712,-759.564,0,2.31481e+12,3,0.2,0,planet1,1,1
74,0.5,0.5,0.5,-193.86,-216.4,0,-46.4701,41.3726,0,2.31481e+12,3,0.2,5.50014e+17,planet1,1,1
75,0.5,0.5,0.5,337.08,119.586,0,1150.65,-407.733,0,2.31481e+12,3,0.2,0,planet1,1,1
76,0.5,0.5,0.5,-96.5917,-274.853,0,-747.378,-468.959,0,2.31481e+12,3,0.2,0,planet1,1,1
78,0.5,0.5,0.5,316.105,-290.325,0,236.926,-1373.8,0,2.31481e+12,3,0.2,0,planet1,1,1
79,0.5,0.5,0.5,-65.246,23.5571,0,57.4799,251.558,0,2.31481e+12,3,0.2,4.64759e+16,planet1,1,1
81,0.5,0.5,0.5,-110.082,-343.545,0,-925.028,-610.36,0,2.31481e+12,3,0.2,0,planet1,1,1
82,0.5,0.5,0.5,-132.298,-36.6951,0,-9.68022,433.676,0,2.31481e+12,3,0.2,1.73801e+17,planet1,1,1
83,0.5,0.5,0.5,-58.002,-160.52,0,-412.264,-268.599,0,2.31481e+12,3,0.2,0,planet1,1,1
84,0.5,0.5,0.5,351.63,-80.0098,0,766.966,-930.209,0,2.31481e+12,3,0.2,0,planet1,1,1
85,0.5,0.5,0.5,172.501,359.556,0,1249.52,528.582,0,2.31481e+12,3,0.2,0,planet1,1,1
86,0.5,0.5,0.5,134.658,185.953,0,791.641,181.002,0,2.31481e+12,3,0.2,0,planet1,1,1
87,0.5,0.5,0.5,354.777,-9.52226,0,922.869,-763.611,0,2.31481e+12,3,0.2,0,planet1,1,1
89,0.5,0.5,0.5,-170.913,30.2785,0,258.554,790.552,0,2.31481e+12,3,0.2,7.2913e+17,planet1,1,1
90,0.5,0.5,0.5,108.284,93.4962,0,531.67,8.65437,0,2.31481e+12,3,0.2,0,planet1,1,1
91,0.5,0.5,0.5,54.9267,-95.6073,0,2.76959,-345.707,0,2.31481e+12,3,0.2,0,planet1,1,1
92,0.5,0.5,0.5,-210.69,-362.424,0,-1212.7,-444.519,0,2.31481e+12,3,0.2,0,planet1,1,1
93,0.5,0.5,0.5,116.811,49.8253,0,460.823,-116.89,0,2.31481e+12,3,0.2,0,planet1,1,1
94,0.5,0.5,0.5,-59.6149,11.1938,0,-56.6419,158.331,0,2.31481e+12,3,0.2,0,planet1,1,1
95,0.5,0.5,0.5,272.908,-58.9286,0,617.381,-713.02,0,2.31481e+12,3,0.2,0,planet1,1,1
96,0.5,0.5,0.5,-202.809,-270.716,0,-70.888,-140.973,0,2.31481e+12,3,0.2,1.26811e+18,planet1,1,1
97,0.5,0.5,0.5,-68.259,63.1276,0,131.06,497.293,0,2.31481e+12,3,0.2,1.44739e+17,planet1,1,1
102,0.5,0.5,0.5,-114.252,14.2717,0,-26.6702,505.539,0,2.31481e+12,3,0.2,1.80884e+17,planet1,1,1
104,0.5,0.5,0.5,-223.822,-263.206,0,-18.4908,-135.141,0,2.31481e+12,3,0.2,3.07366e+18,planet1,1,1
105,0.5,0.5,0.5,222.073,65.4347,0,753.169,-299.847,0,2.31481e+12,3,0.2,0,planet1,1,1
106,0.5,0.5,0.5,401.919,93.2772,0,1254.59,-609.638,0,2.31481e+12,3,0.2,0,planet1,1,1
108,0.5,0.5,0.5,315.677,-100.64,0,635.33,-905.355,0,2.31481e+12,3,0.2,0,planet1,1,1
109,0.5,0.5,0.5,260.379,-92.0122,0,517.691,-767.608,0,2.31481e+12,3,0.2,0,planet1,1,1
110,0.5,0.5,0.5,10.7414,-106.493,0,-129.154,-279.533,0,2.31481e+12,3,0.2,0,planet1,1,1
111,0.5,0.5,0.5,-5.08676,-247.533,0,-463.974,-594.538,0,2.31481e+12,3,0.2,0,planet1,1,1
112,0.5,0.5,0.5,305.527,186.746,0,1213.69,-176.354,0,2.31481e+12,3,0.2,0,planet1,1,1
117,0.5,0.5,0.5,-96.1458,-399.673,0,-1008.56,-777.229,0,2.31481e+12,3,0.2,0,planet1,1,1
120,0.5,0.5,0.5,340.5,91.5963,0,1100.67,-484.067,0,2.31481e+12,3,0.2,0,planet1,1,1
121,0.5,0.5,0.5,-192.293,9.27919,0,160.472,500.576,0,2.31481e+12,3,0.2,8.68874e+17,planet1,1,1
122,0.5,0.5,0.5,133.326,100.126,0,607.023,-27.5772,0,2.31481e+12,3,0.2,0,planet1,1,1
125,0.5,0.5,0.5,-64.519,125.548,0,121.467,568.218,0,2.31481e+12,3,0.2,2.50306e+17,planet1,1,1
126,0.5,0.5,0.5,-193.843,-228.796,0,-76.3034,16.2551,0,2.31481e+12,3,0.2,7.84743e+17,planet1,1,1
127,0.5,0.5,0.5,-113.146,40.3742,0,325.105,824.698,0,2.31481e+12,3,0.2,1.24455e+18,planet1,1,1
128,0.5,0.5,0.5,-98.5102,-159.433,0,-510.386,-180.615,0,2.31481e+12,3,0.2,0,planet1,1,1
129,0.5,0.5,0.5,-161.337,48.4308,0,268.147,876.318,0,2.31481e+12,3,0.2,1.07299e+18,planet1,1,1
130,0.5,0.5,0.5,35.2649,-349.989,0,-579.73,-931.614,0,2.31481e+12,3,0.2,0,planet1,1,1
131,0.5,0.5,0.5,-91.047,-63.0005,0,-289.919,41.3519,0,2.31481e+12,3,0.2,0,planet1,1,1
132,0.5,0.5,0.5,-223.143,-251.619,0,-80.2448,-26.6027,0,2.31481e+12,3,0.2,4.54747e+18,planet1,1,1
133,0.5,0.5,0.5,129.044,277.32,0,969.108,418.018,0,2.31481e+12,3,0.2,0,planet1,1,1
134,0.5,0.5,0.5,73.8075,141.755,0,547.96,199.919,0,2.31481e+12,3,0.2,0,planet1,1,1
135,0.5,0.5,0.5,380.801,-88.7503,0,820.282,-1013.23,0,2.31481e+12,3,0.2,0,planet1,1,1
136,0.5,0.5,0.5,-100.066,-377.848,0,-972.275,-715.816,0,2.31481e+12,3,0.2,0,planet1,1,1
137,0.5,0.5,0.5,230.591,11.3619,0,660.676,-450.766,0,2.31481e+12,3,0.2,0,planet1,1,1
138,0.5,0.5,0.5,96.5839,-58.0121,0,184.589,-340.564,0,2.31481e+12,3,0.2,0,planet1,1,1
139,0.5,0.5,0.5,-182.291,-77.5948,0,165.123,462.565,0,2.31481e+12,3,0.2,2.02267e+18,planet1,1,1
142,0.5,0.5,0.5,-220.682,238.864,0,-149.577,875.861,0,2.31481e+12,3,0.2,2.66425e+16,planet1,1,1
144,0.5,0.5,0.5,-169.015,-173.233,0,-195.745,-21.5583,0,2.31481e+12,3,0.2,3.0297e+17,planet1,1,1
145,0.5,0.5,0.5,-173.669,-406.975,0,-1215.19,-632.029,0,2.31481e+12,3,0.2,0,planet1,1,1
147,0.5,0.5,0.5,205.059,342.219,0,1293.3,417.6,0,2.31481e+12,3,0.2,0,planet1,1,1
148,0.5,0.5,0.5,95.5424,-22.3867,0,256.87,-250.314,0,2.31481e+12,3,0.2,0,planet1,1,1
149,0.5,0.5,0.5,-190.082,-270.148,0,-335.031,-253.045,0,2.31481e+12,3,0.2,2.92849e+17,planet1,1,1
151,0.5,0.5,0.5,355.377,-176.954,0,572.824,-1177.28,0,2.31481e+12,3,0.2,0,planet1,1,1
152,0.5,0.5,0.5,-151.77,-25.7889,0,2.29943,610.297,0,2.31481e+12,3,0.2,3.15689e+17,planet1,1,1
153,0.5,0.5,0.5,285.428,-78.2897,0,607.669,-786.803,0,2.31481e+12,3,0.2,0,planet1,1,1
154,0.5,0.5,0.5,182.097,108.724,0,745.496,-109.088,0,2.31481e+12,3,0.2,0,planet1,1,1
155,0.5,0.5,0.5,49.2475,-329.187,0,-501.938,-909.489,0,2.31481e+12,3,0.2,0,planet1,1,1
156,0.5,0.5,0.5,-120.989,-34.9657,0,-98.6088,292.364,0,2.31481e+12,3,0.2,5.27189e+16,planet1,1,1
157,0.5,0.5,0.5,-181.14,193.129,0,17.2669,844.252,0,2.31481e+12,3,0.2,3.34467e+14,planet1,1,1
160,0.5,0.5,0.5,-180.397,-129.952,0,-30.6675,289.652,0,2.31481e+12,3,0.2,5.8968e+17,planet1,1,1
162,0.5,0.5,0.5,230.482,-282.932,0,42.1149,-1175.76,0,2.31481e+12,3,0.2,0,planet1,1,1
164,0.5,0.5,0.5,-61.6122,-314.218,0,-743.544,-639.59,0,2.31481e+12,3,0.2,0,planet1,1,1
165,0.5,0.5,0.5,-184.626,-213.542,0,-44.1987,-5.52711,0,2.31481e+12,3,0.2,6.63246e+17,planet1,1,1
168,0.5,0.5,0.5,126.847,-327.385,0,-306.847,-1068.06,0,2.31481e+12,3,0.2,0,planet1,1,1
169,0.5,0.5,0.5,241.54,48.626,0,766.192,-381.994,0,2.31481e+12,3,0.2,0,planet1,1,1
170,0.5,0.5,0.5,357.158,-29.6692,0,886.702,-818.112,0,2.31481e+12,3,0.2,0,planet1,1,1
171,0.5,0.5,0.5,117.01,-326.04,0,-327.989,-1043.74,0,2.31481e+12,3,0.2,0,planet1,1,1
172,0.5,0.5,0.5,176.195,-173.177,0,139.218,-791.416,0,2.31481e+12,3,0.2,0,planet1,1,1
174,0.5,0.5,0.5,382.205,-30.6952,0,945.93,-873.55,0,2.31481e+12,3,0.2,0,planet1,1,1
175,0.5,0.5,0.5,-64.2662,-345.043,0,-815.381,-709.97,0,2.31481e+12,3,0.2,0,planet1,1,1
176,0.5,0.5,0.5,-213.395,-267.829,0,-44.6505,-68.6973,0,2.31481e+12,3,0.2,1.94926e+18,planet1,1,1
177,0.5,0.5,0.5,94.8978,-122.464,0,45.2232,-496.097,0,2.31481e+12,3,0.2,0,planet1,1,1
178,0.5,0.5,0.5,-195.694,-191.775,0,-153.105,110.793,0,2.31481e+12,3,0.2,7.12171e+17,planet1,1,1
179,0.5,0.5,0.5,82.2603,38.2127,0,351.053,-73.4223,0,2.31481e+12,3,0.2,0,planet1,1,1
180,0.5,0.5,0.5,319.774,51.183,0,964.08,-539.858,0,2.31481e+12,3,0.2,0,planet1,1,1
181,0.5,0.5,0.5,55.9192,218.64,0,665.661,427.134,0,2.31481e+12,3,0.2,0,planet1,1,1
183,0.5,0.5,0.5,-213.545,-348.323,0,-1190.5,-403.982,0,2.31481e+12,3,0.2,0,planet1,1,1
184,0.5,0.5,0.5,-207.409,101.391,0,171.881,560.873,0,2.31481e+12,3,0.2,9.91941e+16,planet1,1,1
185,0.5,0.5,0.5,-228.705,-363.629,0,-682.198,-751.257,0,2.31481e+12,3,0.2,6.37412e+17,planet1,1,1
186,0.5,0.5,0.5,327.631,-0.145049,0,876.034,-683.437,0,2.31481e+12,3,0.2,0,planet1,1,1
188,0.5,0.5,0.5,384.479,-18.4261,0,977.695,-847.901,0,2.31481e+12,3,0.2,0,planet1,1,1
189,0.5,0.5,0.5,239.366,-138.102,0,368.488,-838.073,0,2.31481e+12,3,0.2,0,planet1,1,1
192,0.5,0.5,0.5,51.3811,112.391,0,430.637,174.46,0,2.31481e+12,3,0.2,0,planet1,1,1
194,0.5,0.5,0.5,217.414,289.983,0,1213.56,263.507,0,2.31481e+12,3,0.2,0,planet1,1,1
195,0.5,0.5,0.5,2.68064,-398.419,0,-762.416,-982.303,0,2.31481e+12,3,0.2,0,planet1,1,1
197,0.5,0.5,0.5,61.1248,393.357,0,1035.27,871.643,0,2.31481e+12,3,0.2,3.99314e+16,planet1,1,1
198,0.5,0.5,0.5,323.143,201.25,0,1288.15,-177.826,0,2.31481e+12,3,0.2,0,planet1,1,1
199,0.5,0.5,0.5,166.102,102.45,0,693.19,-90.6181,0,2.31481e+12,3,0.2,0,planet1,1,1
201,0.5,0.5,0.5,91.4881,-77.1962,0,131.79,-377.339,0,2.31481e+12,3,0.2,0,planet1,1,1
203,0.5,0.5,0.5,196.756,-73.9284,0,398.276,-590.026,0,2.31481e+12,3,0.2,0,planet1,1,1
204,0.5,0.5,0.5,-10.2436,-223.355,0,-426.514,-523.683,0,2.31481e+12,3,0.2,0,planet1,1,1
205,0.5,0.5,0.5,137.554,-6.61256,0,393.376,-299.47,0,2.31481e+12,3,0.2,0,planet1,1,1
206,0.5,0.5,0.5,18.1607,-132.657,0,-165.975,-359.692,0,2.31481e+12,3,0.2,0,planet1,1,1
207,0.5,0.5,0.5,73.1427,-71.5064,0,98.4712,-324.345,0,2.31481e+12,3,0.2,0,planet1,1,1
208,0.5,0.5,0.5,116.236,376.618,0,1146.01,689.347,0,2.31481e+12,3,0.2,0,planet1,1,1
210,0.5,0.5,0.5,126.627,-383.988,0,-425.831,-1206.87,0,2.31481e+12,3,0.2,0,planet1,1,1
212,0.5,0.5,0.5,-171.583,-113.564,0,-115.102,242.994,0,2.31481e+12,3,0.2,2.77692e+17,planet1,1,1
213,0.5,0.5,0.5,5.54339,4.66124,0,91.3502,5.36281,0,2.31481e+12,3,0.2,0,planet1,1,1
214,0.5,0.5,0.5,-272.739,82.9243,0,59.2409,515.922,0,2.31481e+12,3,0.2,5.33058e+17,planet1,1,1
216,0.5,0.5,0.5,-79.9247,172.849,0,211.384,1060.78,0,2.31481e+12,3,0.2,4.15689e+17,planet1,1,1
217,0.5,0.5,0.5,-221.717,-257.587,0,-47.5358,-123.816,0,2.31481e+12,3,0.2,3.64746e+18,planet1,1,1
222,0.5,0.5,0.5,215.548,120.37,0,852.336,-150.188,0,2.31481e+12,3,0.2,0,planet1,1,1
223,0.5,0.5,0.5,171.635,-222.817,0,23.9156,-904.101,0,2.31481e+12,3,0.2,0,planet1,1,1
224,0.5,0.5,0.5,314.67,-135.209,0,559.948,-989.08,0,2.31481e+12,3,0.2,0,planet1,1,1
225,0.5,0.5,0.5,-37.4794,-122.687,0,-282.02,-218.26,0,2.31481e+12,3,0.2,0,planet1,1,1
226,0.5,0.5,0.5,-178.162,-326.326,0,-1057,-424.551,0,2.31481e+12,3,0.2,0,planet1,1,1
227,0.5,0.5,0.5,-210.232,-193.998,0,-89.039,63.4018,0,2.31481e+12,3,0.2,8.87732e+17,planet1,1,1
229,0.5,0.5,0.5,343.633,-4.00998,0,907.632,-726.24,0,2.31481e+12,3,0.2,0,planet1,1,1
230,0.5,0.5,0.5,-210.901,-240.587,0,-29.9437,-9.18029,0,2.31481e+12,3,0.2,9.21275e+17,planet1,1,1
231,0.5,0.5,0.5,300.213,-265.332,0,250.597,-1279.27,0,2.31481e+12,3,0.2,0,planet1,1,1
232,0.5,0.5,0.5,-166.461,-34.5271,0,132.883,707.074,0,2.31481e+12,3,0.2,1.22404e+18,planet1,1,1
233,0.5,0.5,0.5,288.742,-118.804,0,530.843,-893.843,0,2.31481e+12,3,0.2,0,planet1,1,1
234,0.5,0.5,0.5,23.6145,-112.39,0,-109.516,-321.281,0,2.31481e+12,3,0.2,0,planet1,1,1
235,0.5,0.5,0.5,92.2102,109.934,0,526.461,82.9995,0,2.31481e+12,3,0.2,0,planet1,1,1
236,0.5,0.5,0.5,174.23,-297.579,0,-127.422,-1093.95,0,2.31481e+12,3,0.2,0,planet1,1,1
237,0.5,0.5,0.5,219.642,327.086,0,1297.52,349.985,0,2.31481e+12,3,0.2,0,planet1,1,1
239,0.5,0.5,0.5,134.116,67.8988,0,541.7,-108.77,0,2.31481e+12,3,0.2,0,planet1,1,1
240,0.5,0.5,0.5,234.329,172.496,0,1008.87,-61.6714,0,2.31481e+12,3,0.2,0,planet1,1,1
241,0.5,0.5,0.5,-2.2748,-155.307,0,-263.852,-372.474,0,2.31481e+12,3,0.2,0,planet1,1,1
242,0.5,0.5,0.5,11.5787,-300.817,0,-535.391,-760.252,0,2.31481e+12,3,0.2,0,planet1,1,1
243,0.5,0.5,0.5,342.063,-150.666,0,594.819,-1084.78,0,2.31481e+12,3,0.2,0,planet1,1,1
244,0.5,0.5,0.5,401.661,74.9775,0,1215.83,-654.451,0,2.31481e+12,3,0.2,0,planet1,1,1
245,0.5,0.5,0.5,-231.513,-347.123,0,-334.164,-792.704,0,2.31481e+12,3,0.2,1.1083e+18,planet1,1,1
246,0.5,0.5,0.5,246.954,113.875,0,916.492,-232.358,0,2.31481e+12,3,0.2,0,planet1,1,1
247,0.5,0.5,0.5,234.097,-294.338,0,27.3308,-1211.74,0,2.31481e+12,3,0.2,0,planet1,1,1
248,0.5,0.5,0.5,256.864,-55.988,0,584.581,-671.955,0,2.31481e+12,3,0.2,0,planet1,1,1
249,0.5,0.5,0.5,184.645,366.036,0,1293.24,518.893,0,2.31481e+12,3,0.2,0,planet1,1,1
250,0.5,0.5,0.5,161.104,-141.72,0,168.131,-682.291,0,2.31481e+12,3,0.2,0,planet1,1,1
251,0.5,0.5,0.5,188.925,53.17,0,646.074,-260.532,0,2.31481e+12,3,0.2,0,planet1,1,1
252,0.5,0.5,0.5,323.622,18.3706,0,904.928,-628.933,0,2.31481e+12,3,0.2,0,planet1,1,1
253,0.5,0.5,0.5,-21.6172,-433.409,0,-895.881,-1016.92,0,2.31481e+12,3,0.2,0,planet1,1,1
255,0.5,0.5,0.5,-158.513,-8.20607,0,263.55,862.973,0,2.31481e+12,3,0.2,1.10479e+18,planet1,1,1
256,0.5,0.5,0.5,23.8792,-303.958,0,-511.268,-794.132,0,2.31481e+12,3,0.2,0,planet1,1,1
257,0.5,0.5,0.5,58.4002,-359.265,0,-542.44,-1002.65,0,2.31481e+12,3,0.2,0,planet1,1,1
260,0.5,0.5,0.5,92.8722,-313.84,0,-361.885,-963.865,0,2.31481e+12,3,0.2,0,planet1,1,1
262,0.5,0.5,0.5,186.486,168.005,0,881.477,27.7967,0,2.31481e+12,3,0.2,0,planet1,1,1
263,0.5,0.5,0.5,4.28648,65.406,0,215.612,157.706,0,2.31481e+12,3,0.2,0,planet1,1,1
264,0.5,0.5,0.5,-120.242,-174.943,0,-596.093,-173.025,0,2.31481e+12,3,0.2,0,planet1,1,1
265,0.5,0.5,0.5,230.678,-126.096,0,372.413,-790.006,0,2.31481e+12,3,0.2,0,planet1,1,1
266,0.5,0.5,0.5,-71.7299,24.6099,0,43.1132,300.326,0,2.31481e+12,3,0.2,8.14511e+16,planet1,1,1
267,0.5,0.5,0.5,143.725,47.5753,0,522.854,-179.098,0,2.31481e+12,3,0.2,0,planet1,1,1
268,0.5,0.5,0.5,-142.378,20.173,0,178.599,854.248,0,2.31481e+12,3,0.2,5.35137e+17,planet1,1,1
271,0.5,0.5,0.5,-361.917,295.657,0,-647.298,682.641,0,2.31481e+12,3,0.2,7.28982e+17,planet1,1,1
273,0.5,0.5,0.5,137.569,-389.361,0,-410.577,-1243.18,0,2.31481e+12,3,0.2,0,planet1,1,1
275,0.5,0.5,0.5,375.797,104.944,0,1215.34,-525.674,0,2.31481e+12,3,0.2,0,planet1,1,1
278,0.5,0.5,0.5,181.312,-136.512,0,228.76,-711.725,0,2.31481e+12,3,0.2,0,planet1,1,1
280,0.5,0.5,0.5,2.06333,-378.619,0,-721.91,-932.124,0,2.31481e+12,3,0.2,0,planet1,1,1
281,0.5,0.5,0.5,-225.06,-301.832,0,-87.3901,-259.179,0,2.31481e+12,3,0.2,1.84354e+18,planet1,1,1
283,0.5,0.5,0.5,9.10424,-253.809,0,-442.347,-639.558,0,2.31481e+12,3,0.2,0,planet1,1,1
285,0.5,0.5,0.5,64.3414,346.461,0,955.806,724.86,0,2.31481e+12,3,0.2,0,planet1,1,1
286,0.5,0.5,0.5,-209.783,-256.326,0,-54.6185,-39.6329,0,2.31481e+12,3,0.2,1.05428e+18,planet1,1,1
287,0.5,0.5,0.5,-138.734,-111.537,0,-117.827,47.1618,0,2.31481e+12,3,0.2,4.21222e+16,planet1,1,1
288,0.5,0.5,0.5,193.462,71.0726,0,694.421,-225.554,0,2.31481e+12,3,0.2,0,planet1,1,1
289,0.5,0.5,0.5,-223.081,-208.579,0,-24.2698,52.2796,0,2.31481e+12,3,0.2,2.03757e+18,planet1,1,1
292,0.5,0.5,0.5,270.155,108.825,0,962.879,-293.676,0,2.31481e+12,3,0.2,0,planet1,1,1
293,0.5,0.5,0.5,-155.24,-37.2947,0,137.83,564.926,0,2.31481e+12,3,0.2,6.13552e+17,planet1,1,1
294,0.5,0.5,0.5,-121.096,-60.6448,0,-115.978,65.7528,0,2.31481e+12,3,0.2,4.18974e+16,planet1,1,1
296,0.5,0.5,0.5,183.265,-179.207,0,143.679,-821.479,0,2.31481e+12,3,0.2,0,planet1,1,1
297,0.5,0.5,0.5,160.036,300.301,0,1093.77,409.257,0,2.31481e+12,3,0.2,0,planet1,1,1
298,0.5,0.5,0.5,256.301,-6.82866,0,685.775,-549.804,0,2.31481e+12,3,0.2,0,planet1,1,1
299,0.5,0.5,0.5,306.221,-166.253,0,473.757,-1047.67,0,2.31481e+12,3,0.2,0,planet1,1,1
300,0.5,0.5,0.5,-144.634,-112.679,0,-136.27,117.53,0,2.31481e+12,3,0.2,1.66724e+17,planet1,1,1
301,0.5,0.5,0.5,-194.623,-162.074,0,19.6173,226.043,0,2.31481e+12,3,0.2,8.07494e+17,planet1,1,1
302,0.5,0.5,0.5,-164.161,-40.337,0,155.212,716.809,0,2.31481e+12,3,0.2,7.18956e+17,planet1,1,1
303,0.5,0.5,0.5,294.289,-93.4467,0,597.902,-842.665,0,2.31481e+12,3,0.2,0,planet1,1,1
304,0.5,0.5,0.5,347.388,-239.601,0,420.734,-1315.47,0,2.31481e+12,3,0.2,0,planet1,1,1
306,0.5,0.5,0.5,-188.329,-201.148,0,-88.3558,36.2194,0,2.31481e+12,3,0.2,5.24949e+17,planet1,1,1
307,0.5,0.5,0.5,-197.269,-147.749,0,-53.8347,262.66,0,2.31481e+12,3,0.2,9.49916e+17,planet1,1,1
309,0.5,0.5,0.5,315.962,-219.022,0,387.493,-1198.38,0,2.31481e+12,3,0.2,0,planet1,1,1
310,0.5,0.5,0.5,89.4202,5.97892,0,301.272,-168.102,0,2.31481e+12,3,0.2,0,planet1,1,1
311,0.5,0.5,0.5,163.655,323.325,0,1151.1,458.855,0,2.31481e+12,3,0.2,0,planet1,1,1
312,0.5,0.5,0.5,203.731,95.6992,0,771.964,-186.516,0,2.31481e+12,3,0.2,0,planet1,1,1
313,0.5,0.5,0.5,-38.7138,18.959,0,11.6946,133.565,0,2.31481e+12,3,0.2,0,planet1,1,1
317,0.5,0.5,0.5,-132.603,-417.295,0,-1135.8,-743.67,0,2.31481e+12,3,0.2,0,planet1,1,1
318,0.5,0.5,0.5,-187.732,-80.6516,0,165.399,461.297,0,2.31481e+12,3,0.2,4.83204e+18,planet1,1,1
319,0.5,0.5,0.5,264.605,-178.983,0,344.919,-991.818,0,2.31481e+12,3,0.2,0,planet1,1,1
320,0.5,0.5,0.5,-55.782,-280.461,0,-658.09,-568.343,0,2.31481e+12,3,0.2,0,planet1,1,1
321,0.5,0.5,0.5,97.8939,185.789,0,700.384,258.012,0,2.31481e+12,3,0.2,0,planet1,1,1
322,0.5,0.5,0.5,244.041,-232.425,0,182.33,-1080.04,0,2.31481e+12,3,0.2,0,planet1,1,1
323,0.5,0.5,0.5,-16.3376,43.9205,0,119.388,147.84,0,2.31481e+12,3,0.2,0,planet1,1,1
324,0.5,0.5,0.5,213.342,-196.407,0,181.72,-927.027,0,2.31481e+12,3,0.2,0,planet1,1,1
325,0.5,0.5,0.5,-93.215,-425.565,0,-1055.94,-847.132,0,2.31481e+12,3,0.2,0,planet1,1,1
328,0.5,0.5,0.5,-40.7897,-343.72,0,-754.538,-756.27,0,2.31481e+12,3,0.2,0,planet1,1,1
330,0.5,0.5,0.5,-178.202,-259.41,0,-623.862,-509.789,0,2.31481e+12,3,0.2,1.17369e+17,planet1,1,1
331,0.5,0.5,0.5,-131.917,54.6597,0,335.523,811.116,0,2.31481e+12,3,0.2,3.00048e+17,planet1,1,1
333,0.5,0.5,0.5,-156.551,-78.397,0,24.7672,399.19,0,2.31481e+12,3,0.2,3.84331e+17,planet1,1,1
334,0.5,0.5,0.5,140.37,-175.584,0,45.9884,-722.389,0,2.31481e+12,3,0.2,0,planet1,1,1
335,0.5,0.5,0.5,44.7046,184.338,0,565.811,365.806,0,2.31481e+12,3,0.2,0,planet1,1,1
336,0.5,0.5,0.5,-170.035,-210.624,0,-224.616,-234.994,0,2.31481e+12,3,0.2,3.19883e+17,planet1,1,1
337,0.5,0.5,0.5,-31.6058,-161.736,0,-349.285,-326.834,0,2.31481e+12,3,0.2,0,planet1,1,1
338,0.5,0.5,0.5,-199.837,-215.036,0,-74.3084,-8.02972,0,2.31481e+12,3,0.2,6.02346e+17,planet1,1,1
339,0.5,0.5,0.5,-7.91274,-199.673,0,-370.652,-470.131,0,2.31481e+12,3,0.2,0,planet1,1,1
341,0.5,0.5,0.5,-250.056,-371.269,0,-416.555,-1015.56,0,2.31481e+12,3,0.2,1.51998e+18,planet1,1,1
342,0.5,0.5,0.5,366.851,134.652,0,1255.81,-433.642,0,2.31481e+12,3,0.2,0,planet1,1,1
343,0.5,0.5,0.5,-232.562,-368.233,0,-886.914,-633.037,0,2.31481e+12,3,0.2,4.45441e+17,planet1,1,1
344,0.5,0.5,0.5,-114.042,-410.263,0,-1074.97,-765.737,0,2.31481e+12,3,0.2,0,planet1,1,1
345,0.5,0.5,0.5,-112.473,26.9765,0,156.376,581.693,0,2.31481e+12,3,0.2,1.74139e+17,planet1,1,1
347,0.5,0.5,0.5,265.677,225.427,0,1197.1,2.67422,0,2.31481e+12,3,0.2,0,planet1,1,1
348,0.5,0.5,0.5,-119.833,-159.574,0,-563.295,-135.889,0,2.31481e+12,3,0.2,0,planet1,1,1
349,0.5,0.5,0.5,-187.526,-161.205,0,-87.7341,199.032,0,2.31481e+12,3,0.2,4.10921e+17,planet1,1,1
351,0.5,0.5,0.5,-45.9648,-164.355,0,-390.553,-303.274,0,2.31481e+12,3,0.2,0,planet1,1,1
352,0.5,0.5,0.5,143.372,271.116,0,991.873,372.306,0,2.31481e+12,3,0.2,0,planet1,1,1
353,0.5,0.5,0.5,-291.102,172.993,0,-183.558,599.288,0,2.31481e+12,3,0.2,3.239e+17,planet1,1,1
354,0.5,0.5,0.5,332.497,107.646,0,1114.11,-427.526,0,2.31481e+12,3,0.2,0,planet1,1,1
355,0.5,0.5,0.5,18.3971,-56.7929,0,-5.78153,-172.933,0,2.31481e+12,3,0.2,0,planet1,1,1
357,0.5,0.5,0.5,97.9649,11.1164,0,332.99,-173.406,0,2.31481e+12,3,0.2,0,planet1,1,1
358,0.5,0.5,0.5,216.546,254.647,0,1137.55,178.744,0,2.31481e+12,3,0.2,0,planet1,1,1
359,0.5,0.5,0.5,-112.594,-322.192,0,-886.415,-552.362,0,2.31481e+12,3,0.2,0,planet1,1,1
361,0.5,0.5,0.5,270.817,178.351,0,1110.43,-123.658,0,2.31481e+12,3,0.2,0,planet1,1,1
362,0.5,0.5,0.5,147.414,93.6644,0,628.282,-72.9707,0,2.31481e+12,3,0.2,0,planet1,1,1
363,0.5,0.5,0.5,99.5317,-213.63,0,-134.767,-729.823,0,2.31481e+12,3,0.2,0,planet1,1,1
364,0.5,0.5,0.5,269.18,-265.524,0,173.999,-1214.63,0,2.31481e+12,3,0.2,0,planet1,1,1
365,0.5,0.5,0.5,78.2453,-6.76831,0,246.767,-175.45,0,2.31481e+12,3,0.2,0,planet1,1,1
366,0.5,0.5,0.5,161.251,-199.355,0,47.2804,-824.401,0,2.31481e+12,3,0.2,0,planet1,1,1
367,0.5,0.5,0.5,-145.269,-8.70951,0,118.227,625.896,0,2.31481e+12,3,0.2,6.6492e+17,planet1,1,1
369,0.5,0.5,0.5,290.073,-108.244,0,556.293,-870.77,0,2.31481e+12,3,0.2,0,planet1,1,1
370,0.5,0.5,0.5,-165.719,-112.282,0,-116.592,252.746,0,2.31481e+12,3,0.2,4.0851e+17,planet1,1,1
371,0.5,0.5,0.5,-209.998,-148.576,0,73.5482,298.842,0,2.31481e+12,3,0.2,2.08365e+18,planet1,1,1
373,0.5,0.5,0.5,239.879,-163.282,0,317.044,-900.8,0,2.31481e+12,3,0.2,0,planet1,1,1
374,0.5,0.5,0.5,188.208,180.908,0,912.672,56.276,0,2.31481e+12,3,0.2,0,planet1,1,1
377,0.5,0.5,0.5,-214.056,-215.482,0,-0.599533,-12.1759,0,2.31481e+12,3,0.2,1.42206e+18,planet1,1,1
378,0.5,0.5,0.5,-74.1189,-408.928,0,-974.304,-846.756,0,2.31481e+12,3,0.2,0,planet1,1,1
379,0.5,0.5,0.5,210.523,317.219,0,1254.21,344.799,0,2.31481e+12,3,0.2,0,planet1,1,1
380,0.5,0.5,0.5,-171.926,-71.2721,0,96.5544,430.33,0,2.31481e+12,3,0.2,1.34445e+18,planet1,1,1
381,0.5,0.5,0.5,-152.454,-366.983,0,-1078.83,-578.337,0,2.31481e+12,3,0.2,0,planet1,1,1
382,0.5,0.5,0.5,-56.1821,-424.576,0,-962.091,-922.91,0,2.31481e+12,3,0.2,0,planet1,1,1
383,0.5,0.5,0.5,33.2662,-323.274,0,-528.457,-860.879,0,2.31481e+12,3,0.2,0,planet1,1,1
384,0.5,0.5,0.5,-70.7079,222.63,0,93.3023,1051.1,0,2.31481e+12,3,0.2,3.09025e+17,planet1,1,1
385,0.5,0.5,0.5,67.9566,367.963,0,1010.21,769.772,0,2.31481e+12,3,0.2,0,planet1,1,1
387,0.5,0.5,0.5,213.277,-280.61,0,4.55988,-1134.13,0,2.31481e+12,3,0.2,0,planet1,1,1
388,0.5,0.5,0.5,-86.8119,-97.1547,0,-350.448,-51.9751,0,2.31481e+12,3,0.2,0,planet1,1,1
390,0.5,0.5,0.5,-209.428,-180.466,0,30.6592,241.144,0,2.31481e+12,3,0.2,1.14281e+18,planet1,1,1
391,0.5,0.5,0.5,147.444,1.581,0,435.195,-300.441,0,2.31481e+12,3,0.2,0,planet1,1,1
392,0.5,0.5,0.5,200.076,-150.397,0,245.565,-785.656,0,2.31481e+12,3,0.2,0,planet1,1,1
393,0.5,0.5,0.5,297.506,-306.105,0,157.602,-1374.11,0,2.31481e+12,3,0.2,0,planet1,1,1
394,0.5,0.5,0.5,-105.807,-26.2989,0,-172.863,142.609,0,2.31481e+12,3,0.2,1.28953e+16,planet1,1,1
396,0.5,0.5,0.5,-30.2382,43.7652,0,96.283,174.067,0,2.31481e+12,3,0.2,1.46663e+14,planet1,1,1
397,0.5,0.5,0.5,198.994,150.327,0,874.794,-42.1292,0,2.31481e+12,3,0.2,0,planet1,1,1
398,0.5,0.5,0.5,-193.264,-102.525,0,46.9854,439.431,0,2.31481e+12,3,0.2,1.21284e+18,planet1,1,1
399,0.5,0.5,0.5,279.396,-274.708,0,179.896,-1258.63,0,2.31481e+12,3,0.2,0,planet1,1,1
400,0.5,0.5,0.5,329.113,-13.9255,0,851.028,-720.693,0,2.31481e+12,3,0.2,0,planet1,1,1
403,0.5,0.5,0.5,183.974,311.153,0,1175.67,386.263,0,2.31481e+12,3,0.2,0,planet1,1,1
404,0.5,0.5,0.5,69.1801,272.199,0,811.193,530.126,0,2.31481e+12,3,0.2,0,planet1,1,1
405,0.5,0.5,0.5,-89.0323,30.0294,0,49.8546,470.355,0,2.31481e+12,3,0.2,1.36915e+17,planet1,1,1
406,0.5,0.5,0.5,199.153,-323.523,0,-120.222,-1210.43,0,2.31481e+12,3,0.2,0,planet1,1,1
407,0.5,0.5,0.5,275.837,8.78688,0,766.74,-552.483,0,2.31481e+12,3,0.2,0,planet1,1,1
408,0.5,0.5,0.5,-277.252,-406.562,0,-650.76,-1381.05,0,2.31481e+12,3,0.2,1.88316e+18,planet1,1,1
409,0.5,0.5,0.5,-195.972,-280.546,0,-284.209,-244.261,0,2.31481e+12,3,0.2,8.28988e+17,planet1,1,1
413,0.5,0.5,0.5,-183.036,55.3596,0,242.156,677.501,0,2.31481e+12,3,0.2,3.02631e+17,planet1,1,1
414,0.5,0.5,0.5,232.976,186.359,0,1034.42,-24.3525,0,2.31481e+12,3,0.2,0,planet1,1,1
416,0.5,0.5,0.5,-195.649,-128.281,0,58.3406,370.561,0,2.31481e+12,3,0.2,1.23276e+18,planet1,1,1
417,0.5,0.5,0.5,-91.6152,62.9747,0,282.06,756.168,0,2.31481e+12,3,0.2,1.21231e+18,planet1,1,1
418,0.5,0.5,0.5,-207.322,-332.76,0,-633.985,-771.856,0,2.31481e+12,3,0.2,3.78811e+17,planet1,1,1
419,0.5,0.5,0.5,100.949,-172.378,0,-44.6888,-631.727,0,2.31481e+12,3,0.2,0,planet1,1,1
420,0.5,0.5,0.5,-175.844,-41.3523,0,193.386,713.136,0,2.31481e+12,3,0.2,2.76832e+18,planet1,1,1
424,0.5,0.5,0.5,44.9661,-189.796,0,-219.189,-556.816,0,2.31481e+12,3,0.2,0,planet1,1,1
425,0.5,0.5,0.5,131.686,112.869,0,629.813,7.02633,0,2.31481e+12,3,0.2,0,planet1,1,1
426,0.5,0.5,0.5,-226.335,-314.336,0,-11.769,-350.618,0,2.31481e+12,3,0.2,2.24716e+18,planet1,1,1
427,0.5,0.5,0.5,-88.4518,-9.70442,0,-70.4447,178.843,0,2.31481e+12,3,0.2,1.85492e+16,planet1,1,1
428,0.5,0.5,0.5,-88.2168,-17.1547,0,-87.3774,157.398,0,2.31481e+12,3,0.2,1.05974e+16,planet1,1,1
429,0.5,0.5,0.5,-140.374,88.8779,0,348.495,717.018,0,2.31481e+12,3,0.2,2.31962e+17,planet1,1,1
430,0.5,0.5,0.5,-38.916,95.1154,0,186.668,378.174,0,2.31481e+12,3,0.2,8.3735e+15,planet1,1,1
431,0.5,0.5,0.5,82.0753,-135.07,0,-13.0222,-499.753,0,2.31481e+12,3,0.2,0,planet1,1,1
432,0.5,0.5,0.5,-86.603,14.5689,0,-11.0892,299.17,0,2.31481e+12,3,0.2,2.87163e+16,planet1,1,1
433,0.5,0.5,0.5,327.622,61.4719,0,1005.25,-530.74,0,2.31481e+12,3,0.2,0,planet1,1,1
434,0.5,0.5,0.5,67.9378,213.259,0,684.128,388.666,0,2.31481e+12,3,0.2,0,planet1,1,1
435,0.5,0.5,0.5,-152.071,2.15213,0,175.264,858.528,0,2.31481e+12,3,0.2,4.82764e+17,planet1,1,1
437,0.5,0.5,0.5,-137.671,-59.8911,0,-91.2963,347.575,0,2.31481e+12,3,0.2,1.48279e+17,planet1,1,1
439,0.5,0.5,0.5,-160.213,-260.092,0,-873.351,-298.849,0,2.31481e+12,3,0.2,0,planet1,1,1
441,0.5,0.5,0.5,-2.98721,139.901,0,366.495,373.352,0,2.31481e+12,3,0.2,3.933e+14,planet1,1,1
443,0.5,0.5,0.5,-7.87558,-361.324,0,-710.271,-868.337,0,2.31481e+12,3,0.2,0,planet1,1,1
444,0.5,0.5,0.5,-160.417,-34.2343,0,134.92,565.778,0,2.31481e+12,3,0.2,9.72571e+17,planet1,1,1
445,0.5,0.5,0.5,-205.495,-252.13,0,-51.762,-43.3638,0,2.31481e+12,3,0.2,1.27738e+18,planet1,1,1
446,0.5,0.5,0.5,109.34,-282.339,0,-254.764,-919.89,0,2.31481e+12,3,0.2,0,planet1,1,1
447,0.5,0.5,0.5,7.17459,127.887,0,353.996,305.026,0,2.31481e+12,3,0.2,0,planet1,1,1
448,0.5,0.5,0.5,26.1935,-404.256,0,-716.518,-1046.05,0,2.31481e+12,3,0.2,0,planet1,1,1
450,0.5,0.5,0.5,-58.6218,-389.325,0,-894.599,-830.868,0,2.31481e+12,3,0.2,0,planet1,1,1
451,0.5,0.5,0.5,211.906,-177.151,0,218.797,-876.488,0,2.31481e+12,3,0.2,0,planet1,1,1
452,0.5,0.5,0.5,18.6286,-122.305,0,-142.586,-335.076,0,2.31481e+12,3,0.2,0,planet1,1,1
453,0.5,0.5,0.5,180.744,18.4794,0,552.881,-328.728,0,2.31481e+12,3,0.2,0,planet1,1,1
454,0.5,0.5,0.5,314.356,-58.5504,0,720.79,-798.775,0,2.31481e+12,3,0.2,0,planet1,1,1
458,0.5,0.5,0.5,-149.408,-35.8685,0,148.885,523.581,0,2.31481e+12,3,0.2,2.31166e+17,planet1,1,1
459,0.5,0.5,0.5,-141.573,-248.593,0,-803.582,-309.994,0,2.31481e+12,3,0.2,0,planet1,1,1
460,0.5,0.5,0.5,226.3,-308.163,0,-21.1825,-1229.87,0,2.31481e+12,3,0.2,0,planet1,1,1
461,0.5,0.5,0.5,148.099,57.4153,0,554.301,-164.092,0,2.31481e+12,3,0.2,0,planet1,1,1
464,0.5,0.5,0.5,67.7442,-184.382,0,-151.576,-591.544,0,2.31481e+12,3,0.2,0,planet1,1,1
466,0.5,0.5,0.5,176.235,-35.6306,0,428.199,-452.844,0,2.31481e+12,3,0.2,0,planet1,1,1
467,0.5,0.5,0.5,303.142,-221.574,0,350.052,-1177.71,0,2.31481e+12,3,0.2,0,planet1,1,1
468,0.5,0.5,0.5,-227.048,-330.687,0,-144.516,-566.281,0,2.31481e+12,3,0.2,1.60935e+18,planet1,1,1
469,0.5,0.5,0.5,174.879,-233.317,0,9.47608,-936.837,0,2.31481e+12,3,0.2,0,planet1,1,1
472,0.5,0.5,0.5,-158.566,-149.939,0,-194.429,115.364,0,2.31481e+12,3,0.2,1.40564e+17,planet1,1,1
473,0.5,0.5,0.5,-69.8014,90.1018,0,251.849,647.565,0,2.31481e+12,3,0.2,1.57981e+17,planet1,1,1
474,0.5,0.5,0.5,71.959,-413.982,0,-624.053,-1166.05,0,2.31481e+12,3,0.2,0,planet1,1,1
478,0.5,0.5,0.5,289.027,262.923,0,1332.86,46.0044,0,2.31481e+12,3,0.2,0,planet1,1,1
480,0.5,0.5,0.5,-69.6038,40.2664,0,52.3538,350.533,0,2.31481e+12,3,0.2,4.47731e+16,planet1,1,1
481,0.5,0.5,0.5,-229.248,91.5999,0,157.035,536.541,0,2.31481e+12,3,0.2,2.92147e+17,planet1,1,1
482,0.5,0.5,0.5,-76.3473,-42.1035,0,-209.284,61.9382,0,2.31481e+12,3,0.2,0,planet1,1,1
483,0.5,0.5,0.5,-192.43,-205.551,0,-84.6425,26.5604,0,2.31481e+12,3,0.2,6.83412e+17,planet1,1,1
484,0.5,0.5,0.5,51.5445,-413.632,0,-673.833,-1122.36,0,2.31481e+12,3,0.2,0,planet1,1,1
485,0.5,0.5,0.5,-144.15,-215.795,0,-741.134,-223.596,0,2.31481e+12,3,0.2,0,planet1,1,1
487,0.5,0.5,0.5,284.937,-193.168,0,365.265,-1069.57,0,2.31481e+12,3,0.2,0,planet1,1,1
489,0.5,0.5,0.5,-152.982,-152.136,0,-255.456,-42.2408,0,2.31481e+12,3,0.2,6.85583e+16,planet1,1,1
490,0.5,0.5,0.5,87.9757,-4.07613,0,276.34,-189.688,0,2.31481e+12,3,0.2,0,planet1,1,1
491,0.5,0.5,0.5,-91.5807,-30.8845,0,-223.788,121.961,0,2.31481e+12,3,0.2,0,planet1,1,1
492,0.5,0.5,0.5,79.2074,333.359,0,964.349,661.053,0,2.31481e+12,3,0.2,0,planet1,1,1
495,0.5,0.5,0.5,149.014,234.182,0,928.25,269.509,0,2.31481e+12,3,0.2,0,planet1,1,1
496,0.5,0.5,0.5,-25.4371,-136.269,0,-281.392,-277.53,0,2.31481e+12,3,0.2,0,planet1,1,1
497,0.5,0.5,0.5,144.093,-52.5396,0,313.021,-426.693,0,2.31481e+12,3,0.2,0,planet1,1,1
499,0.5,0.5,0.5,111.017,217.102,0,798.226,307.433,0,2.31481e+12,3,0.2,0,planet1,1,1
500,0.5,0.5,0.5,-56.9481,-98.3826,0,-279.591,-117.621,0,2.31481e+12,3,0.2,0,planet1,1,1
501,0.5,0.5,0.5,-109.46,-204.292,0,-630.992,-267.834,0,2.31481e+12,3,0.2,0,planet1,1,1
502,0.5,0.5,0.5,-1.20392,-233.356,0,-424.808,-567.261,0,2.31481e+12,3,0.2,0,planet1,1,1
503,0.5,0.5,0.5,118.499,129.852,0,633.097,76.5472,0,2.31481e+12,3,0.2,0,planet1,1,1
507,0.5,0.5,0.5,132.551,-118.055,0,147.05,-564.347,0,2.31481e+12,3,0.2,0,planet1,1,1
508,0.5,0.5,0.5,232.104,58.2529,0,763.035,-338.455,0,2.31481e+12,3,0.2,0,planet1,1,1
513,0.5,0.5,0.5,258.988,-340.202,0,-8.28679,-1377.37,0,2.31481e+12,3,0.2,0,planet1,1,1
515,0.5,0.5,0.5,249.034,-0.42686,0,681.975,-518.682,0,2.31481e+12,3,0.2,0,planet1,1,1
516,0.5,0.5,0.5,93.2383,127.17,0,565.734,123.281,0,2.31481e+12,3,0.2,0,planet1,1,1
517,0.5,0.5,0.5,176.221,-334.163,0,-198.964,-1188.31,0,2.31481e+12,3,0.2,0,planet1,1,1
518,0.5,0.5,0.5,-81.9494,-51.0366,0,-242.126,51.6654,0,2.31481e+12,3,0.2,0,planet1,1,1
519,0.5,0.5,0.5,-186.705,-92.219,0,118.461,455.26,0,2.31481e+12,3,0.2,1.11629e+18,planet1,1,1
520,0.5,0.5,0.5,-213.113,-282.606,0,9.85466,-185.038,0,2.31481e+12,3,0.2,1.09466e+18,planet1,1,1
521,0.5,0.5,0.5,350.013,-45.5084,0,835.824,-842.308,0,2.31481e+12,3,0.2,0,planet1,1,1
522,0.5,0.5,0.5,-286.54,414.973,0,-489.825,1134.42,0,2.31481e+12,3,0.2,4.02662e+17,planet1,1,1
524,0.5,0.5,0.5,284.189,-249.201,0,245.647,-1205.89,0,2.31481e+12,3,0.2,0,planet1,1,1
525,0.5,0.5,0.5,-29.2536,19.8921,0,36.5471,115.845,0,2.31481e+12,3,0.2,0,planet1,1,1
526,0.5,0.5,0.5,220.223,135.69,0,896.359,-123.26,0,2.31481e+12,3,0.2,0,planet1,1,1
527,0.5,0.5,0.5,396.251,33.5219,0,1115.71,-744.525,0,2.31481e+12,3,0.2,0,planet1,1,1
529,0.5,0.5,0.5,-232.22,-333.736,0,-152.803,-619.637,0,2.31481e+12,3,0.2,1.79934e+18,planet1,1,1
530,0.5,0.5,0.5,53.8282,20.3319,0,243.635,-57.8484,0,2.31481e+12,3,0.2,0,planet1,1,1
531,0.5,0.5,0.5,-153.276,-168.285,0,-664.702,-87.2139,0,2.31481e+12,3,0.2,0,planet1,1,1
533,0.5,0.5,0.5,-70.6141,-257.438,0,-647.054,-480.718,0,2.31481e+12,3,0.2,0,planet1,1,1
534,0.5,0.5,0.5,-222.373,4.88728,0,266.951,379.953,0,2.31481e+12,3,0.2,4.96579e+17,planet1,1,1
535,0.5,0.5,0.5,-55.339,-360.034,0,-824.601,-765.617,0,2.31481e+12,3,0.2,0,planet1,1,1
536,0.5,0.5,0.5,313.975,193.228,0,1248.3,-178.387,0,2.31481e+12,3,0.2,0,planet1,1,1
538,0.5,0.5,0.5,243.365,-209.968,0,227.444,-1023.33,0,2.31481e+12,3,0.2,0,planet1,1,1
539,0.5,0.5,0.5,-20.4608,145.896,0,310.276,442.484,0,2.31481e+12,3,0.2,8.89013e+15,planet1,1,1
540,0.5,0.5,0.5,142.902,362.754,0,1183.5,598.817,0,2.31481e+12,3,0.2,0,planet1,1,1
541,0.5,0.5,0.5,370.837,147.835,0,1293.27,-409.693,0,2.31481e+12,3,0.2,0,planet1,1,1
542,0.5,0.5,0.5,381.866,-47.0387,0,911.252,-912.705,0,2.31481e+12,3,0.2,0,planet1,1,1
543,0.5,0.5,0.5,-4.02457,-303.018,0,-578.565,-732.541,0,2.31481e+12,3,0.2,0,planet1,1,1
544,0.5,0.5,0.5,282.224,158.77,0,1098.39,-195.721,0,2.31481e+12,3,0.2,0,planet1,1,1
547,0.5,0.5,0.5,-39.0064,-174.634,0,-395.017,-343.188,0,2.31481e+12,3,0.2,0,planet1,1,1
549,0.5,0.5,0.5,-181.683,-121.222,0,15.4596,416.482,0,2.31481e+12,3,0.2,5.48057e+17,planet1,1,1
550,0.5,0.5,0.5,130.201,-318.746,0,-280.044,-1053.95,0,2.31481e+12,3,0.2,0,planet1,1,1
551,0.5,0.5,0.5,-174.595,-243.734,0,-66.0376,-298.319,0,2.31481e+12,3,0.2,1.40134e+17,planet1,1,1
552,0.5,0.5,0.5,-172.018,-351.537,0,-1094.32,-499.217,0,2.31481e+12,3,0.2,0,planet1,1,1
553,0.5,0.5,0.5,295.542,-19.1256,0,757.317,-662.5,0,2.31481e+12,3,0.2,0,planet1,1,1
554,0.5,0.5,0.5,11.684,-39.3506,0,14.3243,-116.073,0,2.31481e+12,3,0.2,0,planet1,1,1
557,0.5,0.5,0.5,-81.5481,-85.7806,0,-313.908,-34.8001,0,2.31481e+12,3,0.2,0,planet1,1,1
558,0.5,0.5,0.5,-82.2888,-12.0455,0,-161.714,148.696,0,2.31481e+12,3,0.2,0,planet1,1,1
561,0.5,0.5,0.5,256.669,267.224,0,1262.82,125.008,0,2.31481e+12,3,0.2,0,planet1,1,1
562,0.5,0.5,0.5,-158.508,-15.8252,0,208.746,772.356,0,2.31481e+12,3,0.2,9.37822e+17,planet1,1,1
565,0.5,0.5,0.5,-3.34415,35.6445,0,134.209,100.086,0,2.31481e+12,3,0.2,0,planet1,1,1
568,0.5,0.5,0.5,163.651,-163.407,0,128.666,-741.801,0,2.31481e+12,3,0.2,0,planet1,1,1
572,0.5,0.5,0.5,280.94,-321.7,0,84.1313,-1377.74,0,2.31481e+12,3,0.2,0,planet1,1,1
573,0.5,0.5,0.5,-55.5377,-297.806,0,-694.263,-611.982,0,2.31481e+12,3,0.2,0,planet1,1,1
576,0.5,0.5,0.5,-61.95,32.4443,0,90.7448,284.932,0,2.31481e+12,3,0.2,2.71496e+16,planet1,1,1
577,0.5,0.5,0.5,-2.32393,193.113,0,468.671,486.071,0,2.31481e+12,3,0.2,0,planet1,1,1
578,0.5,0.5,0.5,107.503,-396.35,0,-499.17,-1197.75,0,2.31481e+12,3,0.2,0,planet1,1,1
579,0.5,0.5,0.5,140.374,-314.109,0,-245.382,-1063.7,0,2.31481e+12,3,0.2,0,planet1,1,1
583,0.5,0.5,0.5,-34.5141,-252.523,0,-547.076,-544.709,0,2.31481e+12,3,0.2,0,planet1,1,1
587,0.5,0.5,0.5,-33.249,-230.244,0,-497.56,-492.281,0,2.31481e+12,3,0.2,0,planet1,1,1
588,0.5,0.5,0.5,175.508,300.29,0,1132.24,377.193,0,2.31481e+12,3,0.2,0,planet1,1,1
589,0.5,0.5,0.5,-42.7251,-220.803,0,-501.355,-449.159,0,2.31481e+12,3,0.2,0,planet1,1,1
590,0.5,0.5,0.5,258.006,79.0456,0,870.645,-341.839,0,2.31481e+12,3,0.2,0,planet1,1,1
591,0.5,0.5,0.5,-9.87531,-342.343,0,-675.107,-817.765,0,2.31481e+12,3,0.2,0,planet1,1,1
594,0.5,0.5,0.5,115.509,106.175,0,576.078,24.9714,0,2.31481e+12,3,0.2,0,planet1,1,1
595,0.5,0.5,0.5,190.91,-43.3102,0,448.006,-502.275,0,2.31481e+12,3,0.2,0,planet1,1,1
598,0.5,0.5,0.5,55.9547,202.221,0,631.361,386.613,0,2.31481e+12,3,0.2,0,planet1,1,1
603,0.5,0.5,0.5,109.251,-309.833,0,-312.848,-987.937,0,2.31481e+12,3,0.2,0,planet1,1,1
604,0.5,0.5,0.5,-140.699,-378.803,0,-1074.43,-632.178,0,2.31481e+12,3,0.2,0,planet1,1,1
605,0.5,0.5,0.5,-186.469,-299.958,0,-1022.06,-341.9,0,2.31481e+12,3,0.2,0,planet1,1,1
607,0.5,0.5,0.5,55.8716,-227.052,0,-270.867,-671.46,0,2.31481e+12,3,0.2,0,planet1,1,1
608,0.5,0.5,0.5,110.03,-359.247,0,-415.136,-1111.44,0,2.31481e+12,3,0.2,0,planet1,1,1
609,0.5,0.5,0.5,364.501,-39.4692,0,884.198,-857.464,0,2.31481e+12,3,0.2,0,planet1,1,1
610,0.5,0.5,0.5,-144.942,232.584,0,-56.0322,989.42,0,2.31481e+12,3,0.2,9.4871e+16,planet1,1,1
611,0.5,0.5,0.5,52.4574,-71.6826,0,46.7579,-281.446,0,2.31481e+12,3,0.2,0,planet1,1,1
613,0.5,0.5,0.5,37.0137,-15.6029,0,126.941,-110.841,0,2.31481e+12,3,0.2,0,planet1,1,1
614,0.5,0.5,0.5,333.299,162.144,0,1230.55,-295.215,0,2.31481e+12,3,0.2,0,planet1,1,1
616,0.5,0.5,0.5,-145.68,-31.1299,0,53.9238,614.938,0,2.31481e+12,3,0.2,2.65499e+17,planet1,1,1
617,0.5,0.5,0.5,-238.77,-360.995,0,-536.33,-883.019,0,2.31481e+12,3,0.2,1.08768e+18,planet1,1,1
618,0.5,0.5,0.5,-75.4019,-219.074,0,-578.441,-376.408,0,2.31481e+12,3,0.2,0,planet1,1,1
619,0.5,0.5,0.5,-52.1258,33.7411,0,45.7798,202.267,0,2.31481e+12,3,0.2,1.39832e+15,planet1,1,1
620,0.5,0.5,0.5,55.1671,-43.9485,0,111.735,-219.041,0,2.31481e+12,3,0.2,0,planet1,1,1
623,0.5,0.5,0.5,83.6971,140.683,0,569.987,176.451,0,2.31481e+12,3,0.2,0,planet1,1,1
625,0.5,0.5,0.5,259.842,-165.228,0,362.085,-947.438,0,2.31481e+12,3,0.2,0,planet1,1,1
626,0.5,0.5,0.5,55.5445,366.54,0,976.662,792.717,0,2.31481e+12,3,0.2,0,planet1,1,1
628,0.5,0.5,0.5,58.7304,-17.746,0,175.211,-161.438,0,2.31481e+12,3,0.2,0,planet1,1,1
629,0.5,0.5,0.5,361.16,90.5488,0,1148.95,-530.159,0,2.31481e+12,3,0.2,0,planet1,1,1
631,0.5,0.5,0.5,65.8549,291.929,0,844.264,586.722,0,2.31481e+12,3,0.2,0,planet1,1,1
632,0.5,0.5,0.5,-213.61,-176.165,0,20.0883,248.86,0,2.31481e+12,3,0.2,1.93858e+18,planet1,1,1
633,0.5,0.5,0.5,101.205,-418.439,0,-561.767,-1238.18,0,2.31481e+12,3,0.2,0,planet1,1,1
636,0.5,0.5,0.5,-9.74333,-131.196,0,-231.792,-297.539,0,2.31481e+12,3,0.2,0,planet1,1,1
637,0.5,0.5,0.5,-53.1978,-404.786,0,-913.142,-880.197,0,2.31481e+12,3,0.2,0,planet1,1,1
639,0.5,0.5,0.5,-162.264,-62.429,0,58.6117,565.495,0,2.31481e+12,3,0.2,4.56467e+17,planet1,1,1
640,0.5,0.5,0.5,246.108,314.991,0,1337.06,264.38,0,2.31481e+12,3,0.2,0,planet1,1,1
643,0.5,0.5,0.5,177.082,-22.0896,0,458.494,-420.693,0,2.31481e+12,3,0.2,0,planet1,1,1
645,0.5,0.5,0.5,27.0362,187.682,0,529.291,410.526,0,2.31481e+12,3,0.2,0,planet1,1,1
647,0.5,0.5,0.5,115.877,-343.838,0,-368.142,-1085.71,0,2.31481e+12,3,0.2,0,planet1,1,1
648,0.5,0.5,0.5,103.024,-189.411,0,-75.5168,-678.182,0,2.31481e+12,3,0.2,0,planet1,1,1
650,0.5,0.5,0.5,4.21942,-315.037,0,-583.025,-780.064,0,2.31481e+12,3,0.2,0,planet1,1,1
651,0.5,0.5,0.5,104.249,278.308,0,910.39,472.226,0,2.31481e+12,3,0.2,0,planet1,1,1
653,0.5,0.5,0.5,28.8219,157.132,0,469.151,331.772,0,2.31481e+12,3,0.2,0,planet1,1,1
654,0.5,0.5,0.5,101.577,150.36,0,634.81,162.882,0,2.31481e+12,3,0.2,0,planet1,1,1
655,0.5,0.5,0.5,65.9404,-377.601,0,-562.288,-1063.94,0,2.31481e+12,3,0.2,0,planet1,1,1
656,0.5,0.5,0.5,-184.41,-319.367,0,-1057.21,-394.137,0,2.31481e+12,3,0.2,0,planet1,1,1
657,0.5,0.5,0.5,-151.369,-67.5582,0,17.1984,423.947,0,2.31481e+12,3,0.2,2.83343e+17,planet1,1,1
660,0.5,0.5,0.5,11.0254,72.129,0,246.424,159.721,0,2.31481e+12,3,0.2,0,planet1,1,1
662,0.5,0.5,0.5,-119.315,-338.296,0,-936.631,-577.706,0,2.31481e+12,3,0.2,0,planet1,1,1
664,0.5,0.5,0.5,-151.275,55.6513,0,282.731,863.631,0,2.31481e+12,3,0.2,-8.24483e+17,planet1,1,1
665,0.5,0.5,0.5,-154.527,13.9126,0,226.52,873.428,0,2.31481e+12,3,0.2,1.50666e+18,planet1,1,1
667,0.5,0.5,0.5,263.953,20.4137,0,762.347,-498.683,0,2.31481e+12,3,0.2,0,planet1,1,1
668,0.5,0.5,0.5,-52.6674,-65.848,0,-200.436,-46.4313,0,2.31481e+12,3,0.2,0,planet1,1,1
669,0.5,0.5,0.5,-28.3581,73.5177,0,180.289,289.332,0,2.31481e+12,3,0.2,1.4657e+16,planet1,1,1
671,0.5,0.5,0.5,178.721,-105.568,0,287.577,-630.283,0,2.31481e+12,3,0.2,0,planet1,1,1
672,0.5,0.5,0.5,156.535,-270.158,0,-113.072,-989.372,0,2.31481e+12,3,0.2,0,planet1,1,1
673,0.5,0.5,0.5,-94.3799,6.52707,0,-13.0938,320.749,0,2.31481e+12,3,0.2,6.35272e+16,planet1,1,1
675,0.5,0.5,0.5,-58.5928,-262.095,0,-626.876,-517.386,0,2.31481e+12,3,0.2,0,planet1,1,1
676,0.5,0.5,0.5,169.665,126.302,0,752.542,-39.4886,0,2.31481e+12,3,0.2,0,planet1,1,1
679,0.5,0.5,0.5,190.987,102.054,0,753.441,-144.295,0,2.31481e+12,3,0.2,0,planet1,1,1
680,0.5,0.5,0.5,-197.396,-300.48,0,-108.255,-311.923,0,2.31481e+12,3,0.2,5.61529e+17,planet1,1,1
681,0.5,0.5,0.5,193.765,-89.095,0,359.203,-621.844,0,2.31481e+12,3,0.2,0,planet1,1,1
682,0.5,0.5,0.5,186.473,-16.6956,0,492.853,-427.039,0,2.31481e+12,3,0.2,0,planet1,1,1
684,0.5,0.5,0.5,-112.691,-24.12,0,-134.25,258.714,0,2.31481e+12,3,0.2,8.71908e+16,planet1,1,1
686,0.5,0.5,0.5,19.4307,82.5336,0,289.178,167.698,0,2.31481e+12,3,0.2,0,planet1,1,1
687,0.5,0.5,0.5,206.319,268.843,0,1142.11,234.718,0,2.31481e+12,3,0.2,0,planet1,1,1
690,0.5,0.5,0.5,-237.861,-375.296,0,-1171.74,-470.887,0,2.31481e+12,3,0.2,4.98903e+17,planet1,1,1
691,0.5,0.5,0.5,-142.7,34.9379,0,235.748,879.206,0,2.31481e+12,3,0.2,2.15171e+18,planet1,1,1
693,0.5,0.5,0.5,385.781,133.034,0,1298.79,-477.969,0,2.31481e+12,3,0.2,0,planet1,1,1
694,0.5,0.5,0.5,58.8727,34.2651,0,285.185,-34.009,0,2.31481e+12,3,0.2,0,planet1,1,1
695,0.5,0.5,0.5,160.64,114.563,0,705.317,-49.3895,0,2.31481e+12,3,0.2,0,planet1,1,1
697,0.5,0.5,0.5,256.805,291.56,0,1314.15,184.149,0,2.31481e+12,3,0.2,0,planet1,1,1
699,0.5,0.5,0.5,75.3063,26.4985,0,309.558,-87.6101,0,2.31481e+12,3,0.2,0,planet1,1,1
702,0.5,0.5,0.5,92.527,-188.698,0,-99.8209,-653.869,0,2.31481e+12,3,0.2,0,planet1,1,1
703,0.5,0.5,0.5,-2.39307,-269.11,0,-503.211,-652.834,0,2.31481e+12,3,0.2,0,planet1,1,1
704,0.5,0.5,0.5,126.227,-337.727,0,-330.022,-1092.17,0,2.31481e+12,3,0.2,0,planet1,1,1
706,0.5,0.5,0.5,48.9405,293.505,0,806.833,626.078,0,2.31481e+12,3,0.2,0,planet1,1,1
708,0.5,0.5,0.5,122.108,-48.5571,0,267.435,-370.477,0,2.31481e+12,3,0.2,0,planet1,1,1
709,0.5,0.5,0.5,-220.625,-246.159,0,-41.4915,-26.7789,0,2.31481e+12,3,0.2,1.29502e+18,planet1,1,1
710,0.5,0.5,0.5,-209.321,-171.965,0,27.7317,194.161,0,2.31481e+12,3,0.2,1.72121e+18,planet1,1,1
711,0.5,0.5,0.5,189.381,-238.538,0,34.3788,-980.777,0,2.31481e+12,3,0.2,0,planet1,1,1
713,0.5,0.5,0.5,177.887,260.34,0,1053.82,273.429,0,2.31481e+12,3,0.2,0,planet1,1,1
714,0.5,0.5,0.5,-221.086,-317.245,0,-10.2064,-363.217,0,2.31481e+12,3,0.2,1.93165e+18,planet1,1,1
715,0.5,0.5,0.5,44.9535,-403.942,0,-669.695,-1084.7,0,2.31481e+12,3,0.2,0,planet1,1,1
717,0.5,0.5,0.5,-116.599,-148.087,0,-531.54,-114.639,0,2.31481e+12,3,0.2,0,planet1,1,1
718,0.5,0.5,0.5,-170.994,75.9461,0,362.865,587.639,0,2.31481e+12,3,0.2,6.09106e+17,planet1,1,1
720,0.5,0.5,0.5,255.181,-76.9473,0,536.019,-719.621,0,2.31481e+12,3,0.2,0,planet1,1,1
721,0.5,0.5,0.5,260.365,-244.123,0,197.601,-1143.59,0,2.31481e+12,3,0.2,0,planet1,1,1
724,0.5,0.5,0.5,-75.6584,-387.434,0,-932.614,-790.431,0,2.31481e+12,3,0.2,0,planet1,1,1
725,0.5,0.5,0.5,238.384,-176.324,0,286.14,-929.838,0,2.31481e+12,3,0.2,0,planet1,1,1
726,0.5,0.5,0.5,353.798,-222.985,0,471.569,-1287.34,0,2.31481e+12,3,0.2,0,planet1,1,1
728,0.5,0.5,0.5,133.072,-306.9,0,-247.892,-1030.67,0,2.31481e+12,3,0.2,0,planet1,1,1
729,0.5,0.5,0.5,-30.9871,-290.686,0,-618.93,-645.99,0,2.31481e+12,3,0.2,0,planet1,1,1
731,0.5,0.5,0.5,-196.356,-122.323,0,39.3467,367.958,0,2.31481e+12,3,0.2,1.16322e+18,planet1,1,1
732,0.5,0.5,0.5,65.963,-230.014,0,-252.627,-699.731,0,2.31481e+12,3,0.2,0,planet1,1,1
733,0.5,0.5,0.5,208.301,-270.298,0,14.4245,-1098.46,0,2.31481e+12,3,0.2,0,planet1,1,1
736,0.5,0.5,0.5,-73.7158,148.827,0,284.374,1031.8,0,2.31481e+12,3,0.2,5.68533e+17,planet1,1,1
738,0.5,0.5,0.5,-143.61,40.8798,0,281.203,884.545,0,2.31481e+12,3,0.2,1.82621e+18,planet1,1,1
739,0.5,0.5,0.5,79.0008,-118.944,0,13.161,-453.577,0,2.31481e+12,3,0.2,0,planet1,1,1
741,0.5,0.5,0.5,154.458,338.714,0,1160.91,516.276,0,2.31481e+12,3,0.2,0,planet1,1,1
743,0.5,0.5,0.5,287.046,104.086,0,995.042,-340.849,0,2.31481e+12,3,0.2,0,planet1,1,1
748,0.5,0.5,0.5,72.8387,246.608,0,768.152,478.645,0,2.31481e+12,3,0.2,1.37123e+15,planet1,1,1
749,0.5,0.5,0.5,104.214,-299.289,0,-303.249,-951.327,0,2.31481e+12,3,0.2,0,planet1,1,1
750,0.5,0.5,0.5,-276.145,264.282,0,-343.734,729.18,0,2.31481e+12,3,0.2,4.84565e+17,planet1,1,1
751,0.5,0.5,0.5,-95.3723,-110.677,0,-400.13,-66.9421,0,2.31481e+12,3,0.2,0,planet1,1,1
753,0.5,0.5,0.5,216.151,-91.0185,0,410.01,-673.245,0,2.31481e+12,3,0.2,0,planet1,1,1
755,0.5,0.5,0.5,26.2147,99.4227,0,341.329,195.228,0,2.31481e+12,3,0.2,0,planet1,1,1
756,0.5,0.5,0.5,-105.456,0.474063,0,-60.3086,340.676,0,2.31481e+12,3,0.2,4.05228e+17,planet1,1,1
757,0.5,0.5,0.5,229.665,291.708,0,1247.32,242.214,0,2.31481e+12,3,0.2,0,planet1,1,1
759,0.5,0.5,0.5,107.713,55.5453,0,450.672,-83.9249,0,2.31481e+12,3,0.2,0,planet1,1,1
761,0.5,0.5,0.5,208.761,-254.796,0,48.0729,-1061.24,0,2.31481e+12,3,0.2,0,planet1,1,1
762,0.5,0.5,0.5,-110.363,-119.859,0,-456.921,-58.2401,0,2.31481e+12,3,0.2,0,planet1,1,1
763,0.5,0.5,0.5,113.431,-243.953,0,-164.538,-833.897,0,2.31481e+12,3,0.2,0,planet1,1,1
764,0.5,0.5,0.5,16.5641,-325.434,0,-574.446,-831.662,0,2.31481e+12,3,0.2,0,planet1,1,1
769,0.5,0.5,0.5,-268.732,317.142,0,-341.95,902.964,0,2.31481e+12,3,0.2,2.00401e+17,planet1,1,1
770,0.5,0.5,0.5,-122.159,-89.7427,0,-422.687,41.025,0,2.31481e+12,3,0.2,0,planet1,1,1
776,0.5,0.5,0.5,18.0728,-219.195,0,-347.499,-572.74,0,2.31481e+12,3,0.2,0,planet1,1,1
777,0.5,0.5,0.5,64.4376,134.9,0,510.442,202.524,0,2.31481e+12,3,0.2,0,planet1,1,1
778,0.5,0.5,0.5,37.9169,161.575,0,501.142,323.545,0,2.31481e+12,3,0.2,0,planet1,1,1
780,0.5,0.5,0.5,229.278,38.8866,0,715.441,-380.412,0,2.31481e+12,3,0.2,0,planet1,1,1
781,0.5,0.5,0.5,259.951,-149.579,0,395.371,-909.445,0,2.31481e+12,3,0.2,0,planet1,1,1
782,0.5,0.5,0.5,163.143,-360.368,0,-286.66,-1225.82,0,2.31481e+12,3,0.2,0,planet1,1,1
784,0.5,0.5,0.5,274.816,62.1432,0,876.444,-418.394,0,2.31481e+12,3,0.2,0,planet1,1,1
786,0.5,0.5,0.5,305.887,252.891,0,1353.67,-13.9266,0,2.31481e+12,3,0.2,0,planet1,1,1
787,0.5,0.5,0.5,136.196,166.829,0,754.466,131.02,0,2.31481e+12,3,0.2,0,planet1,1,1
788,0.5,0.5,0.5,-171.309,-373.429,0,-1138.91,-554.856,0,2.31481e+12,3,0.2,0,planet1,1,1
789,0.5,0.5,0.5,-159.1,9.23872,0,193.1,866.787,0,2.31481e+12,3,0.2,3.28395e+18,planet1,1,1
791,0.5,0.5,0.5,229.328,328.533,0,1324.2,332.93,0,2.31481e+12,3,0.2,0,planet1,1,1
792,0.5,0.5,0.5,-70.1632,-320.784,0,-778.669,-637.853,0,2.31481e+12,3,0.2,0,planet1,1,1
793,0.5,0.5,0.5,-158.908,-102.968,0,-163.497,274.098,0,2.31481e+12,3,0.2,2.30713e+17,planet1,1,1
794,0.5,0.5,0.5,47.7156,-311.202,0,-467.601,-861.824,0,2.31481e+12,3,0.2,0,planet1,1,1
795,0.5,0.5,0.5,362.493,-122.943,0,703.884,-1058.96,0,2.31481e+12,3,0.2,0,planet1,1,1
796,0.5,0.5,0.5,197.898,-101.137,0,343.756,-659.616,0,2.31481e+12,3,0.2,0,planet1,1,1
797,0.5,0.5,0.5,-278.859,352.847,0,-461.945,951.662,0,2.31481e+12,3,0.2,6.35523e+17,planet1,1,1
799,0.5,0.5,0.5,411.361,-7.53221,0,1066.36,-878.071,0,2.31481e+12,3,0.2,0,planet1,1,1
801,0.5,0.5,0.5,31.6749,-288.134,0,-458.974,-771.026,0,2.31481e+12,3,0.2,0,planet1,1,1
802,0.5,0.5,0.5,-148.881,-141.425,0,-372.959,-48.9611,0,2.31481e+12,3,0.2,2.26022e+16,planet1,1,1
804,0.5,0.5,0.5,-176.768,-125.167,0,-30.1743,300.745,0,2.31481e+12,3,0.2,5.49849e+17,planet1,1,1
806,0.5,0.5,0.5,188.929,212.233,0,980.201,131.871,0,2.31481e+12,3,0.2,0,planet1,1,1
808,0.5,0.5,0.5,142.835,-289.932,0,-188.273,-1009.39,0,2.31481e+12,3,0.2,0,planet1,1,1
810,0.5,0.5,0.5,160.477,63.2498,0,596.936,-175.51,0,2.31481e+12,3,0.2,0,planet1,1,1
811,0.5,0.5,0.5,166.619,50.3631,0,585.283,-220.44,0,2.31481e+12,3,0.2,0,planet1,1,1
814,0.5,0.5,0.5,-207.646,-166.09,0,14.1093,228.307,0,2.31481e+12,3,0.2,8.81071e+17,planet1,1,1
817,0.5,0.5,0.5,90.2001,-36.6969,0,213.21,-274.277,0,2.31481e+12,3,0.2,0,planet1,1,1
818,0.5,0.5,0.5,1.64644,-180.47,0,-306.747,-442.518,0,2.31481e+12,3,0.2,0,planet1,1,1
820,0.5,0.5,0.5,96.878,-257.292,0,-233.122,-832.334,0,2.31481e+12,3,0.2,0,planet1,1,1
821,0.5,0.5,0.5,109.114,320.112,0,1010.3,565.223,0,2.31481e+12,3,0.2,0,planet1,1,1
822,0.5,0.5,0.5,-15.6268,-281.359,0,-561.699,-655.572,0,2.31481e+12,3,0.2,0,planet1,1,1
824,0.5,0.5,0.5,191.557,202.78,0,966.666,102.948,0,2.31481e+12,3,0.2,0,planet1,1,1
826,0.5,0.5,0.5,-211.895,-336.648,0,-459.386,-978.855,0,2.31481e+12,3,0.2,4.17017e+17,planet1,1,1
830,0.5,0.5,0.5,40.1476,-388.27,0,-648.74,-1036.3,0,2.31481e+12,3,0.2,0,planet1,1,1
833,0.5,0.5,0.5,330.489,-227.454,0,405.162,-1249.66,0,2.31481e+12,3,0.2,0,planet1,1,1
834,0.5,0.5,0.5,195.445,161.179,0,888.673,-7.94932,0,2.31481e+12,3,0.2,0,planet1,1,1
835,0.5,0.5,0.5,388.727,2.74803,0,1032.39,-804.359,0,2.31481e+12,3,0.2,0,planet1,1,1
837,0.5,0.5,0.5,255.682,90.0921,0,888.228,-309.568,0,2.31481e+12,3,0.2,0,planet1,1,1
838,0.5,0.5,0.5,-175.767,-212.397,0,-276.358,-75.0855,0,2.31481e+12,3,0.2,3.58303e+17,planet1,1,1
839,0.5,0.5,0.5,-182.997,-84.955,0,152.36,425.56,0,2.31481e+12,3,0.2,2.72834e+18,planet1,1,1
841,0.5,0.5,0.5,150.765,-338.775,0,-272.097,-1146.15,0,2.31481e+12,3,0.2,0,planet1,1,1
844,0.5,0.5,0.5,110.423,-108.274,0,113.376,-493.236,0,2.31481e+12,3,0.2,0,planet1,1,1
848,0.5,0.5,0.5,39.7344,79.912,0,333.8,118.439,0,2.31481e+12,3,0.2,0,planet1,1,1
849,0.5,0.5,0.5,-34.4729,197.161,0,336.222,818.362,0,2.31481e+12,3,0.2,8.22818e+16,planet1,1,1
850,0.5,0.5,0.5,280.449,241.55,0,1267.16,11.7443,0,2.31481e+12,3,0.2,0,planet1,1,1
852,0.5,0.5,0.5,228.191,-349.429,0,-103.392,-1335.21,0,2.31481e+12,3,0.2,0,planet1,1,1
853,0.5,0.5,0.5,214.179,-38.3122,0,515.72,-538.869,0,2.31481e+12,3,0.2,0,planet1,1,1
854,0.5,0.5,0.5,-178.193,-145.142,0,-70.7263,202.255,0,2.31481e+12,3,0.2,2.82382e+17,planet1,1,1
855,0.5,0.5,0.5,124.993,196.364,0,788.686,226.713,0,2.31481e+12,3,0.2,0,planet1,1,1
857,0.5,0.5,0.5,-68.4732,98.4348,0,193.577,644.504,0,2.31481e+12,3,0.2,6.25282e+16,planet1,1,1
858,0.5,0.5,0.5,-130.861,-315.018,0,-916.319,-496.019,0,2.31481e+12,3,0.2,0,planet1,1,1
867,0.5,0.5,0.5,-164.702,-230.557,0,-822.849,-216.591,0,2.31481e+12,3,0.2,0,planet1,1,1
868,0.5,0.5,0.5,-84.2081,-381.156,0,-939.87,-757.002,0,2.31481e+12,3,0.2,0,planet1,1,1
869,0.5,0.5,0.5,-195.276,230.006,0,-95.6773,835.717,0,2.31481e+12,3,0.2,3.54133e+16,planet1,1,1
871,0.5,0.5,0.5,-276.725,360.305,0,-450.129,942.826,0,2.31481e+12,3,0.2,1.98953e+18,planet1,1,1
873,0.5,0.5,0.5,-73.8402,-191.562,0,-516.365,-311.421,0,2.31481e+12,3,0.2,0,planet1,1,1
875,0.5,0.5,0.5,151.626,-131.708,0,165.416,-637.686,0,2.31481e+12,3,0.2,0,planet1,1,1
878,0.5,0.5,0.5,303.52,-24.6583,0,765.019,-692.932,0,2.31481e+12,3,0.2,0,planet1,1,1
880,0.5,0.5,0.5,348.25,185.794,0,1316.9,-268.675,0,2.31481e+12,3,0.2,0,planet1,1,1
882,0.5,0.5,0.5,-58.1066,-6.48199,0,-89.7407,111.565,0,2.31481e+12,3,0.2,0,planet1,1,1
884,0.5,0.5,0.5,-14.7937,33.1158,0,100.571,118.17,0,2.31481e+12,3,0.2,0,planet1,1,1
885,0.5,0.5,0.5,315.082,222.265,0,1311.95,-108.493,0,2.31481e+12,3,0.2,0,planet1,1,1
886,0.5,0.5,0.5,-77.0041,72.18,0,197.299,641.614,0,2.31481e+12,3,0.2,7.04432e+17,planet1,1,1
887,0.5,0.5,0.5,213.637,-233.334,0,105.34,-1018.82,0,2.31481e+12,3,0.2,0,planet1,1,1
888,0.5,0.5,0.5,47.9502,-358.264,0,-565.917,-978.318,0,2.31481e+12,3,0.2,0,planet1,1,1
890,0.5,0.5,0.5,48.2679,-133.833,0,-94.1213,-426.213,0,2.31481e+12,3,0.2,0,planet1,1,1
893,0.5,0.5,0.5,-88.9631,68.8774,0,252.514,790.826,0,2.31481e+12,3,0.2,4.9245e+17,planet1,1,1
894,0.5,0.5,0.5,167.112,242.674,0,990.132,252.781,0,2.31481e+12,3,0.2,0,planet1,1,1
899,0.5,0.5,0.5,335.207,-52.3285,0,784.802,-827.66,0,2.31481e+12,3,0.2,0,planet1,1,1
900,0.5,0.5,0.5,199.401,-0.411117,0,559.209,-414.321,0,2.31481e+12,3,0.2,0,planet1,1,1
901,0.5,0.5,0.5,121.139,-37.7547,0,287.836,-342.314,0,2.31481e+12,3,0.2,0,planet1,1,1
903,0.5,0.5,0.5,-202.079,188.089,0,12.5274,783.262,0,2.31481e+12,3,0.2,1.35625e+16,planet1,1,1
906,0.5,0.5,0.5,-107.313,-260.477,0,-743.453,-411.155,0,2.31481e+12,3,0.2,0,planet1,1,1
907,0.5,0.5,0.5,-34.4274,-325.919,0,-701.491,-725.764,0,2.31481e+12,3,0.2,0,planet1,1,1
908,0.5,0.5,0.5,107.328,-257.305,0,-207.514,-854.466,0,2.31481e+12,3,0.2,0,planet1,1,1
912,0.5,0.5,0.5,-178.2,-179.46,0,-64.1989,-46.4624,0,2.31481e+12,3,0.2,3.08001e+17,planet1,1,1
913,0.5,0.5,0.5,304.446,210.131,0,1260.13,-116.544,0,2.31481e+12,3,0.2,0,planet1,1,1
914,0.5,0.5,0.5,-152.73,-194.328,0,-717.714,-152.549,0,2.31481e+12,3,0.2,0,planet1,1,1
918,0.5,0.5,0.5,296.888,50.7582,0,907.297,-493.002,0,2.31481e+12,3,0.2,0,planet1,1,1
919,0.5,0.5,0.5,179.3,132.432,0,789.157,-44.7014,0,2.31481e+12,3,0.2,0,planet1,1,1
921,0.5,0.5,0.5,-200.483,-188.161,0,-101.043,105.309,0,2.31481e+12,3,0.2,7.71734e+17,planet1,1,1
923,0.5,0.5,0.5,136.174,378.422,0,1199.31,652.134,0,2.31481e+12,3,0.2,0,planet1,1,1
924,0.5,0.5,0.5,83.1773,203.594,0,701.121,332.835,0,2.31481e+12,3,0.2,0,planet1,1,1
925,0.5,0.5,0.5,243.931,26.1294,0,724.339,-442.79,0,2.31481e+12,3,0.2,0,planet1,1,1
926,0.5,0.5,0.5,257.787,308.7,0,1352.09,224.247,0,2.31481e+12,3,0.2,0,planet1,1,1
930,0.5,0.5,0.5,-162.635,-127.371,0,-42.5705,203.709,0,2.31481e+12,3,0.2,3.21227e+17,planet1,1,1
932,0.5,0.5,0.5,-198.913,-181.259,0,-123.79,162.951,0,2.31481e+12,3,0.2,8.48464e+17,planet1,1,1
936,0.5,0.5,0.5,-53.6404,45.1698,0,100.817,273.368,0,2.31481e+12,3,0.2,6.33705e+15,planet1,1,1
937,0.5,0.5,0.5,-177.097,-104.746,0,42.7557,337.058,0,2.31481e+12,3,0.2,6.93237e+17,planet1,1,1
938,0.5,0.5,0.5,62.9706,302.396,0,859.542,618.506,0,2.31481e+12,3,0.2,0,planet1,1,1
941,0.5,0.5,0.5,-165.926,-168.089,0,-322.966,58.696,0,2.31481e+12,3,0.2,2.62984e+17,planet1,1,1
942,0.5,0.5,0.5,-221.435,-347.326,0,-285.235,-521.73,0,2.31481e+12,3,0.2,4.10549e+17,planet1,1,1
943,0.5,0.5,0.5,-158.228,-131.444,0,-96.6421,141.102,0,2.31481e+12,3,0.2,2.96665e+17,planet1,1,1
946,0.5,0.5,0.5,326.338,-105.311,0,651.492,-939.693,0,2.31481e+12,3,0.2,0,planet1,1,1
947,0.5,0.5,0.5,340.062,38.8865,0,988.636,-612.775,0,2.31481e+12,3,0.2,0,planet1,1,1
949,0.5,0.5,0.5,-14.1207,-390.682,0,-787.307,-927.721,0,2.31481e+12,3,0.2,0,planet1,1,1
951,0.5,0.5,0.5,205.278,-51.9339,0,465.713,-553.854,0,2.31481e+12,3,0.2,0,planet1,1,1
952,0.5,0.5,0.5,-243.606,-337.506,0,-157.391,-598.851,0,2.31481e+12,3,0.2,4.89179e+18,planet1,1,1
955,0.5,0.5,0.5,58.5847,283.282,0,792.888,601.093,0,2.31481e+12,3,0.2,1.15036e+15,planet1,1,1
956,0.5,0.5,0.5,154.163,-217.871,0,-9.06295,-855.817,0,2.31481e+12,3,0.2,0,planet1,1,1
957,0.5,0.5,0.5,59.9091,-203.581,0,-211.434,-622.117,0,2.31481e+12,3,0.2,0,planet1,1,1
964,0.5,0.5,0.5,288.848,195.509,0,1191.64,-119.489,0,2.31481e+12,3,0.2,0,planet1,1,1
966,0.5,0.5,0.5,-4.05307,-334.535,0,-644.323,-810.897,0,2.31481e+12,3,0.2,0,planet1,1,1
967,0.5,0.5,0.5,-5.08864,-417.457,0,-821.22,-1012.59,0,2.31481e+12,3,0.2,0,planet1,1,1
968,0.5,0.5,0.5,-132.878,35.7306,0,284.78,849.983,0,2.31481e+12,3,0.2,2.21692e+18,planet1,1,1
969,0.5,0.5,0.5,-138.544,-102.344,0,-170.105,94.4842,0,2.31481e+12,3,0.2,6.67925e+16,planet1,1,1
970,0.5,0.5,0.5,-139.22,-129.397,0,-351.789,-116.28,0,2.31481e+12,3,0.2,2.42779e+16,planet1,1,1
972,0.5,0.5,0.5,-216.849,-239.804,0,-37.6334,-59.0635,0,2.31481e+12,3,0.2,1.1979e+18,planet1,1,1
973,0.5,0.5,0.5,-16.2942,-124.061,0,-232.886,-266.311,0,2.31481e+12,3,0.2,0,planet1,1,1
974,0.5,0.5,0.5,-267.699,305.726,0,-354.052,814.039,0,2.31481e+12,3,0.2,6.23619e+17,planet1,1,1
976,0.5,0.5,0.5,-196.768,-252.69,0,-159.932,-161.05,0,2.31481e+12,3,0.2,5.12425e+17,planet1,1,1
977,0.5,0.5,0.5,91.2223,297.254,0,918.229,546.583,0,2.31481e+12,3,0.2,0,planet1,1,1
979,0.5,0.5,0.5,110.305,-61.4196,0,211.274,-377.87,0,2.31481e+12,3,0.2,0,planet1,1,1
980,0.5,0.5,0.5,42.6225,-85.5,0,-6.775,-295.065,0,2.31481e+12,3,0.2,0,planet1,1,1
983,0.5,0.5,0.5,181.581,199.26,0,934.668,115.435,0,2.31481e+12,3,0.2,0,planet1,1,1
985,0.5,0.5,0.5,-205.779,-130.172,0,44.9244,374.688,0,2.31481e+12,3,0.2,2.75766e+18,planet1,1,1
986,0.5,0.5,0.5,-31.2263,-304.102,0,-647.771,-678.624,0,2.31481e+12,3,0.2,0,planet1,1,1
989,0.5,0.5,0.5,90.0792,336.934,0,998.557,646.83,0,2.31481e+12,3,0.2,0,planet1,1,1
992,0.5,0.5,0.5,101.419,67.1015,0,459.132,-42.2801,0,2.31481e+12,3,0.2,0,planet1,1,1
996,0.5,0.5,0.5,187.884,-368.361,0,-242.506,-1297.68,0,2.31481e+12,3,0.2,0,planet1,1,1
998,0.5,0.5,0.5,202.965,-62.714,0,437.177,-575.284,0,2.31481e+12,3,0.2,0,planet1,1,1
1000,0.5,0.5,0.5,212.78,-157.178,0,262.974,-829.17,0,2.31481e+12,3,0.2,0,planet1,1,1
1001,0.5,0.5,0.5,412.541,-72.4405,0,932.29,-1040.09,0,2.31481e+12,3,0.2,0,planet1,1,1
1004,0.5,0.5,0.5,136.595,-344.926,0,-319.628,-1131.65,0,2.31481e+12,3,0.2,0,planet1,1,1
1006,0.5,0.5,0.5,-188.608,-139.137,0,-45.6124,276.484,0,2.31481e+12,3,0.2,6.78698e+17,planet1,1,1
1007,0.5,0.5,0.5,-222.837,-191.911,0,64.1474,166.122,0,2.31481e+12,3,0.2,3.01505e+18,planet1,1,1
1009,0.5,0.5,0.5,-71.88,-352.695,0,-850.049,-712.956,0,2.31481e+12,3,0.2,0,planet1,1,1
1013,0.5,0.5,0.5,317.163,64.9452,0,987.032,-500.62,0,2.31481e+12,3,0.2,0,planet1,1,1
1014,0.5,0.5,0.5,-131.81,-348.722,0,-989.706,-576.804,0,2.31481e+12,3,0.2,0,planet1,1,1
1015,0.5,0.5,0.5,-67.8487,-299.446,0,-728.212,-590.242,0,2.31481e+12,3,0.2,0,planet1,1,1
1016,0.5,0.5,0.5,182.424,-305.141,0,-123.13,-1129.94,0,2.31481e+12,3,0.2,0,planet1,1,1
1017,0.5,0.5,0.5,-109.195,-59.8314,0,-328.083,87.6401,0,2.31481e+12,3,0.2,0,planet1,1,1
1019,0.5,0.5,0.5,188.623,-353.166,0,-208.98,-1261.3,0,2.31481e+12,3,0.2,0,planet1,1,1
1021,0.5,0.5,0.5,197.566,81.169,0,725.819,-209.613,0,2.31481e+12,3,0.2,0,planet1,1,1
1025,0.5,0.5,0.5,364.04,157.011,0,1295.84,-372.744,0,2.31481e+12,3,0.2,0,planet1,1,1
1026,0.5,0.5,0.5,-173.11,-198.887,0,-62.8187,-44.0622,0,2.31481e+12,3,0.2,3.25957e+17,planet1,1,1
1032,0.5,0.5,0.5,89.6613,248.202,0,811.131,428.84,0,2.31481e+12,3,0.2,0,planet1,1,1
1035,0.5,0.5,0.5,80.4094,87.144,0,449.651,51.1196,0,2.31481e+12,3,0.2,0,planet1,1,1
1036,0.5,0.5,0.5,130.048,-86.279,0,208.158,-480.577,0,2.31481e+12,3,0.2,0,planet1,1,1
1038,0.5,0.5,0.5,-197.232,-98.0244,0,95.0764,482.24,0,2.31481e+12,3,0.2,1.80069e+18,planet1,1,1
1043,0.5,0.5,0.5,-132.379,-77.9413,0,-174.155,114.863,0,2.31481e+12,3,0.2,2.66363e+16,planet1,1,1
1050,0.5,0.5,0.5,145.263,-111.327,0,192.562,-574.063,0,2.31481e+12,3,0.2,0,planet1,1,1
1053,0.5,0.5,0.5,17.1008,-410.261,0,-751.287,-1041.59,0,2.31481e+12,3,0.2,0,planet1,1,1
1054,0.5,0.5,0.5,36.6646,-310.748,0,-493.649,-837.481,0,2.31481e+12,3,0.2,0,planet1,1,1
1055,0.5,0.5,0.5,-306.736,178.063,0,-195.048,603.357,0,2.31481e+12,3,0.2,1.63842e+17,planet1,1,1
1063,0.5,0.5,0.5,67.4939,186.75,0,627.353,323.733,0,2.31481e+12,3,0.2,0,planet1,1,1
1066,0.5,0.5,0.5,-224.343,-286.444,0,45.1113,-239.444,0,2.31481e+12,3,0.2,2.96712e+18,planet1,1,1
1071,0.5,0.5,0.5,-139.327,-267.176,0,-837.111,-360.721,0,2.31481e+12,3,0.2,0,planet1,1,1
1074,0.5,0.5,0.5,-122.224,239.596,0,-16.2493,1103.19,0,2.31481e+12,3,0.2,1.50278e+17,planet1,1,1
1076,0.5,0.5,0.5,-52.5819,-244.179,0,-574.399,-486.253,0,2.31481e+12,3,0.2,0,planet1,1,1
1077,0.5,0.5,0.5,218.27,-328.96,0,-84.6148,-1263.85,0,2.31481e+12,3,0.2,0,planet1,1,1
1080,0.5,0.5,0.5,94.5829,-410.703,0,-561.569,-1205.37,0,2.31481e+12,3,0.2,0,planet1,1,1
1081,0.5,0.5,0.5,225.951,275.441,0,1204.11,209.275,0,2.31481e+12,3,0.2,0,planet1,1,1
1084,0.5,0.5,0.5,172.414,-133.735,0,213.006,-686.001,0,2.31481e+12,3,0.2,0,planet1,1,1
1085,0.5,0.5,0.5,209.549,297.209,0,1209.4,298.199,0,2.31481e+12,3,0.2,0,planet1,1,1
1086,0.5,0.5,0.5,153.483,143.678,0,748.29,37.5034,0,2.31481e+12,3,0.2,0,planet1,1,1
1089,0.5,0.5,0.5,68.1371,174.626,0,603.343,292.531,0,2.31481e+12,3,0.2,0,planet1,1,1
1090,0.5,0.5,0.5,80.1678,-206.743,0,-168.263,-672.644,0,2.31481e+12,3,0.2,0,planet1,1,1
1091,0.5,0.5,0.5,95.6716,-389.643,0,-514.516,-1155.93,0,2.31481e+12,3,0.2,0,planet1,1,1
1092,0.5,0.5,0.5,305.599,-85.5683,0,642.318,-847.445,0,2.31481e+12,3,0.2,0,planet1,1,1
1096,0.5,0.5,0.5,309.016,-203.091,0,403.723,-1144.44,0,2.31481e+12,3,0.2,0,planet1,1,1
1097,0.5,0.5,0.5,-190.741,-195.499,0,-139.623,76.4821,0,2.31481e+12,3,0.2,4.3194e+17,planet1,1,1
1100,0.5,0.5,0.5,-62.0745,-68.5127,0,-229.103,-32.7804,0,2.31481e+12,3,0.2,0,planet1,1,1
1102,0.5,0.5,0.5,297.984,-1.085,0,800.818,-623.253,0,2.31481e+12,3,0.2,0,planet1,1,1
1103,0.5,0.5,0.5,123.347,330.039,0,1066.2,559.873,0,2.31481e+12,3,0.2,0,planet1,1,1
1105,0.5,0.5,0.5,68.0253,-356.071,0,-512.035,-1015.1,0,2.31481e+12,3,0.2,0,planet1,1,1
1106,0.5,0.5,0.5,-194.967,-185.782,0,-135.844,147.89,0,2.31481e+12,3,0.2,6.21796e+17,planet1,1,1
1108,0.5,0.5,0.5,256.326,-280.361,0,111.124,-1223.71,0,2.31481e+12,3,0.2,0,planet1,1,1
1110,0.5,0.5,0.5,132.728,243.575,0,907.152,327.455,0,2.31481e+12,3,0.2,0,planet1,1,1
1112,0.5,0.5,0.5,290.045,82.8054,0,957.634,-399.13,0,2.31481e+12,3,0.2,0,planet1,1,1
1114,0.5,0.5,0.5,-201.339,-143.187,0,30.0145,340.4,0,2.31481e+12,3,0.2,9.04834e+17,planet1,1,1
1116,0.5,0.5,0.5,405.791,-53.5316,0,956.213,-979.084,0,2.31481e+12,3,0.2,0,planet1,1,1
1117,0.5,0.5,0.5,-100.705,-71.43,0,-331.061,40.9652,0,2.31481e+12,3,0.2,0,planet1,1,1
1118,0.5,0.5,0.5,242.573,148.639,0,978.745,-137.29,0,2.31481e+12,3,0.2,0,planet1,1,1
1119,0.5,0.5,0.5,411.046,-26.374,0,1025.91,-923.66,0,2.31481e+12,3,0.2,0,planet1,1,1
1123,0.5,0.5,0.5,236.728,335.253,0,1356.72,333.417,0,2.31481e+12,3,0.2,0,planet1,1,1
1125,0.5,0.5,0.5,125.758,2.27935,0,383.259,-252.897,0,2.31481e+12,3,0.2,0,planet1,1,1
1126,0.5,0.5,0.5,178.939,-395.614,0,-322.733,-1345.35,0,2.31481e+12,3,0.2,0,planet1,1,1
1127,0.5,0.5,0.5,-70.4396,82.1826,0,213.939,629.668,0,2.31481e+12,3,0.2,2.42279e+17,planet1,1,1
1128,0.5,0.5,0.5,210.235,-120.011,0,334.444,-732.35,0,2.31481e+12,3,0.2,0,planet1,1,1
1132,0.5,0.5,0.5,-190.909,-3.95622,0,218.212,578.106,0,2.31481e+12,3,0.2,7.79548e+17,planet1,1,1
1133,0.5,0.5,0.5,173.283,70.7707,0,644.471,-183.81,0,2.31481e+12,3,0.2,0,planet1,1,1
1134,0.5,0.5,0.5,261.78,58.3945,0,836.284,-400.307,0,2.31481e+12,3,0.2,0,planet1,1,1
1137,0.5,0.5,0.5,-68.9952,-282.115,0,-694.697,-544.952,0,2.31481e+12,3,0.2,0,planet1,1,1
1140,0.5,0.5,0.5,147.308,250.708,0,958.262,314.19,0,2.31481e+12,3,0.2,0,planet1,1,1
1141,0.5,0.5,0.5,291.196,161.045,0,1124.63,-209.556,0,2.31481e+12,3,0.2,0,planet1,1,1
1143,0.5,0.5,0.5,-44.1908,-310.482,0,-693.152,-667.319,0,2.31481e+12,3,0.2,0,planet1,1,1
1147,0.5,0.5,0.5,-197.321,-402.03,0,-1263.02,-569.68,0,2.31481e+12,3,0.2,0,planet1,1,1
1148,0.5,0.5,0.5,130.161,-288.743,0,-217.195,-979.706,0,2.31481e+12,3,0.2,0,planet1,1,1
1149,0.5,0.5,0.5,77.5651,-44.9201,0,165.036,-267.806,0,2.31481e+12,3,0.2,0,planet1,1,1
1154,0.5,0.5,0.5,-20.9081,-164.228,0,-328.658,-355.47,0,2.31481e+12,3,0.2,0,planet1,1,1
1155,0.5,0.5,0.5,35.0751,-105.931,0,-67.8091,-329.32,0,2.31481e+12,3,0.2,0,planet1,1,1
1157,0.5,0.5,0.5,-11.566,3.91694,0,47.2859,39.2764,0,2.31481e+12,3,0.2,0,planet1,1,1
1158,0.5,0.5,0.5,70.5327,164.333,0,587.464,262.358,0,2.31481e+12,3,0.2,0,planet1,1,1
1159,0.5,0.5,0.5,-180.771,-253.051,0,-70.5321,-73.2754,0,2.31481e+12,3,0.2,4.34901e+17,planet1,1,1
1160,0.5,0.5,0.5,345.854,-203.932,0,492.662,-1224.04,0,2.31481e+12,3,0.2,0,planet1,1,1
1166,0.5,0.5,0.5,21.5096,-337.521,0,-587.687,-872.218,0,2.31481e+12,3,0.2,0,planet1,1,1
1167,0.5,0.5,0.5,-191.907,-358.009,0,-1157.11,-473.004,0,2.31481e+12,3,0.2,0,planet1,1,1
1168,0.5,0.5,0.5,125.356,-367.126,0,-393.973,-1162.83,0,2.31481e+12,3,0.2,0,planet1,1,1
1169,0.5,0.5,0.5,304.449,109.68,0,1049.64,-363.642,0,2.31481e+12,3,0.2,0,planet1,1,1
1175,0.5,0.5,0.5,235.789,206.511,0,1083.21,19.4234,0,2.31481e+12,3,0.2,0,planet1,1,1
1176,0.5,0.5,0.5,-193.896,-141.984,0,-67.259,297.807,0,2.31481e+12,3,0.2,9.8511e+17,planet1,1,1
1179,0.5,0.5,0.5,356.261,144.877,0,1251.07,-386.402,0,2.31481e+12,3,0.2,0,planet1,1,1
1180,0.5,0.5,0.5,148.373,18.341,0,472.382,-260.787,0,2.31481e+12,3,0.2,0,planet1,1,1
1181,0.5,0.5,0.5,-206.341,-225.106,0,-51.0998,-21.6187,0,2.31481e+12,3,0.2,1.13345e+18,planet1,1,1
1185,0.5,0.5,0.5,-59.8958,47.6824,0,96.6088,319.907,0,2.31481e+12,3,0.2,2.50404e+16,planet1,1,1
1186,0.5,0.5,0.5,-153.948,-398.681,0,-1149.65,-653.498,0,2.31481e+12,3,0.2,0,planet1,1,1
1188,0.5,0.5,0.5,265.73,-323.624,0,43.1794,-1350.18,0,2.31481e+12,3,0.2,0,planet1,1,1
1189,0.5,0.5,0.5,-73.4806,-138.318,0,-404.196,-181.048,0,2.31481e+12,3,0.2,0,planet1,1,1
1193,0.5,0.5,0.5,70.4797,-96.9303,0,38.5342,-381.356,0,2.31481e+12,3,0.2,0,planet1,1,1
1194,0.5,0.5,0.5,-11.1708,18.9981,0,80.1261,75.9054,0,2.31481e+12,3,0.2,0,planet1,1,1
1195,0.5,0.5,0.5,259.037,164.302,0,1052.38,-133.581,0,2.31481e+12,3,0.2,0,planet1,1,1
1198,0.5,0.5,0.5,-116.258,-266.809,0,-778.836,-408.028,0,2.31481e+12,3,0.2,0,planet1,1,1
1199,0.5,0.5,0.5,158.154,364.831,0,1225.43,572.135,0,2.31481e+12,3,0.2,0,planet1,1,1
1204,0.5,0.5,0.5,-172.607,-61.3133,0,129.575,580.379,0,2.31481e+12,3,0.2,8.35295e+17,planet1,1,1
1205,0.5,0.5,0.5,-185.324,-249.105,0,-159.512,-120.327,0,2.31481e+12,3,0.2,5.65259e+17,planet1,1,1
1208,0.5,0.5,0.5,216.75,-349.251,0,-131.513,-1310.63,0,2.31481e+12,3,0.2,0,planet1,1,1
1215,0.5,0.5,0.5,380.72,-78.4672,0,841.96,-988.328,0,2.31481e+12,3,0.2,0,planet1,1,1
1217,0.5,0.5,0.5,114.609,-175.922,0,-18.5892,-668.635,0,2.31481e+12,3,0.2,0,planet1,1,1
1220,0.5,0.5,0.5,108.762,385.862,0,1147.58,727.579,0,2.31481e+12,3,0.2,0,planet1,1,1
1221,0.5,0.5,0.5,295.093,-297.162,0,171.038,-1347.35,0,2.31481e+12,3,0.2,0,planet1,1,1
1223,0.5,0.5,0.5,-206.73,-322.284,0,-63.1205,-587.868,0,2.31481e+12,3,0.2,9.72664e+17,planet1,1,1
1226,0.5,0.5,0.5,-138.383,-77.2778,0,-177.767,148.01,0,2.31481e+12,3,0.2,4.81846e+16,planet1,1,1
1227,0.5,0.5,0.5,204.932,281.825,0,1165.91,269.645,0,2.31481e+12,3,0.2,0,planet1,1,1
1228,0.5,0.5,0.5,75.5197,223.03,0,723.448,396.325,0,2.31481e+12,3,0.2,0,planet1,1,1
1230,0.5,0.5,0.5,129.962,-404.199,0,-460.991,-1263.62,0,2.31481e+12,3,0.2,0,planet1,1,1
1231,0.5,0.5,0.5,-69.1291,-336.668,0,-809.351,-679.233,0,2.31481e+12,3,0.2,0,planet1,1,1
1232,0.5,0.5,0.5,99.9379,-355.383,0,-432.176,-1080.66,0,2.31481e+12,3,0.2,0,planet1,1,1
1233,0.5,0.5,0.5,195.076,359.945,0,1305.88,481.931,0,2.31481e+12,3,0.2,0,planet1,1,1
1236,0.5,0.5,0.5,347.141,48.7955,0,1026.67,-603.349,0,2.31481e+12,3,0.2,0,planet1,1,1
1239,0.5,0.5,0.5,108.202,-134.222,0,53.3729,-552.642,0,2.31481e+12,3,0.2,0,planet1,1,1
1241,0.5,0.5,0.5,-92.7641,-324.448,0,-842.15,-598.92,0,2.31481e+12,3,0.2,0,planet1,1,1
1244,0.5,0.5,0.5,-25.3446,-8.55346,0,-12.655,37.398,0,2.31481e+12,3,0.2,0,planet1,1,1
1245,0.5,0.5,0.5,-97.9846,-100.937,0,-386.08,-37.778,0,2.31481e+12,3,0.2,0,planet1,1,1
1246,0.5,0.5,0.5,57.0116,-396.074,0,-622.909,-1090.54,0,2.31481e+12,3,0.2,0,planet1,1,1
1247,0.5,0.5,0.5,226.409,100.223,0,836.793,-223.165,0,2.31481e+12,3,0.2,0,planet1,1,1
1248,0.5,0.5,0.5,-311.132,228.354,0,-289.579,681.171,0,2.31481e+12,3,0.2,3.96179e+17,planet1,1,1
1254,0.5,0.5,0.5,239.443,-3.3814,0,652.057,-505.475,0,2.31481e+12,3,0.2,0,planet1,1,1
1256,0.5,0.5,0.5,-229.753,-325.331,0,39.2483,-466.003,0,2.31481e+12,3,0.2,3.83883e+18,planet1,1,1
1257,0.5,0.5,0.5,-84.895,-139.137,0,-434.337,-158.875,0,2.31481e+12,3,0.2,0,planet1,1,1
1259,0.5,0.5,0.5,81.5557,-284.953,0,-329.299,-868.683,0,2.31481e+12,3,0.2,0,planet1,1,1
1260,0.5,0.5,0.5,301.597,121.874,0,1067.98,-327.564,0,2.31481e+12,3,0.2,0,planet1,1,1
1261,0.5,0.5,0.5,216.595,76.3532,0,762.842,-261.396,0,2.31481e+12,3,0.2,0,planet1,1,1
1262,0.5,0.5,0.5,-200.996,-264.993,0,-123.238,-163.864,0,2.31481e+12,3,0.2,9.28675e+17,planet1,1,1
1263,0.5,0.5,0.5,53.4303,-170.107,0,-157.368,-526.27,0,2.31481e+12,3,0.2,0,planet1,1,1
1267,0.5,0.5,0.5,-216.84,-321.484,0,-95.7297,-446.104,0,2.31481e+12,3,0.2,1.20943e+18,planet1,1,1
1269,0.5,0.5,0.5,-226.918,140.246,0,32.1138,618.596,0,2.31481e+12,3,0.2,1.23408e+17,planet1,1,1
1271,0.5,0.5,0.5,184.871,42.3488,0,613.057,-278.21,0,2.31481e+12,3,0.2,0,planet1,1,1
1272,0.5,0.5,0.5,-84.9492,-3.02036,0,-98.5393,221.404,0,2.31481e+12,3,0.2,3.10623e+15,planet1,1,1
1273,0.5,0.5,0.5,120.254,-224.767,0,-107.352,-801.48,0,2.31481e+12,3,0.2,0,planet1,1,1
1277,0.5,0.5,0.5,-14.7327,162.739,0,404.794,503.823,0,2.31481e+12,3,0.2,6.32044e+15,planet1,1,1
1278,0.5,0.5,0.5,88.4056,158.431,0,618.889,210.163,0,2.31481e+12,3,0.2,0,planet1,1,1
1284,0.5,0.5,0.5,-99.3192,-5.55889,0,-53.7712,320.924,0,2.31481e+12,3,0.2,5.04938e+16,planet1,1,1
1287,0.5,0.5,0.5,246.384,-252.048,0,146.552,-1133.12,0,2.31481e+12,3,0.2,0,planet1,1,1
1288,0.5,0.5,0.5,136.455,-250.667,0,-121.662,-899.443,0,2.31481e+12,3,0.2,0,planet1,1,1
1289,0.5,0.5,0.5,218.861,-111.37,0,373.673,-728.961,0,2.31481e+12,3,0.2,0,planet1,1,1
1292,0.5,0.5,0.5,-149.41,-95.6435,0,-176.908,274.002,0,2.31481e+12,3,0.2,1.4572e+17,planet1,1,1
1298,0.5,0.5,0.5,91.5952,-237.156,0,-204.192,-771.522,0,2.31481e+12,3,0.2,0,planet1,1,1
1300,0.5,0.5,0.5,335.761,142.873,0,1196.39,-347.736,0,2.31481e+12,3,0.2,0,planet1,1,1
1302,0.5,0.5,0.5,-28.3184,-316.578,0,-666.454,-715.417,0,2.31481e+12,3,0.2,0,planet1,1,1
1304,0.5,0.5,0.5,259.369,-263.019,0,155.494,-1187.66,0,2.31481e+12,3,0.2,0,planet1,1,1
1307,0.5,0.5,0.5,381.281,-138.454,0,717.223,-1137.23,0,2.31481e+12,3,0.2,0,planet1,1,1
1308,0.5,0.5,0.5,137.253,-145.646,0,101.141,-642.503,0,2.31481e+12,3,0.2,0,planet1,1,1
1309,0.5,0.5,0.5,-190.732,-233.926,0,-128.717,10.8546,0,2.31481e+12,3,0.2,4.14757e+17,planet1,1,1
1311,0.5,0.5,0.5,37.8575,-373.366,0,-622.851,-994.6,0,2.31481e+12,3,0.2,0,planet1,1,1
1312,0.5,0.5,0.5,238.623,266.944,0,1217.82,161.757,0,2.31481e+12,3,0.2,0,planet1,1,1
1313,0.5,0.5,0.5,153.684,-119.511,0,196.169,-611.603,0,2.31481e+12,3,0.2,0,planet1,1,1
1315,0.5,0.5,0.5,109.892,-121.198,0,85.0046,-524.072,0,2.31481e+12,3,0.2,0,planet1,1,1
1318,0.5,0.5,0.5,190.938,-200.007,0,119.197,-888.635,0,2.31481e+12,3,0.2,0,planet1,1,1
1319,0.5,0.5,0.5,354.299,25.9081,0,996.26,-674.817,0,2.31481e+12,3,0.2,0,planet1,1,1
1320,0.5,0.5,0.5,49.55,266.491,0,734.202,630.83,0,2.31481e+12,3,0.2,4.99007e+16,planet1,1,1
1324,0.5,0.5,0.5,-175.141,-139.976,0,-76.2399,212.877,0,2.31481e+12,3,0.2,5.55255e+17,planet1,1,1
1325,0.5,0.5,0.5,5.39926,181.559,0,463.086,441.161,0,2.31481e+12,3,0.2,0,planet1,1,1
1326,0.5,0.5,0.5,91.8046,-147.476,0,-14.9629,-550.661,0,2.31481e+12,3,0.2,0,planet1,1,1
1331,0.5,0.5,0.5,162.132,226.636,0,944.462,223.404,0,2.31481e+12,3,0.2,0,planet1,1,1
1334,0.5,0.5,0.5,201.037,-208.825,0,125.363,-931.65,0,2.31481e+12,3,0.2,0,planet1,1,1
1335,0.5,0.5,0.5,115.556,197.171,0,767.808,249.109,0,2.31481e+12,3,0.2,0,planet1,1,1
1337,0.5,0.5,0.5,-112.567,-380.942,0,-1009.56,-697.012,0,2.31481e+12,3,0.2,0,planet1,1,1
1339,0.5,0.5,0.5,-226.162,-243.847,0,-52.6241,-43.7563,0,2.31481e+12,3,0.2,3.91611e+18,planet1,1,1
1341,0.5,0.5,0.5,-200.236,-159.952,0,47.0275,299.863,0,2.31481e+12,3,0.2,1.02282e+18,planet1,1,1
1348,0.5,0.5,0.5,250.926,-136.017,0,401.47,-856.839,0,2.31481e+12,3,0.2,0,planet1,1,1
1355,0.5,0.5,0.5,167.176,-111.069,0,247.533,-619.836,0,2.31481e+12,3,0.2,0,planet1,1,1
1359,0.5,0.5,0.5,272,136.896,0,1026.62,-228.096,0,2.31481e+12,3,0.2,0,planet1,1,1
1362,0.5,0.5,0.5,-137.87,0.736196,0,89.8551,645.72,0,2.31481e+12,3,0.2,2.13479e+18,planet1,1,1
1363,0.5,0.5,0.5,-134.234,-223.569,0,-732.714,-263.212,0,2.31481e+12,3,0.2,0,planet1,1,1
1366,0.5,0.5,0.5,218.423,-22.7993,0,558.875,-509.416,0,2.31481e+12,3,0.2,0,planet1,1,1
1367,0.5,0.5,0.5,5.3619,-30.1474,0,17.9638,-80.2642,0,2.31481e+12,3,0.2,0,planet1,1,1
1369,0.5,0.5,0.5,313.535,76.4331,0,1002.2,-464.74,0,2.31481e+12,3,0.2,0,planet1,1,1
1374,0.5,0.5,0.5,-110.523,-164.157,0,-549.785,-167.061,0,2.31481e+12,3,0.2,0,planet1,1,1
1378,0.5,0.5,0.5,-39.225,89.098,0,181.941,374.665,0,2.31481e+12,3,0.2,1.0589e+17,planet1,1,1
1379,0.5,0.5,0.5,-266.573,97.2606,0,52.9959,518.98,0,2.31481e+12,3,0.2,7.10286e+17,planet1,1,1
1381,0.5,0.5,0.5,178.432,89.1727,0,695.545,-149.171,0,2.31481e+12,3,0.2,0,planet1,1,1
1382,0.5,0.5,0.5,-269.872,-386.657,0,-792.868,-1192.45,0,2.31481e+12,3,0.2,6.79404e+17,planet1,1,1
1384,0.5,0.5,0.5,359.66,115.447,0,1197.32,-465.949,0,2.31481e+12,3,0.2,0,planet1,1,1
1386,0.5,0.5,0.5,163.702,-186.322,0,80.4444,-797.802,0,2.31481e+12,3,0.2,0,planet1,1,1
1387,0.5,0.5,0.5,407.959,62.8498,0,1205.72,-697.593,0,2.31481e+12,3,0.2,0,planet1,1,1
1388,0.5,0.5,0.5,185.434,-254.313,0,-8.64531,-1011.13,0,2.31481e+12,3,0.2,0,planet1,1,1
1391,0.5,0.5,0.5,-166.043,-105.569,0,-31.7475,359.191,0,2.31481e+12,3,0.2,3.95477e+17,planet1,1,1
1396,0.5,0.5,0.5,-44.8151,-334.102,0,-744.144,-723.95,0,2.31481e+12,3,0.2,0,planet1,1,1
1397,0.5,0.5,0.5,161.395,-20.2528,0,423.333,-383.11,0,2.31481e+12,3,0.2,0,planet1,1,1
1398,0.5,0.5,0.5,84.7207,313.195,0,935.213,599.956,0,2.31481e+12,3,0.2,0,planet1,1,1
1399,0.5,0.5,0.5,26.8061,-267.607,0,-427.637,-710.33,0,2.31481e+12,3,0.2,0,planet1,1,1
1401,0.5,0.5,0.5,125.693,-152.028,0,59.351,-633.342,0,2.31481e+12,3,0.2,0,planet1,1,1
1405,0.5,0.5,0.5,131.519,126.455,0,658.202,40.961,0,2.31481e+12,3,0.2,0,planet1,1,1
1407,0.5,0.5,0.5,-219.537,-304.192,0,-105.727,-300.063,0,2.31481e+12,3,0.2,1.04951e+18,planet1,1,1
1408,0.5,0.5,0.5,293.343,-237.399,0,292.631,-1195.89,0,2.31481e+12,3,0.2,0,planet1,1,1
1409,0.5,0.5,0.5,62.5008,-157.644,0,-108.803,-514.205,0,2.31481e+12,3,0.2,0,planet1,1,1
1410,0.5,0.5,0.5,247.47,-318.825,0,8.28797,-1300.26,0,2.31481e+12,3,0.2,0,planet1,1,1
1411,0.5,0.5,0.5,-162.145,-76.2144,0,94.6828,560.344,0,2.31481e+12,3,0.2,4.78156e+17,planet1,1,1
1413,0.5,0.5,0.5,387.275,-122.704,0,764.913,-1110.72,0,2.31481e+12,3,0.2,0,planet1,1,1
1415,0.5,0.5,0.5,-169.7,-364.255,0,-1115.65,-535.538,0,2.31481e+12,3,0.2,0,planet1,1,1
1418,0.5,0.5,0.5,-186.445,-206.971,0,-69.0257,60.556,0,2.31481e+12,3,0.2,5.73373e+17,planet1,1,1
1421,0.5,0.5,0.5,167.242,267.434,0,1042.7,313.327,0,2.31481e+12,3,0.2,0,planet1,1,1
1422,0.5,0.5,0.5,-19.9131,-311.798,0,-635.907,-721.825,0,2.31481e+12,3,0.2,0,planet1,1,1
1423,0.5,0.5,0.5,-231.917,-374.2,0,-1065.43,-671.793,0,2.31481e+12,3,0.2,7.3834e+16,planet1,1,1
1425,0.5,0.5,0.5,-158.874,59.1834,0,278.183,851.593,0,2.31481e+12,3,0.2,6.43007e+17,planet1,1,1
1426,0.5,0.5,0.5,145.973,-358.928,0,-325.698,-1186.27,0,2.31481e+12,3,0.2,0,planet1,1,1
1428,0.5,0.5,0.5,265.871,-211.491,0,280.006,-1074.51,0,2.31481e+12,3,0.2,0,planet1,1,1
1429,0.5,0.5,0.5,-344.851,231.907,0,-426.447,530.202,0,2.31481e+12,3,0.2,5.36119e+17,planet1,1,1
1430,0.5,0.5,0.5,202.427,233.647,0,1058.73,156.238,0,2.31481e+12,3,0.2,0,planet1,1,1
1432,0.5,0.5,0.5,94.1561,-366.362,0,-469.361,-1095.42,0,2.31481e+12,3,0.2,0,planet1,1,1
1434,0.5,0.5,0.5,-134.099,-13.2315,0,86.7274,511.731,0,2.31481e+12,3,0.2,2.02817e+17,planet1,1,1
1435,0.5,0.5,0.5,-136.988,-161.486,0,-610.087,-104.567,0,2.31481e+12,3,0.2,0,planet1,1,1
1436,0.5,0.5,0.5,91.0932,285.893,0,893.959,518.836,0,2.31481e+12,3,0.2,0,planet1,1,1
1438,0.5,0.5,0.5,39.5067,195.039,0,575.401,402.969,0,2.31481e+12,3,0.2,0,planet1,1,1
1440,0.5,0.5,0.5,19.194,-394.917,0,-714.161,-1008,0,2.31481e+12,3,0.2,0,planet1,1,1
1443,0.5,0.5,0.5,-5.59708,74.6387,0,210.391,200.471,0,2.31481e+12,3,0.2,0,planet1,1,1
1444,0.5,0.5,0.5,175.61,7.2549,0,516.585,-345.3,0,2.31481e+12,3,0.2,0,planet1,1,1
1445,0.5,0.5,0.5,141.752,-28.293,0,358.191,-361.671,0,2.31481e+12,3,0.2,0,planet1,1,1
1447,0.5,0.5,0.5,-222.781,-334.906,0,-171.538,-565.702,0,2.31481e+12,3,0.2,1.09707e+18,planet1,1,1
1449,0.5,0.5,0.5,374.535,-66.6103,0,851.452,-945.963,0,2.31481e+12,3,0.2,0,planet1,1,1
1450,0.5,0.5,0.5,274.738,98.2737,0,952.152,-329.166,0,2.31481e+12,3,0.2,0,planet1,1,1
1451,0.5,0.5,0.5,158.048,-369.506,0,-318.312,-1237.34,0,2.31481e+12,3,0.2,0,planet1,1,1
1454,0.5,0.5,0.5,-274.019,312.928,0,-257.386,908.607,0,2.31481e+12,3,0.2,2.51612e+17,planet1,1,1
1455,0.5,0.5,0.5,292.332,-152.922,0,468.318,-985.41,0,2.31481e+12,3,0.2,0,planet1,1,1
1456,0.5,0.5,0.5,61.7731,-63.1922,0,87.9653,-280.224,0,2.31481e+12,3,0.2,0,planet1,1,1
1457,0.5,0.5,0.5,325.019,79.7626,0,1037.7,-480.588,0,2.31481e+12,3,0.2,0,planet1,1,1
1458,0.5,0.5,0.5,360.07,180.8,0,1335.71,-305.86,0,2.31481e+12,3,0.2,0,planet1,1,1
1459,0.5,0.5,0.5,-78.486,-289.895,0,-734.296,-544.504,0,2.31481e+12,3,0.2,0,planet1,1,1
1461,0.5,0.5,0.5,-106.675,-189.342,0,-592.912,-236.939,0,2.31481e+12,3,0.2,0,planet1,1,1
1462,0.5,0.5,0.5,317.603,-198.995,0,433.384,-1152.43,0,2.31481e+12,3,0.2,0,planet1,1,1
1463,0.5,0.5,0.5,381.64,51.5207,0,1117.58,-669.38,0,2.31481e+12,3,0.2,0,planet1,1,1
1464,0.5,0.5,0.5,294.706,27.537,0,852.92,-545.735,0,2.31481e+12,3,0.2,0,planet1,1,1
1466,0.5,0.5,0.5,61.9621,53.5579,0,333.177,7.38511,0,2.31481e+12,3,0.2,0,planet1,1,1
1468,0.5,0.5,0.5,398.315,-98.7324,0,842.402,-1075.3,0,2.31481e+12,3,0.2,0,planet1,1,1
1469,0.5,0.5,0.5,107.109,-158.66,0,-0.440965,-610.435,0,2.31481e+12,3,0.2,0,planet1,1,1
1471,0.5,0.5,0.5,-102.445,-151.065,0,-502.226,-151.802,0,2.31481e+12,3,0.2,0,planet1,1,1
1472,0.5,0.5,0.5,-159.614,-421.052,0,-1210.69,-696.028,0,2.31481e+12,3,0.2,0,planet1,1,1
1475,0.5,0.5,0.5,-197.679,-174.084,0,-40.3415,100.261,0,2.31481e+12,3,0.2,9.48933e+17,planet1,1,1
1478,0.5,0.5,0.5,84.1875,275.879,0,856.18,508.673,0,2.31481e+12,3,0.2,0,planet1,1,1
1479,0.5,0.5,0.5,-126.437,-57.3702,0,-73.5588,226.531,0,2.31481e+12,3,0.2,1.43536e+17,planet1,1,1
1481,0.5,0.5,0.5,271.926,248.025,0,1259.92,45.4624,0,2.31481e+12,3,0.2,0,planet1,1,1
1485,0.5,0.5,0.5,-174.123,-77.0914,0,94.881,480.032,0,2.31481e+12,3,0.2,1.04359e+18,planet1,1,1
1486,0.5,0.5,0.5,313.844,102.021,0,1056.17,-402.097,0,2.31481e+12,3,0.2,0,planet1,1,1
1488,0.5,0.5,0.5,-163.184,-20.2349,0,200.689,782.908,0,2.31481e+12,3,0.2,1.60939e+18,planet1,1,1
1489,0.5,0.5,0.5,117.973,-405.27,0,-492.359,-1241.62,0,2.31481e+12,3,0.2,0,planet1,1,1
1491,0.5,0.5,0.5,-156.175,-238.801,0,-819.394,-254.943,0,2.31481e+12,3,0.2,0,planet1,1,1
1495,0.5,0.5,0.5,127.668,311.052,0,1036.75,504.224,0,2.31481e+12,3,0.2,0,planet1,1,1
1498,0.5,0.5,0.5,-65.757,-116.822,0,-340.046,-144.655,0,2.31481e+12,3,0.2,0,planet1,1,1
1500,0.5,0.5,0.5,-117.403,-55.5922,0,-199.769,164.653,0,2.31481e+12,3,0.2,1.05276e+16,planet1,1,1
1503,0.5,0.5,0.5,-0.506374,87.8816,0,251.35,222.817,0,2.31481e+12,3,0.2,0,planet1,1,1
1507,0.5,0.5,0.5,266.597,148.851,0,1038.46,-187.365,0,2.31481e+12,3,0.2,0,planet1,1,1
1509,0.5,0.5,0.5,336.931,-173.028,0,535.486,-1128.94,0,2.31481e+12,3,0.2,0,planet1,1,1
1510,0.5,0.5,0.5,157.813,-285.985,0,-143.193,-1031.07,0,2.31481e+12,3,0.2,0,planet1,1,1
1511,0.5,0.5,0.5,-4.54034,106.052,0,279.427,276.152,0,2.31481e+12,3,0.2,0,planet1,1,1
1516,0.5,0.5,0.5,157.747,-85.014,0,278.8,-535.942,0,2.31481e+12,3,0.2,0,planet1,1,1
1517,0.5,0.5,0.5,55.5234,86.8591,0,387.503,102.945,0,2.31481e+12,3,0.2,0,planet1,1,1
1518,0.5,0.5,0.5,-193.323,-116.626,0,7.84519,402.16,0,2.31481e+12,3,0.2,1.02216e+18,planet1,1,1
1521,0.5,0.5,0.5,-197.459,-286.361,0,-107.685,-295.158,0,2.31481e+12,3,0.2,9.3055e+17,planet1,1,1
1522,0.5,0.5,0.5,90.7874,-159.499,0,-42.851,-578.692,0,2.31481e+12,3,0.2,0,planet1,1,1
1524,0.5,0.5,0.5,144.484,-301.125,0,-207.835,-1040.3,0,2.31481e+12,3,0.2,0,planet1,1,1
1525,0.5,0.5,0.5,292.831,245.521,0,1306.27,-4.93436,0,2.31481e+12,3,0.2,0,planet1,1,1
1526,0.5,0.5,0.5,361.476,104.395,0,1178.89,-496.676,0,2.31481e+12,3,0.2,0,planet1,1,1
1532,0.5,0.5,0.5,290.968,120.667,0,1039.12,-307.705,0,2.31481e+12,3,0.2,0,planet1,1,1
1535,0.5,0.5,0.5,-180.094,-393.044,0,-1201.52,-584.13,0,2.31481e+12,3,0.2,0,planet1,1,1
1536,0.5,0.5,0.5,262.006,-232.285,0,226.287,-1117.21,0,2.31481e+12,3,0.2,0,planet1,1,1
1538,0.5,0.5,0.5,107.747,80.0983,0,501.925,-23.3974,0,2.31481e+12,3,0.2,0,planet1,1,1
1542,0.5,0.5,0.5,-112.989,-76.1995,0,-371.73,55.0294,0,2.31481e+12,3,0.2,0,planet1,1,1
1545,0.5,0.5,0.5,-118.12,-29.689,0,-145.333,327.777,0,2.31481e+12,3,0.2,5.77138e+16,planet1,1,1
1548,0.5,0.5,0.5,278.095,-70.7392,0,605.639,-752.859,0,2.31481e+12,3,0.2,0,planet1,1,1
1549,0.5,0.5,0.5,-74.1582,119.768,0,252.892,932.581,0,2.31481e+12,3,0.2,1.71493e+17,planet1,1,1
1552,0.5,0.5,0.5,-123.801,-255.765,0,-774.703,-365.152,0,2.31481e+12,3,0.2,0,planet1,1,1
1553,0.5,0.5,0.5,323.888,-96.1688,0,664.902,-912.376,0,2.31481e+12,3,0.2,0,planet1,1,1
1556,0.5,0.5,0.5,135.571,328.224,0,1092.63,529.726,0,2.31481e+12,3,0.2,0,planet1,1,1
1557,0.5,0.5,0.5,111.218,147.785,0,652.904,136.072,0,2.31481e+12,3,0.2,0,planet1,1,1
1558,0.5,0.5,0.5,157.244,216.644,0,911.097,209.355,0,2.31481e+12,3,0.2,0,planet1,1,1
1564,0.5,0.5,0.5,311.599,174.621,0,1203.4,-218.972,0,2.31481e+12,3,0.2,0,planet1,1,1
1566,0.5,0.5,0.5,-280.674,-378.484,0,-595.772,-956.464,0,2.31481e+12,3,0.2,7.84733e+17,planet1,1,1
1568,0.5,0.5,0.5,-109.442,-4.12256,0,-49.6698,327.754,0,2.31481e+12,3,0.2,3.08457e+17,planet1,1,1
1569,0.5,0.5,0.5,-88.062,-205.444,0,-580.631,-316.35,0,2.31481e+12,3,0.2,0,planet1,1,1
1573,0.5,0.5,0.5,103.034,-322.556,0,-355.162,-1006.39,0,2.31481e+12,3,0.2,0,planet1,1,1
1575,0.5,0.5,0.5,47.3488,314.93,0,847.757,682.389,0,2.31481e+12,3,0.2,0,planet1,1,1
1578,0.5,0.5,0.5,-70.7358,159.928,0,264.266,1008.38,0,2.31481e+12,3,0.2,6.1582e+17,planet1,1,1
1579,0.5,0.5,0.5,71.9764,-29.3407,0,184.176,-217.504,0,2.31481e+12,3,0.2,0,planet1,1,1
1582,0.5,0.5,0.5,251.69,251.585,0,1217.27,96.6728,0,2.31481e+12,3,0.2,0,planet1,1,1
1583,0.5,0.5,0.5,-70.6895,11.6702,0,-83.0181,182.848,0,2.31481e+12,3,0.2,0,planet1,1,1
1585,0.5,0.5,0.5,-48.251,-150.172,0,-366.649,-263.432,0,2.31481e+12,3,0.2,0,planet1,1,1
1586,0.5,0.5,0.5,-204.367,-192.735,0,-95.0627,92.2722,0,2.31481e+12,3,0.2,6.91688e+17,planet1,1,1
1588,0.5,0.5,0.5,13.2356,-429.429,0,-801.564,-1080.27,0,2.31481e+12,3,0.2,0,planet1,1,1
1591,0.5,0.5,0.5,346.21,-15.7684,0,888.953,-761.053,0,2.31481e+12,3,0.2,0,planet1,1,1
1595,0.5,0.5,0.5,-215.778,-314.442,0,49.7796,-469.436,0,2.31481e+12,3,0.2,1.08684e+18,planet1,1,1
1596,0.5,0.5,0.5,-74.4318,-232.993,0,-604.926,-412.52,0,2.31481e+12,3,0.2,0,planet1,1,1
1600,0.5,0.5,0.5,16.4919,-441.461,0,-819.065,-1116.49,0,2.31481e+12,3,0.2,0,planet1,1,1
1601,0.5,0.5,0.5,-82.9247,-27.3451,0,-195,112.051,0,2.31481e+12,3,0.2,0,planet1,1,1
1603,0.5,0.5,0.5,106.192,334.199,0,1032.48,606.288,0,2.31481e+12,3,0.2,0,planet1,1,1
1608,0.5,0.5,0.5,226.833,263.537,0,1181.4,178.307,0,2.31481e+12,3,0.2,0,planet1,1,1
1611,0.5,0.5,0.5,1.71137,-215.849,0,-381.374,-530.027,0,2.31481e+12,3,0.2,0,planet1,1,1
1615,0.5,0.5,0.5,-24.2425,-335.136,0,-695.462,-769.789,0,2.31481e+12,3,0.2,0,planet1,1,1
1616,0.5,0.5,0.5,321.119,237.457,0,1359.3,-84.1215,0,2.31481e+12,3,0.2,0,planet1,1,1
1618,0.5,0.5,0.5,189.981,-211.591,0,92.4334,-915.145,0,2.31481e+12,3,0.2,0,planet1,1,1
1619,0.5,0.5,0.5,-160.555,-121.74,0,-133.226,235.979,0,2.31481e+12,3,0.2,3.43688e+17,planet1,1,1
1620,0.5,0.5,0.5,-132.051,-48.6919,0,-27.7731,295.921,0,2.31481e+12,3,0.2,1.11636e+17,planet1,1,1
1622,0.5,0.5,0.5,378.783,115.508,0,1244.9,-505.942,0,2.31481e+12,3,0.2,0,planet1,1,1
1624,0.5,0.5,0.5,311.696,29.5274,0,898.639,-576.448,0,2.31481e+12,3,0.2,0,planet1,1,1
1625,0.5,0.5,0.5,54.8005,-280.376,0,-385.885,-800.852,0,2.31481e+12,3,0.2,0,planet1,1,1
1631,0.5,0.5,0.5,-191.632,-156.83,0,-24.6649,265.519,0,2.31481e+12,3,0.2,8.50017e+17,planet1,1,1
1633,0.5,0.5,0.5,59.1492,-105.409,0,-7.77143,-378.647,0,2.31481e+12,3,0.2,0,planet1,1,1
1634,0.5,0.5,0.5,-52.936,-200.562,0,-483.9,-377.68,0,2.31481e+12,3,0.2,0,planet1,1,1
1638,0.5,0.5,0.5,-34.1249,-360.323,0,-772.741,-811.023,0,2.31481e+12,3,0.2,0,planet1,1,1
1639,0.5,0.5,0.5,-73.9198,-435.2,0,-1028.96,-911.324,0,2.31481e+12,3,0.2,0,planet1,1,1
1640,0.5,0.5,0.5,-0.0929921,-76.2744,0,-92.2087,-182.377,0,2.31481e+12,3,0.2,0,planet1,1,1
1641,0.5,0.5,0.5,313.65,-245.805,0,325.455,-1259.54,0,2.31481e+12,3,0.2,0,planet1,1,1
1642,0.5,0.5,0.5,-87.5654,-363.847,0,-911.941,-706.8,0,2.31481e+12,3,0.2,0,planet1,1,1
1645,0.5,0.5,0.5,-224.589,-186.021,0,34.2143,177.2,0,2.31481e+12,3,0.2,6.30279e+18,planet1,1,1
1646,0.5,0.5,0.5,300.229,218.639,0,1268.18,-86.8137,0,2.31481e+12,3,0.2,0,planet1,1,1
1650,0.5,0.5,0.5,-18.2066,-89.9991,0,-165.913,-178.069,0,2.31481e+12,3,0.2,0,planet1,1,1
1659,0.5,0.5,0.5,-161.3,326.785,0,-158.189,1013.56,0,2.31481e+12,3,0.2,5.14272e+16,planet1,1,1
1660,0.5,0.5,0.5,-199.569,-312.959,0,-146.529,-486.983,0,2.31481e+12,3,0.2,4.50116e+17,planet1,1,1
1663,0.5,0.5,0.5,-9.33878,152.682,0,363.162,411.279,0,2.31481e+12,3,0.2,1.40218e+14,planet1,1,1
1664,0.5,0.5,0.5,-141.111,-82.6819,0,-74.1982,79.1224,0,2.31481e+12,3,0.2,7.7449e+16,planet1,1,1
1665,0.5,0.5,0.5,233.54,-324.659,0,-38.3484,-1285.62,0,2.31481e+12,3,0.2,0,planet1,1,1
1666,0.5,0.5,0.5,-128.706,-142.332,0,-548.857,-74.898,0,2.31481e+12,3,0.2,0,planet1,1,1
1668,0.5,0.5,0.5,302.356,-50.0629,0,708.882,-752.736,0,2.31481e+12,3,0.2,0,planet1,1,1
1672,0.5,0.5,0.5,327.804,-128.44,0,606.813,-999.358,0,2.31481e+12,3,0.2,0,planet1,1,1
1674,0.5,0.5,0.5,-209.991,-229.868,0,-54.9736,-22.4762,0,2.31481e+12,3,0.2,7.95007e+17,planet1,1,1
1678,0.5,0.5,0.5,129.39,266.488,0,947.266,390.842,0,2.31481e+12,3,0.2,0,planet1,1,1
1679,0.5,0.5,0.5,-140.526,-293.699,0,-895.454,-423.339,0,2.31481e+12,3,0.2,0,planet1,1,1
1684,0.5,0.5,0.5,358.602,72.4524,0,1104.86,-569.069,0,2.31481e+12,3,0.2,0,planet1,1,1
1686,0.5,0.5,0.5,284.416,-217.067,0,313.609,-1126.87,0,2.31481e+12,3,0.2,0,planet1,1,1
1687,0.5,0.5,0.5,346.375,159.679,0,1257.74,-328.951,0,2.31481e+12,3,0.2,0,planet1,1,1
1689,0.5,0.5,0.5,95.7032,-96.7399,0,100.653,-433.962,0,2.31481e+12,3,0.2,0,planet1,1,1
1691,0.5,0.5,0.5,340.74,-222.159,0,441.328,-1257.99,0,2.31481e+12,3,0.2,0,planet1,1,1
1692,0.5,0.5,0.5,-152.961,-286.516,0,-910.91,-379.062,0,2.31481e+12,3,0.2,0,planet1,1,1
1695,0.5,0.5,0.5,178.859,273.493,0,1084.09,303.764,0,2.31481e+12,3,0.2,0,planet1,1,1
1704,0.5,0.5,0.5,-199.479,-306.442,0,-242.236,-462.209,0,2.31481e+12,3,0.2,2.73863e+17,planet1,1,1
1706,0.5,0.5,0.5,-64.4681,-149.048,0,-404.415,-226.386,0,2.31481e+12,3,0.2,0,planet1,1,1
1707,0.5,0.5,0.5,141.722,-368.455,0,-356.138,-1200.57,0,2.31481e+12,3,0.2,0,planet1,1,1
1709,0.5,0.5,0.5,241.958,-271.776,0,93.9844,-1172.98,0,2.31481e+12,3,0.2,0,planet1,1,1
1714,0.5,0.5,0.5,243.177,-220.246,0,205.187,-1048.02,0,2.31481e+12,3,0.2,0,planet1,1,1
1715,0.5,0.5,0.5,77.6351,-105.355,0,38.201,-416.894,0,2.31481e+12,3,0.2,0,planet1,1,1
1719,0.5,0.5,0.5,67.0355,266.457,0,803.346,532.707,0,2.31481e+12,3,0.2,6.6333e+14,planet1,1,1
1720,0.5,0.5,0.5,279.329,265.884,0,1315.79,73.8011,0,2.31481e+12,3,0.2,0,planet1,1,1
1721,0.5,0.5,0.5,220.967,-166.038,0,264.651,-868.319,0,2.31481e+12,3,0.2,0,planet1,1,1
1722,0.5,0.5,0.5,190.466,254.648,0,1073.02,233.516,0,2.31481e+12,3,0.2,0,planet1,1,1
1723,0.5,0.5,0.5,-218.154,-298.34,0,-62.4805,-406.302,0,2.31481e+12,3,0.2,2.23238e+18,planet1,1,1
1728,0.5,0.5,0.5,-166.693,-131.797,0,-63.7521,231.535,0,2.31481e+12,3,0.2,3.1105e+17,planet1,1,1
1729,0.5,0.5,0.5,388.49,122.384,0,1283.11,-509.746,0,2.31481e+12,3,0.2,0,planet1,1,1
1731,0.5,0.5,0.5,-2.45306,175.836,0,431.812,443.973,0,2.31481e+12,3,0.2,0,planet1,1,1
1733,0.5,0.5,0.5,78.3374,125.191,0,524.453,149.372,0,2.31481e+12,3,0.2,0,planet1,1,1
1735,0.5,0.5,0.5,-58.4427,22.7822,0,69.2656,217.141,0,2.31481e+12,3,0.2,1.48645e+16,planet1,1,1
1740,0.5,0.5,0.5,217.15,-131.291,0,327.899,-774.632,0,2.31481e+12,3,0.2,0,planet1,1,1
1741,0.5,0.5,0.5,94.1639,238.776,0,802.076,396.11,0,2.31481e+12,3,0.2,0,planet1,1,1
1742,0.5,0.5,0.5,368.447,-15.6507,0,944.114,-807.385,0,2.31481e+12,3,0.2,0,planet1,1,1
1745,0.5,0.5,0.5,191.292,131.616,0,816.661,-71.8989,0,2.31481e+12,3,0.2,0,planet1,1,1
1746,0.5,0.5,0.5,-48.9184,274.059,0,317.22,994.532,0,2.31481e+12,3,0.2,1.67214e+17,planet1,1,1
1747,0.5,0.5,0.5,-190.506,-123.656,0,43.9188,380.781,0,2.31481e+12,3,0.2,1.33511e+18,planet1,1,1
1749,0.5,0.5,0.5,205.951,206.713,0,1010.68,82.3108,0,2.31481e+12,3,0.2,0,planet1,1,1
1750,0.5,0.5,0.5,-67.0512,-380.349,0,-896.5,-791.27,0,2.31481e+12,3,0.2,0,planet1,1,1
1751,0.5,0.5,0.5,38.1606,3.18042,0,168.47,-66.573,0,2.31481e+12,3,0.2,0,planet1,1,1
1752,0.5,0.5,0.5,121.824,235.221,0,863.316,329.13,0,2.31481e+12,3,0.2,0,planet1,1,1
1757,0.5,0.5,0.5,-55.7549,-324.692,0,-751.204,-677.865,0,2.31481e+12,3,0.2,0,planet1,1,1
1758,0.5,0.5,0.5,-162.822,-380.472,0,-1132.71,-590.187,0,2.31481e+12,3,0.2,0,planet1,1,1
1766,0.5,0.5,0.5,-170.124,7.25327,0,238.452,798.373,0,2.31481e+12,3,0.2,1.62576e+18,planet1,1,1
1767,0.5,0.5,0.5,203.665,-232.469,0,82.5264,-995.349,0,2.31481e+12,3,0.2,0,planet1,1,1
1770,0.5,0.5,0.5,343.374,-248.138,0,392.584,-1327.67,0,2.31481e+12,3,0.2,0,planet1,1,1
1773,0.5,0.5,0.5,197.96,-181.545,0,175.407,-857.979,0,2.31481e+12,3,0.2,0,planet1,1,1
1777,0.5,0.5,0.5,20.1242,-280.889,0,-471.982,-729.326,0,2.31481e+12,3,0.2,0,planet1,1,1
1784,0.5,0.5,0.5,-279.353,279.855,0,-327.656,760.143,0,2.31481e+12,3,0.2,4.9283e+17,planet1,1,1
1786,0.5,0.5,0.5,-174.551,-93.2164,0,-30.8651,382.715,0,2.31481e+12,3,0.2,5.84729e+17,planet1,1,1
1788,0.5,0.5,0.5,-177.258,-117.169,0,24.9698,401.412,0,2.31481e+12,3,0.2,6.15664e+17,planet1,1,1
1796,0.5,0.5,0.5,176.251,339.35,0,1216.2,471.278,0,2.31481e+12,3,0.2,0,planet1,1,1
1798,0.5,0.5,0.5,-177.611,-234.23,0,-121.911,-144.03,0,2.31481e+12,3,0.2,2.6512e+17,planet1,1,1
1799,0.5,0.5,0.5,-25.4208,-54.3227,0,-109.255,-75.616,0,2.31481e+12,3,0.2,0,planet1,1,1
1800,0.5,0.5,0.5,214.651,-316.416,0,-67.1322,-1225.38,0,2.31481e+12,3,0.2,0,planet1,1,1
1803,0.5,0.5,0.5,210.295,-82.6323,0,413.697,-640.039,0,2.31481e+12,3,0.2,0,planet1,1,1
1804,0.5,0.5,0.5,15.3236,13.4719,0,134.281,6.29262,0,2.31481e+12,3,0.2,0,planet1,1,1
1805,0.5,0.5,0.5,169.828,144.92,0,791.483,6.30192,0,2.31481e+12,3,0.2,0,planet1,1,1
1806,0.5,0.5,0.5,-357.808,337.503,0,-676.907,723.66,0,2.31481e+12,3,0.2,5.38339e+17,planet1,1,1
1807,0.5,0.5,0.5,27.7389,-443.586,0,-796.252,-1145.49,0,2.31481e+12,3,0.2,0,planet1,1,1
1812,0.5,0.5,0.5,-169.362,-153.178,0,-159.638,92.871,0,2.31481e+12,3,0.2,3.09294e+17,planet1,1,1
1813,0.5,0.5,0.5,49.8657,59.3467,0,315.716,46.9103,0,2.31481e+12,3,0.2,0,planet1,1,1
1815,0.5,0.5,0.5,356.925,-154.934,0,622.698,-1126.2,0,2.31481e+12,3,0.2,0,planet1,1,1
1817,0.5,0.5,0.5,247.069,-357.677,0,-74.7901,-1395.29,0,2.31481e+12,3,0.2,0,planet1,1,1
1820,0.5,0.5,0.5,201.805,132.855,0,845.298,-90.8089,0,2.31481e+12,3,0.2,0,planet1,1,1
1824,0.5,0.5,0.5,-190.409,-282.949,0,-291.303,-241.387,0,2.31481e+12,3,0.2,2.02782e+17,planet1,1,1
1833,0.5,0.5,0.5,312.006,-44.0759,0,745.458,-758.406,0,2.31481e+12,3,0.2,0,planet1,1,1
1840,0.5,0.5,0.5,339.414,13.2134,0,932.734,-674.569,0,2.31481e+12,3,0.2,0,planet1,1,1
1841,0.5,0.5,0.5,-137.284,-404.121,0,-1119.16,-701.593,0,2.31481e+12,3,0.2,0,planet1,1,1
1845,0.5,0.5,0.5,30.8747,-50.5383,0,37.8455,-184.116,0,2.31481e+12,3,0.2,0,planet1,1,1
1852,0.5,0.5,0.5,219.933,9.21403,0,629.925,-433.675,0,2.31481e+12,3,0.2,0,planet1,1,1
1854,0.5,0.5,0.5,262.328,-63.8181,0,580.954,-702.88,0,2.31481e+12,3,0.2,0,planet1,1,1
1861,0.5,0.5,0.5,-215.164,-308.348,0,-83.1104,-325.712,0,2.31481e+12,3,0.2,1.01061e+18,planet1,1,1
1863,0.5,0.5,0.5,-212.226,-159.875,0,38.7934,209.844,0,2.31481e+12,3,0.2,1.64213e+18,planet1,1,1
1865,0.5,0.5,0.5,122.541,146.678,0,678.548,109.413,0,2.31481e+12,3,0.2,0,planet1,1,1
1866,0.5,0.5,0.5,118.625,32.2035,0,428.448,-163.835,0,2.31481e+12,3,0.2,0,planet1,1,1
1869,0.5,0.5,0.5,165.534,16.4537,0,511.116,-301.351,0,2.31481e+12,3,0.2,0,planet1,1,1
1870,0.5,0.5,0.5,354.994,-213.64,0,494.535,-1267.18,0,2.31481e+12,3,0.2,0,planet1,1,1
1875,0.5,0.5,0.5,-160.158,-203.779,0,-334.417,51.7417,0,2.31481e+12,3,0.2,1.11051e+17,planet1,1,1
1876,0.5,0.5,0.5,184.988,295.966,0,1146.1,346.446,0,2.31481e+12,3,0.2,0,planet1,1,1
1886,0.5,0.5,0.5,-209.275,-219.108,0,-32.8578,-41.6413,0,2.31481e+12,3,0.2,9.06672e+17,planet1,1,1
1890,0.5,0.5,0.5,-160.289,-170.248,0,-318.562,-52.7496,0,2.31481e+12,3,0.2,3.40881e+16,planet1,1,1
1895,0.5,0.5,0.5,68.1144,-251.072,0,-291.115,-756.674,0,2.31481e+12,3,0.2,0,planet1,1,1
1897,0.5,0.5,0.5,83.0662,-25.4144,0,219.717,-231.773,0,2.31481e+12,3,0.2,0,planet1,1,1
1900,0.5,0.5,0.5,90.5944,76.4044,0,452.066,3.38222,0,2.31481e+12,3,0.2,0,planet1,1,1
1901,0.5,0.5,0.5,-185.331,-6.34123,0,269.897,648.685,0,2.31481e+12,3,0.2,1.22865e+18,planet1,1,1
1905,0.5,0.5,0.5,370.59,172.437,0,1344.04,-348.824,0,2.31481e+12,3,0.2,0,planet1,1,1
1907,0.5,0.5,0.5,182.837,-67.4926,0,377.215,-544.746,0,2.31481e+12,3,0.2,0,planet1,1,1
1912,0.5,0.5,0.5,-171.425,-82.8572,0,87.1142,432.888,0,2.31481e+12,3,0.2,5.74462e+17,planet1,1,1
1916,0.5,0.5,0.5,203.502,-287.443,0,-33.8496,-1130.57,0,2.31481e+12,3,0.2,0,planet1,1,1
1917,0.5,0.5,0.5,-204.042,-230.773,0,-30.2031,-3.91725,0,2.31481e+12,3,0.2,4.77368e+17,planet1,1,1
1918,0.5,0.5,0.5,-237.979,-335.422,0,-195.024,-488.145,0,2.31481e+12,3,0.2,1.94908e+18,planet1,1,1
1926,0.5,0.5,0.5,-221.262,-226.299,0,-11.5131,30.7212,0,2.31481e+12,3,0.2,1.77316e+18,planet1,1,1
1928,0.5,0.5,0.5,-91.6944,-49.4776,0,-262.823,75.8023,0,2.31481e+12,3,0.2,0,planet1,1,1
1930,0.5,0.5,0.5,-197.497,344.303,0,-274.478,1040.48,0,2.31481e+12,3,0.2,2.00513e+17,planet1,1,1
1938,0.5,0.5,0.5,193.486,-313.601,0,-113.136,-1174.09,0,2.31481e+12,3,0.2,0,planet1,1,1
1944,0.5,0.5,0.5,-68.0169,-201.34,0,-522.9,-347.656,0,2.31481e+12,3,0.2,0,planet1,1,1
1948,0.5,0.5,0.5,-42.626,-9.62136,0,-57.9487,71.0412,0,2.31481e+12,3,0.2,0,planet1,1,1
1954,0.5,0.5,0.5,-94.3997,-337.439,0,-873.52,-627.859,0,2.31481e+12,3,0.2,0,planet1,1,1
1955,0.5,0.5,0.5,82.8269,-217.403,0,-184.208,-704.605,0,2.31481e+12,3,0.2,0,planet1,1,1
1956,0.5,0.5,0.5,198.544,-276.12,0,-22.0803,-1092.51,0,2.31481e+12,3,0.2,0,planet1,1,1
1961,0.5,0.5,0.5,-76.3749,7.64048,0,-26.6621,211.831,0,2.31481e+12,3,0.2,2.71772e+15,planet1,1,1
1964,0.5,0.5,0.5,313.94,259.267,0,1386.93,-15.9841,0,2.31481e+12,3,0.2,0,planet1,1,1
1970,0.5,0.5,0.5,-143.376,-61.7554,0,-97.2968,364.431,0,2.31481e+12,3,0.2,1.06752e+17,planet1,1,1
1972,0.5,0.5,0.5,78.3583,-63.618,0,128.008,-316.269,0,2.31481e+12,3,0.2,0,planet1,1,1
1973,0.5,0.5,0.5,-254.105,214.715,0,-215.462,701.222,0,2.31481e+12,3,0.2,1.41873e+17,planet1,1,1
1974,0.5,0.5,0.5,21.2223,-87.6494,0,-63.6687,-255.221,0,2.31481e+12,3,0.2,0,planet1,1,1
1979,0.5,0.5,0.5,247.681,61.9696,0,809.158,-361.603,0,2.31481e+12,3,0.2,0,planet1,1,1
1980,0.5,0.5,0.5,96.7235,-201.963,0,-117.262,-695.64,0,2.31481e+12,3,0.2,0,planet1,1,1
1983,0.5,0.5,0.5,144.227,321.519,0,1099.4,494.91,0,2.31481e+12,3,0.2,0,planet1,1,1
1987,0.5,0.5,0.5,382.732,63.2927,0,1144.93,-642.664,0,2.31481e+12,3,0.2,0,planet1,1,1
1989,0.5,0.5,0.5,-90.8561,167.775,0,221.49,950.86,0,2.31481e+12,3,0.2,1.98595e+17,planet1,1,1
1993,0.5,0.5,0.5,185.564,341.16,0,1242.74,455.973,0,2.31481e+12,3,0.2,0,planet1,1,1
1994,0.5,0.5,0.5,220.975,-49.5172,0,509.227,-580.69,0,2.31481e+12,3,0.2,0,planet1,1,1
1995,0.5,0.5,0.5,68.0707,71.7771,0,386.958,39.2964,0,2.31481e+12,3,0.2,0,planet1,1,1
1998,0.5,0.5,0.5,-161.963,-212.68,0,-287.836,-409.705,0,2.31481e+12,3,0.2,7.35838e+16,planet1,1,1
2001,0.5,0.5,0.5,201.922,66.3457,0,705.366,-254.979,0,2.31481e+12,3,0.2,0,planet1,1,1
2004,0.5,0.5,0.5,-30.5494,-186.232,0,-398.523,-389.304,0,2.31481e+12,3,0.2,0,planet1,1,1
2005,0.5,0.5,0.5,-133.657,-300.223,0,-892.512,-453.929,0,2.31481e+12,3,0.2,0,planet1,1,1
2006,0.5,0.5,0.5,276.239,-10.8815,0,726.685,-601.981,0,2.31481e+12,3,0.2,0,planet1,1,1
2008,0.5,0.5,0.5,-191.119,-250.664,0,-132.114,-229.646,0,2.31481e+12,3,0.2,7.25732e+17,planet1,1,1
2015,0.5,0.5,0.5,209.276,87.5439,0,767.968,-218.069,0,2.31481e+12,3,0.2,0,planet1,1,1
2017,0.5,0.5,0.5,206.53,177.741,0,950.806,9.66648,0,2.31481e+12,3,0.2,0,planet1,1,1
2020,0.5,0.5,0.5,220.113,157.106,0,941.023,-69.4882,0,2.31481e+12,3,0.2,0,planet1,1,1
2027,0.5,0.5,0.5,-98.9316,-297.553,0,-800.867,-520.165,0,2.31481e+12,3,0.2,0,planet1,1,1
2033,0.5,0.5,0.5,-87.2449,-216.387,0,-601.691,-344.409,0,2.31481e+12,3,0.2,0,planet1,1,1
2037,0.5,0.5,0.5,329.038,-268.618,0,314.242,-1348.01,0,2.31481e+12,3,0.2,0,planet1,1,1
2043,0.5,0.5,0.5,-170.799,-204.429,0,-98.9839,-67.4363,0,2.31481e+12,3,0.2,4.09393e+17,planet1,1,1
2045,0.5,0.5,0.5,337.598,220.713,0,1364.43,-160.03,0,2.31481e+12,3,0.2,0,planet1,1,1
2046,0.5,0.5,0.5,-163.546,-87.9631,0,-1.1863,380.341,0,2.31481e+12,3,0.2,3.92748e+17,planet1,1,1
2054,0.5,0.5,0.5,-196.159,-210.295,0,-47.1206,-34.2647,0,2.31481e+12,3,0.2,5.81292e+17,planet1,1,1
2055,0.5,0.5,0.5,-140.904,-22.0267,0,13.0879,584.273,0,2.31481e+12,3,0.2,8.77351e+17,planet1,1,1
2056,0.5,0.5,0.5,18.5674,136.092,0,399.492,301.675,0,2.31481e+12,3,0.2,0,planet1,1,1
2059,0.5,0.5,0.5,-153.215,8.05032,0,188.754,862.9,0,2.31481e+12,3,0.2,1.46376e+18,planet1,1,1
2060,0.5,0.5,0.5,363.795,39.1639,0,1047.74,-662.251,0,2.31481e+12,3,0.2,0,planet1,1,1
2061,0.5,0.5,0.5,-207.797,-235.452,0,-22.7316,-10.567,0,2.31481e+12,3,0.2,1.2533e+18,planet1,1,1
2062,0.5,0.5,0.5,-83.709,-346.478,0,-865.73,-672.763,0,2.31481e+12,3,0.2,0,planet1,1,1
2064,0.5,0.5,0.5,307.126,-119.354,0,574.982,-933.947,0,2.31481e+12,3,0.2,0,planet1,1,1
2066,0.5,0.5,0.5,-127.691,6.16445,0,79.5752,579.613,0,2.31481e+12,3,0.2,1.97433e+18,planet1,1,1
2070,0.5,0.5,0.5,62.9857,-74.812,0,66.2062,-311.174,0,2.31481e+12,3,0.2,0,planet1,1,1
2075,0.5,0.5,0.5,-174.182,11.6733,0,211.371,774.086,0,2.31481e+12,3,0.2,1.07388e+18,planet1,1,1
2077,0.5,0.5,0.5,137.829,284.88,0,1006.66,417.822,0,2.31481e+12,3,0.2,0,planet1,1,1
2079,0.5,0.5,0.5,-257.429,-380.751,0,-597.345,-1291.89,0,2.31481e+12,3,0.2,3.28892e+18,planet1,1,1
2084,0.5,0.5,0.5,60.954,-348.245,0,-512.571,-980.848,0,2.31481e+12,3,0.2,0,planet1,1,1
2093,0.5,0.5,0.5,278.967,-201.928,0,332.305,-1078.13,0,2.31481e+12,3,0.2,0,planet1,1,1
2094,0.5,0.5,0.5,266.108,-287.671,0,120.04,-1263.02,0,2.31481e+12,3,0.2,0,planet1,1,1
2095,0.5,0.5,0.5,100.569,-373.289,0,-468.433,-1125.87,0,2.31481e+12,3,0.2,0,planet1,1,1
2098,0.5,0.5,0.5,111.642,115.244,0,585.525,55.1884,0,2.31481e+12,3,0.2,0,planet1,1,1
2099,0.5,0.5,0.5,-173.374,-148.716,0,-138.664,108.934,0,2.31481e+12,3,0.2,2.80396e+17,planet1,1,1
2105,0.5,0.5,0.5,-34.9126,73.2176,0,169.434,317.53,0,2.31481e+12,3,0.2,3.86616e+16,planet1,1,1
2109,0.5,0.5,0.5,-211.194,-138.586,0,90.6268,359.051,0,2.31481e+12,3,0.2,4.31875e+18,planet1,1,1
2110,0.5,0.5,0.5,142.397,-204.899,0,-11.1554,-798.697,0,2.31481e+12,3,0.2,0,planet1,1,1
2112,0.5,0.5,0.5,-125.248,-201.634,0,-664.841,-228.401,0,2.31481e+12,3,0.2,0,planet1,1,1
2115,0.5,0.5,0.5,236.745,32.2816,0,720.045,-412.665,0,2.31481e+12,3,0.2,0,planet1,1,1
2116,0.5,0.5,0.5,-192.034,-304.266,0,-256.191,-590.919,0,2.31481e+12,3,0.2,2.06725e+17,planet1,1,1
2119,0.5,0.5,0.5,42.7735,-272.045,0,-397.586,-754.999,0,2.31481e+12,3,0.2,0,planet1,1,1
2120,0.5,0.5,0.5,-340.28,196.292,0,-359.338,489.234,0,2.31481e+12,3,0.2,4.57229e+17,planet1,1,1
2123,0.5,0.5,0.5,260.622,217.506,0,1167.74,-5.65315,0,2.31481e+12,3,0.2,0,planet1,1,1
2124,0.5,0.5,0.5,-188.026,-218.486,0,-37.3598,18.8953,0,2.31481e+12,3,0.2,6.36717e+17,planet1,1,1
2126,0.5,0.5,0.5,-259.591,228.305,0,-212.265,633.335,0,2.31481e+12,3,0.2,3.6913e+17,planet1,1,1
2128,0.5,0.5,0.5,40.0284,-138.357,0,-124.074,-419.751,0,2.31481e+12,3,0.2,0,planet1,1,1
2130,0.5,0.5,0.5,341.624,72.1679,0,1062.05,-534.665,0,2.31481e+12,3,0.2,0,planet1,1,1
2134,0.5,0.5,0.5,186.19,-289.759,0,-81.655,-1099.74,0,2.31481e+12,3,0.2,0,planet1,1,1
2135,0.5,0.5,0.5,242.127,-66.8156,0,525.293,-667.648,0,2.31481e+12,3,0.2,0,planet1,1,1
2136,0.5,0.5,0.5,9.19716,47.2904,0,190.01,102.27,0,2.31481e+12,3,0.2,0,planet1,1,1
2137,0.5,0.5,0.5,298.956,271.845,0,1376.79,46.4027,0,2.31481e+12,3,0.2,0,planet1,1,1
2139,0.5,0.5,0.5,-144.125,14.2689,0,204.648,837.344,0,2.31481e+12,3,0.2,1.07218e+18,planet1,1,1
2143,0.5,0.5,0.5,-96.3808,-13.1064,0,-122.38,215.984,0,2.31481e+12,3,0.2,3.61723e+16,planet1,1,1
2144,0.5,0.5,0.5,-35.958,35.3969,0,52.6878,168.241,0,2.31481e+12,3,0.2,0,planet1,1,1
2148,0.5,0.5,0.5,-182.584,-369.908,0,-1158.93,-522.252,0,2.31481e+12,3,0.2,0,planet1,1,1
2149,0.5,0.5,0.5,-73.1978,76.8296,0,211.95,633.23,0,2.31481e+12,3,0.2,4.88642e+17,planet1,1,1
2153,0.5,0.5,0.5,-153.928,-106.348,0,-156.563,272.232,0,2.31481e+12,3,0.2,1.90884e+17,planet1,1,1
2155,0.5,0.5,0.5,39.6637,-122.996,0,-92.5954,-381.319,0,2.31481e+12,3,0.2,0,planet1,1,1
2159,0.5,0.5,0.5,299.339,170.47,0,1164.5,-203.078,0,2.31481e+12,3,0.2,0,planet1,1,1
2168,0.5,0.5,0.5,195.638,284.552,0,1149.02,296.111,0,2.31481e+12,3,0.2,0,planet1,1,1
2169,0.5,0.5,0.5,-133.124,-83.9033,0,-150.491,110.782,0,2.31481e+12,3,0.2,3.12408e+16,planet1,1,1
2171,0.5,0.5,0.5,226.621,210.779,0,1069.94,49.2917,0,2.31481e+12,3,0.2,0,planet1,1,1
2173,0.5,0.5,0.5,320.878,-274.767,0,281.97,-1346.02,0,2.31481e+12,3,0.2,0,planet1,1,1
2175,0.5,0.5,0.5,89.0482,-87.0364,0,104.695,-396.123,0,2.31481e+12,3,0.2,0,planet1,1,1
2178,0.5,0.5,0.5,170.433,177.143,0,860.446,84.0442,0,2.31481e+12,3,0.2,0,planet1,1,1
2179,0.5,0.5,0.5,103.549,-405.507,0,-528.324,-1211.66,0,2.31481e+12,3,0.2,0,planet1,1,1
2180,0.5,0.5,0.5,-128.556,-73.306,0,-146.207,95.9523,0,2.31481e+12,3,0.2,1.9076e+16,planet1,1,1
2182,0.5,0.5,0.5,118.769,-188.476,0,-34.3864,-708.631,0,2.31481e+12,3,0.2,0,planet1,1,1
2184,0.5,0.5,0.5,296.403,-180.536,0,419.897,-1062.01,0,2.31481e+12,3,0.2,0,planet1,1,1
2186,0.5,0.5,0.5,-198.401,-204.73,0,-21.1637,-23.6981,0,2.31481e+12,3,0.2,8.84431e+17,planet1,1,1
2189,0.5,0.5,0.5,-147.157,-83.2196,0,-109.355,224.383,0,2.31481e+12,3,0.2,2.25055e+17,planet1,1,1
2193,0.5,0.5,0.5,283.565,44.2438,0,861.002,-481.33,0,2.31481e+12,3,0.2,0,planet1,1,1
2197,0.5,0.5,0.5,-77.7692,-364.947,0,-890.423,-730.719,0,2.31481e+12,3,0.2,0,planet1,1,1
2199,0.5,0.5,0.5,-224.967,293.209,0,-323.709,920.957,0,2.31481e+12,3,0.2,2.93392e+17,planet1,1,1
2209,0.5,0.5,0.5,326.232,-238.348,0,371.734,-1267.21,0,2.31481e+12,3,0.2,0,planet1,1,1
2210,0.5,0.5,0.5,347.886,-170.602,0,567.757,-1146.19,0,2.31481e+12,3,0.2,0,planet1,1,1
2212,0.5,0.5,0.5,-203.314,-172.003,0,34.0068,305.832,0,2.31481e+12,3,0.2,9.69465e+17,planet1,1,1
2216,0.5,0.5,0.5,145.864,-325.493,0,-255.457,-1103.43,0,2.31481e+12,3,0.2,0,planet1,1,1
2222,0.5,0.5,0.5,-177.017,-111.003,0,-74.6783,340.902,0,2.31481e+12,3,0.2,4.96515e+17,planet1,1,1
2225,0.5,0.5,0.5,57.3073,183.086,0,594.569,336.276,0,2.31481e+12,3,0.2,0,planet1,1,1
2226,0.5,0.5,0.5,354.783,82.727,0,1116.82,-535.692,0,2.31481e+12,3,0.2,0,planet1,1,1
2227,0.5,0.5,0.5,5.42077,-47.4848,0,-18.418,-122.872,0,2.31481e+12,3,0.2,0,planet1,1,1
2228,0.5,0.5,0.5,-118.566,-49.5493,0,-265.19,176.024,0,2.31481e+12,3,0.2,5.77794e+15,planet1,1,1
2232,0.5,0.5,0.5,305.949,198.215,0,1239.53,-149.124,0,2.31481e+12,3,0.2,0,planet1,1,1
2233,0.5,0.5,0.5,89.6408,390.683,0,1110.9,779.834,0,2.31481e+12,3,0.2,0,planet1,1,1
2234,0.5,0.5,0.5,96.8383,-266.55,0,-253.081,-854.623,0,2.31481e+12,3,0.2,0,planet1,1,1
2243,0.5,0.5,0.5,321.909,-172.937,0,499.077,-1097.28,0,2.31481e+12,3,0.2,0,planet1,1,1
2246,0.5,0.5,0.5,215.22,-292.78,0,-16.1947,-1168.38,0,2.31481e+12,3,0.2,0,planet1,1,1
2250,0.5,0.5,0.5,-98.1919,-124.786,0,-436.582,-95.7522,0,2.31481e+12,3,0.2,0,planet1,1,1
2251,0.5,0.5,0.5,-186.473,-153.767,0,17.5181,208.057,0,2.31481e+12,3,0.2,7.15225e+17,planet1,1,1
2252,0.5,0.5,0.5,-137.477,-237.33,0,-769.522,-290.409,0,2.31481e+12,3,0.2,0,planet1,1,1
2256,0.5,0.5,0.5,-130.098,-329.629,0,-945.095,-533.569,0,2.31481e+12,3,0.2,0,planet1,1,1
2262,0.5,0.5,0.5,287.919,-3.32498,0,771.492,-607.21,0,2.31481e+12,3,0.2,0,planet1,1,1
2271,0.5,0.5,0.5,-10.0512,-429.101,0,-858.38,-1030.75,0,2.31481e+12,3,0.2,0,planet1,1,1
2272,0.5,0.5,0.5,48.6566,-29.3808,0,125.697,-169.265,0,2.31481e+12,3,0.2,0,planet1,1,1
2274,0.5,0.5,0.5,-169.013,-95.5909,0,-49.0472,326.859,0,2.31481e+12,3,0.2,3.13035e+17,planet1,1,1
2276,0.5,0.5,0.5,68.3638,112.845,0,473.548,140.132,0,2.31481e+12,3,0.2,0,planet1,1,1
2278,0.5,0.5,0.5,337.844,204.206,0,1330.82,-201.345,0,2.31481e+12,3,0.2,0,planet1,1,1
2282,0.5,0.5,0.5,183.313,70.4203,0,667.984,-205.639,0,2.31481e+12,3,0.2,0,planet1,1,1
2283,0.5,0.5,0.5,-47.2967,-111.869,0,-283.779,-171.496,0,2.31481e+12,3,0.2,0,planet1,1,1
2285,0.5,0.5,0.5,-285.157,206.183,0,-240.805,622.866,0,2.31481e+12,3,0.2,2.85737e+17,planet1,1,1
2290,0.5,0.5,0.5,190.238,320.29,0,1210.58,395.465,0,2.31481e+12,3,0.2,0,planet1,1,1
2294,0.5,0.5,0.5,-104.853,-9.13606,0,-54.5454,306.836,0,2.31481e+12,3,0.2,1.62146e+17,planet1,1,1
2295,0.5,0.5,0.5,104.243,348.121,0,1057.15,644.612,0,2.31481e+12,3,0.2,0,planet1,1,1
2296,0.5,0.5,0.5,28.1806,-245.008,0,-377.25,-657.917,0,2.31481e+12,3,0.2,0,planet1,1,1
2300,0.5,0.5,0.5,-189.507,-183.293,0,-107.383,88.0863,0,2.31481e+12,3,0.2,7.14711e+17,planet1,1,1
2303,0.5,0.5,0.5,70.5345,-289.939,0,-366.58,-857.62,0,2.31481e+12,3,0.2,0,planet1,1,1
2306,0.5,0.5,0.5,312.121,-76.1762,0,677.985,-838.07,0,2.31481e+12,3,0.2,0,planet1,1,1
2308,0.5,0.5,0.5,-18.4825,-41.0439,0,-64.3128,-57.1059,0,2.31481e+12,3,0.2,0,planet1,1,1
2311,0.5,0.5,0.5,-160.052,-69.5743,0,74.793,495.398,0,2.31481e+12,3,0.2,2.52938e+17,planet1,1,1
2312,0.5,0.5,0.5,73.3527,-224.466,0,-222.506,-702.108,0,2.31481e+12,3,0.2,0,planet1,1,1
2313,0.5,0.5,0.5,398.169,104.279,0,1268.6,-574.783,0,2.31481e+12,3,0.2,0,planet1,1,1
2315,0.5,0.5,0.5,-95.0832,-252.471,0,-696.355,-417.34,0,2.31481e+12,3,0.2,0,planet1,1,1
2319,0.5,0.5,0.5,-11.928,-9.07774,0,19.3168,7.76063,0,2.31481e+12,3,0.2,0,planet1,1,1
2320,0.5,0.5,0.5,-8.85867,57.1061,0,165.302,164.174,0,2.31481e+12,3,0.2,0,planet1,1,1
2328,0.5,0.5,0.5,64.4077,-272.287,0,-344.897,-801.17,0,2.31481e+12,3,0.2,0,planet1,1,1
2329,0.5,0.5,0.5,128.728,208.953,0,824.598,250.032,0,2.31481e+12,3,0.2,0,planet1,1,1
2330,0.5,0.5,0.5,-0.617822,156.812,0,396.135,392.594,0,2.31481e+12,3,0.2,0,planet1,1,1
2332,0.5,0.5,0.5,-209.076,-199.888,0,-0.658871,76.8865,0,2.31481e+12,3,0.2,1.06169e+18,planet1,1,1
2336,0.5,0.5,0.5,-97.342,66.4749,0,291.615,866.165,0,2.31481e+12,3,0.2,5.26376e+17,planet1,1,1
2338,0.5,0.5,0.5,-136.562,140.521,0,181.261,809.197,0,2.31481e+12,3,0.2,7.88231e+16,planet1,1,1
2339,0.5,0.5,0.5,-136.683,-52.5322,0,-56.4719,312.049,0,2.31481e+12,3,0.2,1.30883e+17,planet1,1,1
2341,0.5,0.5,0.5,341.035,-78.7886,0,743.62,-904.705,0,2.31481e+12,3,0.2,0,planet1,1,1
2344,0.5,0.5,0.5,-41.9702,60.5052,0,118.459,294.372,0,2.31481e+12,3,0.2,2.5933e+16,planet1,1,1
2345,0.5,0.5,0.5,346.812,-71.1345,0,774.274,-898.701,0,2.31481e+12,3,0.2,0,planet1,1,1
2353,0.5,0.5,0.5,78.8539,-344.971,0,-461.944,-1010.69,0,2.31481e+12,3,0.2,0,planet1,1,1
2355,0.5,0.5,0.5,-99.2846,0.971241,0,-54.9452,325.665,0,2.31481e+12,3,0.2,1.07211e+17,planet1,1,1
2359,0.5,0.5,0.5,276.546,288.914,0,1357.7,136.373,0,2.31481e+12,3,0.2,0,planet1,1,1
2361,0.5,0.5,0.5,81.4777,165.035,0,616.202,240.91,0,2.31481e+12,3,0.2,0,planet1,1,1
2362,0.5,0.5,0.5,-218.225,-279.161,0,-78.3613,-198.477,0,2.31481e+12,3,0.2,1.4264e+18,planet1,1,1
2365,0.5,0.5,0.5,-14.5108,-254.685,0,-502.215,-592.105,0,2.31481e+12,3,0.2,0,planet1,1,1
2373,0.5,0.5,0.5,197.476,-295.759,0,-66.3352,-1138.16,0,2.31481e+12,3,0.2,0,planet1,1,1
2375,0.5,0.5,0.5,-218.46,-187.806,0,87.7453,143.07,0,2.31481e+12,3,0.2,1.3452e+18,planet1,1,1
2376,0.5,0.5,0.5,-187.929,-227.78,0,-57.7443,-30.3143,0,2.31481e+12,3,0.2,4.5083e+17,planet1,1,1
2382,0.5,0.5,0.5,64.132,-119.163,0,-24.1346,-423.095,0,2.31481e+12,3,0.2,0,planet1,1,1
2383,0.5,0.5,0.5,-115.776,99.3313,0,236.107,891.926,0,2.31481e+12,3,0.2,2.87579e+17,planet1,1,1
2384,0.5,0.5,0.5,105.031,362.636,0,1089.3,678.431,0,2.31481e+12,3,0.2,0,planet1,1,1
2385,0.5,0.5,0.5,77.2552,-298.827,0,-369.018,-893.617,0,2.31481e+12,3,0.2,0,planet1,1,1
2388,0.5,0.5,0.5,299.183,16.0441,0,839.444,-583.668,0,2.31481e+12,3,0.2,0,planet1,1,1
2392,0.5,0.5,0.5,-67.7907,-53.163,0,-211.273,16.7696,0,2.31481e+12,3,0.2,0,planet1,1,1
2393,0.5,0.5,0.5,-137.347,-370.032,0,-1047.7,-617.922,0,2.31481e+12,3,0.2,0,planet1,1,1
2399,0.5,0.5,0.5,291.425,-69.3701,0,641.209,-778.003,0,2.31481e+12,3,0.2,0,planet1,1,1
2408,0.5,0.5,0.5,-181.108,-285.832,0,-979.242,-318.415,0,2.31481e+12,3,0.2,0,planet1,1,1
2410,0.5,0.5,0.5,-212.295,-224.293,0,-66.1964,-22.9219,0,2.31481e+12,3,0.2,1.11285e+18,planet1,1,1
2413,0.5,0.5,0.5,-6.5106,-109.162,0,-177.317,-249.918,0,2.31481e+12,3,0.2,0,planet1,1,1
2417,0.5,0.5,0.5,-20.2249,-222.186,0,-448.234,-499.552,0,2.31481e+12,3,0.2,0,planet1,1,1
2421,0.5,0.5,0.5,201.179,-123.64,0,304.916,-721.741,0,2.31481e+12,3,0.2,0,planet1,1,1
2422,0.5,0.5,0.5,360.362,-142.107,0,658.205,-1101.83,0,2.31481e+12,3,0.2,0,planet1,1,1
2431,0.5,0.5,0.5,316.266,-160.686,0,510.384,-1054.99,0,2.31481e+12,3,0.2,0,planet1,1,1
2432,0.5,0.5,0.5,62.4011,-333.181,0,-477.429,-946.808,0,2.31481e+12,3,0.2,0,planet1,1,1
2434,0.5,0.5,0.5,129.169,-210.645,0,-55.5546,-785.436,0,2.31481e+12,3,0.2,0,planet1,1,1
2435,0.5,0.5,0.5,362.87,-183.179,0,577.817,-1208.32,0,2.31481e+12,3,0.2,0,planet1,1,1
2438,0.5,0.5,0.5,-215.752,-256.943,0,-52.9486,-70.4544,0,2.31481e+12,3,0.2,2.35447e+18,planet1,1,1
2440,0.5,0.5,0.5,314.115,14.0534,0,872.594,-619.582,0,2.31481e+12,3,0.2,0,planet1,1,1
2450,0.5,0.5,0.5,-32.7903,-141.833,0,-310.763,-274.785,0,2.31481e+12,3,0.2,0,planet1,1,1
2451,0.5,0.5,0.5,-37.3536,123.992,0,231.88,486.734,0,2.31481e+12,3,0.2,1.7456e+16,planet1,1,1
2455,0.5,0.5,0.5,149.389,-276.291,0,-143.545,-989.11,0,2.31481e+12,3,0.2,0,planet1,1,1
2456,0.5,0.5,0.5,32.313,-131.861,0,-129.131,-387.32,0,2.31481e+12,3,0.2,0,planet1,1,1
2457,0.5,0.5,0.5,368.569,-59.5581,0,851.992,-916.05,0,2.31481e+12,3,0.2,0,planet1,1,1
2458,0.5,0.5,0.5,-145.407,53.9148,0,288.506,830.584,0,2.31481e+12,3,0.2,9.03685e+17,planet1,1,1
2468,0.5,0.5,0.5,332.125,188.53,0,1283.77,-227.673,0,2.31481e+12,3,0.2,0,planet1,1,1
2472,0.5,0.5,0.5,-101.733,-315.302,0,-844.875,-558.069,0,2.31481e+12,3,0.2,0,planet1,1,1
2473,0.5,0.5,0.5,141.524,-70.6553,0,269.138,-466.186,0,2.31481e+12,3,0.2,0,planet1,1,1
2476,0.5,0.5,0.5,396.704,-16.9843,0,1010.61,-869.863,0,2.31481e+12,3,0.2,0,planet1,1,1
2479,0.5,0.5,0.5,-124.144,41.3516,0,320.305,834.408,0,2.31481e+12,3,0.2,1.06738e+18,planet1,1,1
2481,0.5,0.5,0.5,-225.678,-357.564,0,-689.88,-925.938,0,2.31481e+12,3,0.2,4.76036e+17,planet1,1,1
2483,0.5,0.5,0.5,-157.736,-184.318,0,-709.079,-117.611,0,2.31481e+12,3,0.2,0,planet1,1,1
2488,0.5,0.5,0.5,231.436,-68.5942,0,495.359,-649.523,0,2.31481e+12,3,0.2,0,planet1,1,1
2497,0.5,0.5,0.5,92.2791,57.5703,0,416.598,-46.4607,0,2.31481e+12,3,0.2,0,planet1,1,1
2499,0.5,0.5,0.5,337.113,-160.96,0,561.026,-1099.65,0,2.31481e+12,3,0.2,0,planet1,1,1
2502,0.5,0.5,0.5,232.399,122.175,0,897.695,-181.694,0,2.31481e+12,3,0.2,0,planet1,1,1
2510,0.5,0.5,0.5,325.209,33.2624,0,940.234,-595.639,0,2.31481e+12,3,0.2,0,planet1,1,1
2513,0.5,0.5,0.5,339.661,-100.775,0,694.386,-956.712,0,2.31481e+12,3,0.2,0,planet1,1,1
2514,0.5,0.5,0.5,66.0632,18.2142,0,269.415,-88.6868,0,2.31481e+12,3,0.2,0,planet1,1,1
2517,0.5,0.5,0.5,-54.834,-229.482,0,-549.511,-445.439,0,2.31481e+12,3,0.2,0,planet1,1,1
2518,0.5,0.5,0.5,-42.5205,-410.504,0,-899.18,-916.652,0,2.31481e+12,3,0.2,0,planet1,1,1
2524,0.5,0.5,0.5,76.8841,-267.052,0,-303.093,-814.583,0,2.31481e+12,3,0.2,0,planet1,1,1
2526,0.5,0.5,0.5,-13.4439,-72.5263,0,-117.731,-145.312,0,2.31481e+12,3,0.2,0,planet1,1,1
2528,0.5,0.5,0.5,247.648,128.867,0,949.513,-197.012,0,2.31481e+12,3,0.2,0,planet1,1,1
2530,0.5,0.5,0.5,-110.529,-134.339,0,-487.399,-93.7007,0,2.31481e+12,3,0.2,0,planet1,1,1
2536,0.5,0.5,0.5,-27.4932,-202.057,0,-424.088,-435.008,0,2.31481e+12,3,0.2,0,planet1,1,1
2539,0.5,0.5,0.5,73.1296,308.788,0,897.566,613.183,0,2.31481e+12,3,0.2,0,planet1,1,1
2544,0.5,0.5,0.5,110.626,-49.6337,0,236.896,-349.175,0,2.31481e+12,3,0.2,0,planet1,1,1
2548,0.5,0.5,0.5,-165.883,-70.9854,0,80.5783,477.649,0,2.31481e+12,3,0.2,6.44434e+17,planet1,1,1
2550,0.5,0.5,0.5,266.077,-11.7215,0,699.996,-582.639,0,2.31481e+12,3,0.2,0,planet1,1,1
2551,0.5,0.5,0.5,349.191,-124.901,0,666.799,-1036.18,0,2.31481e+12,3,0.2,0,planet1,1,1
2560,0.5,0.5,0.5,-145.343,-360.539,0,-1047.69,-578.028,0,2.31481e+12,3,0.2,0,planet1,1,1
2561,0.5,0.5,0.5,268.202,163.117,0,1072.15,-155.953,0,2.31481e+12,3,0.2,0,planet1,1,1
2562,0.5,0.5,0.5,127.675,-126.773,0,116.496,-575.15,0,2.31481e+12,3,0.2,0,planet1,1,1
2567,0.5,0.5,0.5,55.2831,-183.954,0,-181.563,-564.443,0,2.31481e+12,3,0.2,0,planet1,1,1
2568,0.5,0.5,0.5,-134.114,-176.061,0,-633.185,-146.855,0,2.31481e+12,3,0.2,0,planet1,1,1
2574,0.5,0.5,0.5,-204.613,-136.631,0,112.428,271.651,0,2.31481e+12,3,0.2,3.01981e+18,planet1,1,1
2577,0.5,0.5,0.5,265.445,-192.457,0,318.629,-1026.46,0,2.31481e+12,3,0.2,0,planet1,1,1
2583,0.5,0.5,0.5,121.026,-417.677,0,-511.874,-1278.33,0,2.31481e+12,3,0.2,0,planet1,1,1
2586,0.5,0.5,0.5,133.154,-264.916,0,-159.956,-927.502,0,2.31481e+12,3,0.2,0,planet1,1,1
2589,0.5,0.5,0.5,210.491,-206.563,0,153.245,-945.848,0,2.31481e+12,3,0.2,0,planet1,1,1
2593,0.5,0.5,0.5,-66.9576,-36.552,0,-174.728,55.8487,0,2.31481e+12,3,0.2,0,planet1,1,1
2594,0.5,0.5,0.5,-117.541,-185.542,0,-611.879,-204.794,0,2.31481e+12,3,0.2,0,planet1,1,1
2595,0.5,0.5,0.5,220.797,303.846,0,1250.94,290.471,0,2.31481e+12,3,0.2,0,planet1,1,1
2601,0.5,0.5,0.5,149.212,-226.907,0,-40.2797,-867.223,0,2.31481e+12,3,0.2,0,planet1,1,1
2602,0.5,0.5,0.5,342.44,-111.103,0,679.202,-987.751,0,2.31481e+12,3,0.2,0,planet1,1,1
2605,0.5,0.5,0.5,-171.158,-54.2887,0,98.2961,623.483,0,2.31481e+12,3,0.2,1.31398e+18,planet1,1,1
2606,0.5,0.5,0.5,19.4357,-33.7501,0,45.3808,-119.017,0,2.31481e+12,3,0.2,0,planet1,1,1
2610,0.5,0.5,0.5,304.09,67.8579,0,960.63,-465.688,0,2.31481e+12,3,0.2,0,planet1,1,1
2615,0.5,0.5,0.5,-46.3961,-136.851,0,-334.342,-234.24,0,2.31481e+12,3,0.2,0,planet1,1,1
2616,0.5,0.5,0.5,-89.9792,-192.101,0,-557.745,-279.294,0,2.31481e+12,3,0.2,0,planet1,1,1
2624,0.5,0.5,0.5,-61.9262,56.0499,0,125.982,374.611,0,2.31481e+12,3,0.2,6.5286e+16,planet1,1,1
2633,0.5,0.5,0.5,93.4537,95.3352,0,498.904,44.2809,0,2.31481e+12,3,0.2,0,planet1,1,1
2636,0.5,0.5,0.5,275.064,221.89,0,1212.61,-25.7037,0,2.31481e+12,3,0.2,0,planet1,1,1
2639,0.5,0.5,0.5,14.2241,115.069,0,345.077,258.896,0,2.31481e+12,3,0.2,0,planet1,1,1
2640,0.5,0.5,0.5,-76.4619,-61.5005,0,-250.562,14.5648,0,2.31481e+12,3,0.2,0,planet1,1,1
2646,0.5,0.5,0.5,-193.578,-178.463,0,-74.0778,67.3964,0,2.31481e+12,3,0.2,8.14076e+17,planet1,1,1
2649,0.5,0.5,0.5,21.7522,179.673,0,499.304,402.694,0,2.31481e+12,3,0.2,0,planet1,1,1
2650,0.5,0.5,0.5,102.637,-3.79804,0,313.357,-219.73,0,2.31481e+12,3,0.2,0,planet1,1,1
2651,0.5,0.5,0.5,-117.387,-227.589,0,-699.894,-308.565,0,2.31481e+12,3,0.2,0,planet1,1,1
2656,0.5,0.5,0.5,33.5813,-192.46,0,-253.365,-539.673,0,2.31481e+12,3,0.2,0,planet1,1,1
2664,0.5,0.5,0.5,133.008,-234.975,0,-97.5157,-853.266,0,2.31481e+12,3,0.2,0,planet1,1,1
2666,0.5,0.5,0.5,-171.84,-228.693,0,-125.203,-495.091,0,2.31481e+12,3,0.2,1.06375e+17,planet1,1,1
2669,0.5,0.5,0.5,100.644,132.922,0,595.961,121.622,0,2.31481e+12,3,0.2,0,planet1,1,1
2671,0.5,0.5,0.5,161.897,-54.7989,0,352.119,-469.422,0,2.31481e+12,3,0.2,0,planet1,1,1
2674,0.5,0.5,0.5,-34.9352,-56.8509,0,-137.863,-61.3667,0,2.31481e+12,3,0.2,0,planet1,1,1
2675,0.5,0.5,0.5,-108.169,-175.495,0,-567.442,-199.86,0,2.31481e+12,3,0.2,0,planet1,1,1
2678,0.5,0.5,0.5,21.6381,-314.979,0,-539.923,-816.385,0,2.31481e+12,3,0.2,0,planet1,1,1
2681,0.5,0.5,0.5,355.757,126.575,0,1211.23,-430.233,0,2.31481e+12,3,0.2,0,planet1,1,1
2686,0.5,0.5,0.5,-15.646,95.2707,0,229.13,272.212,0,2.31481e+12,3,0.2,0,planet1,1,1
2691,0.5,0.5,0.5,346.566,-191.559,0,520.165,-1195.23,0,2.31481e+12,3,0.2,0,planet1,1,1
2693,0.5,0.5,0.5,413.286,5.63147,0,1098.32,-849.512,0,2.31481e+12,3,0.2,0,planet1,1,1
2696,0.5,0.5,0.5,196.396,-336.249,0,-153.85,-1235.98,0,2.31481e+12,3,0.2,0,planet1,1,1
2699,0.5,0.5,0.5,-152.179,28.0306,0,201.82,931.806,0,2.31481e+12,3,0.2,1.8812e+18,planet1,1,1
2700,0.5,0.5,0.5,-196.851,-271.473,0,-64.0747,-348.008,0,2.31481e+12,3,0.2,5.9353e+17,planet1,1,1
2712,0.5,0.5,0.5,314.005,121.951,0,1099.04,-353.229,0,2.31481e+12,3,0.2,0,planet1,1,1
2714,0.5,0.5,0.5,-211.134,-188.046,0,-21.7037,69.9967,0,2.31481e+12,3,0.2,1.55652e+18,planet1,1,1
2722,0.5,0.5,0.5,-110.432,-399.309,0,-1043.05,-746.343,0,2.31481e+12,3,0.2,0,planet1,1,1
2725,0.5,0.5,0.5,-9.61593,-143.899,0,-257.715,-328.983,0,2.31481e+12,3,0.2,0,planet1,1,1
2734,0.5,0.5,0.5,137.495,-105.431,0,185.84,-543.064,0,2.31481e+12,3,0.2,0,planet1,1,1
2740,0.5,0.5,0.5,-147.38,5.89389,0,207.322,819.301,0,2.31481e+12,3,0.2,3.94784e+17,planet1,1,1
2741,0.5,0.5,0.5,-154.566,-144.265,0,-114.591,-6.61542,0,2.31481e+12,3,0.2,1.7961e+17,planet1,1,1
2744,0.5,0.5,0.5,12.0231,-351.962,0,-641.734,-887.51,0,2.31481e+12,3,0.2,0,planet1,1,1
2746,0.5,0.5,0.5,353.101,-96.7178,0,736.092,-974.851,0,2.31481e+12,3,0.2,0,planet1,1,1
2747,0.5,0.5,0.5,-43.7534,75.096,0,147.133,348.045,0,2.31481e+12,3,0.2,8.4732e+16,planet1,1,1
2748,0.5,0.5,0.5,281.758,-140.373,0,467.996,-932.084,0,2.31481e+12,3,0.2,0,planet1,1,1
2751,0.5,0.5,0.5,186.955,-332.395,0,-168.91,-1206.76,0,2.31481e+12,3,0.2,0,planet1,1,1
2752,0.5,0.5,0.5,-154.196,-137.386,0,-132.757,122.859,0,2.31481e+12,3,0.2,1.06081e+17,planet1,1,1
2758,0.5,0.5,0.5,328.908,-86.1899,0,698.168,-898.155,0,2.31481e+12,3,0.2,0,planet1,1,1
2760,0.5,0.5,0.5,77.2851,211.021,0,702.209,363.33,0,2.31481e+12,3,0.2,0,planet1,1,1
2763,0.5,0.5,0.5,-179.639,-191.637,0,-147.66,34.6512,0,2.31481e+12,3,0.2,3.97481e+17,planet1,1,1
2765,0.5,0.5,0.5,285.657,140.32,0,1067.5,-248.246,0,2.31481e+12,3,0.2,0,planet1,1,1
2766,0.5,0.5,0.5,0.202542,-285.915,0,-531.491,-700.138,0,2.31481e+12,3,0.2,0,planet1,1,1
2767,0.5,0.5,0.5,75.1473,-160.382,0,-83.2416,-547.85,0,2.31481e+12,3,0.2,0,planet1,1,1
2771,0.5,0.5,0.5,-76.469,-156.568,0,-449.715,-220.165,0,2.31481e+12,3,0.2,0,planet1,1,1
2775,0.5,0.5,0.5,196.518,221.178,0,1017.52,137.85,0,2.31481e+12,3,0.2,0,planet1,1,1
2779,0.5,0.5,0.5,44.8964,143.277,0,480.055,263.931,0,2.31481e+12,3,0.2,0,planet1,1,1
2781,0.5,0.5,0.5,234.137,-103.799,0,427.684,-742.225,0,2.31481e+12,3,0.2,0,planet1,1,1
2790,0.5,0.5,0.5,197.729,-219.321,0,94.8209,-950.463,0,2.31481e+12,3,0.2,0,planet1,1,1
2791,0.5,0.5,0.5,-169.871,-286.835,0,-953.743,-344.624,0,2.31481e+12,3,0.2,0,planet1,1,1
2792,0.5,0.5,0.5,280.968,205.946,0,1193.76,-77.3752,0,2.31481e+12,3,0.2,0,planet1,1,1
2801,0.5,0.5,0.5,105.38,311.526,0,982.506,552.489,0,2.31481e+12,3,0.2,0,planet1,1,1
2804,0.5,0.5,0.5,-211.214,-250.307,0,-66.7685,-89.4796,0,2.31481e+12,3,0.2,1.04806e+18,planet1,1,1
2808,0.5,0.5,0.5,362.773,-78.3299,0,798.294,-949.443,0,2.31481e+12,3,0.2,0,planet1,1,1
2809,0.5,0.5,0.5,-188.446,74.2886,0,252.128,615.288,0,2.31481e+12,3,0.2,1.1918e+17,planet1,1,1
2811,0.5,0.5,0.5,333.223,22.9408,0,938.465,-637.845,0,2.31481e+12,3,0.2,0,planet1,1,1
2815,0.5,0.5,0.5,130.643,25.6988,0,444.782,-205.378,0,2.31481e+12,3,0.2,0,planet1,1,1
2818,0.5,0.5,0.5,365.45,-90.5656,0,779.051,-985.355,0,2.31481e+12,3,0.2,0,planet1,1,1
2820,0.5,0.5,0.5,125.658,250.551,0,905.062,359.383,0,2.31481e+12,3,0.2,0,planet1,1,1
2821,0.5,0.5,0.5,234.777,-54.6748,0,532.708,-622.139,0,2.31481e+12,3,0.2,0,planet1,1,1
2829,0.5,0.5,0.5,-87.7409,-116.381,0,-393.422,-97.1509,0,2.31481e+12,3,0.2,0,planet1,1,1
2835,0.5,0.5,0.5,-216.932,243.97,0,-159.182,891.953,0,2.31481e+12,3,0.2,1.01142e+17,planet1,1,1
2836,0.5,0.5,0.5,213.791,20.1384,0,638.043,-393.681,0,2.31481e+12,3,0.2,0,planet1,1,1
2837,0.5,0.5,0.5,-210.232,-311.766,0,-200.336,-464.19,0,2.31481e+12,3,0.2,1.39494e+18,planet1,1,1
2843,0.5,0.5,0.5,54.3834,-368.625,0,-572.118,-1017.1,0,2.31481e+12,3,0.2,0,planet1,1,1
2845,0.5,0.5,0.5,-19.026,-179.414,0,-355.649,-396.898,0,2.31481e+12,3,0.2,0,planet1,1,1
2846,0.5,0.5,0.5,270.498,-333.668,0,33.3196,-1385.29,0,2.31481e+12,3,0.2,0,planet1,1,1
2848,0.5,0.5,0.5,-138.024,-201.495,0,-695.955,-200.982,0,2.31481e+12,3,0.2,0,planet1,1,1
2854,0.5,0.5,0.5,102.085,108.606,0,547.727,59.0592,0,2.31481e+12,3,0.2,0,planet1,1,1
2855,0.5,0.5,0.5,162.313,-304.545,0,-171.071,-1086.3,0,2.31481e+12,3,0.2,0,planet1,1,1
2856,0.5,0.5,0.5,337.742,171.442,0,1260.78,-281.875,0,2.31481e+12,3,0.2,0,planet1,1,1
2865,0.5,0.5,0.5,387.651,80.3669,0,1192.83,-611.3,0,2.31481e+12,3,0.2,0,planet1,1,1
2868,0.5,0.5,0.5,-146.898,-22.2856,0,12.4391,596.754,0,2.31481e+12,3,0.2,3.54607e+17,planet1,1,1
2870,0.5,0.5,0.5,20.7745,-193.046,0,-286.522,-514.106,0,2.31481e+12,3,0.2,0,planet1,1,1
2875,0.5,0.5,0.5,365.407,-171.028,0,610.258,-1184.24,0,2.31481e+12,3,0.2,0,planet1,1,1
2878,0.5,0.5,0.5,-234.891,175.358,0,-37.193,659.571,0,2.31481e+12,3,0.2,9.26781e+16,planet1,1,1
2879,0.5,0.5,0.5,37.5096,100.471,0,371.425,173.933,0,2.31481e+12,3,0.2,0,planet1,1,1
2881,0.5,0.5,0.5,155.588,-154.067,0,128.662,-701.667,0,2.31481e+12,3,0.2,0,planet1,1,1
2882,0.5,0.5,0.5,272.235,48.102,0,840.736,-447.814,0,2.31481e+12,3,0.2,0,planet1,1,1
2883,0.5,0.5,0.5,-184.265,210.451,0,-24.2352,854.94,0,2.31481e+12,3,0.2,1.17692e+16,planet1,1,1
2887,0.5,0.5,0.5,-225.297,-231.601,0,-23.2595,6.35282,0,2.31481e+12,3,0.2,2.45867e+18,planet1,1,1
2888,0.5,0.5,0.5,-126.078,-401.036,0,-1085.17,-718.015,0,2.31481e+12,3,0.2,0,planet1,1,1
2894,0.5,0.5,0.5,-214.671,-245.402,0,-34.7583,-63.9648,0,2.31481e+12,3,0.2,2.16656e+18,planet1,1,1
2898,0.5,0.5,0.5,-5.94141,-442.764,0,-877.026,-1072.67,0,2.31481e+12,3,0.2,0,planet1,1,1
2902,0.5,0.5,0.5,9.65487,-237.279,0,-406.323,-599.547,0,2.31481e+12,3,0.2,0,planet1,1,1
2905,0.5,0.5,0.5,-110.849,-245.153,0,-720.768,-365.901,0,2.31481e+12,3,0.2,0,planet1,1,1
2908,0.5,0.5,0.5,140.72,25.595,0,469.223,-227.285,0,2.31481e+12,3,0.2,0,planet1,1,1
2910,0.5,0.5,0.5,-151.631,-54.1996,0,27.0155,506.811,0,2.31481e+12,3,0.2,4.01702e+17,planet1,1,1
2923,0.5,0.5,0.5,-18.2164,-244.703,0,-490.374,-559.532,0,2.31481e+12,3,0.2,0,planet1,1,1
2928,0.5,0.5,0.5,365.31,27.9801,0,1027.65,-693.06,0,2.31481e+12,3,0.2,0,planet1,1,1
2936,0.5,0.5,0.5,97.684,36.8175,0,386.051,-108.71,0,2.31481e+12,3,0.2,0,planet1,1,1
2940,0.5,0.5,0.5,-220.027,-214.892,0,1.63676,28.8042,0,2.31481e+12,3,0.2,1.819e+18,planet1,1,1
2941,0.5,0.5,0.5,80.281,18.3296,0,304.262,-118.175,0,2.31481e+12,3,0.2,0,planet1,1,1
2945,0.5,0.5,0.5,-11.5966,-352.304,0,-700.323,-838.499,0,2.31481e+12,3,0.2,0,planet1,1,1
2947,0.5,0.5,0.5,55.0993,-381.036,0,-596.25,-1049.22,0,2.31481e+12,3,0.2,0,planet1,1,1
2949,0.5,0.5,0.5,-60.439,-129.153,0,-352.54,-186.02,0,2.31481e+12,3,0.2,0,planet1,1,1
2960,0.5,0.5,0.5,-16.0923,-156.338,0,-299.978,-346.444,0,2.31481e+12,3,0.2,0,planet1,1,1
2965,0.5,0.5,0.5,-196.937,-260.543,0,-132.371,-137.101,0,2.31481e+12,3,0.2,7.94826e+17,planet1,1,1
2966,0.5,0.5,0.5,172.098,-89.6462,0,304.53,-577.072,0,2.31481e+12,3,0.2,0,planet1,1,1
2967,0.5,0.5,0.5,224.09,-174.824,0,253.494,-896.303,0,2.31481e+12,3,0.2,0,planet1,1,1
2968,0.5,0.5,0.5,185.498,158.902,0,859.414,7.89468,0,2.31481e+12,3,0.2,0,planet1,1,1
2972,0.5,0.5,0.5,76.2952,-332.143,0,-441.173,-973.566,0,2.31481e+12,3,0.2,0,planet1,1,1
2979,0.5,0.5,0.5,53.2996,-257.602,0,-340.95,-741.543,0,2.31481e+12,3,0.2,0,planet1,1,1
2981,0.5,0.5,0.5,-10.8514,-100.266,0,-169.354,-219.221,0,2.31481e+12,3,0.2,0,planet1,1,1
2984,0.5,0.5,0.5,11.7473,-6.46224,0,83.1564,-35.2381,0,2.31481e+12,3,0.2,0,planet1,1,1
2990,0.5,0.5,0.5,171.318,-66.4716,0,351.282,-517.884,0,2.31481e+12,3,0.2,0,planet1,1,1
2992,0.5,0.5,0.5,232.031,-263.793,0,86.5621,-1132.37,0,2.31481e+12,3,0.2,0,planet1,1,1
2993,0.5,0.5,0.5,140.625,337.01,0,1123.47,540.498,0,2.31481e+12,3,0.2,0,planet1,1,1
3003,0.5,0.5,0.5,256.123,199.548,0,1119.35,-40.6464,0,2.31481e+12,3,0.2,0,planet1,1,1
3010,0.5,0.5,0.5,157.871,172.678,0,820.28,99.4198,0,2.31481e+12,3,0.2,0,planet1,1,1
3012,0.5,0.5,0.5,244.006,286.463,0,1271.97,198.889,0,2.31481e+12,3,0.2,0,planet1,1,1
3013,0.5,0.5,0.5,13.321,-94.9577,0,-98.5869,-256.345,0,2.31481e+12,3,0.2,0,planet1,1,1
3014,0.5,0.5,0.5,-154.021,-46.755,0,65.886,524.651,0,2.31481e+12,3,0.2,4.56981e+17,planet1,1,1
3018,0.5,0.5,0.5,-307.785,353.576,0,-512.814,941.375,0,2.31481e+12,3,0.2,8.1934e+17,planet1,1,1
3024,0.5,0.5,0.5,-223.256,-269.18,0,3.8075,-133.573,0,2.31481e+12,3,0.2,4.62768e+18,planet1,1,1
3027,0.5,0.5,0.5,325.986,-259.767,0,326.116,-1319.67,0,2.31481e+12,3,0.2,0,planet1,1,1
3028,0.5,0.5,0.5,188.82,269.143,0,1099.7,272.162,0,2.31481e+12,3,0.2,0,planet1,1,1
3035,0.5,0.5,0.5,-203.956,-177.995,0,-36.1508,320.032,0,2.31481e+12,3,0.2,1.04068e+18,planet1,1,1
3037,0.5,0.5,0.5,267.408,-86.1125,0,547.134,-768.728,0,2.31481e+12,3,0.2,0,planet1,1,1
3039,0.5,0.5,0.5,182.142,-263.687,0,-36.6201,-1027.36,0,2.31481e+12,3,0.2,0,planet1,1,1
3043,0.5,0.5,0.5,38.8269,-160.935,0,-174.074,-472.812,0,2.31481e+12,3,0.2,0,planet1,1,1
3045,0.5,0.5,0.5,44.7501,-152.684,0,-142.36,-465.224,0,2.31481e+12,3,0.2,0,planet1,1,1
3047,0.5,0.5,0.5,283.053,-168.164,0,412.85,-1003.94,0,2.31481e+12,3,0.2,0,planet1,1,1
3048,0.5,0.5,0.5,-181.547,-157.194,0,-44.2899,121.614,0,2.31481e+12,3,0.2,3.9512e+17,planet1,1,1
3057,0.5,0.5,0.5,-26.439,88.1446,0,200.955,282.577,0,2.31481e+12,3,0.2,2.13117e+14,planet1,1,1
3059,0.5,0.5,0.5,75.0518,291.92,0,866.634,567.083,0,2.31481e+12,3,0.2,0,planet1,1,1
3061,0.5,0.5,0.5,-208.637,-298.767,0,-83.2888,-319.473,0,2.31481e+12,3,0.2,2.1055e+18,planet1,1,1
3062,0.5,0.5,0.5,-213.495,-288.771,0,82.7679,-222.086,0,2.31481e+12,3,0.2,1.42854e+18,planet1,1,1
3064,0.5,0.5,0.5,197.632,-390.344,0,-265.385,-1371.69,0,2.31481e+12,3,0.2,0,planet1,1,1
3065,0.5,0.5,0.5,-174.3,-267.933,0,-924.919,-288.769,0,2.31481e+12,3,0.2,0,planet1,1,1
3067,0.5,0.5,0.5,-162.663,-188.432,0,-184.966,-200.371,0,2.31481e+12,3,0.2,1.19841e+17,planet1,1,1
3074,0.5,0.5,0.5,88.1903,267.268,0,847.392,479.588,0,2.31481e+12,3,0.2,0,planet1,1,1
3078,0.5,0.5,0.5,-198.091,-233.055,0,-36.6727,11.6893,0,2.31481e+12,3,0.2,7.88947e+17,planet1,1,1
3083,0.5,0.5,0.5,157.851,125.494,0,721.549,-16.802,0,2.31481e+12,3,0.2,0,planet1,1,1
3084,0.5,0.5,0.5,118.109,186.27,0,750.746,216.64,0,2.31481e+12,3,0.2,0,planet1,1,1
3087,0.5,0.5,0.5,3.92446,-409.839,0,-783.212,-1012.91,0,2.31481e+12,3,0.2,0,planet1,1,1
3090,0.5,0.5,0.5,358.124,54.0077,0,1064.68,-613.833,0,2.31481e+12,3,0.2,0,planet1,1,1
3092,0.5,0.5,0.5,74.6493,-149.952,0,-62.4436,-521.338,0,2.31481e+12,3,0.2,0,planet1,1,1
3094,0.5,0.5,0.5,22.4402,29.8038,0,185.938,31.9745,0,2.31481e+12,3,0.2,0,planet1,1,1
3096,0.5,0.5,0.5,285.444,-310.306,0,119.35,-1359.21,0,2.31481e+12,3,0.2,0,planet1,1,1
3098,0.5,0.5,0.5,10.0438,-264.198,0,-462.203,-667.037,0,2.31481e+12,3,0.2,0,planet1,1,1
3101,0.5,0.5,0.5,210.575,-106.42,0,364.244,-699.34,0,2.31481e+12,3,0.2,0,planet1,1,1
3106,0.5,0.5,0.5,411.046,30.9959,0,1146.37,-782.742,0,2.31481e+12,3,0.2,0,planet1,1,1
3111,0.5,0.5,0.5,-309.973,291.689,0,-428.536,718.091,0,2.31481e+12,3,0.2,3.03093e+17,planet1,1,1
3121,0.5,0.5,0.5,60.7892,322.855,0,897.063,674.036,0,2.31481e+12,3,0.2,0,planet1,1,1
3125,0.5,0.5,0.5,-189.848,-129.814,0,55.9874,361.608,0,2.31481e+12,3,0.2,1.03549e+18,planet1,1,1
3126,0.5,0.5,0.5,220.535,231.375,0,1098.57,112.825,0,2.31481e+12,3,0.2,0,planet1,1,1
3130,0.5,0.5,0.5,-196.181,-168.274,0,-57.2812,104.249,0,2.31481e+12,3,0.2,1.21555e+18,planet1,1,1
3131,0.5,0.5,0.5,387.636,-61.4924,0,894.785,-960.68,0,2.31481e+12,3,0.2,0,planet1,1,1
3133,0.5,0.5,0.5,4.57976,102.287,0,294.067,247.47,0,2.31481e+12,3,0.2,0,planet1,1,1
3135,0.5,0.5,0.5,237.204,-189.295,0,255.693,-959.54,0,2.31481e+12,3,0.2,0,planet1,1,1
3136,0.5,0.5,0.5,235.992,-116.815,0,404.932,-778.263,0,2.31481e+12,3,0.2,0,planet1,1,1
3138,0.5,0.5,0.5,327.368,-117.221,0,629.416,-971.32,0,2.31481e+12,3,0.2,0,planet1,1,1
3143,0.5,0.5,0.5,57.6766,-313.189,0,-447.377,-887.571,0,2.31481e+12,3,0.2,0,planet1,1,1
3146,0.5,0.5,0.5,31.1006,-384.896,0,-663.8,-1008.73,0,2.31481e+12,3,0.2,0,planet1,1,1
3153,0.5,0.5,0.5,-2.26822,-256.672,0,-476.706,-622.697,0,2.31481e+12,3,0.2,0,planet1,1,1
3162,0.5,0.5,0.5,223.018,240.828,0,1124.5,130.617,0,2.31481e+12,3,0.2,0,planet1,1,1
3166,0.5,0.5,0.5,375.951,-194.002,0,586.848,-1262.98,0,2.31481e+12,3,0.2,0,planet1,1,1
3171,0.5,0.5,0.5,-201.289,-126.19,0,49.0655,371.188,0,2.31481e+12,3,0.2,2.10416e+18,planet1,1,1
3172,0.5,0.5,0.5,140.894,310.166,0,1066.91,474.21,0,2.31481e+12,3,0.2,0,planet1,1,1
3173,0.5,0.5,0.5,-50.3563,-345.957,0,-782.46,-741.319,0,2.31481e+12,3,0.2,0,planet1,1,1
3176,0.5,0.5,0.5,69.941,8.69037,0,258.826,-120.154,0,2.31481e+12,3,0.2,0,planet1,1,1
3177,0.5,0.5,0.5,345.728,-56.9163,0,801.209,-860.884,0,2.31481e+12,3,0.2,0,planet1,1,1
3184,0.5,0.5,0.5,20.9653,-210.364,0,-321.688,-557.331,0,2.31481e+12,3,0.2,0,planet1,1,1
3197,0.5,0.5,0.5,125.322,351.927,0,1117.14,609.542,0,2.31481e+12,3,0.2,0,planet1,1,1
3198,0.5,0.5,0.5,-224.555,-322.142,0,62.7041,-419.881,0,2.31481e+12,3,0.2,2.23511e+18,planet1,1,1
3201,0.5,0.5,0.5,19.5173,-47.1547,0,17.1248,-151.74,0,2.31481e+12,3,0.2,0,planet1,1,1
3202,0.5,0.5,0.5,230.084,-137.928,0,346.056,-817.87,0,2.31481e+12,3,0.2,0,planet1,1,1
3211,0.5,0.5,0.5,101.416,-40.558,0,232.739,-307.258,0,2.31481e+12,3,0.2,0,planet1,1,1
3218,0.5,0.5,0.5,192.112,-166.699,0,191.567,-809.005,0,2.31481e+12,3,0.2,0,planet1,1,1
3229,0.5,0.5,0.5,122.511,82.3138,0,542.941,-48.9151,0,2.31481e+12,3,0.2,0,planet1,1,1
3233,0.5,0.5,0.5,394.802,62.5414,0,1172.71,-670.219,0,2.31481e+12,3,0.2,0,planet1,1,1
3235,0.5,0.5,0.5,-234.002,-401.653,0,-630.047,-1108.39,0,2.31481e+12,3,0.2,5.31625e+18,planet1,1,1
3236,0.5,0.5,0.5,35.2783,-436.283,0,-762.097,-1143.81,0,2.31481e+12,3,0.2,0,planet1,1,1
3238,0.5,0.5,0.5,-69.8175,-10.3394,0,-127.065,126.723,0,2.31481e+12,3,0.2,0,planet1,1,1
3239,0.5,0.5,0.5,171.386,-348.902,0,-242.135,-1214.66,0,2.31481e+12,3,0.2,0,planet1,1,1
3240,0.5,0.5,0.5,-175.542,-87.2693,0,100.182,408.605,0,2.31481e+12,3,0.2,1.25381e+18,planet1,1,1
3244,0.5,0.5,0.5,36.5103,69.7576,0,304.264,100.421,0,2.31481e+12,3,0.2,0,planet1,1,1
3248,0.5,0.5,0.5,221.559,110.131,0,846.023,-188.235,0,2.31481e+12,3,0.2,0,planet1,1,1
3249,0.5,0.5,0.5,-19.5358,112.414,0,255.407,322.712,0,2.31481e+12,3,0.2,0,planet1,1,1
3250,0.5,0.5,0.5,-36.8352,1.19794,0,-20.986,85.4393,0,2.31481e+12,3,0.2,0,planet1,1,1
3252,0.5,0.5,0.5,299.804,237.689,0,1306.78,-38.8105,0,2.31481e+12,3,0.2,0,planet1,1,1
3257,0.5,0.5,0.5,-186.552,-255.048,0,-107.682,-225.35,0,2.31481e+12,3,0.2,5.77489e+17,planet1,1,1
3266,0.5,0.5,0.5,-107.579,-109.082,0,-427.182,-37.6335,0,2.31481e+12,3,0.2,0,planet1,1,1
3267,0.5,0.5,0.5,-251.522,-357.83,0,-237.457,-795.523,0,2.31481e+12,3,0.2,5.71508e+18,planet1,1,1
3268,0.5,0.5,0.5,357.934,14.3989,0,981.084,-710.842,0,2.31481e+12,3,0.2,0,planet1,1,1
3283,0.5,0.5,0.5,35.3661,-225.006,0,-317.146,-623.575,0,2.31481e+12,3,0.2,0,planet1,1,1
3285,0.5,0.5,0.5,211.275,51.1974,0,697.147,-312.108,0,2.31481e+12,3,0.2,0,planet1,1,1
3287,0.5,0.5,0.5,172.328,34.0966,0,564.659,-272.402,0,2.31481e+12,3,0.2,0,planet1,1,1
3290,0.5,0.5,0.5,69.2771,-437.718,0,-681.207,-1218.3,0,2.31481e+12,3,0.2,0,planet1,1,1
3292,0.5,0.5,0.5,-65.5187,85.6667,0,231.399,614.362,0,2.31481e+12,3,0.2,1.66031e+17,planet1,1,1
3295,0.5,0.5,0.5,43.5203,-52.5069,0,64.6714,-215.727,0,2.31481e+12,3,0.2,0,planet1,1,1
3297,0.5,0.5,0.5,-148.789,-103.248,0,-114.074,204.871,0,2.31481e+12,3,0.2,1.38819e+17,planet1,1,1
3301,0.5,0.5,0.5,337.582,-32.1453,0,833.103,-783.091,0,2.31481e+12,3,0.2,0,planet1,1,1
3306,0.5,0.5,0.5,325.883,127.659,0,1139.92,-364.861,0,2.31481e+12,3,0.2,0,planet1,1,1
3307,0.5,0.5,0.5,166.805,-404.569,0,-371.403,-1341.63,0,2.31481e+12,3,0.2,0,planet1,1,1
3308,0.5,0.5,0.5,-168.796,-187.004,0,-201.661,-4.80517,0,2.31481e+12,3,0.2,3.44291e+17,planet1,1,1
3309,0.5,0.5,0.5,367.756,-209.042,0,535.151,-1283.14,0,2.31481e+12,3,0.2,0,planet1,1,1
3312,0.5,0.5,0.5,223.215,315.122,0,1280.92,312.935,0,2.31481e+12,3,0.2,0,planet1,1,1
3316,0.5,0.5,0.5,61.0428,263.83,0,784.899,566.011,0,2.31481e+12,3,0.2,1.86326e+15,planet1,1,1
3318,0.5,0.5,0.5,-186.415,-402.417,0,-1236.82,-593.926,0,2.31481e+12,3,0.2,0,planet1,1,1
3324,0.5,0.5,0.5,325.563,-216.624,0,415.969,-1212.84,0,2.31481e+12,3,0.2,0,planet1,1,1
3326,0.5,0.5,0.5,217.634,-263.204,0,52.2849,-1100.79,0,2.31481e+12,3,0.2,0,planet1,1,1
3334,0.5,0.5,0.5,183.151,231.557,0,1006.56,191.548,0,2.31481e+12,3,0.2,0,planet1,1,1
3340,0.5,0.5,0.5,88.2724,-228.253,0,-192.992,-742.786,0,2.31481e+12,3,0.2,0,planet1,1,1
3341,0.5,0.5,0.5,-185.181,-133.584,0,-12.6209,276.129,0,2.31481e+12,3,0.2,5.7452e+17,planet1,1,1
3354,0.5,0.5,0.5,324.093,225.752,0,1341.42,-119.184,0,2.31481e+12,3,0.2,0,planet1,1,1
3364,0.5,0.5,0.5,-101.388,-217.776,0,-639.775,-318.442,0,2.31481e+12,3,0.2,0,planet1,1,1
3371,0.5,0.5,0.5,-148.256,-49.0647,0,35.8507,449.143,0,2.31481e+12,3,0.2,2.02068e+17,planet1,1,1
3373,0.5,0.5,0.5,-144.803,-178.093,0,-663.79,-129.18,0,2.31481e+12,3,0.2,0,planet1,1,1
3375,0.5,0.5,0.5,153.78,378.278,0,1242.67,614.14,0,2.31481e+12,3,0.2,0,planet1,1,1
3381,0.5,0.5,0.5,-359.779,225.809,0,-439.816,528.415,0,2.31481e+12,3,0.2,7.19614e+17,planet1,1,1
3382,0.5,0.5,0.5,-154.817,-119.707,0,-100.423,159.702,0,2.31481e+12,3,0.2,3.1767e+17,planet1,1,1
3383,0.5,0.5,0.5,296.476,134.111,0,1080.85,-286.66,0,2.31481e+12,3,0.2,0,planet1,1,1
3384,0.5,0.5,0.5,250.036,-330.551,0,-10.1339,-1334.69,0,2.31481e+12,3,0.2,0,planet1,1,1
3385,0.5,0.5,0.5,-37.1945,-278.185,0,-608.154,-602.13,0,2.31481e+12,3,0.2,0,planet1,1,1
3386,0.5,0.5,0.5,-178.829,-185.59,0,-97.0866,-40.2903,0,2.31481e+12,3,0.2,4.33411e+17,planet1,1,1
3401,0.5,0.5,0.5,-145.355,-67.5505,0,19.6382,305.223,0,2.31481e+12,3,0.2,1.94733e+17,planet1,1,1
3403,0.5,0.5,0.5,-171.742,-107.462,0,0.896082,246.051,0,2.31481e+12,3,0.2,5.65641e+17,planet1,1,1
3408,0.5,0.5,0.5,183.022,-126.211,0,254.811,-690.236,0,2.31481e+12,3,0.2,0,planet1,1,1
3409,0.5,0.5,0.5,-51.1172,-434.435,0,-970.919,-957.533,0,2.31481e+12,3,0.2,0,planet1,1,1
3419,0.5,0.5,0.5,-44.4863,160.321,0,222.963,583.876,0,2.31481e+12,3,0.2,2.2368e+17,planet1,1,1
3423,0.5,0.5,0.5,-51.2789,118.614,0,158.706,512.437,0,2.31481e+12,3,0.2,3.77182e+16,planet1,1,1
3426,0.5,0.5,0.5,269.406,304.671,0,1372.61,189.755,0,2.31481e+12,3,0.2,0,planet1,1,1
3433,0.5,0.5,0.5,293.368,209.842,0,1232.65,-93.4894,0,2.31481e+12,3,0.2,0,planet1,1,1
3439,0.5,0.5,0.5,184.917,79.7294,0,691.88,-186.375,0,2.31481e+12,3,0.2,0,planet1,1,1
3440,0.5,0.5,0.5,-163.611,-346.798,0,-1063.87,-505.533,0,2.31481e+12,3,0.2,0,planet1,1,1
3449,0.5,0.5,0.5,29.2733,-175.55,0,-228.553,-489.198,0,2.31481e+12,3,0.2,0,planet1,1,1
3458,0.5,0.5,0.5,-247.004,303.547,0,-280.45,870.626,0,2.31481e+12,3,0.2,1.9278e+18,planet1,1,1
3462,0.5,0.5,0.5,-229.808,-319.243,0,62.5257,-420.399,0,2.31481e+12,3,0.2,4.14965e+18,planet1,1,1
3474,0.5,0.5,0.5,150.061,38.7467,0,519.567,-213.785,0,2.31481e+12,3,0.2,0,planet1,1,1
3477,0.5,0.5,0.5,-138.315,30.8286,0,210.087,848.519,0,2.31481e+12,3,0.2,6.82953e+17,planet1,1,1
3480,0.5,0.5,0.5,-106.097,-93.7481,0,-391.002,-2.7542,0,2.31481e+12,3,0.2,0,planet1,1,1
3483,0.5,0.5,0.5,-197.87,-112.283,0,87.3143,428.97,0,2.31481e+12,3,0.2,4.85224e+18,planet1,1,1
3489,0.5,0.5,0.5,-20.0136,-420.042,0,-863.822,-987.589,0,2.31481e+12,3,0.2,0,planet1,1,1
3490,0.5,0.5,0.5,-134.502,-339.734,0,-977.176,-549.313,0,2.31481e+12,3,0.2,0,planet1,1,1
3491,0.5,0.5,0.5,66.7487,150.532,0,549.369,236.31,0,2.31481e+12,3,0.2,0,planet1,1,1
3494,0.5,0.5,0.5,143.113,116.002,0,664.534,-9.2004,0,2.31481e+12,3,0.2,0,planet1,1,1
3503,0.5,0.5,0.5,-145.007,-43.9899,0,19.3168,460.316,0,2.31481e+12,3,0.2,3.05996e+17,planet1,1,1
3505,0.5,0.5,0.5,132.521,-182.801,0,11.2732,-723.29,0,2.31481e+12,3,0.2,0,planet1,1,1
3506,0.5,0.5,0.5,255.479,140.243,0,992.645,-185.097,0,2.31481e+12,3,0.2,0,planet1,1,1
3513,0.5,0.5,0.5,195.507,40.4075,0,634.859,-305.523,0,2.31481e+12,3,0.2,0,planet1,1,1
3514,0.5,0.5,0.5,-88.2327,-304.418,0,-788.493,-559.485,0,2.31481e+12,3,0.2,0,planet1,1,1
3516,0.5,0.5,0.5,284.263,-21.5644,0,724.087,-644.915,0,2.31481e+12,3,0.2,0,planet1,1,1
3517,0.5,0.5,0.5,-185.675,-12.3622,0,199.986,642.511,0,2.31481e+12,3,0.2,6.57956e+17,planet1,1,1
3521,0.5,0.5,0.5,183.98,-188.473,0,125.913,-845.509,0,2.31481e+12,3,0.2,0,planet1,1,1
3526,0.5,0.5,0.5,-166.626,-200.063,0,-42.7361,-95.3715,0,2.31481e+12,3,0.2,2.62608e+17,planet1,1,1
3528,0.5,0.5,0.5,126.67,-172.831,0,17.6892,-686.415,0,2.31481e+12,3,0.2,0,planet1,1,1
3530,0.5,0.5,0.5,327.697,-61.4798,0,747.067,-834.531,0,2.31481e+12,3,0.2,0,planet1,1,1
3537,0.5,0.5,0.5,-74.6471,-374.231,0,-902.059,-760.09,0,2.31481e+12,3,0.2,0,planet1,1,1
3540,0.5,0.5,0.5,342.906,128.967,0,1185.03,-396.925,0,2.31481e+12,3,0.2,0,planet1,1,1
3541,0.5,0.5,0.5,-162.412,54.3345,0,247.748,873.033,0,2.31481e+12,3,0.2,5.559e+17,planet1,1,1
3542,0.5,0.5,0.5,241.385,-80.4134,0,494.515,-699.821,0,2.31481e+12,3,0.2,0,planet1,1,1
3545,0.5,0.5,0.5,-34.1468,-20.7946,0,-59.9809,25.6522,0,2.31481e+12,3,0.2,0,planet1,1,1
3556,0.5,0.5,0.5,249.33,-240.044,0,179.009,-1109.97,0,2.31481e+12,3,0.2,0,planet1,1,1
3565,0.5,0.5,0.5,52.2178,171.277,0,557.329,318.009,0,2.31481e+12,3,0.2,0,planet1,1,1
3567,0.5,0.5,0.5,-192.556,-289.821,0,-253.765,-510.374,0,2.31481e+12,3,0.2,4.96921e+17,planet1,1,1
3570,0.5,0.5,0.5,73.3697,-427.186,0,-648.67,-1201.5,0,2.31481e+12,3,0.2,0,planet1,1,1
3574,0.5,0.5,0.5,-58.0625,-54.8682,0,-190.899,-8.07454,0,2.31481e+12,3,0.2,0,planet1,1,1
3575,0.5,0.5,0.5,68.7226,-169.023,0,-117.334,-555.317,0,2.31481e+12,3,0.2,0,planet1,1,1
3576,0.5,0.5,0.5,215.961,97.1089,0,805.018,-208.676,0,2.31481e+12,3,0.2,0,planet1,1,1
3582,0.5,0.5,0.5,104.414,295.82,0,947.705,515.49,0,2.31481e+12,3,0.2,0,planet1,1,1
3584,0.5,0.5,0.5,63.3657,-424.098,0,-666.593,-1172.81,0,2.31481e+12,3,0.2,0,planet1,1,1
3585,0.5,0.5,0.5,271.358,208.987,0,1176.83,-49.5399,0,2.31481e+12,3,0.2,0,planet1,1,1
3586,0.5,0.5,0.5,334.623,231.24,0,1378.89,-128.272,0,2.31481e+12,3,0.2,0,planet1,1,1
3590,0.5,0.5,0.5,-147.051,-119.361,0,-158.724,102.825,0,2.31481e+12,3,0.2,7.44075e+16,planet1,1,1
3600,0.5,0.5,0.5,15.9591,59.0215,0,231.12,117.306,0,2.31481e+12,3,0.2,0,planet1,1,1
3612,0.5,0.5,0.5,148.863,-20.7912,0,391.549,-358.418,0,2.31481e+12,3,0.2,0,planet1,1,1
3620,0.5,0.5,0.5,254.608,-199.416,0,277.485,-1021.42,0,2.31481e+12,3,0.2,0,planet1,1,1
3635,0.5,0.5,0.5,-53.2261,-86.7857,0,-246.141,-96.4362,0,2.31481e+12,3,0.2,0,planet1,1,1
3640,0.5,0.5,0.5,23.1302,-347.971,0,-605.864,-901.004,0,2.31481e+12,3,0.2,0,planet1,1,1
3644,0.5,0.5,0.5,-141.445,6.80307,0,226.125,723.342,0,2.31481e+12,3,0.2,1.25637e+18,planet1,1,1
3653,0.5,0.5,0.5,-175.607,-221.361,0,-128.624,-125.113,0,2.31481e+12,3,0.2,3.30647e+17,planet1,1,1
3655,0.5,0.5,0.5,49.0144,-342.773,0,-530.792,-942.34,0,2.31481e+12,3,0.2,0,planet1,1,1
3656,0.5,0.5,0.5,-125.604,25.0283,0,46.4463,662.141,0,2.31481e+12,3,0.2,3.90663e+17,planet1,1,1
3658,0.5,0.5,0.5,-158.54,-324.799,0,-1005.08,-461.974,0,2.31481e+12,3,0.2,0,planet1,1,1
3660,0.5,0.5,0.5,66.6706,84.2184,0,409.489,72.9798,0,2.31481e+12,3,0.2,0,planet1,1,1
3665,0.5,0.5,0.5,224.366,-248.502,0,99.7078,-1078.08,0,2.31481e+12,3,0.2,0,planet1,1,1
3669,0.5,0.5,0.5,67.3105,-308.867,0,-414.757,-897.699,0,2.31481e+12,3,0.2,0,planet1,1,1
3673,0.5,0.5,0.5,-12.2623,-379.587,0,-759.341,-904.648,0,2.31481e+12,3,0.2,0,planet1,1,1
3674,0.5,0.5,0.5,22.1217,217.943,0,581.454,496.21,0,2.31481e+12,3,0.2,0,planet1,1,1
3675,0.5,0.5,0.5,-120.703,58.2591,0,341.51,868.246,0,2.31481e+12,3,0.2,1.27711e+18,planet1,1,1
3676,0.5,0.5,0.5,-58.0112,135.735,0,190.738,588.743,0,2.31481e+12,3,0.2,5.69682e+16,planet1,1,1
3678,0.5,0.5,0.5,-142.129,26.1728,0,205.613,857.196,0,2.31481e+12,3,0.2,2.0465e+18,planet1,1,1
3684,0.5,0.5,0.5,-150.163,-17.0628,0,139.015,717.917,0,2.31481e+12,3,0.2,5.59509e+17,planet1,1,1
3685,0.5,0.5,0.5,323.409,140.651,0,1161.17,-327.522,0,2.31481e+12,3,0.2,0,planet1,1,1
3687,0.5,0.5,0.5,73.6273,-322.455,0,-427.344,-944.257,0,2.31481e+12,3,0.2,0,planet1,1,1
3690,0.5,0.5,0.5,-129.587,-2.18357,0,20.2671,518.39,0,2.31481e+12,3,0.2,1.41801e+18,planet1,1,1
3691,0.5,0.5,0.5,85.1091,-335.688,0,-427.293,-1001.23,0,2.31481e+12,3,0.2,0,planet1,1,1
3692,0.5,0.5,0.5,-155.417,-30.5542,0,25.2434,592.14,0,2.31481e+12,3,0.2,2.04725e+17,planet1,1,1
3696,0.5,0.5,0.5,-43.3614,-240.363,0,-543.876,-496.414,0,2.31481e+12,3,0.2,0,planet1,1,1
3697,0.5,0.5,0.5,403.971,-112.904,0,826.431,-1122.44,0,2.31481e+12,3,0.2,0,planet1,1,1
3700,0.5,0.5,0.5,-157.183,-51.8968,0,37.793,543.221,0,2.31481e+12,3,0.2,3.87208e+17,planet1,1,1
3702,0.5,0.5,0.5,-183.655,-181.958,0,-80.0391,-13.7952,0,2.31481e+12,3,0.2,5.64232e+17,planet1,1,1
3703,0.5,0.5,0.5,-182.507,-96.5073,0,93.2754,429.756,0,2.31481e+12,3,0.2,7.11557e+17,planet1,1,1
3705,0.5,0.5,0.5,201.232,-345.627,0,-161.964,-1268.8,0,2.31481e+12,3,0.2,0,planet1,1,1
3706,0.5,0.5,0.5,126.479,342.59,0,1099.98,584.279,0,2.31481e+12,3,0.2,0,planet1,1,1
3709,0.5,0.5,0.5,-182.47,-202.477,0,-91.2665,80.5178,0,2.31481e+12,3,0.2,7.54044e+17,planet1,1,1
3713,0.5,0.5,0.5,-146.581,-341.834,0,-1011.76,-529.206,0,2.31481e+12,3,0.2,0,planet1,1,1
3716,0.5,0.5,0.5,-215.939,-327.427,0,-164.661,-479.452,0,2.31481e+12,3,0.2,8.28853e+17,planet1,1,1
3717,0.5,0.5,0.5,-148.757,-300.269,0,-929.369,-421.917,0,2.31481e+12,3,0.2,0,planet1,1,1
3720,0.5,0.5,0.5,-165.215,-82.1165,0,92.4727,419.842,0,2.31481e+12,3,0.2,6.01056e+17,planet1,1,1
3726,0.5,0.5,0.5,-101.661,-364.119,0,-947.707,-678.279,0,2.31481e+12,3,0.2,0,planet1,1,1
3727,0.5,0.5,0.5,294.538,-217.692,0,337.253,-1149.85,0,2.31481e+12,3,0.2,0,planet1,1,1
3743,0.5,0.5,0.5,155.326,24.7142,0,503.242,-260.115,0,2.31481e+12,3,0.2,0,planet1,1,1
3746,0.5,0.5,0.5,-217.853,-263.813,0,-6.94437,-26.3061,0,2.31481e+12,3,0.2,2.47502e+18,planet1,1,1
3747,0.5,0.5,0.5,215.123,-362.359,0,-162.988,-1339.72,0,2.31481e+12,3,0.2,0,planet1,1,1
3752,0.5,0.5,0.5,310.004,43.7043,0,924.607,-537.967,0,2.31481e+12,3,0.2,0,planet1,1,1
3753,0.5,0.5,0.5,364.385,-218.565,0,506.424,-1299.14,0,2.31481e+12,3,0.2,0,planet1,1,1
3758,0.5,0.5,0.5,-224.602,-202.318,0,-22.2878,110.577,0,2.31481e+12,3,0.2,4.6474e+18,planet1,1,1
3770,0.5,0.5,0.5,-71.1592,-181.438,0,-488.606,-292.406,0,2.31481e+12,3,0.2,0,planet1,1,1
3773,0.5,0.5,0.5,-166.679,-158.544,0,-175.136,84.2596,0,2.31481e+12,3,0.2,3.98227e+17,planet1,1,1
3775,0.5,0.5,0.5,185.968,123.694,0,786.689,-80.1251,0,2.31481e+12,3,0.2,0,planet1,1,1
3777,0.5,0.5,0.5,196.146,-377.578,0,-241.753,-1337.5,0,2.31481e+12,3,0.2,0,planet1,1,1
3781,0.5,0.5,0.5,87.5553,-109.752,0,53.2271,-449.177,0,2.31481e+12,3,0.2,0,planet1,1,1
3782,0.5,0.5,0.5,125.946,286.455,0,981.02,446.874,0,2.31481e+12,3,0.2,0,planet1,1,1
3784,0.5,0.5,0.5,-60.8255,-435.7,0,-997.092,-939.79,0,2.31481e+12,3,0.2,0,planet1,1,1
3785,0.5,0.5,0.5,-202.148,-237.475,0,-17.9727,-5.94266,0,2.31481e+12,3,0.2,1.21961e+18,planet1,1,1
3788,0.5,0.5,0.5,131.212,-53.0179,0,280.224,-400.992,0,2.31481e+12,3,0.2,0,planet1,1,1
3794,0.5,0.5,0.5,221.961,-142.908,0,315.379,-812.717,0,2.31481e+12,3,0.2,0,planet1,1,1
3799,0.5,0.5,0.5,40.7378,130.965,0,443.735,242.651,0,2.31481e+12,3,0.2,0,planet1,1,1
3805,0.5,0.5,0.5,-131.622,-24.739,0,-44.6182,467.986,0,2.31481e+12,3,0.2,8.74831e+16,planet1,1,1
3812,0.5,0.5,0.5,-168.142,-76.5961,0,95.3655,478.601,0,2.31481e+12,3,0.2,9.72986e+17,planet1,1,1
3813,0.5,0.5,0.5,262.952,-117.746,0,469.447,-836.83,0,2.31481e+12,3,0.2,0,planet1,1,1
3816,0.5,0.5,0.5,-167.111,-296.426,0,-966.842,-373.939,0,2.31481e+12,3,0.2,0,planet1,1,1
3818,0.5,0.5,0.5,332.387,-250.813,0,360.706,-1311.16,0,2.31481e+12,3,0.2,0,planet1,1,1
3824,0.5,0.5,0.5,-93.3532,77.5658,0,255.013,893.053,0,2.31481e+12,3,0.2,5.19774e+17,planet1,1,1
3828,0.5,0.5,0.5,-73.5203,141.069,0,290.723,1000.7,0,2.31481e+12,3,0.2,1.66741e+17,planet1,1,1
3829,0.5,0.5,0.5,200.594,255.243,0,1098.78,213.422,0,2.31481e+12,3,0.2,0,planet1,1,1
3833,0.5,0.5,0.5,162.888,-337.958,0,-240.23,-1169.95,0,2.31481e+12,3,0.2,0,planet1,1,1
3837,0.5,0.5,0.5,-117.127,-360.807,0,-978.783,-637.547,0,2.31481e+12,3,0.2,0,planet1,1,1
3854,0.5,0.5,0.5,-206.968,-205.802,0,-35.3243,13.114,0,2.31481e+12,3,0.2,1.14713e+18,planet1,1,1
3858,0.5,0.5,0.5,164.537,343.233,0,1195.08,505.647,0,2.31481e+12,3,0.2,0,planet1,1,1
3859,0.5,0.5,0.5,365.977,1.08202,0,972.981,-760.659,0,2.31481e+12,3,0.2,0,planet1,1,1
3860,0.5,0.5,0.5,318.181,-9.50245,0,833.232,-686.581,0,2.31481e+12,3,0.2,0,planet1,1,1
3861,0.5,0.5,0.5,391.399,-71.4113,0,883.004,-992.972,0,2.31481e+12,3,0.2,0,planet1,1,1
3864,0.5,0.5,0.5,-245.556,-367.115,0,-547.057,-721.076,0,2.31481e+12,3,0.2,5.84375e+17,planet1,1,1
3867,0.5,0.5,0.5,126.465,14.9856,0,411.967,-222.86,0,2.31481e+12,3,0.2,0,planet1,1,1
3873,0.5,0.5,0.5,286.643,179.608,0,1152.77,-153.917,0,2.31481e+12,3,0.2,0,planet1,1,1
3874,0.5,0.5,0.5,251.642,223.778,0,1159.07,28.6465,0,2.31481e+12,3,0.2,0,planet1,1,1
3877,0.5,0.5,0.5,-72.7611,51.2298,0,78.528,435.388,0,2.31481e+12,3,0.2,5.91136e+16,planet1,1,1
3878,0.5,0.5,0.5,202.465,197.316,0,982.257,66.6526,0,2.31481e+12,3,0.2,0,planet1,1,1
3881,0.5,0.5,0.5,278.259,188.979,0,1151.38,-113.476,0,2.31481e+12,3,0.2,0,planet1,1,1
3885,0.5,0.5,0.5,38.9334,226.991,0,641.8,482.946,0,2.31481e+12,3,0.2,0,planet1,1,1
3889,0.5,0.5,0.5,143.855,-41.0808,0,336.76,-398.119,0,2.31481e+12,3,0.2,0,planet1,1,1
3893,0.5,0.5,0.5,22.8534,-64.9659,0,-12.2655,-202.656,0,2.31481e+12,3,0.2,0,planet1,1,1
3899,0.5,0.5,0.5,357.993,167.855,0,1303.63,-333.186,0,2.31481e+12,3,0.2,0,planet1,1,1
3907,0.5,0.5,0.5,-212.792,-276.614,0,-87.1592,-178.19,0,2.31481e+12,3,0.2,1.83459e+18,planet1,1,1
3908,0.5,0.5,0.5,-60.3717,-18.5356,0,-120.545,86.6785,0,2.31481e+12,3,0.2,0,planet1,1,1
3921,0.5,0.5,0.5,78.7638,184.395,0,650.232,294.448,0,2.31481e+12,3,0.2,0,planet1,1,1
3933,0.5,0.5,0.5,413.398,-36.895,0,1009.61,-954.565,0,2.31481e+12,3,0.2,0,planet1,1,1
3939,0.5,0.5,0.5,370.997,-25.9475,0,928.852,-838.126,0,2.31481e+12,3,0.2,0,planet1,1,1
3948,0.5,0.5,0.5,13.8262,144.948,0,406.988,333.636,0,2.31481e+12,3,0.2,0,planet1,1,1
3951,0.5,0.5,0.5,314.352,-18.7632,0,804.346,-700.933,0,2.31481e+12,3,0.2,0,planet1,1,1
3961,0.5,0.5,0.5,363.725,-111.49,0,730.749,-1033.51,0,2.31481e+12,3,0.2,0,planet1,1,1
3968,0.5,0.5,0.5,35.5648,-235.152,0,-338.113,-648.783,0,2.31481e+12,3,0.2,0,planet1,1,1
3970,0.5,0.5,0.5,160.999,-230.761,0,-19.446,-901.605,0,2.31481e+12,3,0.2,0,planet1,1,1
3978,0.5,0.5,0.5,205.222,123.137,0,832.943,-121.516,0,2.31481e+12,3,0.2,0,planet1,1,1
3980,0.5,0.5,0.5,-0.490142,46.1837,0,163.694,120.125,0,2.31481e+12,3,0.2,0,planet1,1,1
3983,0.5,0.5,0.5,130.592,388.181,0,1206.43,687.278,0,2.31481e+12,3,0.2,0,planet1,1,1
3985,0.5,0.5,0.5,253.675,-311.227,0,39.8771,-1294.79,0,2.31481e+12,3,0.2,0,planet1,1,1
3986,0.5,0.5,0.5,-170.845,-48.0393,0,194.961,636.166,0,2.31481e+12,3,0.2,4.55858e+18,planet1,1,1
3989,0.5,0.5,0.5,-222.792,-275.24,0,-24.1443,-98.7715,0,2.31481e+12,3,0.2,1.9041e+18,planet1,1,1
3990,0.5,0.5,0.5,-185.967,104.981,0,208.998,612.877,0,2.31481e+12,3,0.2,1.28624e+17,planet1,1,1
3994,0.5,0.5,0.5,28.7814,89.8326,0,327.29,166.117,0,2.31481e+12,3,0.2,0,planet1,1,1
3997,0.5,0.5,0.5,6.43452,-69.7785,0,-62.5406,-180.491,0,2.31481e+12,3,0.2,0,planet1,1,1
3998,0.5,0.5,0.5,156.349,347.963,0,1185.39,534.602,0,2.31481e+12,3,0.2,0,planet1,1,1
4000,0.5,0.5,0.5,256.517,-41.1671,0,614.292,-634.382,0,2.31481e+12,3,0.2,0,planet1,1,1
4001,0.5,0.5,0.5,220.108,179.041,0,987.324,-15.5803,0,2.31481e+12,3,0.2,0,planet1,1,1
4007,0.5,0.5,0.5,-199.514,-226.836,0,-68.7888,44.2823,0,2.31481e+12,3,0.2,1.43798e+18,planet1,1,1
4011,0.5,0.5,0.5,-162.15,-220.386,0,-795.339,-196.873,0,2.31481e+12,3,0.2,0,planet1,1,1
4017,0.5,0.5,0.5,-92.2406,-234.194,0,-651.545,-377.829,0,2.31481e+12,3,0.2,0,planet1,1,1
4019,0.5,0.5,0.5,302.458,-284.58,0,215.703,-1331.11,0,2.31481e+12,3,0.2,0,planet1,1,1
4026,0.5,0.5,0.5,-205.668,-185.142,0,-75.1872,155.641,0,2.31481e+12,3,0.2,1.02576e+18,planet1,1,1
4040,0.5,0.5,0.5,-150.392,-114.366,0,-137.932,121.481,0,2.31481e+12,3,0.2,2.67956e+17,planet1,1,1
4041,0.5,0.5,0.5,-183.116,-222.394,0,-114.999,-120.319,0,2.31481e+12,3,0.2,2.64961e+17,planet1,1,1
4044,0.5,0.5,0.5,246.797,174.472,0,1043.46,-82.6396,0,2.31481e+12,3,0.2,0,planet1,1,1
4046,0.5,0.5,0.5,183.852,-146.074,0,214.713,-740.253,0,2.31481e+12,3,0.2,0,planet1,1,1
4049,0.5,0.5,0.5,-156.092,-125.752,0,-183.885,177.266,0,2.31481e+12,3,0.2,3.03041e+17,planet1,1,1
4053,0.5,0.5,0.5,269.056,188.194,0,1127.4,-95.7352,0,2.31481e+12,3,0.2,0,planet1,1,1
4055,0.5,0.5,0.5,288.055,232.694,0,1267.47,-26.1913,0,2.31481e+12,3,0.2,0,planet1,1,1
4056,0.5,0.5,0.5,353.415,197.837,0,1355.14,-249.904,0,2.31481e+12,3,0.2,0,planet1,1,1
4063,0.5,0.5,0.5,162.304,155.217,0,794.083,47.5441,0,2.31481e+12,3,0.2,0,planet1,1,1
4065,0.5,0.5,0.5,-212.902,152.998,0,47.1354,645.372,0,2.31481e+12,3,0.2,5.09652e+16,planet1,1,1
4066,0.5,0.5,0.5,50.7333,-294.011,0,-424.036,-826.133,0,2.31481e+12,3,0.2,0,planet1,1,1
4071,0.5,0.5,0.5,59.9646,165.519,0,563.876,287.557,0,2.31481e+12,3,0.2,0,planet1,1,1
4074,0.5,0.5,0.5,255.992,-182.694,0,315.816,-982.442,0,2.31481e+12,3,0.2,0,planet1,1,1
4076,0.5,0.5,0.5,119.215,304.589,0,1002.47,505.905,0,2.31481e+12,3,0.2,0,planet1,1,1
4077,0.5,0.5,0.5,-128.107,-237.068,0,-746.081,-309.563,0,2.31481e+12,3,0.2,0,planet1,1,1
4082,0.5,0.5,0.5,-140.442,-189.042,0,-676.041,-165.38,0,2.31481e+12,3,0.2,0,planet1,1,1
4093,0.5,0.5,0.5,35.051,141.775,0,452.64,281.219,0,2.31481e+12,3,0.2,0,planet1,1,1
4099,0.5,0.5,0.5,-157.696,-272.925,0,-894.256,-335.539,0,2.31481e+12,3,0.2,0,planet1,1,1
4103,0.5,0.5,0.5,-65.1506,-419.07,0,-972.79,-890.442,0,2.31481e+12,3,0.2,0,planet1,1,1
4110,0.5,0.5,0.5,-201.854,-282.133,0,-86.339,-253.965,0,2.31481e+12,3,0.2,6.30422e+17,planet1,1,1
4113,0.5,0.5,0.5,-80.7281,-267.798,0,-693.671,-485.247,0,2.31481e+12,3,0.2,0,planet1,1,1
4122,0.5,0.5,0.5,-160.885,-108.644,0,-93.9267,244.169,0,2.31481e+12,3,0.2,3.01805e+17,planet1,1,1
4124,0.5,0.5,0.5,145.991,-183.302,0,43.1937,-752.856,0,2.31481e+12,3,0.2,0,planet1,1,1
4127,0.5,0.5,0.5,-144.628,-126.639,0,-377.28,110.467,0,2.31481e+12,3,0.2,7.72109e+16,planet1,1,1
4130,0.5,0.5,0.5,311.503,56.6035,0,955.635,-508.854,0,2.31481e+12,3,0.2,0,planet1,1,1
4135,0.5,0.5,0.5,24.0263,-156.785,0,-202.268,-431.951,0,2.31481e+12,3,0.2,0,planet1,1,1
4137,0.5,0.5,0.5,-177.924,-81.7431,0,146.163,433.718,0,2.31481e+12,3,0.2,1.06029e+18,planet1,1,1
4149,0.5,0.5,0.5,-201.249,-319.84,0,-125.476,-441.548,0,2.31481e+12,3,0.2,6.44009e+17,planet1,1,1
4155,0.5,0.5,0.5,-195.292,-24.2833,0,204.265,458.182,0,2.31481e+12,3,0.2,8.18032e+17,planet1,1,1
4156,0.5,0.5,0.5,117.547,71.5979,0,508.359,-64.8835,0,2.31481e+12,3,0.2,0,planet1,1,1
4162,0.5,0.5,0.5,-189.482,-262.424,0,-282.234,-251.525,0,2.31481e+12,3,0.2,4.46162e+17,planet1,1,1
4163,0.5,0.5,0.5,-194.008,-378.32,0,-1205,-518.765,0,2.31481e+12,3,0.2,0,planet1,1,1
4164,0.5,0.5,0.5,-220.271,-353.341,0,-628.919,-662.876,0,2.31481e+12,3,0.2,2.22966e+17,planet1,1,1
4167,0.5,0.5,0.5,24.8559,-376.382,0,-660.808,-974.744,0,2.31481e+12,3,0.2,0,planet1,1,1
4178,0.5,0.5,0.5,37.5083,206.734,0,594.754,435.95,0,2.31481e+12,3,0.2,0,planet1,1,1
4181,0.5,0.5,0.5,160.234,5.92137,0,475.982,-316.518,0,2.31481e+12,3,0.2,0,planet1,1,1
4185,0.5,0.5,0.5,167.327,370.132,0,1259.14,565.278,0,2.31481e+12,3,0.2,0,planet1,1,1
4194,0.5,0.5,0.5,-90.5334,83.5702,0,292.747,897.92,0,2.31481e+12,3,0.2,8.05989e+17,planet1,1,1
4196,0.5,0.5,0.5,68.9022,404.223,0,1070.64,870.384,0,2.31481e+12,3,0.2,2.1298e+15,planet1,1,1
4199,0.5,0.5,0.5,-273.295,-418.292,0,-414.496,-1268.11,0,2.31481e+12,3,0.2,3.69603e+18,planet1,1,1
4200,0.5,0.5,0.5,37.8097,-263.773,0,-392.264,-724.646,0,2.31481e+12,3,0.2,0,planet1,1,1
4206,0.5,0.5,0.5,25.6057,-363.349,0,-631.886,-944.053,0,2.31481e+12,3,0.2,0,planet1,1,1
4211,0.5,0.5,0.5,317.323,110.605,0,1082.87,-388.34,0,2.31481e+12,3,0.2,0,planet1,1,1
4214,0.5,0.5,0.5,207.715,224.832,0,1052.88,123.461,0,2.31481e+12,3,0.2,0,planet1,1,1
4228,0.5,0.5,0.5,21.0434,-385.485,0,-689.476,-988.82,0,2.31481e+12,3,0.2,0,planet1,1,1
4243,0.5,0.5,0.5,-40.3184,-39.297,0,-114.112,-6.76962,0,2.31481e+12,3,0.2,0,planet1,1,1
4254,0.5,0.5,0.5,-143.708,-98.8306,0,-195.832,91.0417,0,2.31481e+12,3,0.2,5.15352e+16,planet1,1,1
4269,0.5,0.5,0.5,-150.558,-77.6837,0,58.111,294.432,0,2.31481e+12,3,0.2,2.04657e+17,planet1,1,1
4273,0.5,0.5,0.5,121.452,-92.0092,0,174.924,-476.143,0,2.31481e+12,3,0.2,0,planet1,1,1
4276,0.5,0.5,0.5,9.46631,84.0158,0,267.68,192.536,0,2.31481e+12,3,0.2,0,planet1,1,1
4278,0.5,0.5,0.5,78.4037,-381.301,0,-539.597,-1098.96,0,2.31481e+12,3,0.2,0,planet1,1,1
4280,0.5,0.5,0.5,281.424,-102.416,0,547.305,-838.112,0,2.31481e+12,3,0.2,0,planet1,1,1
4284,0.5,0.5,0.5,53.4792,-8.0216,0,183.338,-126.582,0,2.31481e+12,3,0.2,0,planet1,1,1
4290,0.5,0.5,0.5,-83.2099,-74.6964,0,-294.752,-4.22937,0,2.31481e+12,3,0.2,0,planet1,1,1
4292,0.5,0.5,0.5,15.7203,188.482,0,503.281,436.689,0,2.31481e+12,3,0.2,0,planet1,1,1
4298,0.5,0.5,0.5,-216.913,-209.763,0,-16.3782,39.8279,0,2.31481e+12,3,0.2,1.44173e+18,planet1,1,1
4300,0.5,0.5,0.5,-35.8003,-443.973,0,-953.562,-1012.99,0,2.31481e+12,3,0.2,0,planet1,1,1
4306,0.5,0.5,0.5,84.3036,357.538,0,1027.42,709.957,0,2.31481e+12,3,0.2,0,planet1,1,1
4308,0.5,0.5,0.5,-23.8785,-33.2761,0,-61.0841,-26.7193,0,2.31481e+12,3,0.2,0,planet1,1,1
4312,0.5,0.5,0.5,193.687,-32.0548,0,478.788,-480.251,0,2.31481e+12,3,0.2,0,planet1,1,1
4320,0.5,0.5,0.5,246.18,305.707,0,1317.17,241.728,0,2.31481e+12,3,0.2,0,planet1,1,1
4322,0.5,0.5,0.5,130.84,51.3758,0,498.956,-142.922,0,2.31481e+12,3,0.2,0,planet1,1,1
4331,0.5,0.5,0.5,92.3433,171.206,0,655.534,233.479,0,2.31481e+12,3,0.2,0,planet1,1,1
4335,0.5,0.5,0.5,224.963,-236.035,0,127.562,-1049.31,0,2.31481e+12,3,0.2,0,planet1,1,1
4343,0.5,0.5,0.5,-75.7287,45.5352,0,92.3334,415.94,0,2.31481e+12,3,0.2,1.59361e+17,planet1,1,1
4348,0.5,0.5,0.5,-27.3074,28.9633,0,60.7475,133.788,0,2.31481e+12,3,0.2,0,planet1,1,1
4353,0.5,0.5,0.5,282.268,69.2451,0,909.943,-416.584,0,2.31481e+12,3,0.2,0,planet1,1,1
4356,0.5,0.5,0.5,144.156,-415.996,0,-451.161,-1322.72,0,2.31481e+12,3,0.2,0,planet1,1,1
4360,0.5,0.5,0.5,271.354,274.337,0,1314.12,110.908,0,2.31481e+12,3,0.2,0,planet1,1,1
4365,0.5,0.5,0.5,-207.397,-284.434,0,-42.4539,-358.9,0,2.31481e+12,3,0.2,1.66764e+18,planet1,1,1
4367,0.5,0.5,0.5,273.312,-25.9129,0,687.773,-632.644,0,2.31481e+12,3,0.2,0,planet1,1,1
4376,0.5,0.5,0.5,318.875,-27.4546,0,796.976,-731.557,0,2.31481e+12,3,0.2,0,planet1,1,1
4385,0.5,0.5,0.5,-163.569,-182.34,0,-180.104,-176.109,0,2.31481e+12,3,0.2,9.28261e+16,planet1,1,1
4386,0.5,0.5,0.5,10.0961,167.811,0,446.074,397.419,0,2.31481e+12,3,0.2,0,planet1,1,1
4396,0.5,0.5,0.5,-83.3122,-323.91,0,-818.026,-618.011,0,2.31481e+12,3,0.2,0,planet1,1,1
4398,0.5,0.5,0.5,38.7883,-76.1861,0,3.77631,-264.189,0,2.31481e+12,3,0.2,0,planet1,1,1
4407,0.5,0.5,0.5,257.091,-31.6461,0,636.093,-612.736,0,2.31481e+12,3,0.2,0,planet1,1,1
4410,0.5,0.5,0.5,-139.448,-46.2616,0,5.11655,419.346,0,2.31481e+12,3,0.2,8.15035e+16,planet1,1,1
4414,0.5,0.5,0.5,313.22,-151.479,0,522.72,-1026.09,0,2.31481e+12,3,0.2,0,planet1,1,1
4424,0.5,0.5,0.5,-239.058,-367.185,0,-867.753,-949.564,0,2.31481e+12,3,0.2,5.55709e+17,planet1,1,1
4434,0.5,0.5,0.5,-115.047,-292.84,0,-830.648,-474.829,0,2.31481e+12,3,0.2,0,planet1,1,1
4436,0.5,0.5,0.5,74.6511,-364.459,0,-513.379,-1049.29,0,2.31481e+12,3,0.2,0,planet1,1,1
4440,0.5,0.5,0.5,-204.597,-309.671,0,-203.533,-553.132,0,2.31481e+12,3,0.2,6.0029e+17,planet1,1,1
4442,0.5,0.5,0.5,-170.323,-143.55,0,-119.534,115.379,0,2.31481e+12,3,0.2,4.75418e+17,planet1,1,1
4445,0.5,0.5,0.5,281.995,254.156,0,1297.46,39.3524,0,2.31481e+12,3,0.2,0,planet1,1,1
4446,0.5,0.5,0.5,45.2512,-243.545,0,-331.98,-689.669,0,2.31481e+12,3,0.2,0,planet1,1,1
4448,0.5,0.5,0.5,393.087,13.0217,0,1064.59,-788.471,0,2.31481e+12,3,0.2,0,planet1,1,1
4461,0.5,0.5,0.5,330.905,-202.669,0,458.202,-1189.09,0,2.31481e+12,3,0.2,0,planet1,1,1
4463,0.5,0.5,0.5,-100.564,-39.9161,0,-264.717,118.013,0,2.31481e+12,3,0.2,0,planet1,1,1
4464,0.5,0.5,0.5,-49.7297,-287.526,0,-658.796,-598.567,0,2.31481e+12,3,0.2,0,planet1,1,1
4467,0.5,0.5,0.5,395.442,-40.963,0,957.019,-926.465,0,2.31481e+12,3,0.2,0,planet1,1,1
4474,0.5,0.5,0.5,301.103,-146.204,0,503.663,-987.485,0,2.31481e+12,3,0.2,0,planet1,1,1
4482,0.5,0.5,0.5,261.019,111.755,0,947.034,-266.975,0,2.31481e+12,3,0.2,0,planet1,1,1
4487,0.5,0.5,0.5,-129.565,-64.2043,0,-121.972,191.246,0,2.31481e+12,3,0.2,3.73089e+16,planet1,1,1
4497,0.5,0.5,0.5,48.1229,34.0776,0,258.281,-11.8872,0,2.31481e+12,3,0.2,0,planet1,1,1
4498,0.5,0.5,0.5,82.2783,-434.054,0,-641.643,-1236.94,0,2.31481e+12,3,0.2,0,planet1,1,1
4511,0.5,0.5,0.5,-178.475,-226.648,0,-258.116,-66.0052,0,2.31481e+12,3,0.2,2.59727e+17,planet1,1,1
4514,0.5,0.5,0.5,241.117,-300.816,0,30.5773,-1242.76,0,2.31481e+12,3,0.2,0,planet1,1,1
4521,0.5,0.5,0.5,148.952,353.909,0,1179.55,564.688,0,2.31481e+12,3,0.2,0,planet1,1,1
4524,0.5,0.5,0.5,-155.658,-211.889,0,-761.801,-189.892,0,2.31481e+12,3,0.2,0,planet1,1,1
4532,0.5,0.5,0.5,66.949,-10.3328,0,211.498,-160.553,0,2.31481e+12,3,0.2,0,planet1,1,1
4533,0.5,0.5,0.5,-2.57918,11.1872,0,84.8874,38.2303,0,2.31481e+12,3,0.2,0,planet1,1,1
4550,0.5,0.5,0.5,109.383,-215.378,0,-114.738,-755.047,0,2.31481e+12,3,0.2,0,planet1,1,1
4552,0.5,0.5,0.5,-210.978,303.313,0,-296.386,939.348,0,2.31481e+12,3,0.2,5.3531e+17,planet1,1,1
4559,0.5,0.5,0.5,188.54,31.7272,0,599.61,-312.061,0,2.31481e+12,3,0.2,0,planet1,1,1
4563,0.5,0.5,0.5,-31.8229,155.679,0,267.9,529.933,0,2.31481e+12,3,0.2,3.23949e+16,planet1,1,1
4571,0.5,0.5,0.5,-31.8126,-370.99,0,-789.734,-841.708,0,2.31481e+12,3,0.2,0,planet1,1,1
4582,0.5,0.5,0.5,-219.69,-233.743,0,-42.3056,-49.7144,0,2.31481e+12,3,0.2,1.31376e+18,planet1,1,1
4590,0.5,0.5,0.5,-50.4204,-30.2067,0,-120.285,36.9001,0,2.31481e+12,3,0.2,0,planet1,1,1
4595,0.5,0.5,0.5,227.142,-8.15793,0,611.363,-491.683,0,2.31481e+12,3,0.2,0,planet1,1,1
4597,0.5,0.5,0.5,-158.498,-42.3337,0,118.619,582.907,0,2.31481e+12,3,0.2,5.69911e+17,planet1,1,1
4608,0.5,0.5,0.5,107.418,169.312,0,689.068,197.313,0,2.31481e+12,3,0.2,0,planet1,1,1
4613,0.5,0.5,0.5,295.434,-250.239,0,271.065,-1232.47,0,2.31481e+12,3,0.2,0,planet1,1,1
4615,0.5,0.5,0.5,373.244,45.2017,0,1083.61,-667.027,0,2.31481e+12,3,0.2,0,planet1,1,1
4619,0.5,0.5,0.5,138.637,353.036,0,1152.12,584.583,0,2.31481e+12,3,0.2,0,planet1,1,1
4625,0.5,0.5,0.5,-93.156,-79.6015,0,-329.757,4.81241,0,2.31481e+12,3,0.2,0,planet1,1,1
4628,0.5,0.5,0.5,-103.237,-412.606,0,-1053.46,-794.267,0,2.31481e+12,3,0.2,0,planet1,1,1
4629,0.5,0.5,0.5,-191.647,-150.726,0,50.0303,293.01,0,2.31481e+12,3,0.2,7.44513e+17,planet1,1,1
4642,0.5,0.5,0.5,-106.516,-286.291,0,-796.174,-476.511,0,2.31481e+12,3,0.2,0,planet1,1,1
4643,0.5,0.5,0.5,-145.401,46.7126,0,304.796,894.951,0,2.31481e+12,3,0.2,2.44042e+18,planet1,1,1
4648,0.5,0.5,0.5,-149.934,-61.2396,0,26.2302,444.987,0,2.31481e+12,3,0.2,2.5364e+17,planet1,1,1
4655,0.5,0.5,0.5,295.942,-135.713,0,513.202,-950.292,0,2.31481e+12,3,0.2,0,planet1,1,1
4663,0.5,0.5,0.5,89.1725,26.3736,0,343.199,-117.116,0,2.31481e+12,3,0.2,0,planet1,1,1
4677,0.5,0.5,0.5,99.5199,-428.486,0,-587.432,-1259.09,0,2.31481e+12,3,0.2,0,planet1,1,1
4679,0.5,0.5,0.5,-19.0736,-409.924,0,-840.315,-964.731,0,2.31481e+12,3,0.2,0,planet1,1,1
4684,0.5,0.5,0.5,43.4148,217.445,0,632.145,450.051,0,2.31481e+12,3,0.2,0,planet1,1,1
4696,0.5,0.5,0.5,241.932,-19.276,0,624.797,-550.118,0,2.31481e+12,3,0.2,0,planet1,1,1
4702,0.5,0.5,0.5,-24.6313,-258.779,0,-535.708,-580.8,0,2.31481e+12,3,0.2,0,planet1,1,1
4719,0.5,0.5,0.5,-145.698,-274.207,0,-867.459,-364.262,0,2.31481e+12,3,0.2,0,planet1,1,1
4720,0.5,0.5,0.5,-151.081,211.763,0,21.1097,914.606,0,2.31481e+12,3,0.2,2.58378e+16,planet1,1,1
4724,0.5,0.5,0.5,238.55,216.096,0,1110.51,36.8779,0,2.31481e+12,3,0.2,0,planet1,1,1
4727,0.5,0.5,0.5,-208.123,341.036,0,-211.368,1075.06,0,2.31481e+12,3,0.2,-7.04373e+16,planet1,1,1
4747,0.5,0.5,0.5,-56.4969,-182.953,0,-455.454,-326.833,0,2.31481e+12,3,0.2,0,planet1,1,1
4752,0.5,0.5,0.5,124.428,-299.539,0,-253.924,-994.209,0,2.31481e+12,3,0.2,0,planet1,1,1
4754,0.5,0.5,0.5,-158.332,3.24824,0,171.009,870.698,0,2.31481e+12,3,0.2,1.55241e+18,planet1,1,1
4757,0.5,0.5,0.5,-279.916,-389.314,0,-929.635,-1281.92,0,2.31481e+12,3,0.2,3.41064e+18,planet1,1,1
4759,0.5,0.5,0.5,86.3481,-56.5635,0,162.493,-315.501,0,2.31481e+12,3,0.2,0,planet1,1,1
4760,0.5,0.5,0.5,71.6925,-132.656,0,-33.4741,-472.089,0,2.31481e+12,3,0.2,0,planet1,1,1
4769,0.5,0.5,0.5,189.854,-59.8155,0,410.793,-541.079,0,2.31481e+12,3,0.2,0,planet1,1,1
4788,0.5,0.5,0.5,-97.8779,-389.971,0,-992.143,-750.151,0,2.31481e+12,3,0.2,0,planet1,1,1
4790,0.5,0.5,0.5,158.295,-34.9399,0,385.383,-413.258,0,2.31481e+12,3,0.2,0,planet1,1,1
4791,0.5,0.5,0.5,-166.186,124.229,0,202.63,691.628,0,2.31481e+12,3,0.2,5.31111e+16,planet1,1,1
4795,0.5,0.5,0.5,-154.585,-72.6302,0,52.6917,398.187,0,2.31481e+12,3,0.2,2.63076e+17,planet1,1,1
4799,0.5,0.5,0.5,122.679,-270.345,0,-197.191,-918.797,0,2.31481e+12,3,0.2,0,planet1,1,1
4814,0.5,0.5,0.5,3.86835,-170.139,0,-279.464,-422.356,0,2.31481e+12,3,0.2,0,planet1,1,1
4819,0.5,0.5,0.5,85.9136,218.715,0,739.653,364.119,0,2.31481e+12,3,0.2,0,planet1,1,1
4825,0.5,0.5,0.5,56.2902,240.045,0,733.979,493.939,0,2.31481e+12,3,0.2,1.14615e+16,planet1,1,1
4833,0.5,0.5,0.5,106.326,189.935,0,729.896,250.146,0,2.31481e+12,3,0.2,0,planet1,1,1
4836,0.5,0.5,0.5,272.638,25.5653,0,794.238,-504.33,0,2.31481e+12,3,0.2,0,planet1,1,1
4848,0.5,0.5,0.5,315.693,-255.114,0,310.295,-1286.63,0,2.31481e+12,3,0.2,0,planet1,1,1
4850,0.5,0.5,0.5,-246.512,-354.333,0,-224.538,-724.237,0,2.31481e+12,3,0.2,3.52305e+18,planet1,1,1
4853,0.5,0.5,0.5,152.919,-258.932,0,-98.3107,-954.406,0,2.31481e+12,3,0.2,0,planet1,1,1
4855,0.5,0.5,0.5,-194.853,-238.287,0,-81.7476,-35.2255,0,2.31481e+12,3,0.2,9.68765e+17,planet1,1,1
4856,0.5,0.5,0.5,-83.6299,-404.661,0,-988.145,-816.37,0,2.31481e+12,3,0.2,0,planet1,1,1
4858,0.5,0.5,0.5,-64.3855,-234.527,0,-583.557,-437.469,0,2.31481e+12,3,0.2,0,planet1,1,1
4860,0.5,0.5,0.5,242.051,230.879,0,1150.05,66.0903,0,2.31481e+12,3,0.2,0,planet1,1,1
4862,0.5,0.5,0.5,121.087,59.2661,0,491.444,-103.05,0,2.31481e+12,3,0.2,0,planet1,1,1
4867,0.5,0.5,0.5,-213.748,-234.658,0,-37.605,-48.7083,0,2.31481e+12,3,0.2,8.48212e+17,planet1,1,1
4868,0.5,0.5,0.5,90.2925,-401.792,0,-552.725,-1174.74,0,2.31481e+12,3,0.2,0,planet1,1,1
4871,0.5,0.5,0.5,-171.414,-101.154,0,39.7752,274.465,0,2.31481e+12,3,0.2,5.52488e+17,planet1,1,1
4877,0.5,0.5,0.5,40.5631,-298.111,0,-457.67,-814.367,0,2.31481e+12,3,0.2,0,planet1,1,1
4879,0.5,0.5,0.5,336.987,-21.6168,0,854.099,-756.026,0,2.31481e+12,3,0.2,0,planet1,1,1
4881,0.5,0.5,0.5,65.9306,-53.6086,0,118.339,-265.472,0,2.31481e+12,3,0.2,0,planet1,1,1
4886,0.5,0.5,0.5,-121.556,-21.703,0,-117.893,330.89,0,2.31481e+12,3,0.2,9.52759e+16,planet1,1,1
4888,0.5,0.5,0.5,-193.075,-135.04,0,8.45586,355.431,0,2.31481e+12,3,0.2,1.16662e+18,planet1,1,1
4902,0.5,0.5,0.5,61.8415,-403.847,0,-628.053,-1119.68,0,2.31481e+12,3,0.2,0,planet1,1,1
4905,0.5,0.5,0.5,-180.64,245.457,0,-135.967,908.862,0,2.31481e+12,3,0.2,9.06968e+16,planet1,1,1
4906,0.5,0.5,0.5,86.6815,-421.381,0,-603.729,-1214.85,0,2.31481e+12,3,0.2,0,planet1,1,1
4907,0.5,0.5,0.5,172.035,111.177,0,726.231,-81.5885,0,2.31481e+12,3,0.2,0,planet1,1,1
4910,0.5,0.5,0.5,31.8736,214.11,0,597.255,465.897,0,2.31481e+12,3,0.2,0,planet1,1,1
4912,0.5,0.5,0.5,-201.303,-333.161,0,-566.913,-532.59,0,2.31481e+12,3,0.2,1.55109e+17,planet1,1,1
4915,0.5,0.5,0.5,103.513,-17.5691,0,286.428,-255.809,0,2.31481e+12,3,0.2,0,planet1,1,1
4919,0.5,0.5,0.5,243.825,99.1979,0,877.986,-262.073,0,2.31481e+12,3,0.2,0,planet1,1,1
4922,0.5,0.5,0.5,-103.196,-432.074,0,-1094.64,-842.186,0,2.31481e+12,3,0.2,0,planet1,1,1
4947,0.5,0.5,0.5,103.835,-235.855,0,-171.34,-793.882,0,2.31481e+12,3,0.2,0,planet1,1,1
4951,0.5,0.5,0.5,111.055,-79.555,0,174.664,-423.962,0,2.31481e+12,3,0.2,0,planet1,1,1
4960,0.5,0.5,0.5,325.037,-146.429,0,562.558,-1038.25,0,2.31481e+12,3,0.2,0,planet1,1,1
4968,0.5,0.5,0.5,370.862,14.8104,0,1013.9,-737.022,0,2.31481e+12,3,0.2,0,planet1,1,1
4975,0.5,0.5,0.5,-99.1119,-352.038,0,-915.892,-654.409,0,2.31481e+12,3,0.2,0,planet1,1,1
4976,0.5,0.5,0.5,124.023,102.535,0,589.286,-2.22251,0,2.31481e+12,3,0.2,0,planet1,1,1
4979,0.5,0.5,0.5,-25.9581,-211.777,0,-440.846,-461.832,0,2.31481e+12,3,0.2,0,planet1,1,1
4981,0.5,0.5,0.5,14.8662,200.107,0,525.722,466.738,0,2.31481e+12,3,0.2,0,planet1,1,1
4984,0.5,0.5,0.5,-99.8295,-21.9692,0,-171.233,184.449,0,2.31481e+12,3,0.2,1.9968e+15,planet1,1,1
4991,0.5,0.5,0.5,189.283,-97.2698,0,330.871,-631.512,0,2.31481e+12,3,0.2,0,planet1,1,1
4993,0.5,0.5,0.5,-181.885,-163.252,0,-123.628,99.0216,0,2.31481e+12,3,0.2,3.99977e+17,planet1,1,1
4998,0.5,0.5,0.5,-99.2612,-56.526,0,-296.63,74.798,0,2.31481e+12,3,0.2,0,planet1,1,1
5009,0.5,0.5,0.5,205.286,-23.9158,0,524.296,-484.503,0,2.31481e+12,3,0.2,0,planet1,1,1
5031,0.5,0.5,0.5,177.473,-362.488,0,-255.638,-1261.06,0,2.31481e+12,3,0.2,0,planet1,1,1
5032,0.5,0.5,0.5,231.067,-200.67,0,216.829,-974.572,0,2.31481e+12,3,0.2,0,planet1,1,1
5033,0.5,0.5,0.5,102.59,-332.617,0,-377.574,-1029.93,0,2.31481e+12,3,0.2,0,planet1,1,1
5042,0.5,0.5,0.5,58.2213,-242.605,0,-297.866,-714.908,0,2.31481e+12,3,0.2,0,planet1,1,1
5061,0.5,0.5,0.5,61.3885,101.813,0,433.554,127.493,0,2.31481e+12,3,0.2,0,planet1,1,1
5068,0.5,0.5,0.5,-98.4755,-207.066,0,-610.036,-298.076,0,2.31481e+12,3,0.2,0,planet1,1,1
5071,0.5,0.5,0.5,257.521,-223.285,0,234.836,-1085.72,0,2.31481e+12,3,0.2,0,planet1,1,1
5078,0.5,0.5,0.5,154.82,261.185,0,999.137,324.008,0,2.31481e+12,3,0.2,0,planet1,1,1
5084,0.5,0.5,0.5,296.313,-82.3789,0,626.287,-819.971,0,2.31481e+12,3,0.2,0,planet1,1,1
5085,0.5,0.5,0.5,287.261,283.105,0,1371.33,99.0647,0,2.31481e+12,3,0.2,0,planet1,1,1
5086,0.5,0.5,0.5,-83.5231,-415.181,0,-1010.49,-841.96,0,2.31481e+12,3,0.2,0,planet1,1,1
5089,0.5,0.5,0.5,285.999,-284.284,0,176.035,-1296.25,0,2.31481e+12,3,0.2,0,planet1,1,1
5092,0.5,0.5,0.5,172.329,205.085,0,924.161,148.799,0,2.31481e+12,3,0.2,0,planet1,1,1
5105,0.5,0.5,0.5,27.1872,204.716,0,565.652,453.084,0,2.31481e+12,3,0.2,0,planet1,1,1
5106,0.5,0.5,0.5,-132.674,66.148,0,320.528,854.99,0,2.31481e+12,3,0.2,1.13674e+18,planet1,1,1
5114,0.5,0.5,0.5,-96.2306,-172.689,0,-532.124,-218.401,0,2.31481e+12,3,0.2,0,planet1,1,1
5120,0.5,0.5,0.5,166.766,82.5921,0,652.815,-141.211,0,2.31481e+12,3,0.2,0,planet1,1,1
5124,0.5,0.5,0.5,224.567,196.368,0,1034.45,17.8265,0,2.31481e+12,3,0.2,0,planet1,1,1
5126,0.5,0.5,0.5,-208.134,-291.747,0,5.27321,-517.736,0,2.31481e+12,3,0.2,1.76327e+18,planet1,1,1
5133,0.5,0.5,0.5,-112.112,-33.2434,0,-170.18,186.231,0,2.31481e+12,3,0.2,1.40877e+16,planet1,1,1
5136,0.5,0.5,0.5,259.149,122.377,0,964.765,-237.031,0,2.31481e+12,3,0.2,0,planet1,1,1
5140,0.5,0.5,0.5,-174.908,-174.441,0,-236.592,72.7983,0,2.31481e+12,3,0.2,2.14543e+17,planet1,1,1
5153,0.5,0.5,0.5,-130.795,21.1194,0,124.769,672.158,0,2.31481e+12,3,0.2,3.52639e+17,planet1,1,1
5155,0.5,0.5,0.5,82.2039,-96.9191,0,67.1454,-406.253,0,2.31481e+12,3,0.2,0,planet1,1,1
5161,0.5,0.5,0.5,-18.5784,-233.914,0,-468.915,-532.089,0,2.31481e+12,3,0.2,0,planet1,1,1
5173,0.5,0.5,0.5,-163.611,-176.176,0,-74.6893,-50.7274,0,2.31481e+12,3,0.2,1.15918e+17,planet1,1,1
5181,0.5,0.5,0.5,-62.4594,-169.848,0,-443.088,-282.1,0,2.31481e+12,3,0.2,0,planet1,1,1
5183,0.5,0.5,0.5,-139.682,-10.9531,0,109.687,588.814,0,2.31481e+12,3,0.2,9.75714e+17,planet1,1,1
5191,0.5,0.5,0.5,-86.1347,-436.838,0,-1062.41,-889.349,0,2.31481e+12,3,0.2,0,planet1,1,1
5195,0.5,0.5,0.5,221.999,-208.895,0,177.033,-975.716,0,2.31481e+12,3,0.2,0,planet1,1,1
5198,0.5,0.5,0.5,257.687,233.5,0,1194.51,39.6788,0,2.31481e+12,3,0.2,0,planet1,1,1
5199,0.5,0.5,0.5,177.681,-47.4043,0,406.79,-484.843,0,2.31481e+12,3,0.2,0,planet1,1,1
5205,0.5,0.5,0.5,241.95,193.433,0,1071.5,-25.9727,0,2.31481e+12,3,0.2,0,planet1,1,1
5207,0.5,0.5,0.5,-28.587,-269.79,0,-568.812,-599.564,0,2.31481e+12,3,0.2,0,planet1,1,1
5219,0.5,0.5,0.5,2.61666,-89.8932,0,-114.537,-221.228,0,2.31481e+12,3,0.2,0,planet1,1,1
5221,0.5,0.5,0.5,226.372,-334.962,0,-77.7991,-1295.69,0,2.31481e+12,3,0.2,0,planet1,1,1
5223,0.5,0.5,0.5,-161.092,-56.453,0,47.8778,533.829,0,2.31481e+12,3,0.2,4.50431e+17,planet1,1,1
5224,0.5,0.5,0.5,-176.668,238.184,0,-83.8739,901.038,0,2.31481e+12,3,0.2,9.53212e+16,planet1,1,1
5228,0.5,0.5,0.5,-183.467,-379.315,0,-1181.21,-543.137,0,2.31481e+12,3,0.2,0,planet1,1,1
5230,0.5,0.5,0.5,-72.8494,-123.766,0,-372.164,-146.583,0,2.31481e+12,3,0.2,0,planet1,1,1
5234,0.5,0.5,0.5,-125.802,-410.652,0,-1105.02,-741.955,0,2.31481e+12,3,0.2,0,planet1,1,1
5237,0.5,0.5,0.5,261.208,101.482,0,925.562,-292.566,0,2.31481e+12,3,0.2,0,planet1,1,1
5241,0.5,0.5,0.5,-140.622,-93.4052,0,-248.656,135.509,0,2.31481e+12,3,0.2,8.99297e+16,planet1,1,1
5255,0.5,0.5,0.5,269.84,199.364,0,1152.67,-69.8767,0,2.31481e+12,3,0.2,0,planet1,1,1
5256,0.5,0.5,0.5,-214.73,-342.231,0,-368.092,-825.032,0,2.31481e+12,3,0.2,8.25918e+17,planet1,1,1
5259,0.5,0.5,0.5,-186.723,33.629,0,216.766,646.742,0,2.31481e+12,3,0.2,3.55821e+17,planet1,1,1
5265,0.5,0.5,0.5,-153.772,-99.7756,0,-121.621,217.996,0,2.31481e+12,3,0.2,2.9827e+17,planet1,1,1
5272,0.5,0.5,0.5,-146.026,-56.3497,0,-11.7608,404.897,0,2.31481e+12,3,0.2,2.21378e+17,planet1,1,1
5273,0.5,0.5,0.5,73.6574,346.887,0,978.96,705.741,0,2.31481e+12,3,0.2,0,planet1,1,1
5274,0.5,0.5,0.5,-174.907,-3.54734,0,239.977,793.556,0,2.31481e+12,3,0.2,1.05519e+18,planet1,1,1
5277,0.5,0.5,0.5,254.54,15.5582,0,729.035,-490.796,0,2.31481e+12,3,0.2,0,planet1,1,1
5291,0.5,0.5,0.5,-107.992,45.1629,0,336.328,843.724,0,2.31481e+12,3,0.2,1.48059e+18,planet1,1,1
5296,0.5,0.5,0.5,206.229,-311.843,0,-77.8563,-1196.47,0,2.31481e+12,3,0.2,0,planet1,1,1
5297,0.5,0.5,0.5,93.422,224.638,0,770.592,362.712,0,2.31481e+12,3,0.2,0,planet1,1,1
5298,0.5,0.5,0.5,-300.24,187.792,0,-204.423,694.289,0,2.31481e+12,3,0.2,8.50899e+16,planet1,1,1
5310,0.5,0.5,0.5,91.4824,-294.372,0,-324.428,-912.656,0,2.31481e+12,3,0.2,0,planet1,1,1
5311,0.5,0.5,0.5,125.342,-16.1812,0,343.333,-297.721,0,2.31481e+12,3,0.2,0,planet1,1,1
5316,0.5,0.5,0.5,111.309,-31.8431,0,275.659,-306.813,0,2.31481e+12,3,0.2,0,planet1,1,1
5337,0.5,0.5,0.5,-264.168,91.3234,0,98.4402,518.859,0,2.31481e+12,3,0.2,2.73091e+17,planet1,1,1
5357,0.5,0.5,0.5,76.8795,251.721,0,788.422,473.69,0,2.31481e+12,3,0.2,1.13685e+14,planet1,1,1
5364,0.5,0.5,0.5,403.94,52.4712,0,1173.98,-714.499,0,2.31481e+12,3,0.2,0,planet1,1,1
5365,0.5,0.5,0.5,4.20126,-195.349,0,-331.491,-484.91,0,2.31481e+12,3,0.2,0,planet1,1,1
5366,0.5,0.5,0.5,297.585,151.552,0,1120.48,-246.379,0,2.31481e+12,3,0.2,0,planet1,1,1
5370,0.5,0.5,0.5,-10.78,-211.393,0,-402.359,-492.891,0,2.31481e+12,3,0.2,0,planet1,1,1
5371,0.5,0.5,0.5,-82.0636,-106.258,0,-357.867,-84.2804,0,2.31481e+12,3,0.2,0,planet1,1,1
5377,0.5,0.5,0.5,114.555,-165.632,0,3.11455,-643.251,0,2.31481e+12,3,0.2,0,planet1,1,1
5386,0.5,0.5,0.5,-29.5551,-409.305,0,-864.396,-940.803,0,2.31481e+12,3,0.2,0,planet1,1,1
5387,0.5,0.5,0.5,174.081,-258.761,0,-45.525,-998.031,0,2.31481e+12,3,0.2,0,planet1,1,1
5391,0.5,0.5,0.5,214.035,198.011,0,1011.92,43.8279,0,2.31481e+12,3,0.2,0,planet1,1,1
5402,0.5,0.5,0.5,-149.636,-88.9882,0,-149.557,226.638,0,2.31481e+12,3,0.2,3.85537e+17,planet1,1,1
5413,0.5,0.5,0.5,389.005,90.4941,0,1217.34,-589.167,0,2.31481e+12,3,0.2,0,planet1,1,1
5421,0.5,0.5,0.5,-83.1711,8.21843,0,-47.7146,249.357,0,2.31481e+12,3,0.2,1.25635e+16,planet1,1,1
5423,0.5,0.5,0.5,349.307,107.824,0,1156.06,-462.129,0,2.31481e+12,3,0.2,0,planet1,1,1
5428,0.5,0.5,0.5,-193.16,-295.923,0,-91.9031,-505.695,0,2.31481e+12,3,0.2,7.11782e+17,planet1,1,1
5430,0.5,0.5,0.5,103.994,-69.2437,0,179.468,-383.727,0,2.31481e+12,3,0.2,0,planet1,1,1
5439,0.5,0.5,0.5,109.665,237.239,0,837.425,359.841,0,2.31481e+12,3,0.2,0,planet1,1,1
5440,0.5,0.5,0.5,90.3902,346.161,0,1018.9,668.706,0,2.31481e+12,3,0.2,0,planet1,1,1
5441,0.5,0.5,0.5,-147.002,-151.651,0,-257.056,-21.6031,0,2.31481e+12,3,0.2,2.40567e+16,planet1,1,1
5454,0.5,0.5,0.5,135.206,39.5906,0,484.699,-180.857,0,2.31481e+12,3,0.2,0,planet1,1,1
5475,0.5,0.5,0.5,-29.8297,-396.718,0,-838.234,-909.516,0,2.31481e+12,3,0.2,0,planet1,1,1
5476,0.5,0.5,0.5,189.382,-112.871,0,298.394,-670.512,0,2.31481e+12,3,0.2,0,planet1,1,1
5481,0.5,0.5,0.5,-268.595,324.293,0,-345.111,967.34,0,2.31481e+12,3,0.2,1.11157e+18,planet1,1,1
5489,0.5,0.5,0.5,177.921,-81.3193,0,336.742,-569,0,2.31481e+12,3,0.2,0,planet1,1,1
5491,0.5,0.5,0.5,-210.095,-391.605,0,-1272.95,-517.263,0,2.31481e+12,3,0.2,0,planet1,1,1
5496,0.5,0.5,0.5,-168.786,-179.23,0,-109.347,-19.9994,0,2.31481e+12,3,0.2,2.87473e+17,planet1,1,1
5498,0.5,0.5,0.5,-273.73,320.88,0,-272.454,913.345,0,2.31481e+12,3,0.2,8.91573e+17,planet1,1,1
5500,0.5,0.5,0.5,-283.439,-395.495,0,-654.459,-1187.39,0,2.31481e+12,3,0.2,1.95123e+18,planet1,1,1
5508,0.5,0.5,0.5,74.3795,263.932,0,813.467,505.482,0,2.31481e+12,3,0.2,1.45676e+14,planet1,1,1
5511,0.5,0.5,0.5,50.4386,45.5823,0,288.197,11.3917,0,2.31481e+12,3,0.2,0,planet1,1,1
5524,0.5,0.5,0.5,69.5779,35.7869,0,314.977,-52.5683,0,2.31481e+12,3,0.2,0,planet1,1,1
5528,0.5,0.5,0.5,-223.676,-295.991,0,-8.97286,-274.431,0,2.31481e+12,3,0.2,2.68174e+18,planet1,1,1
5533,0.5,0.5,0.5,13.842,-364.468,0,-663.472,-922.204,0,2.31481e+12,3,0.2,0,planet1,1,1
5552,0.5,0.5,0.5,-169.95,-163.574,0,-153.964,69.128,0,2.31481e+12,3,0.2,3.10758e+17,planet1,1,1
5560,0.5,0.5,0.5,-182.587,-108.719,0,-60.4107,398.722,0,2.31481e+12,3,0.2,7.16023e+17,planet1,1,1
5564,0.5,0.5,0.5,118.02,272.497,0,931.909,429.375,0,2.31481e+12,3,0.2,0,planet1,1,1
5570,0.5,0.5,0.5,-206.703,-278.129,0,-188.269,-226.488,0,2.31481e+12,3,0.2,9.36974e+17,planet1,1,1
5572,0.5,0.5,0.5,-160.191,-137.115,0,-142.555,151.683,0,2.31481e+12,3,0.2,1.62503e+17,planet1,1,1
5574,0.5,0.5,0.5,-63.6688,-223.033,0,-557.338,-410.824,0,2.31481e+12,3,0.2,0,planet1,1,1
5576,0.5,0.5,0.5,-66.1967,70.983,0,215.363,536.117,0,2.31481e+12,3,0.2,4.0791e+17,planet1,1,1
5577,0.5,0.5,0.5,-84.8358,338.572,0,170.458,967.649,0,2.31481e+12,3,0.2,2.44674e+17,planet1,1,1
5578,0.5,0.5,0.5,113.866,259.097,0,893.212,405.086,0,2.31481e+12,3,0.2,0,planet1,1,1
5579,0.5,0.5,0.5,-159.511,-315.161,0,-987.024,-436.253,0,2.31481e+12,3,0.2,0,planet1,1,1
5593,0.5,0.5,0.5,166.326,197.495,0,893.04,142.857,0,2.31481e+12,3,0.2,0,planet1,1,1
5610,0.5,0.5,0.5,35.5656,56.1829,0,273.601,68.9022,0,2.31481e+12,3,0.2,0,planet1,1,1
5616,0.5,0.5,0.5,-83.558,53.6319,0,86.6403,526.31,0,2.31481e+12,3,0.2,2.19518e+17,planet1,1,1
5619,0.5,0.5,0.5,10.0881,-149.483,0,-220.883,-384.317,0,2.31481e+12,3,0.2,0,planet1,1,1
5623,0.5,0.5,0.5,-124.262,-27.7665,0,-15.0809,442.112,0,2.31481e+12,3,0.2,1.47166e+17,planet1,1,1
5627,0.5,0.5,0.5,250.336,42.538,0,774.925,-415.333,0,2.31481e+12,3,0.2,0,planet1,1,1
5633,0.5,0.5,0.5,274.213,-123.221,0,485.879,-874.235,0,2.31481e+12,3,0.2,0,planet1,1,1
5635,0.5,0.5,0.5,-111.265,-422.101,0,-1093.22,-800.713,0,2.31481e+12,3,0.2,0,planet1,1,1
5656,0.5,0.5,0.5,-166.148,-147.914,0,-143.771,74.6865,0,2.31481e+12,3,0.2,2.80579e+17,planet1,1,1
5669,0.5,0.5,0.5,-121.842,232.989,0,36.25,1112.97,0,2.31481e+12,3,0.2,-1.71751e+17,planet1,1,1
5671,0.5,0.5,0.5,-23.1666,63.8505,0,143.898,211.013,0,2.31481e+12,3,0.2,0,planet1,1,1
5680,0.5,0.5,0.5,307.048,-185.017,0,436.762,-1095.45,0,2.31481e+12,3,0.2,0,planet1,1,1
5682,0.5,0.5,0.5,334.174,-144.838,0,588.146,-1053.87,0,2.31481e+12,3,0.2,0,planet1,1,1
5688,0.5,0.5,0.5,-147.247,262.697,0,-49.808,986.442,0,2.31481e+12,3,0.2,7.11231e+16,planet1,1,1
5699,0.5,0.5,0.5,251.343,-110.842,0,455.544,-795.7,0,2.31481e+12,3,0.2,0,planet1,1,1
5703,0.5,0.5,0.5,-73.0361,-168.932,0,-467.164,-257.627,0,2.31481e+12,3,0.2,0,planet1,1,1
5712,0.5,0.5,0.5,51.4601,-119.941,0,-57.2137,-398.525,0,2.31481e+12,3,0.2,0,planet1,1,1
5715,0.5,0.5,0.5,87.258,368.002,0,1057.09,729.147,0,2.31481e+12,3,0.2,0,planet1,1,1
5719,0.5,0.5,0.5,-212.918,-205.022,0,-39.3095,26.1446,0,2.31481e+12,3,0.2,1.34871e+18,planet1,1,1
5734,0.5,0.5,0.5,24.6853,-2.90009,0,122.156,-53.545,0,2.31481e+12,3,0.2,0,planet1,1,1
5735,0.5,0.5,0.5,15.7482,-290.796,0,-503.83,-744.58,0,2.31481e+12,3,0.2,0,planet1,1,1
5737,0.5,0.5,0.5,302.647,-108.621,0,586.521,-898.046,0,2.31481e+12,3,0.2,0,planet1,1,1
5740,0.5,0.5,0.5,3.56225,-441.403,0,-850.893,-1089.6,0,2.31481e+12,3,0.2,0,planet1,1,1
5751,0.5,0.5,0.5,245.644,-102.729,0,458.636,-763.942,0,2.31481e+12,3,0.2,0,planet1,1,1
5752,0.5,0.5,0.5,-83.5284,-167.761,0,-490.575,-232.61,0,2.31481e+12,3,0.2,0,planet1,1,1
5754,0.5,0.5,0.5,317.958,-229.716,0,369.365,-1228.75,0,2.31481e+12,3,0.2,0,planet1,1,1
5755,0.5,0.5,0.5,68.9646,-200.393,0,-182.39,-633.631,0,2.31481e+12,3,0.2,0,planet1,1,1
5770,0.5,0.5,0.5,241.857,9.6765,0,685.205,-478.786,0,2.31481e+12,3,0.2,0,planet1,1,1
5780,0.5,0.5,0.5,3.79989,-347.529,0,-652.021,-859.12,0,2.31481e+12,3,0.2,0,planet1,1,1
5799,0.5,0.5,0.5,164.051,-94.768,0,273.719,-572.576,0,2.31481e+12,3,0.2,0,planet1,1,1
5803,0.5,0.5,0.5,-183.434,-262.646,0,-274.107,-337.578,0,2.31481e+12,3,0.2,1.37433e+17,planet1,1,1
5804,0.5,0.5,0.5,-215.937,-229.062,0,-43.7661,-43.1914,0,2.31481e+12,3,0.2,1.0009e+18,planet1,1,1
5805,0.5,0.5,0.5,-243.202,-349.313,0,-364.586,-619.328,0,2.31481e+12,3,0.2,1.93378e+18,planet1,1,1
5810,0.5,0.5,0.5,285.361,-60.8376,0,644.279,-744.2,0,2.31481e+12,3,0.2,0,planet1,1,1
5822,0.5,0.5,0.5,-143.188,-138.478,0,-369.033,-247.225,0,2.31481e+12,3,0.2,4.11265e+16,planet1,1,1
5836,0.5,0.5,0.5,149.75,209.262,0,877.703,207.065,0,2.31481e+12,3,0.2,0,planet1,1,1
5837,0.5,0.5,0.5,239.768,-335.371,0,-45.6194,-1324.81,0,2.31481e+12,3,0.2,0,planet1,1,1
5838,0.5,0.5,0.5,203.861,13.3088,0,599.336,-389.835,0,2.31481e+12,3,0.2,0,planet1,1,1
5859,0.5,0.5,0.5,-119.793,392.477,0,91.9158,1196.79,0,2.31481e+12,3,0.2,5.28515e+17,planet1,1,1
5863,0.5,0.5,0.5,338.223,-260.168,0,354.542,-1346.63,0,2.31481e+12,3,0.2,0,planet1,1,1
5865,0.5,0.5,0.5,107.567,206.823,0,768.319,289.567,0,2.31481e+12,3,0.2,0,planet1,1,1
5867,0.5,0.5,0.5,-220.606,-310.878,0,3.43597,-527.464,0,2.31481e+12,3,0.2,1.29247e+18,planet1,1,1
5888,0.5,0.5,0.5,-16.1096,85.9271,0,206.416,269.034,0,2.31481e+12,3,0.2,4.58834e+14,planet1,1,1
5899,0.5,0.5,0.5,-172.124,-36.5314,0,156.125,624.358,0,2.31481e+12,3,0.2,1.93645e+18,planet1,1,1
5902,0.5,0.5,0.5,-183.625,-142.592,0,-23.1564,308.222,0,2.31481e+12,3,0.2,5.14196e+17,planet1,1,1
5907,0.5,0.5,0.5,-218.867,-204.089,0,-41.0182,32.2892,0,2.31481e+12,3,0.2,2.22254e+18,planet1,1,1
5910,0.5,0.5,0.5,170.407,-373.392,0,-296.054,-1273.1,0,2.31481e+12,3,0.2,0,planet1,1,1
5915,0.5,0.5,0.5,82.4522,399.881,0,1140.91,868.622,0,2.31481e+12,3,0.2,1.02187e+16,planet1,1,1
5929,0.5,0.5,0.5,-189.346,-240.77,0,-175.216,-154.481,0,2.31481e+12,3,0.2,8.61108e+17,planet1,1,1
5933,0.5,0.5,0.5,-58.1482,119.569,0,115.243,617.274,0,2.31481e+12,3,0.2,1.05824e+17,planet1,1,1
5945,0.5,0.5,0.5,213.506,-61.5774,0,465.347,-595.013,0,2.31481e+12,3,0.2,0,planet1,1,1
5948,0.5,0.5,0.5,31.2207,-206.297,0,-288.104,-569.198,0,2.31481e+12,3,0.2,0,planet1,1,1
5962,0.5,0.5,0.5,151.338,295.406,0,1062.42,416.142,0,2.31481e+12,3,0.2,0,planet1,1,1
5972,0.5,0.5,0.5,72.1678,-397.625,0,-589.521,-1126.33,0,2.31481e+12,3,0.2,0,planet1,1,1
5973,0.5,0.5,0.5,182.391,147.323,0,827.67,-14.213,0,2.31481e+12,3,0.2,0,planet1,1,1
5978,0.5,0.5,0.5,-251.243,-364.738,0,-265.098,-818.937,0,2.31481e+12,3,0.2,1.77968e+18,planet1,1,1
5999,0.5,0.5,0.5,171.122,-149.262,0,176.723,-721.838,0,2.31481e+12,3,0.2,0,planet1,1,1
6004,0.5,0.5,0.5,-178.914,-337.012,0,-1081.53,-448.894,0,2.31481e+12,3,0.2,0,planet1,1,1
6012,0.5,0.5,0.5,277.504,-261.009,0,203.973,-1221.24,0,2.31481e+12,3,0.2,0,planet1,1,1
6040,0.5,0.5,0.5,311.172,142.038,0,1133.79,-298.123,0,2.31481e+12,3,0.2,0,planet1,1,1
6053,0.5,0.5,0.5,62.3262,-261.554,0,-327.446,-770.528,0,2.31481e+12,3,0.2,0,planet1,1,1
6055,0.5,0.5,0.5,105.065,22.2924,0,373.983,-160.444,0,2.31481e+12,3,0.2,0,planet1,1,1
6066,0.5,0.5,0.5,369.87,96.3382,0,1182.53,-534.257,0,2.31481e+12,3,0.2,0,planet1,1,1
6067,0.5,0.5,0.5,241.785,163.664,0,1008.33,-98.8176,0,2.31481e+12,3,0.2,0,planet1,1,1
6069,0.5,0.5,0.5,55.9215,11.2774,0,229.426,-84.3166,0,2.31481e+12,3,0.2,0,planet1,1,1
6070,0.5,0.5,0.5,171.993,23.1401,0,541.197,-298.814,0,2.31481e+12,3,0.2,0,planet1,1,1
6073,0.5,0.5,0.5,-200.869,-248.309,0,-44.8635,-51.2974,0,2.31481e+12,3,0.2,7.42374e+17,planet1,1,1
6079,0.5,0.5,0.5,-198.233,-292.669,0,-13.8045,-354.561,0,2.31481e+12,3,0.2,7.95272e+17,planet1,1,1
6080,0.5,0.5,0.5,146.742,70.6928,0,578.718,-128.209,0,2.31481e+12,3,0.2,0,planet1,1,1
6090,0.5,0.5,0.5,-175.433,-133.323,0,-64.7814,234.98,0,2.31481e+12,3,0.2,4.99644e+17,planet1,1,1
6094,0.5,0.5,0.5,97.9128,-227.501,0,-167.957,-761.413,0,2.31481e+12,3,0.2,0,planet1,1,1
6103,0.5,0.5,0.5,-209.94,-327.354,0,-162.252,-526.452,0,2.31481e+12,3,0.2,1.02924e+18,planet1,1,1
6104,0.5,0.5,0.5,-162.032,-407.282,0,-1187.31,-657.584,0,2.31481e+12,3,0.2,0,planet1,1,1
6105,0.5,0.5,0.5,401.704,-84.3638,0,880.851,-1046.95,0,2.31481e+12,3,0.2,0,planet1,1,1
6111,0.5,0.5,0.5,277.537,149.2,0,1066.29,-209.311,0,2.31481e+12,3,0.2,0,planet1,1,1
6113,0.5,0.5,0.5,258.418,2.57341,0,711.04,-531.345,0,2.31481e+12,3,0.2,0,planet1,1,1
6116,0.5,0.5,0.5,-188.942,-145.371,0,-39.1503,338.399,0,2.31481e+12,3,0.2,5.50042e+17,planet1,1,1
6125,0.5,0.5,0.5,-94.808,41.0508,0,60.8022,562.075,0,2.31481e+12,3,0.2,7.54598e+17,planet1,1,1
6134,0.5,0.5,0.5,149.068,-77.8098,0,272.381,-499.829,0,2.31481e+12,3,0.2,0,planet1,1,1
6145,0.5,0.5,0.5,152.001,225.154,0,916.185,241.39,0,2.31481e+12,3,0.2,0,planet1,1,1
6151,0.5,0.5,0.5,243.694,-284.303,0,71.6475,-1207.16,0,2.31481e+12,3,0.2,0,planet1,1,1
6159,0.5,0.5,0.5,11.6899,-177.369,0,-275.545,-456.729,0,2.31481e+12,3,0.2,0,planet1,1,1
6173,0.5,0.5,0.5,-110.311,232.333,0,10.7931,1040.37,0,2.31481e+12,3,0.2,2.14562e+17,planet1,1,1
6175,0.5,0.5,0.5,-163.495,-29.0366,0,197.499,609.476,0,2.31481e+12,3,0.2,1.13873e+18,planet1,1,1
6186,0.5,0.5,0.5,292.544,-272.743,0,216.354,-1281.29,0,2.31481e+12,3,0.2,0,planet1,1,1
6187,0.5,0.5,0.5,191.931,-141.495,0,244.104,-746.654,0,2.31481e+12,3,0.2,0,planet1,1,1
6213,0.5,0.5,0.5,-64.895,282.056,0,175.902,1016.25,0,2.31481e+12,3,0.2,4.47341e+17,planet1,1,1
6220,0.5,0.5,0.5,199.68,-193.345,0,154.62,-890.55,0,2.31481e+12,3,0.2,0,planet1,1,1
6235,0.5,0.5,0.5,-124.011,10.9056,0,30.0988,618.596,0,2.31481e+12,3,0.2,3.90572e+17,planet1,1,1
6238,0.5,0.5,0.5,267.376,-159.614,0,392.794,-949.996,0,2.31481e+12,3,0.2,0,planet1,1,1
6247,0.5,0.5,0.5,-188.781,-86.5592,0,139.46,465.871,0,2.31481e+12,3,0.2,3.2385e+18,planet1,1,1
6254,0.5,0.5,0.5,-17.9305,-60.8989,0,-104.667,-107.254,0,2.31481e+12,3,0.2,0,planet1,1,1
6263,0.5,0.5,0.5,27.5982,-40.2668,0,51.3976,-152.157,0,2.31481e+12,3,0.2,0,planet1,1,1
6270,0.5,0.5,0.5,308.345,163.998,0,1173.22,-237.967,0,2.31481e+12,3,0.2,0,planet1,1,1
6274,0.5,0.5,0.5,0.321587,-57.7582,0,-52.802,-137.558,0,2.31481e+12,3,0.2,0,planet1,1,1
6293,0.5,0.5,0.5,193.636,117.261,0,791.732,-112.041,0,2.31481e+12,3,0.2,0,planet1,1,1
6295,0.5,0.5,0.5,-127.956,-212.221,0,-693.306,-248.787,0,2.31481e+12,3,0.2,0,planet1,1,1
6299,0.5,0.5,0.5,155.261,-181.853,0,68.8558,-769.012,0,2.31481e+12,3,0.2,0,planet1,1,1
6305,0.5,0.5,0.5,191.194,-8.19146,0,522.561,-416.115,0,2.31481e+12,3,0.2,0,planet1,1,1
6308,0.5,0.5,0.5,-222.658,-363.448,0,-775.714,-483.33,0,2.31481e+12,3,0.2,1.75089e+17,planet1,1,1
6309,0.5,0.5,0.5,112.988,-377.964,0,-447.507,-1163.21,0,2.31481e+12,3,0.2,0,planet1,1,1
6314,0.5,0.5,0.5,110.081,124.698,0,601.777,81.6536,0,2.31481e+12,3,0.2,0,planet1,1,1
6315,0.5,0.5,0.5,125.403,-142.373,0,78.8464,-609.142,0,2.31481e+12,3,0.2,0,planet1,1,1
6317,0.5,0.5,0.5,-119.54,37.4744,0,320.273,833.934,0,2.31481e+12,3,0.2,2.58816e+18,planet1,1,1
6318,0.5,0.5,0.5,-208.349,-304.987,0,-89.1004,-460.375,0,2.31481e+12,3,0.2,1.4313e+18,planet1,1,1
6327,0.5,0.5,0.5,379.948,29.629,0,1067.66,-719.608,0,2.31481e+12,3,0.2,0,planet1,1,1
6335,0.5,0.5,0.5,298.676,-125.584,0,541.314,-931.511,0,2.31481e+12,3,0.2,0,planet1,1,1
6348,0.5,0.5,0.5,157.419,-46.7288,0,358.58,-440.265,0,2.31481e+12,3,0.2,0,planet1,1,1
6352,0.5,0.5,0.5,169.608,253.522,0,1019.05,273.829,0,2.31481e+12,3,0.2,0,planet1,1,1
6353,0.5,0.5,0.5,-55.2516,-377.025,0,-860.234,-807.781,0,2.31481e+12,3,0.2,0,planet1,1,1
6354,0.5,0.5,0.5,291.669,-259.016,0,243.252,-1245.49,0,2.31481e+12,3,0.2,0,planet1,1,1
6355,0.5,0.5,0.5,-32.5785,-100.112,0,-222.698,-172.954,0,2.31481e+12,3,0.2,0,planet1,1,1
6360,0.5,0.5,0.5,48.1728,-18.5682,0,147.909,-141.556,0,2.31481e+12,3,0.2,0,planet1,1,1
6374,0.5,0.5,0.5,212.588,65.88,0,730.933,-278.434,0,2.31481e+12,3,0.2,0,planet1,1,1
6389,0.5,0.5,0.5,-18.0435,-194.811,0,-385.514,-436.783,0,2.31481e+12,3,0.2,0,planet1,1,1
6395,0.5,0.5,0.5,-256.544,-387.763,0,-736.754,-1408.9,0,2.31481e+12,3,0.2,2.94556e+17,planet1,1,1
6397,0.5,0.5,0.5,210.075,139.677,0,880.144,-91.7708,0,2.31481e+12,3,0.2,0,planet1,1,1
6398,0.5,0.5,0.5,25.9417,48.0868,0,233.139,69.0708,0,2.31481e+12,3,0.2,0,planet1,1,1
6402,0.5,0.5,0.5,189.845,-279.987,0,-51.813,-1083.64,0,2.31481e+12,3,0.2,0,planet1,1,1
6406,0.5,0.5,0.5,215.99,277.882,0,1184.89,236.643,0,2.31481e+12,3,0.2,0,planet1,1,1
6415,0.5,0.5,0.5,-47.5465,-191.806,0,-452.308,-367.763,0,2.31481e+12,3,0.2,0,planet1,1,1
6426,0.5,0.5,0.5,173.831,315.791,0,1160.55,419.02,0,2.31481e+12,3,0.2,0,planet1,1,1
6431,0.5,0.5,0.5,7.85828,-132.659,0,-191.185,-337.912,0,2.31481e+12,3,0.2,0,planet1,1,1
6436,0.5,0.5,0.5,142.749,227.395,0,898.449,266.603,0,2.31481e+12,3,0.2,0,planet1,1,1
6441,0.5,0.5,0.5,33.483,-145.332,0,-154.718,-422.926,0,2.31481e+12,3,0.2,0,planet1,1,1
6444,0.5,0.5,0.5,4.59814,-13.2852,0,51.4684,-36.9868,0,2.31481e+12,3,0.2,0,planet1,1,1
6455,0.5,0.5,0.5,-6.74255,-168.482,0,-302.28,-395.615,0,2.31481e+12,3,0.2,0,planet1,1,1
6458,0.5,0.5,0.5,210.459,241.045,0,1094.06,157.581,0,2.31481e+12,3,0.2,0,planet1,1,1
6461,0.5,0.5,0.5,233.408,83.3696,0,819.106,-279.069,0,2.31481e+12,3,0.2,0,planet1,1,1
6464,0.5,0.5,0.5,179.416,327.581,0,1198.93,436.024,0,2.31481e+12,3,0.2,0,planet1,1,1
6468,0.5,0.5,0.5,31.1122,176.19,0,514.71,373.985,0,2.31481e+12,3,0.2,0,planet1,1,1
6473,0.5,0.5,0.5,-196.807,-153.791,0,19.3111,335.055,0,2.31481e+12,3,0.2,9.09726e+17,planet1,1,1
6476,0.5,0.5,0.5,-168.295,-330.616,0,-1041.4,-455.655,0,2.31481e+12,3,0.2,0,planet1,1,1
6477,0.5,0.5,0.5,-214.905,327.899,0,-274.053,943.031,0,2.31481e+12,3,0.2,5.47779e+17,planet1,1,1
6483,0.5,0.5,0.5,139.358,133.89,0,693.352,42.2528,0,2.31481e+12,3,0.2,0,planet1,1,1
6506,0.5,0.5,0.5,-187.974,-99.6936,0,62.9375,409.846,0,2.31481e+12,3,0.2,1.30995e+18,planet1,1,1
6514,0.5,0.5,0.5,44.2216,-285.012,0,-421.24,-789.993,0,2.31481e+12,3,0.2,0,planet1,1,1
6516,0.5,0.5,0.5,-134.831,-30.2021,0,30.4234,372.62,0,2.31481e+12,3,0.2,1.47797e+17,planet1,1,1
6521,0.5,0.5,0.5,327.629,-180.779,0,496.196,-1128.54,0,2.31481e+12,3,0.2,0,planet1,1,1
6523,0.5,0.5,0.5,-202.455,-366.519,0,-1201.35,-472.242,0,2.31481e+12,3,0.2,0,planet1,1,1
6532,0.5,0.5,0.5,-118.517,-42.1886,0,-187.383,185.44,0,2.31481e+12,3,0.2,2.40151e+16,planet1,1,1
6534,0.5,0.5,0.5,-143.686,-88.1695,0,-146.3,227.826,0,2.31481e+12,3,0.2,1.75571e+17,planet1,1,1
6539,0.5,0.5,0.5,28.5247,8.96711,0,157.089,-32.3916,0,2.31481e+12,3,0.2,0,planet1,1,1
6546,0.5,0.5,0.5,-193.192,-108.525,0,78.455,440.065,0,2.31481e+12,3,0.2,2.63129e+18,planet1,1,1
6550,0.5,0.5,0.5,-216.2,-193.374,0,-87.5922,71.3096,0,2.31481e+12,3,0.2,1.50611e+18,planet1,1,1
6563,0.5,0.5,0.5,292.366,68.3715,0,932.724,-439.707,0,2.31481e+12,3,0.2,0,planet1,1,1
6584,0.5,0.5,0.5,-240.492,-354.751,0,-401.993,-688.381,0,2.31481e+12,3,0.2,1.41976e+18,planet1,1,1
6585,0.5,0.5,0.5,2.14825,-359.426,0,-681.408,-885.076,0,2.31481e+12,3,0.2,0,planet1,1,1
6595,0.5,0.5,0.5,-48.9768,-267.123,0,-613.429,-550.223,0,2.31481e+12,3,0.2,0,planet1,1,1
6606,0.5,0.5,0.5,-182.739,-114.719,0,17.8052,394.48,0,2.31481e+12,3,0.2,5.46753e+17,planet1,1,1
6622,0.5,0.5,0.5,232.148,-20.5681,0,598.03,-532.422,0,2.31481e+12,3,0.2,0,planet1,1,1
6633,0.5,0.5,0.5,-185.252,-236.371,0,-196.874,-147.662,0,2.31481e+12,3,0.2,7.71356e+17,planet1,1,1
6656,0.5,0.5,0.5,26.7638,-257.73,0,-407.026,-686.288,0,2.31481e+12,3,0.2,0,planet1,1,1
6665,0.5,0.5,0.5,-109.245,-276.109,0,-781.466,-445.737,0,2.31481e+12,3,0.2,0,planet1,1,1
6671,0.5,0.5,0.5,33.0962,121.167,0,404.311,234.165,0,2.31481e+12,3,0.2,0,planet1,1,1
6673,0.5,0.5,0.5,-64.9949,-246.737,0,-610.512,-466.357,0,2.31481e+12,3,0.2,0,planet1,1,1
6675,0.5,0.5,0.5,146.378,-376.414,0,-361.99,-1230.05,0,2.31481e+12,3,0.2,0,planet1,1,1
6676,0.5,0.5,0.5,153.375,103.945,0,664.824,-60.6395,0,2.31481e+12,3,0.2,0,planet1,1,1
6683,0.5,0.5,0.5,-114.696,-102.16,0,-429.715,-5.56017,0,2.31481e+12,3,0.2,0,planet1,1,1
6686,0.5,0.5,0.5,94.8846,208.289,0,739.9,319.463,0,2.31481e+12,3,0.2,0,planet1,1,1
6695,0.5,0.5,0.5,-78.1592,-333.983,0,-825.996,-653.382,0,2.31481e+12,3,0.2,0,planet1,1,1
6699,0.5,0.5,0.5,85.1491,233.621,0,769.463,402.641,0,2.31481e+12,3,0.2,0,planet1,1,1
6720,0.5,0.5,0.5,90.1155,-356.174,0,-457.716,-1061.63,0,2.31481e+12,3,0.2,0,planet1,1,1
6721,0.5,0.5,0.5,398.292,-32.0638,0,982.976,-910.774,0,2.31481e+12,3,0.2,0,planet1,1,1
6725,0.5,0.5,0.5,-171.701,-277.433,0,-938.42,-317.646,0,2.31481e+12,3,0.2,0,planet1,1,1
6743,0.5,0.5,0.5,242.694,-148.5,0,354.732,-870.438,0,2.31481e+12,3,0.2,0,planet1,1,1
6762,0.5,0.5,0.5,-148.663,36.3803,0,227.695,901.037,0,2.31481e+12,3,0.2,1.74363e+18,planet1,1,1
6763,0.5,0.5,0.5,-31.7836,103.023,0,200.88,361.91,0,2.31481e+12,3,0.2,1.83103e+15,planet1,1,1
6773,0.5,0.5,0.5,-217.166,-251.063,0,-74.0054,-47.275,0,2.31481e+12,3,0.2,2.19436e+18,planet1,1,1
6779,0.5,0.5,0.5,22.4948,-235.084,0,-370.179,-621.398,0,2.31481e+12,3,0.2,0,planet1,1,1
6798,0.5,0.5,0.5,-22.1131,-386.044,0,-796.642,-899.286,0,2.31481e+12,3,0.2,0,planet1,1,1
6803,0.5,0.5,0.5,80.6228,-246.267,0,-250.188,-770.571,0,2.31481e+12,3,0.2,0,planet1,1,1
6827,0.5,0.5,0.5,154.81,309.659,0,1100.72,443.486,0,2.31481e+12,3,0.2,0,planet1,1,1
6835,0.5,0.5,0.5,-186.122,-347.41,0,-1120.72,-459.429,0,2.31481e+12,3,0.2,0,planet1,1,1
6871,0.5,0.5,0.5,22.6083,229.899,0,607.742,524.571,0,2.31481e+12,3,0.2,0,planet1,1,1
6882,0.5,0.5,0.5,-200.302,264.406,0,-92.4193,949.194,0,2.31481e+12,3,0.2,1.00799e+17,planet1,1,1
6887,0.5,0.5,0.5,-163.361,-153.544,0,-168.325,80.495,0,2.31481e+12,3,0.2,3.58398e+17,planet1,1,1
6907,0.5,0.5,0.5,77.9845,60.0262,0,386.399,-10.1774,0,2.31481e+12,3,0.2,0,planet1,1,1
6914,0.5,0.5,0.5,-119.15,-240.051,0,-730.386,-335.753,0,2.31481e+12,3,0.2,0,planet1,1,1
6923,0.5,0.5,0.5,-120.044,64.2294,0,349.545,857.767,0,2.31481e+12,3,0.2,7.80356e+17,planet1,1,1
6939,0.5,0.5,0.5,119.739,169.98,0,720.726,173.036,0,2.31481e+12,3,0.2,0,planet1,1,1
6953,0.5,0.5,0.5,304.175,35.1084,0,892.329,-546.791,0,2.31481e+12,3,0.2,0,planet1,1,1
6959,0.5,0.5,0.5,316.842,-117.39,0,603.035,-949.5,0,2.31481e+12,3,0.2,0,planet1,1,1
6979,0.5,0.5,0.5,-47.3917,-179.755,0,-426.458,-338.251,0,2.31481e+12,3,0.2,0,planet1,1,1
6988,0.5,0.5,0.5,-264.447,340.677,0,-323.433,948.31,0,2.31481e+12,3,0.2,4.14533e+17,planet1,1,1
6989,0.5,0.5,0.5,-80.3756,-312.012,0,-785.746,-595.186,0,2.31481e+12,3,0.2,0,planet1,1,1
6997,0.5,0.5,0.5,-102.884,-234.145,0,-677.969,-355.357,0,2.31481e+12,3,0.2,0,planet1,1,1
7004,0.5,0.5,0.5,304.906,-69.3798,0,674.927,-806.102,0,2.31481e+12,3,0.2,0,planet1,1,1
7012,0.5,0.5,0.5,-211.952,297.153,0,-308.972,935.348,0,2.31481e+12,3,0.2,3.95541e+17,planet1,1,1
7027,0.5,0.5,0.5,-225.989,-308.225,0,83.0214,-354.662,0,2.31481e+12,3,0.2,4.27051e+18,planet1,1,1
7028,0.5,0.5,0.5,364.18,-69.0075,0,821.511,-929.627,0,2.31481e+12,3,0.2,0,planet1,1,1
7043,0.5,0.5,0.5,297.14,190.434,0,1201.5,-149.444,0,2.31481e+12,3,0.2,0,planet1,1,1
7059,0.5,0.5,0.5,-25.5896,-281.739,0,-586.783,-635.289,0,2.31481e+12,3,0.2,0,planet1,1,1
7067,0.5,0.5,0.5,41.8045,-170.581,0,-187.249,-502.765,0,2.31481e+12,3,0.2,0,planet1,1,1
7073,0.5,0.5,0.5,97.5692,263.319,0,861.831,450.194,0,2.31481e+12,3,0.2,0,planet1,1,1
7080,0.5,0.5,0.5,244.713,-200.257,0,251.594,-1002.39,0,2.31481e+12,3,0.2,0,planet1,1,1
7096,0.5,0.5,0.5,-53.4739,-309.544,0,-713.767,-645.373,0,2.31481e+12,3,0.2,0,planet1,1,1
7115,0.5,0.5,0.5,82.8425,-179.557,0,-104.279,-611.058,0,2.31481e+12,3,0.2,0,planet1,1,1
7130,0.5,0.5,0.5,-133.184,-69.0363,0,-114.657,183.447,0,2.31481e+12,3,0.2,1.08067e+17,planet1,1,1
7131,0.5,0.5,0.5,169.402,-275.929,0,-93.4063,-1030.37,0,2.31481e+12,3,0.2,0,planet1,1,1
7162,0.5,0.5,0.5,-170.986,-249.913,0,-879.355,-251.05,0,2.31481e+12,3,0.2,0,planet1,1,1
7166,0.5,0.5,0.5,-232.916,-359.078,0,-666.707,-680.516,0,2.31481e+12,3,0.2,1.03569e+18,planet1,1,1
7168,0.5,0.5,0.5,265.33,-36.5354,0,645.677,-642.235,0,2.31481e+12,3,0.2,0,planet1,1,1
7173,0.5,0.5,0.5,140.322,-218.116,0,-43.9424,-827.196,0,2.31481e+12,3,0.2,0,planet1,1,1
7187,0.5,0.5,0.5,151.479,-94.0471,0,244.04,-544.575,0,2.31481e+12,3,0.2,0,planet1,1,1
7201,0.5,0.5,0.5,238.147,70.3788,0,803.6,-320.991,0,2.31481e+12,3,0.2,0,planet1,1,1
7207,0.5,0.5,0.5,116.114,295.79,0,976.161,490.769,0,2.31481e+12,3,0.2,0,planet1,1,1
7218,0.5,0.5,0.5,137.746,251.916,0,937.519,337.274,0,2.31481e+12,3,0.2,0,planet1,1,1
7224,0.5,0.5,0.5,135.999,2.60027,0,409.232,-273.882,0,2.31481e+12,3,0.2,0,planet1,1,1
7243,0.5,0.5,0.5,71.3142,319.889,0,916.635,644.309,0,2.31481e+12,3,0.2,0,planet1,1,1
7251,0.5,0.5,0.5,-191.789,-172.535,0,16.8902,111.738,0,2.31481e+12,3,0.2,7.59739e+17,planet1,1,1
7252,0.5,0.5,0.5,-266.03,-403.661,0,-488.134,-1340.83,0,2.31481e+12,3,0.2,7.64413e+17,planet1,1,1
7257,0.5,0.5,0.5,336.824,61.6311,0,1027.94,-550.133,0,2.31481e+12,3,0.2,0,planet1,1,1
7263,0.5,0.5,0.5,64.9798,63.0145,0,360.69,24.3166,0,2.31481e+12,3,0.2,0,planet1,1,1
7270,0.5,0.5,0.5,1.20071,-114.659,0,-169.885,-279.928,0,2.31481e+12,3,0.2,0,planet1,1,1
7272,0.5,0.5,0.5,-23.1392,-117.839,0,-236.592,-236.678,0,2.31481e+12,3,0.2,0,planet1,1,1
7282,0.5,0.5,0.5,308.501,-277.554,0,245.574,-1327.04,0,2.31481e+12,3,0.2,0,planet1,1,1
7290,0.5,0.5,0.5,-32.3984,-114.517,0,-252.159,-209.076,0,2.31481e+12,3,0.2,0,planet1,1,1
7293,0.5,0.5,0.5,274.417,-241.679,0,237.16,-1166.9,0,2.31481e+12,3,0.2,0,planet1,1,1
7295,0.5,0.5,0.5,-32.3476,96.7991,0,198.115,362.211,0,2.31481e+12,3,0.2,1.10128e+16,planet1,1,1
7300,0.5,0.5,0.5,250.114,183.144,0,1070.17,-68.302,0,2.31481e+12,3,0.2,0,planet1,1,1
7319,0.5,0.5,0.5,-89.4767,-285.906,0,-753.167,-511.115,0,2.31481e+12,3,0.2,0,planet1,1,1
7336,0.5,0.5,0.5,200.651,302.716,0,1199.18,330.628,0,2.31481e+12,3,0.2,0,planet1,1,1
7340,0.5,0.5,0.5,-20.3036,-104.206,0,-200.91,-208.664,0,2.31481e+12,3,0.2,0,planet1,1,1
7348,0.5,0.5,0.5,2.45659,-424.104,0,-817.024,-1044.74,0,2.31481e+12,3,0.2,0,planet1,1,1
7354,0.5,0.5,0.5,119.011,-236.292,0,-134.941,-827.322,0,2.31481e+12,3,0.2,0,planet1,1,1
7356,0.5,0.5,0.5,-119.219,-275.61,0,-804.802,-422.901,0,2.31481e+12,3,0.2,0,planet1,1,1
7363,0.5,0.5,0.5,-234.957,-328.326,0,3.36142,-407.102,0,2.31481e+12,3,0.2,5.98609e+18,planet1,1,1
7372,0.5,0.5,0.5,-186.507,-278.344,0,-160.374,-476.921,0,2.31481e+12,3,0.2,1.88695e+17,planet1,1,1
7376,0.5,0.5,0.5,-118.481,-1.52636,0,-25.6323,429.705,0,2.31481e+12,3,0.2,1.46428e+17,planet1,1,1
7378,0.5,0.5,0.5,169.297,-248.204,0,-35.1035,-961.936,0,2.31481e+12,3,0.2,0,planet1,1,1
7390,0.5,0.5,0.5,-46.6977,8.95094,0,-29.1642,125.182,0,2.31481e+12,3,0.2,0,planet1,1,1
7412,0.5,0.5,0.5,73.2151,-17.4503,0,211.737,-191.178,0,2.31481e+12,3,0.2,0,planet1,1,1
7413,0.5,0.5,0.5,-202.179,-209.428,0,-65.932,-14.146,0,2.31481e+12,3,0.2,9.74612e+17,planet1,1,1
7414,0.5,0.5,0.5,177.067,185.617,0,894.95,91.0056,0,2.31481e+12,3,0.2,0,planet1,1,1
7419,0.5,0.5,0.5,133.636,-165.199,0,50.6708,-682.61,0,2.31481e+12,3,0.2,0,planet1,1,1
7424,0.5,0.5,0.5,-69.8822,-92.0616,0,-298.064,-74.8432,0,2.31481e+12,3,0.2,0,planet1,1,1
7444,0.5,0.5,0.5,181.084,354.144,0,1258.93,497.459,0,2.31481e+12,3,0.2,0,planet1,1,1
7452,0.5,0.5,0.5,-182.692,-102.54,0,65.9697,415.094,0,2.31481e+12,3,0.2,6.56008e+17,planet1,1,1
7478,0.5,0.5,0.5,378.574,-169.731,0,644.835,-1208.86,0,2.31481e+12,3,0.2,0,planet1,1,1
7483,0.5,0.5,0.5,-30.8308,-65.9178,0,-147.252,-92.3153,0,2.31481e+12,3,0.2,0,planet1,1,1
7487,0.5,0.5,0.5,-100.905,135.174,0,327.565,873.09,0,2.31481e+12,3,0.2,1.60763e+17,planet1,1,1
7517,0.5,0.5,0.5,366.983,-101.669,0,759.431,-1016.35,0,2.31481e+12,3,0.2,0,planet1,1,1
7526,0.5,0.5,0.5,-123.685,-78.3238,0,-402.663,72.5175,0,2.31481e+12,3,0.2,0,planet1,1,1
7555,0.5,0.5,0.5,171.222,-385.454,0,-319.68,-1304.58,0,2.31481e+12,3,0.2,0,planet1,1,1
7559,0.5,0.5,0.5,29.2493,110.348,0,371.959,215.633,0,2.31481e+12,3,0.2,0,planet1,1,1
7573,0.5,0.5,0.5,193.377,191.007,0,946.468,70.3244,0,2.31481e+12,3,0.2,0,planet1,1,1
7577,0.5,0.5,0.5,175.115,161.421,0,839.223,35.6819,0,2.31481e+12,3,0.2,0,planet1,1,1
7591,0.5,0.5,0.5,328.712,174.494,0,1245.57,-254.842,0,2.31481e+12,3,0.2,0,planet1,1,1
7597,0.5,0.5,0.5,-178.946,-169.531,0,-129.598,100.496,0,2.31481e+12,3,0.2,2.80488e+17,planet1,1,1
7601,0.5,0.5,0.5,-72.6013,-399.885,0,-951.093,-828.083,0,2.31481e+12,3,0.2,0,planet1,1,1
7608,0.5,0.5,0.5,-213.488,-167.456,0,22.9249,202.961,0,2.31481e+12,3,0.2,2.15676e+18,planet1,1,1
7609,0.5,0.5,0.5,99.0871,-141.701,0,14.9867,-552.138,0,2.31481e+12,3,0.2,0,planet1,1,1
7624,0.5,0.5,0.5,171.79,227.188,0,969.193,204.473,0,2.31481e+12,3,0.2,0,planet1,1,1
7640,0.5,0.5,0.5,50.088,341.774,0,910.961,743.049,0,2.31481e+12,3,0.2,0,planet1,1,1
7650,0.5,0.5,0.5,288.179,150.621,0,1095.28,-228.329,0,2.31481e+12,3,0.2,0,planet1,1,1
7657,0.5,0.5,0.5,169.171,-43.4856,0,394.4,-456.968,0,2.31481e+12,3,0.2,0,planet1,1,1
7677,0.5,0.5,0.5,237.131,318.018,0,1321.63,290.834,0,2.31481e+12,3,0.2,0,planet1,1,1
7678,0.5,0.5,0.5,-54.7738,-444.493,0,-1001.41,-974.083,0,2.31481e+12,3,0.2,0,planet1,1,1
7690,0.5,0.5,0.5,27.6226,38.5295,0,217.02,42.0092,0,2.31481e+12,3,0.2,0,planet1,1,1
7707,0.5,0.5,0.5,178.918,-56.636,0,390.564,-509.832,0,2.31481e+12,3,0.2,0,planet1,1,1
7712,0.5,0.5,0.5,123.159,-104.245,0,153.134,-509.852,0,2.31481e+12,3,0.2,0,planet1,1,1
7722,0.5,0.5,0.5,52.2408,70.7938,0,345.717,69.963,0,2.31481e+12,3,0.2,0,planet1,1,1
7728,0.5,0.5,0.5,-178.363,-152.09,0,-137.199,187.724,0,2.31481e+12,3,0.2,4.98243e+17,planet1,1,1
7741,0.5,0.5,0.5,275.022,-214.442,0,296.105,-1100.94,0,2.31481e+12,3,0.2,0,planet1,1,1
7742,0.5,0.5,0.5,-278.526,-399.442,0,-713.248,-1344.09,0,2.31481e+12,3,0.2,7.15256e+17,planet1,1,1
7744,0.5,0.5,0.5,179.549,-217.355,0,54.7453,-907.7,0,2.31481e+12,3,0.2,0,planet1,1,1
7746,0.5,0.5,0.5,274.585,85.5419,0,925.186,-360.437,0,2.31481e+12,3,0.2,0,planet1,1,1
7777,0.5,0.5,0.5,-121.382,-425.721,0,-1125.67,-787.804,0,2.31481e+12,3,0.2,0,planet1,1,1
7787,0.5,0.5,0.5,223.092,-221.088,0,154.085,-1008,0,2.31481e+12,3,0.2,0,planet1,1,1
7794,0.5,0.5,0.5,-160.654,-115.741,0,-96.5082,236.893,0,2.31481e+12,3,0.2,3.52543e+17,planet1,1,1
7805,0.5,0.5,0.5,211.395,-11.3514,0,565.464,-466.417,0,2.31481e+12,3,0.2,0,planet1,1,1
7813,0.5,0.5,0.5,118.995,-132.036,0,84.4916,-569.823,0,2.31481e+12,3,0.2,0,planet1,1,1
7815,0.5,0.5,0.5,339.096,-132.564,0,625.699,-1033.62,0,2.31481e+12,3,0.2,0,planet1,1,1
7827,0.5,0.5,0.5,376.959,140.154,0,1291.88,-441.747,0,2.31481e+12,3,0.2,0,planet1,1,1
7830,0.5,0.5,0.5,206.615,110.504,0,809.781,-155.797,0,2.31481e+12,3,0.2,0,planet1,1,1
7832,0.5,0.5,0.5,29.6206,-29.1445,0,80.1329,-128.877,0,2.31481e+12,3,0.2,0,planet1,1,1
7854,0.5,0.5,0.5,-165.264,-140.323,0,-142.756,133.651,0,2.31481e+12,3,0.2,4.77278e+17,planet1,1,1
7856,0.5,0.5,0.5,206.036,-93.2176,0,380.737,-657.16,0,2.31481e+12,3,0.2,0,planet1,1,1
7872,0.5,0.5,0.5,157.265,203.251,0,883.263,176.066,0,2.31481e+12,3,0.2,0,planet1,1,1
7877,0.5,0.5,0.5,-159.239,-83.7839,0,-24.9772,405.729,0,2.31481e+12,3,0.2,3.98036e+17,planet1,1,1
7896,0.5,0.5,0.5,148.467,-390.177,0,-385.457,-1268.25,0,2.31481e+12,3,0.2,0,planet1,1,1
7898,0.5,0.5,0.5,-180.572,-137.426,0,2.37809,294.026,0,2.31481e+12,3,0.2,5.77029e+17,planet1,1,1
7899,0.5,0.5,0.5,-79.5027,214.157,0,93.4516,972.321,0,2.31481e+12,3,0.2,1.79006e+17,planet1,1,1
7904,0.5,0.5,0.5,-160.855,-144.393,0,-147.3,131.369,0,2.31481e+12,3,0.2,2.11047e+17,planet1,1,1
7929,0.5,0.5,0.5,-303.823,-424.626,0,-532.898,-1128.75,0,2.31481e+12,3,0.2,2.90722e+18,planet1,1,1
7938,0.5,0.5,0.5,143.726,187.572,0,816.976,165.672,0,2.31481e+12,3,0.2,0,planet1,1,1
7945,0.5,0.5,0.5,-98.0601,-262.161,0,-724.631,-434.692,0,2.31481e+12,3,0.2,0,planet1,1,1
7972,0.5,0.5,0.5,-184.875,-168.599,0,-133.152,94.9496,0,2.31481e+12,3,0.2,4.28195e+17,planet1,1,1
8003,0.5,0.5,0.5,285.242,-294.323,0,153.015,-1319.18,0,2.31481e+12,3,0.2,0,planet1,1,1
8010,0.5,0.5,0.5,79.2959,405.068,0,1107.53,857.927,0,2.31481e+12,3,0.2,3.15094e+14,planet1,1,1
8012,0.5,0.5,0.5,-100.06,93.0209,0,265.363,917.288,0,2.31481e+12,3,0.2,7.83097e+17,planet1,1,1
8016,0.5,0.5,0.5,53.6124,411.201,0,1065.42,906.427,0,2.31481e+12,3,0.2,0,planet1,1,1
8038,0.5,0.5,0.5,41.1677,13.8146,0,198.591,-46.9923,0,2.31481e+12,3,0.2,0,planet1,1,1
8044,0.5,0.5,0.5,308.616,-230.057,0,345.747,-1209.54,0,2.31481e+12,3,0.2,0,planet1,1,1
8055,0.5,0.5,0.5,196.324,311.732,0,1207.37,361.548,0,2.31481e+12,3,0.2,0,planet1,1,1
8061,0.5,0.5,0.5,-117.668,-112.511,0,-458.895,-24.542,0,2.31481e+12,3,0.2,0,planet1,1,1
8085,0.5,0.5,0.5,289.643,-207.413,0,347.009,-1114.43,0,2.31481e+12,3,0.2,0,planet1,1,1
8090,0.5,0.5,0.5,-166.041,-118.39,0,-90.101,220.358,0,2.31481e+12,3,0.2,4.62833e+17,planet1,1,1
8091,0.5,0.5,0.5,91.5732,-131.844,0,17.1619,-511.98,0,2.31481e+12,3,0.2,0,planet1,1,1
8092,0.5,0.5,0.5,351.899,2.47471,0,941.369,-727.899,0,2.31481e+12,3,0.2,0,planet1,1,1
8110,0.5,0.5,0.5,362.823,193.598,0,1369.18,-280.477,0,2.31481e+12,3,0.2,0,planet1,1,1
8120,0.5,0.5,0.5,208.808,3.69819,0,591.12,-424.054,0,2.31481e+12,3,0.2,0,planet1,1,1
8121,0.5,0.5,0.5,164.135,-321.552,0,-202.651,-1132.01,0,2.31481e+12,3,0.2,0,planet1,1,1
8157,0.5,0.5,0.5,377.135,-1.59868,0,994.669,-790.707,0,2.31481e+12,3,0.2,0,planet1,1,1
8162,0.5,0.5,0.5,-129.545,167.75,0,148.68,885.546,0,2.31481e+12,3,0.2,6.34115e+16,planet1,1,1
8181,0.5,0.5,0.5,263.088,-106.059,0,494.575,-808.529,0,2.31481e+12,3,0.2,0,planet1,1,1
8186,0.5,0.5,0.5,-219.412,-174.633,0,3.16701,195.073,0,2.31481e+12,3,0.2,3.02298e+18,planet1,1,1
8189,0.5,0.5,0.5,-227.86,-338.102,0,-145.226,-611.145,0,2.31481e+12,3,0.2,1.61419e+18,planet1,1,1
8199,0.5,0.5,0.5,341.086,-212.021,0,463.849,-1233.63,0,2.31481e+12,3,0.2,0,planet1,1,1
8213,0.5,0.5,0.5,-126.696,-379.648,0,-1041.78,-664.059,0,2.31481e+12,3,0.2,0,planet1,1,1
8232,0.5,0.5,0.5,-66.9689,-79.6959,0,-264.858,-50.2473,0,2.31481e+12,3,0.2,0,planet1,1,1
8238,0.5,0.5,0.5,-178.974,-197.6,0,-49.1464,45.4051,0,2.31481e+12,3,0.2,3.24422e+17,planet1,1,1
8257,0.5,0.5,0.5,-68.5905,33.0043,0,108.466,322.642,0,2.31481e+12,3,0.2,1.02638e+17,planet1,1,1
8264,0.5,0.5,0.5,114.52,356.954,0,1100.93,644.495,0,2.31481e+12,3,0.2,0,planet1,1,1
8281,0.5,0.5,0.5,-150.664,-41.7556,0,52.2305,536.167,0,2.31481e+12,3,0.2,3.21114e+17,planet1,1,1
8282,0.5,0.5,0.5,324.809,249.239,0,1393.11,-63.3717,0,2.31481e+12,3,0.2,0,planet1,1,1
8296,0.5,0.5,0.5,-234.607,-353.29,0,-360.372,-562.739,0,2.31481e+12,3,0.2,1.64558e+18,planet1,1,1
8299,0.5,0.5,0.5,-8.62359,-51.8881,0,-62.3102,-104.431,0,2.31481e+12,3,0.2,0,planet1,1,1
8315,0.5,0.5,0.5,-214.757,-154.423,0,22.7777,240.196,0,2.31481e+12,3,0.2,2.32362e+18,planet1,1,1
8321,0.5,0.5,0.5,286.13,-47.8852,0,672.956,-713.776,0,2.31481e+12,3,0.2,0,planet1,1,1
8333,0.5,0.5,0.5,170.431,-288.693,0,-117.722,-1063.91,0,2.31481e+12,3,0.2,0,planet1,1,1
8336,0.5,0.5,0.5,-222.876,86.8689,0,97.7317,531.02,0,2.31481e+12,3,0.2,-1.2011e+18,planet1,1,1
8353,0.5,0.5,0.5,-73.4265,-111.431,0,-347.387,-114.96,0,2.31481e+12,3,0.2,0,planet1,1,1
8361,0.5,0.5,0.5,-184.355,-187.928,0,-138.331,50.9709,0,2.31481e+12,3,0.2,5.74057e+17,planet1,1,1
8365,0.5,0.5,0.5,182.753,-377.118,0,-273.608,-1308.07,0,2.31481e+12,3,0.2,0,planet1,1,1
8379,0.5,0.5,0.5,297.007,-170.402,0,442.873,-1038.28,0,2.31481e+12,3,0.2,0,planet1,1,1
8393,0.5,0.5,0.5,-11.8882,-263.524,0,-514.905,-619.268,0,2.31481e+12,3,0.2,0,planet1,1,1
8403,0.5,0.5,0.5,-22.1247,5.13001,0,24.0101,64.4804,0,2.31481e+12,3,0.2,0,planet1,1,1
8410,0.5,0.5,0.5,112.993,396.681,0,1181.25,745.021,0,2.31481e+12,3,0.2,0,planet1,1,1
8411,0.5,0.5,0.5,285.823,170.092,0,1130.74,-175.443,0,2.31481e+12,3,0.2,0,planet1,1,1
8439,0.5,0.5,0.5,-194.402,-265.984,0,-305.899,-222.168,0,2.31481e+12,3,0.2,4.37754e+17,planet1,1,1
8460,0.5,0.5,0.5,40.0659,42.4018,0,256.049,25.5558,0,2.31481e+12,3,0.2,0,planet1,1,1
8475,0.5,0.5,0.5,-150.234,-124.448,0,-166.643,107.438,0,2.31481e+12,3,0.2,1.69038e+17,planet1,1,1
8491,0.5,0.5,0.5,-64.3815,-363.917,0,-855.141,-756.151,0,2.31481e+12,3,0.2,0,planet1,1,1
8494,0.5,0.5,0.5,167.722,-312.132,0,-174.128,-1116.5,0,2.31481e+12,3,0.2,0,planet1,1,1
8537,0.5,0.5,0.5,-11.094,-184.922,0,-347.871,-427.22,0,2.31481e+12,3,0.2,0,planet1,1,1
8553,0.5,0.5,0.5,62.7293,-219.81,0,-238.408,-668.311,0,2.31481e+12,3,0.2,0,planet1,1,1
8573,0.5,0.5,0.5,390.309,-50.7361,0,923.676,-939.862,0,2.31481e+12,3,0.2,0,planet1,1,1
8576,0.5,0.5,0.5,57.0963,143.833,0,511.414,239.896,0,2.31481e+12,3,0.2,0,planet1,1,1
8583,0.5,0.5,0.5,-79.3682,-210.292,0,-569.551,-346.793,0,2.31481e+12,3,0.2,0,planet1,1,1
8595,0.5,0.5,0.5,174.631,284.243,0,1096.18,338.841,0,2.31481e+12,3,0.2,0,planet1,1,1
8611,0.5,0.5,0.5,-383.007,364.385,0,-721.156,895.796,0,2.31481e+12,3,0.2,9.7014e+17,planet1,1,1
8614,0.5,0.5,0.5,-175.83,275.765,0,-130.719,986.089,0,2.31481e+12,3,0.2,1.34667e+17,planet1,1,1
8637,0.5,0.5,0.5,-217.861,-221.132,0,3.94815,53.693,0,2.31481e+12,3,0.2,1.53055e+18,planet1,1,1
8638,0.5,0.5,0.5,-151.007,-6.86143,0,164.284,796.6,0,2.31481e+12,3,0.2,9.51252e+17,planet1,1,1
8639,0.5,0.5,0.5,216.396,42.6889,0,691.761,-343.43,0,2.31481e+12,3,0.2,0,planet1,1,1
8669,0.5,0.5,0.5,-177.569,-303.269,0,-1007.3,-368.891,0,2.31481e+12,3,0.2,0,planet1,1,1
8670,0.5,0.5,0.5,-190.296,-211.572,0,-33.7234,30.4967,0,2.31481e+12,3,0.2,6.55785e+17,planet1,1,1
8700,0.5,0.5,0.5,-26.7715,56.0869,0,153.337,233.746,0,2.31481e+12,3,0.2,3.47876e+15,planet1,1,1
8703,0.5,0.5,0.5,379.674,-115.86,0,761.049,-1078.1,0,2.31481e+12,3,0.2,0,planet1,1,1
8704,0.5,0.5,0.5,-222.78,-238.891,0,-38.046,-55.6879,0,2.31481e+12,3,0.2,2.22124e+18,planet1,1,1
8713,0.5,0.5,0.5,159.026,76.1471,0,620.156,-140.503,0,2.31481e+12,3,0.2,0,planet1,1,1
8715,0.5,0.5,0.5,57.8351,399.615,0,1035.34,883.106,0,2.31481e+12,3,0.2,5.44511e+14,planet1,1,1
8716,0.5,0.5,0.5,-133.845,-98.4491,0,-128.101,65.2044,0,2.31481e+12,3,0.2,4.7489e+16,planet1,1,1
8717,0.5,0.5,0.5,129.816,-73.0922,0,234.747,-447.382,0,2.31481e+12,3,0.2,0,planet1,1,1
8729,0.5,0.5,0.5,143.698,198.519,0,840.109,193.022,0,2.31481e+12,3,0.2,0,planet1,1,1
8763,0.5,0.5,0.5,-218.439,-285.37,0,50.2505,-265.291,0,2.31481e+12,3,0.2,2.61508e+18,planet1,1,1
8765,0.5,0.5,0.5,268.882,77.1289,0,893.218,-369.078,0,2.31481e+12,3,0.2,0,planet1,1,1
8772,0.5,0.5,0.5,280.087,-156.517,0,430.562,-968.951,0,2.31481e+12,3,0.2,0,planet1,1,1
8776,0.5,0.5,0.5,-44.1868,-75.1813,0,-199.415,-87.0676,0,2.31481e+12,3,0.2,0,planet1,1,1
8807,0.5,0.5,0.5,-153.215,-83.3999,0,-105.343,293.922,0,2.31481e+12,3,0.2,2.51452e+17,planet1,1,1
8808,0.5,0.5,0.5,-8.68647,-400.767,0,-795.44,-963.925,0,2.31481e+12,3,0.2,0,planet1,1,1
8811,0.5,0.5,0.5,-53.0228,-254.012,0,-596.381,-509.598,0,2.31481e+12,3,0.2,0,planet1,1,1
8814,0.5,0.5,0.5,-147.781,23.2435,0,187.152,893.443,0,2.31481e+12,3,0.2,1.10188e+18,planet1,1,1
8839,0.5,0.5,0.5,-178.38,15.9608,0,196.218,759.654,0,2.31481e+12,3,0.2,9.15461e+17,planet1,1,1
8849,0.5,0.5,0.5,16.5482,-420.635,0,-774.783,-1065.98,0,2.31481e+12,3,0.2,0,planet1,1,1
8854,0.5,0.5,0.5,261.001,-133.139,0,432.251,-870.873,0,2.31481e+12,3,0.2,0,planet1,1,1
8880,0.5,0.5,0.5,290.082,-35.4655,0,709.093,-691.431,0,2.31481e+12,3,0.2,0,planet1,1,1
8881,0.5,0.5,0.5,226.315,-372.445,0,-156.924,-1388.1,0,2.31481e+12,3,0.2,0,planet1,1,1
8883,0.5,0.5,0.5,171.857,-192.222,0,88.191,-829.487,0,2.31481e+12,3,0.2,0,planet1,1,1
8885,0.5,0.5,0.5,-195.559,-317.938,0,-84.5375,-560.866,0,2.31481e+12,3,0.2,2.00138e+17,planet1,1,1
8902,0.5,0.5,0.5,68.5266,240.929,0,766.195,478.397,0,2.31481e+12,3,0.2,4.36857e+15,planet1,1,1
8912,0.5,0.5,0.5,376.94,86.3204,0,1179.17,-573.803,0,2.31481e+12,3,0.2,0,planet1,1,1
8918,0.5,0.5,0.5,232.072,-37.29,0,562.486,-573.261,0,2.31481e+12,3,0.2,0,planet1,1,1
8929,0.5,0.5,0.5,-132.532,-258.735,0,-802.382,-353.799,0,2.31481e+12,3,0.2,0,planet1,1,1
8940,0.5,0.5,0.5,61.6915,359.704,0,976.767,763.282,0,2.31481e+12,3,0.2,0,planet1,1,1
8950,0.5,0.5,0.5,-214.869,-182.998,0,48.3303,186.416,0,2.31481e+12,3,0.2,1.25683e+18,planet1,1,1
8966,0.5,0.5,0.5,398.018,-120.108,0,796.536,-1127.03,0,2.31481e+12,3,0.2,0,planet1,1,1
8967,0.5,0.5,0.5,-193.8,-310.093,0,-1100.2,-532.542,0,2.31481e+12,3,0.2,1.40531e+16,planet1,1,1
8972,0.5,0.5,0.5,95.8832,-281.421,0,-286.272,-889.771,0,2.31481e+12,3,0.2,0,planet1,1,1
9000,0.5,0.5,0.5,-19.119,-443.905,0,-912.098,-1047.77,0,2.31481e+12,3,0.2,0,planet1,1,1
9009,0.5,0.5,0.5,-88.5705,-179.159,0,-527.376,-250.288,0,2.31481e+12,3,0.2,0,planet1,1,1
9010,0.5,0.5,0.5,-208.718,-343.122,0,-323.518,-685.252,0,2.31481e+12,3,0.2,2.76211e+17,planet1,1,1
9013,0.5,0.5,0.5,-220.88,-340.792,0,-392.492,-581.255,0,2.31481e+12,3,0.2,7.0243e+17,planet1,1,1
9014,0.5,0.5,0.5,134.118,-359.295,0,-355.615,-1162.06,0,2.31481e+12,3,0.2,0,planet1,1,1
9017,0.5,0.5,0.5,-132.499,-56.8438,0,-81.654,332.19,0,2.31481e+12,3,0.2,1.10757e+17,planet1,1,1
9024,0.5,0.5,0.5,-128.297,45.9278,0,334.537,856.65,0,2.31481e+12,3,0.2,1.14263e+18,planet1,1,1
9025,0.5,0.5,0.5,-26.8435,106.515,0,234.704,331.093,0,2.31481e+12,3,0.2,6.45361e+13,planet1,1,1
9035,0.5,0.5,0.5,101.362,-78.9663,0,152.174,-401.919,0,2.31481e+12,3,0.2,0,planet1,1,1
9050,0.5,0.5,0.5,196.789,348.819,0,1286.76,451.33,0,2.31481e+12,3,0.2,0,planet1,1,1
9063,0.5,0.5,0.5,162.137,91.8264,0,661.112,-108.578,0,2.31481e+12,3,0.2,0,planet1,1,1
9077,0.5,0.5,0.5,355.56,-57.2932,0,824.561,-882.611,0,2.31481e+12,3,0.2,0,planet1,1,1
9079,0.5,0.5,0.5,-198.362,-137.977,0,-9.37529,364.392,0,2.31481e+12,3,0.2,1.28261e+18,planet1,1,1
9080,0.5,0.5,0.5,213.591,-243.293,0,84.084,-1042.72,0,2.31481e+12,3,0.2,0,planet1,1,1
9084,0.5,0.5,0.5,-205.784,-214.225,0,-76.919,-6.64017,0,2.31481e+12,3,0.2,9.6849e+17,planet1,1,1
9096,0.5,0.5,0.5,114.495,3.71092,0,358.838,-226.069,0,2.31481e+12,3,0.2,0,planet1,1,1
9106,0.5,0.5,0.5,234.049,-364.013,0,-120.077,-1383.44,0,2.31481e+12,3,0.2,0,planet1,1,1
9111,0.5,0.5,0.5,-10.5456,-321.904,0,-634.038,-766.34,0,2.31481e+12,3,0.2,0,planet1,1,1
9112,0.5,0.5,0.5,235.198,253.801,0,1181.45,136.999,0,2.31481e+12,3,0.2,0,planet1,1,1
9121,0.5,0.5,0.5,-7.48773,135.447,0,343.551,380.373,0,2.31481e+12,3,0.2,1.39778e+15,planet1,1,1
9163,0.5,0.5,0.5,-135.708,-19.0178,0,54.5024,518.546,0,2.31481e+12,3,0.2,4.8122e+17,planet1,1,1
9169,0.5,0.5,0.5,293.826,-197.074,0,378.754,-1098.1,0,2.31481e+12,3,0.2,0,planet1,1,1
9173,0.5,0.5,0.5,-208.762,-154.67,0,23.7906,245.728,0,2.31481e+12,3,0.2,1.37355e+18,planet1,1,1
9195,0.5,0.5,0.5,337.368,-237.984,0,399.926,-1290.09,0,2.31481e+12,3,0.2,0,planet1,1,1
9204,0.5,0.5,0.5,316.663,-182.372,0,466.014,-1109.17,0,2.31481e+12,3,0.2,0,planet1,1,1
9205,0.5,0.5,0.5,42.1302,-427.581,0,-726.514,-1136.59,0,2.31481e+12,3,0.2,0,planet1,1,1
9219,0.5,0.5,0.5,-174.29,-156.636,0,-201.678,133.019,0,2.31481e+12,3,0.2,2.54319e+17,planet1,1,1
9233,0.5,0.5,0.5,275.425,-46.8674,0,648.947,-688.66,0,2.31481e+12,3,0.2,0,planet1,1,1
9237,0.5,0.5,0.5,-166.811,-58.5063,0,36.6841,541.309,0,2.31481e+12,3,0.2,7.92191e+17,planet1,1,1
9239,0.5,0.5,0.5,314.247,2.288,0,848.247,-649.069,0,2.31481e+12,3,0.2,0,planet1,1,1
9256,0.5,0.5,0.5,144.422,-263.13,0,-128.062,-946.498,0,2.31481e+12,3,0.2,0,planet1,1,1
9269,0.5,0.5,0.5,381.638,14.2025,0,1039.08,-761.129,0,2.31481e+12,3,0.2,0,planet1,1,1
9286,0.5,0.5,0.5,-67.8046,-270.716,0,-667.769,-519.404,0,2.31481e+12,3,0.2,0,planet1,1,1
9305,0.5,0.5,0.5,251.663,209.981,0,1130.11,-5.37371,0,2.31481e+12,3,0.2,0,planet1,1,1
9315,0.5,0.5,0.5,165.206,40.688,0,560.922,-240.937,0,2.31481e+12,3,0.2,0,planet1,1,1
9329,0.5,0.5,0.5,383.553,-179.935,0,635.075,-1244.3,0,2.31481e+12,3,0.2,0,planet1,1,1
9338,0.5,0.5,0.5,204.689,-363.035,0,-189.785,-1319.22,0,2.31481e+12,3,0.2,0,planet1,1,1
9348,0.5,0.5,0.5,-56.006,-116,0,-314.059,-163.137,0,2.31481e+12,3,0.2,0,planet1,1,1
9360,0.5,0.5,0.5,140.71,-130.675,0,140.825,-612.199,0,2.31481e+12,3,0.2,0,planet1,1,1
9366,0.5,0.5,0.5,-38.9377,-296.719,0,-650.964,-643.928,0,2.31481e+12,3,0.2,0,planet1,1,1
9376,0.5,0.5,0.5,85.7887,118.227,0,528.242,116.961,0,2.31481e+12,3,0.2,0,planet1,1,1
9395,0.5,0.5,0.5,-192.009,103.227,0,191.729,616.155,0,2.31481e+12,3,0.2,1.84634e+17,planet1,1,1
9419,0.5,0.5,0.5,32.691,-91.5767,0,-43.9462,-289.069,0,2.31481e+12,3,0.2,0,planet1,1,1
9443,0.5,0.5,0.5,-46.5166,-355.252,0,-793.026,-772.488,0,2.31481e+12,3,0.2,0,planet1,1,1
9450,0.5,0.5,0.5,-14.7033,70.7508,0,179.29,210.172,0,2.31481e+12,3,0.2,0,planet1,1,1
9519,0.5,0.5,0.5,-123.881,1.51849,0,14.6088,528.568,0,2.31481e+12,3,0.2,4.66526e+17,planet1,1,1
9524,0.5,0.5,0.5,275.905,-304.787,0,107.744,-1325.7,0,2.31481e+12,3,0.2,0,planet1,1,1
9527,0.5,0.5,0.5,5.25948,198.567,0,499.022,483.164,0,2.31481e+12,3,0.2,0,planet1,1,1
9550,0.5,0.5,0.5,394.156,-133.663,0,758.688,-1152.52,0,2.31481e+12,3,0.2,0,planet1,1,1
9573,0.5,0.5,0.5,326.716,155.318,0,1199.92,-297.949,0,2.31481e+12,3,0.2,0,planet1,1,1
9588,0.5,0.5,0.5,83.86,-166.584,0,-74.8984,-581.267,0,2.31481e+12,3,0.2,0,planet1,1,1
9651,0.5,0.5,0.5,-76.3219,38.0503,0,80.4717,433.163,0,2.31481e+12,3,0.2,1.24455e+17,planet1,1,1
9656,0.5,0.5,0.5,-201.055,-347.316,0,-1157.49,-427.536,0,2.31481e+12,3,0.2,0,planet1,1,1
9661,0.5,0.5,0.5,-226.921,-351.045,0,-273.16,-751.659,0,2.31481e+12,3,0.2,7.02238e+17,planet1,1,1
9708,0.5,0.5,0.5,129.992,361.581,0,1149.22,623.27,0,2.31481e+12,3,0.2,0,planet1,1,1
9724,0.5,0.5,0.5,-165.31,-206.855,0,-167.096,-232.308,0,2.31481e+12,3,0.2,3.67611e+17,planet1,1,1
9743,0.5,0.5,0.5,41.4371,269.994,0,707.474,616.878,0,2.31481e+12,3,0.2,1.23091e+16,planet1,1,1
9747,0.5,0.5,0.5,-56.3923,-213.172,0,-518.754,-401.429,0,2.31481e+12,3,0.2,0,planet1,1,1
9778,0.5,0.5,0.5,370.058,-155.886,0,652.879,-1156.32,0,2.31481e+12,3,0.2,0,planet1,1,1
9809,0.5,0.5,0.5,372.122,59.4183,0,1110.65,-629.568,0,2.31481e+12,3,0.2,0,planet1,1,1
9826,0.5,0.5,0.5,-143.894,-325.127,0,-970.144,-493.843,0,2.31481e+12,3,0.2,0,planet1,1,1
9837,0.5,0.5,0.5,-87.175,48.6509,0,73.6446,535.195,0,2.31481e+12,3,0.2,2.78691e+17,planet1,1,1
9866,0.5,0.5,0.5,104.601,43.6024,0,417.387,-106.927,0,2.31481e+12,3,0.2,0,planet1,1,1
9896,0.5,0.5,0.5,250.78,158.625,0,1020.09,-130.128,0,2.31481e+12,3,0.2,0,planet1,1,1
9908,0.5,0.5,0.5,-150.602,-252.258,0,-833.308,-299.82,0,2.31481e+12,3,0.2,0,planet1,1,1
9923,0.5,0.5,0.5,254.443,150.078,0,1010.85,-158.853,0,2.31481e+12,3,0.2,0,planet1,1,1
9929,0.5,0.5,0.5,-246.077,296.835,0,-321.286,839.611,0,2.31481e+12,3,0.2,5.63357e+17,planet1,1,1
9931,0.5,0.5,0.5,-159.824,-302.788,0,-962.274,-404.934,0,2.31481e+12,3,0.2,0,planet1,1,1
9935,0.5,0.5,0.5,255.59,-252.264,0,168.568,-1153.14,0,2.31481e+12,3,0.2,0,planet1,1,1
9942,0.5,0.5,0.5,120.26,93.1936,0,560.284,-17.1118,0,2.31481e+12,3,0.2,0,planet1,1,1
9962,0.5,0.5,0.5,19.5934,-74.9966,0,-41.1242,-220.641,0,2.31481e+12,3,0.2,0,planet1,1,1
9964,0.5,0.5,0.5,35.9758,-399.18,0,-681.698,-1054.07,0,2.31481e+12,3,0.2,0,planet1,1,1
9967,0.5,0.5,0.5,-141.097,-71.795,0,10.6847,289.17,0,2.31481e+12,3,0.2,1.28023e+17,planet1,1,1
9972,0.5,0.5,0.5,301.962,-34.2934,0,740.753,-713.133,0,2.31481e+12,3,0.2,0,planet1,1,1
9981,0.5,0.5,0.5,-53.0735,1.24949,0,-61.1172,119.858,0,2.31481e+12,3,0.2,0,planet1,1,1
10006,0.5,0.5,0.5,-29.3618,-424.964,0,-896.884,-979.813,0,2.31481e+12,3,0.2,0,planet1,1,1
10038,0.5,0.5,0.5,122.266,-352.444,0,-370.778,-1120.27,0,2.31481e+12,3,0.2,0,planet1,1,1
10047,0.5,0.5,0.5,-155.542,-58.7503,0,27.3827,513.307,0,2.31481e+12,3,0.2,6.06177e+17,planet1,1,1
10090,0.5,0.5,0.5,152.787,-66.6985,0,304.939,-480.246,0,2.31481e+12,3,0.2,0,planet1,1,1
10104,0.5,0.5,0.5,273.21,-133.436,0,461.802,-896.7,0,2.31481e+12,3,0.2,0,planet1,1,1
10125,0.5,0.5,0.5,-309.058,238.387,0,-243.634,667.058,0,2.31481e+12,3,0.2,1.85742e+17,planet1,1,1
10127,0.5,0.5,0.5,188.852,14.007,0,563.293,-356.929,0,2.31481e+12,3,0.2,0,planet1,1,1
10162,0.5,0.5,0.5,159.669,287.791,0,1066.95,379.555,0,2.31481e+12,3,0.2,0,planet1,1,1
10171,0.5,0.5,0.5,151.66,-173.333,0,78.4827,-740.567,0,2.31481e+12,3,0.2,0,planet1,1,1
10261,0.5,0.5,0.5,118.818,319.616,0,1032.89,543.694,0,2.31481e+12,3,0.2,0,planet1,1,1
10273,0.5,0.5,0.5,77.5011,-86.3107,0,78.2322,-369.904,0,2.31481e+12,3,0.2,0,planet1,1,1
10276,0.5,0.5,0.5,257.571,189.041,0,1100.78,-69.6557,0,2.31481e+12,3,0.2,0,planet1,1,1
10300,0.5,0.5,0.5,-169.892,-42.1144,0,182.292,621.401,0,2.31481e+12,3,0.2,9.44875e+17,planet1,1,1
10308,0.5,0.5,0.5,-207.562,-266.414,0,-3.2969,-225.419,0,2.31481e+12,3,0.2,9.95635e+17,planet1,1,1
10322,0.5,0.5,0.5,-87.0254,-155.512,0,-473.381,-195.225,0,2.31481e+12,3,0.2,0,planet1,1,1
10331,0.5,0.5,0.5,32.6796,29.426,0,210.112,8.99467,0,2.31481e+12,3,0.2,0,planet1,1,1
10333,0.5,0.5,0.5,74.8212,44.8463,0,347.154,-41.51,0,2.31481e+12,3,0.2,0,planet1,1,1
10337,0.5,0.5,0.5,192.74,330.443,0,1238.34,414.692,0,2.31481e+12,3,0.2,0,planet1,1,1
10344,0.5,0.5,0.5,63.8695,-298.223,0,-400.52,-864.191,0,2.31481e+12,3,0.2,0,planet1,1,1
10345,0.5,0.5,0.5,-106.169,-329.365,0,-885.873,-583.283,0,2.31481e+12,3,0.2,0,planet1,1,1
10357,0.5,0.5,0.5,-85.0423,-226.792,0,-618.206,-374.88,0,2.31481e+12,3,0.2,0,planet1,1,1
10394,0.5,0.5,0.5,-81.9228,-126.706,0,-400.631,-134.846,0,2.31481e+12,3,0.2,0,planet1,1,1
10405,0.5,0.5,0.5,-192.317,-256.714,0,-134.054,-133.77,0,2.31481e+12,3,0.2,5.71115e+17,planet1,1,1
10433,0.5,0.5,0.5,-221.938,-327.541,0,-164.355,-529.713,0,2.31481e+12,3,0.2,1.59969e+18,planet1,1,1
10451,0.5,0.5,0.5,46.5598,-220.133,0,-279.056,-635.139,0,2.31481e+12,3,0.2,0,planet1,1,1
10516,0.5,0.5,0.5,166.666,-12.5837,0,452.541,-375.855,0,2.31481e+12,3,0.2,0,planet1,1,1
10517,0.5,0.5,0.5,115.914,-23.4617,0,304.775,-296.218,0,2.31481e+12,3,0.2,0,planet1,1,1
10521,0.5,0.5,0.5,-113.329,-9.75269,0,-107.505,347.76,0,2.31481e+12,3,0.2,5.68601e+16,planet1,1,1
10533,0.5,0.5,0.5,181.418,-273.149,0,-58.0794,-1049.18,0,2.31481e+12,3,0.2,0,planet1,1,1
10551,0.5,0.5,0.5,266.476,9.12784,0,744.591,-531.806,0,2.31481e+12,3,0.2,0,planet1,1,1
10596,0.5,0.5,0.5,112.906,-267.304,0,-214.482,-890.436,0,2.31481e+12,3,0.2,0,planet1,1,1
10613,0.5,0.5,0.5,291.059,37.9476,0,865.737,-512.573,0,2.31481e+12,3,0.2,0,planet1,1,1
10615,0.5,0.5,0.5,89.8627,196.524,0,702.663,301.226,0,2.31481e+12,3,0.2,0,planet1,1,1
10635,0.5,0.5,0.5,-5.29942,-37.9526,0,-24.8397,-77.0821,0,2.31481e+12,3,0.2,0,planet1,1,1
10671,0.5,0.5,0.5,300.715,88.6826,0,996.269,-407.539,0,2.31481e+12,3,0.2,0,planet1,1,1
10672,0.5,0.5,0.5,386.871,-149.901,0,706.976,-1176.8,0,2.31481e+12,3,0.2,0,planet1,1,1
10676,0.5,0.5,0.5,8.35646,-386.393,0,-723.07,-964.581,0,2.31481e+12,3,0.2,0,planet1,1,1
10683,0.5,0.5,0.5,165.92,280.623,0,1067.11,348.804,0,2.31481e+12,3,0.2,0,planet1,1,1
10686,0.5,0.5,0.5,189.471,90.5308,0,725.571,-169.498,0,2.31481e+12,3,0.2,0,planet1,1,1
10717,0.5,0.5,0.5,-111.59,-304.107,0,-846.073,-509.899,0,2.31481e+12,3,0.2,0,planet1,1,1
10735,0.5,0.5,0.5,176.568,240.688,0,1009.35,227.574,0,2.31481e+12,3,0.2,0,planet1,1,1
10787,0.5,0.5,0.5,225.398,-187.653,0,230.079,-930.553,0,2.31481e+12,3,0.2,0,planet1,1,1
10797,0.5,0.5,0.5,309.57,231.446,0,1318.07,-74.6563,0,2.31481e+12,3,0.2,0,planet1,1,1
10801,0.5,0.5,0.5,260.694,44.9593,0,805.688,-431.298,0,2.31481e+12,3,0.2,0,planet1,1,1
10819,0.5,0.5,0.5,-41.1664,452.725,0,561.021,1208.62,0,2.31481e+12,3,0.2,2.6581e+17,planet1,1,1
10827,0.5,0.5,0.5,64.783,224.461,0,700.047,422.452,0,2.31481e+12,3,0.2,0,planet1,1,1
10831,0.5,0.5,0.5,285.435,292.619,0,1387.21,125.9,0,2.31481e+12,3,0.2,0,planet1,1,1
10839,0.5,0.5,0.5,211.149,307.467,0,1235.11,319.728,0,2.31481e+12,3,0.2,0,planet1,1,1
10852,0.5,0.5,0.5,-93.1001,-3.06372,0,-52.7232,256.886,0,2.31481e+12,3,0.2,3.97554e+16,planet1,1,1
10874,0.5,0.5,0.5,-141.847,-421.968,0,-1168.6,-735.631,0,2.31481e+12,3,0.2,0,planet1,1,1
10881,0.5,0.5,0.5,326.919,92.1849,0,1068.35,-454.117,0,2.31481e+12,3,0.2,0,planet1,1,1
10884,0.5,0.5,0.5,191.707,-131.087,0,265.66,-720.632,0,2.31481e+12,3,0.2,0,planet1,1,1
10914,0.5,0.5,0.5,95.7901,327.361,0,992.486,610.984,0,2.31481e+12,3,0.2,0,planet1,1,1
10917,0.5,0.5,0.5,66.2357,202.05,0,655.929,364.501,0,2.31481e+12,3,0.2,0,planet1,1,1
10957,0.5,0.5,0.5,126.699,-193.969,0,-26.9532,-738.679,0,2.31481e+12,3,0.2,0,planet1,1,1
10966,0.5,0.5,0.5,322.836,-283.825,0,266.934,-1372.57,0,2.31481e+12,3,0.2,0,planet1,1,1
10969,0.5,0.5,0.5,-75.9534,89.0948,0,229.822,716.521,0,2.31481e+12,3,0.2,6.88653e+17,planet1,1,1
10997,0.5,0.5,0.5,349.568,-140.116,0,635.845,-1074.38,0,2.31481e+12,3,0.2,0,planet1,1,1
11008,0.5,0.5,0.5,64.0886,-0.830589,0,224.548,-131.232,0,2.31481e+12,3,0.2,0,planet1,1,1
11012,0.5,0.5,0.5,-143.489,-106.081,0,-171.823,79.4624,0,2.31481e+12,3,0.2,1.34006e+17,planet1,1,1
11013,0.5,0.5,0.5,309.809,90.4221,0,1021.96,-422.635,0,2.31481e+12,3,0.2,0,planet1,1,1
11043,0.5,0.5,0.5,-179.223,8.30519,0,243.381,739.38,0,2.31481e+12,3,0.2,1.4186e+18,planet1,1,1
11048,0.5,0.5,0.5,-176.8,-204.443,0,-100.683,46.5908,0,2.31481e+12,3,0.2,4.81404e+17,planet1,1,1
11049,0.5,0.5,0.5,-133.075,-283.351,0,-855.629,-413.898,0,2.31481e+12,3,0.2,0,planet1,1,1
11058,0.5,0.5,0.5,-200.15,-132.25,0,47.7502,382.296,0,2.31481e+12,3,0.2,1.82271e+18,planet1,1,1
11075,0.5,0.5,0.5,-33.3715,-131.472,0,-290.394,-248.589,0,2.31481e+12,3,0.2,0,planet1,1,1
11106,0.5,0.5,0.5,-203.284,-301.768,0,-178.192,-314.118,0,2.31481e+12,3,0.2,9.0319e+17,planet1,1,1
11117,0.5,0.5,0.5,254.859,318.189,0,1365.11,253.06,0,2.31481e+12,3,0.2,0,planet1,1,1
11127,0.5,0.5,0.5,68.7497,336.333,0,944.844,690.591,0,2.31481e+12,3,0.2,0,planet1,1,1
11162,0.5,0.5,0.5,-174.581,39.6067,0,149.532,804.594,0,2.31481e+12,3,0.2,2.26803e+18,planet1,1,1
11164,0.5,0.5,0.5,-13.1421,-20.4944,0,-7.91522,-17.5223,0,2.31481e+12,3,0.2,0,planet1,1,1
11238,0.5,0.5,0.5,248.811,-12.9069,0,654.826,-548.889,0,2.31481e+12,3,0.2,0,planet1,1,1
11248,0.5,0.5,0.5,387.931,101.008,0,1237.05,-560.896,0,2.31481e+12,3,0.2,0,planet1,1,1
11297,0.5,0.5,0.5,-57.3353,37.4399,0,62.2215,255.754,0,2.31481e+12,3,0.2,9.21247e+15,planet1,1,1
11339,0.5,0.5,0.5,-210.604,-210.574,0,-54.1718,27.2852,0,2.31481e+12,3,0.2,1.33365e+18,planet1,1,1
11367,0.5,0.5,0.5,277.682,-90.0254,0,563.847,-800.014,0,2.31481e+12,3,0.2,0,planet1,1,1
11377,0.5,0.5,0.5,-12.3176,129.959,0,326.684,391.036,0,2.31481e+12,3,0.2,5.63959e+15,planet1,1,1
11379,0.5,0.5,0.5,60.4479,-148.601,0,-94.6798,-487.949,0,2.31481e+12,3,0.2,0,planet1,1,1
11400,0.5,0.5,0.5,-79.1342,204.342,0,157.437,1109.38,0,2.31481e+12,3,0.2,2.62889e+17,planet1,1,1
11411,0.5,0.5,0.5,275.239,-229.526,0,264.456,-1138.71,0,2.31481e+12,3,0.2,0,planet1,1,1
11423,0.5,0.5,0.5,281.828,-129.664,0,490.703,-906.414,0,2.31481e+12,3,0.2,0,planet1,1,1
11443,0.5,0.5,0.5,29.5458,237.356,0,640.418,527.948,0,2.31481e+12,3,0.2,0,planet1,1,1
11444,0.5,0.5,0.5,79.2729,3.46025,0,271.063,-152.754,0,2.31481e+12,3,0.2,0,planet1,1,1
11459,0.5,0.5,0.5,57.4666,123.482,0,469.155,189.285,0,2.31481e+12,3,0.2,0,planet1,1,1
11466,0.5,0.5,0.5,-167.702,-124.157,0,-29.5449,204.005,0,2.31481e+12,3,0.2,4.27469e+17,planet1,1,1
11470,0.5,0.5,0.5,215.278,-73.994,0,443.866,-629.414,0,2.31481e+12,3,0.2,0,planet1,1,1
11495,0.5,0.5,0.5,-119.246,-372.066,0,-1007.59,-661.194,0,2.31481e+12,3,0.2,0,planet1,1,1
11498,0.5,0.5,0.5,373.42,-122.971,0,730.438,-1082.16,0,2.31481e+12,3,0.2,0,planet1,1,1
11524,0.5,0.5,0.5,269.004,124.926,0,994.204,-251.708,0,2.31481e+12,3,0.2,0,planet1,1,1
11534,0.5,0.5,0.5,-143.706,-37.938,0,-71.7533,508.011,0,2.31481e+12,3,0.2,2.31673e+17,planet1,1,1
11544,0.5,0.5,0.5,-203.906,-148.609,0,84.9327,313.923,0,2.31481e+12,3,0.2,8.16807e+17,planet1,1,1
11561,0.5,0.5,0.5,126.2,136.622,0,666.425,76.844,0,2.31481e+12,3,0.2,0,planet1,1,1
11563,0.5,0.5,0.5,24.566,-433.457,0,-782.01,-1114.46,0,2.31481e+12,3,0.2,0,planet1,1,1
11564,0.5,0.5,0.5,-134.527,60.4225,0,362.484,837.692,0,2.31481e+12,3,0.2,7.96752e+17,planet1,1,1
11569,0.5,0.5,0.5,152.781,325.26,0,1128.44,486.078,0,2.31481e+12,3,0.2,0,planet1,1,1
11579,0.5,0.5,0.5,-181.847,-358.078,0,-1132.65,-494.709,0,2.31481e+12,3,0.2,0,planet1,1,1
11585,0.5,0.5,0.5,403.353,41.1232,0,1148.79,-741.314,0,2.31481e+12,3,0.2,0,planet1,1,1
11609,0.5,0.5,0.5,106.464,158.851,0,664.881,173.493,0,2.31481e+12,3,0.2,0,planet1,1,1
11614,0.5,0.5,0.5,181.232,-322.583,0,-162.191,-1170.61,0,2.31481e+12,3,0.2,0,planet1,1,1
11641,0.5,0.5,0.5,-188.503,-112.518,0,45.2087,410.06,0,2.31481e+12,3,0.2,9.7595e+17,planet1,1,1
11642,0.5,0.5,0.5,-149.401,17.1408,0,220.322,869.942,0,2.31481e+12,3,0.2,1.80794e+18,planet1,1,1
11677,0.5,0.5,0.5,413.465,-47.5489,0,987.265,-981.038,0,2.31481e+12,3,0.2,0,planet1,1,1
11708,0.5,0.5,0.5,-207.395,-376.291,0,-1233.91,-485.523,0,2.31481e+12,3,0.2,0,planet1,1,1
11734,0.5,0.5,0.5,-237.51,-347.39,0,-347.339,-648.139,0,2.31481e+12,3,0.2,9.91856e+17,planet1,1,1
11740,0.5,0.5,0.5,53.9455,-435.874,0,-715.302,-1181.56,0,2.31481e+12,3,0.2,0,planet1,1,1
11766,0.5,0.5,0.5,-88.5631,4.91886,0,-47.6135,242.596,0,2.31481e+12,3,0.2,3.74888e+16,planet1,1,1
11767,0.5,0.5,0.5,373.149,-35.1094,0,914.311,-865.01,0,2.31481e+12,3,0.2,0,planet1,1,1
11791,0.5,0.5,0.5,128.763,-62.5789,0,254.382,-419.301,0,2.31481e+12,3,0.2,0,planet1,1,1
11796,0.5,0.5,0.5,-86.0511,59.5697,0,260.323,694.615,0,2.31481e+12,3,0.2,4.5921e+17,planet1,1,1
11816,0.5,0.5,0.5,-68.2532,-103.814,0,-318.664,-107.585,0,2.31481e+12,3,0.2,0,planet1,1,1
11840,0.5,0.5,0.5,322.397,118.29,0,1111.33,-380.377,0,2.31481e+12,3,0.2,0,planet1,1,1
11856,0.5,0.5,0.5,264.985,240.7,0,1227.4,42.1164,0,2.31481e+12,3,0.2,0,planet1,1,1
11874,0.5,0.5,0.5,-35.5701,59.771,0,128.831,256.472,0,2.31481e+12,3,0.2,1.1373e+16,planet1,1,1
11893,0.5,0.5,0.5,-184.788,-194.735,0,-124.919,-18.8117,0,2.31481e+12,3,0.2,6.87619e+17,planet1,1,1
11905,0.5,0.5,0.5,317.479,160.685,0,1188.6,-265.763,0,2.31481e+12,3,0.2,0,planet1,1,1
11946,0.5,0.5,0.5,157.404,-110.663,0,224.417,-598.161,0,2.31481e+12,3,0.2,0,planet1,1,1
11989,0.5,0.5,0.5,196.52,175.931,0,922.369,26.4208,0,2.31481e+12,3,0.2,0,planet1,1,1
12024,0.5,0.5,0.5,-150.474,-415.258,0,-1175.51,-701.524,0,2.31481e+12,3,0.2,0,planet1,1,1
12029,0.5,0.5,0.5,-134.811,-7.05195,0,10.7302,533.989,0,2.31481e+12,3,0.2,9.80775e+17,planet1,1,1
12031,0.5,0.5,0.5,238.79,132.945,0,936.623,-168.357,0,2.31481e+12,3,0.2,0,planet1,1,1
12043,0.5,0.5,0.5,-213.262,-294.865,0,-127.233,-309.588,0,2.31481e+12,3,0.2,1.46008e+18,planet1,1,1
12058,0.5,0.5,0.5,368.12,-133.896,0,694.662,-1098.09,0,2.31481e+12,3,0.2,0,planet1,1,1
12072,0.5,0.5,0.5,-26.5268,-148.669,0,-309.992,-305.235,0,2.31481e+12,3,0.2,0,planet1,1,1
12082,0.5,0.5,0.5,232.168,110.51,0,872.572,-209.937,0,2.31481e+12,3,0.2,0,planet1,1,1
12088,0.5,0.5,0.5,-42.4459,-399.938,0,-876.308,-891.229,0,2.31481e+12,3,0.2,0,planet1,1,1
12097,0.5,0.5,0.5,-137.67,-87.8649,0,-132.161,78.584,0,2.31481e+12,3,0.2,7.72018e+16,planet1,1,1
12123,0.5,0.5,0.5,85.3011,-258.57,0,-264.439,-810.959,0,2.31481e+12,3,0.2,0,planet1,1,1
12138,0.5,0.5,0.5,91.2631,-323.009,0,-385.561,-982.448,0,2.31481e+12,3,0.2,0,planet1,1,1
12141,0.5,0.5,0.5,-226.013,-215.295,0,0.774326,25.4334,0,2.31481e+12,3,0.2,2.67445e+18,planet1,1,1
12153,0.5,0.5,0.5,138.581,85.6264,0,589.849,-74.075,0,2.31481e+12,3,0.2,0,planet1,1,1
12204,0.5,0.5,0.5,-45.6222,-425.528,0,-938.275,-947.794,0,2.31481e+12,3,0.2,0,planet1,1,1
12211,0.5,0.5,0.5,214.415,349.439,0,1331.69,415.418,0,2.31481e+12,3,0.2,0,planet1,1,1
12249,0.5,0.5,0.5,-176.633,-56.7684,0,124.077,577.565,0,2.31481e+12,3,0.2,3.7119e+18,planet1,1,1
12252,0.5,0.5,0.5,392.907,-108.386,0,809.113,-1087.44,0,2.31481e+12,3,0.2,0,planet1,1,1
12268,0.5,0.5,0.5,63.4525,406.812,0,1070.46,878.735,0,2.31481e+12,3,0.2,9.61225e+13,planet1,1,1
12271,0.5,0.5,0.5,-18.078,55.6023,0,139.26,180.391,0,2.31481e+12,3,0.2,0,planet1,1,1
12272,0.5,0.5,0.5,350.11,92.5656,0,1126.27,-501.995,0,2.31481e+12,3,0.2,0,planet1,1,1
12274,0.5,0.5,0.5,-205.671,-243.527,0,-53.0108,-51.4825,0,2.31481e+12,3,0.2,1.11428e+18,planet1,1,1
12277,0.5,0.5,0.5,-46.6446,31.165,0,38.553,178.622,0,2.31481e+12,3,0.2,3.73269e+14,planet1,1,1
12287,0.5,0.5,0.5,-101.175,28.8977,0,19.814,555.849,0,2.31481e+12,3,0.2,7.27775e+17,planet1,1,1
12292,0.5,0.5,0.5,230.291,-81.4658,0,465.527,-678.931,0,2.31481e+12,3,0.2,0,planet1,1,1
12293,0.5,0.5,0.5,363.566,-51.35,0,857.014,-885.306,0,2.31481e+12,3,0.2,0,planet1,1,1
12310,0.5,0.5,0.5,11.9463,94.1888,0,295.223,212.056,0,2.31481e+12,3,0.2,0,planet1,1,1
12314,0.5,0.5,0.5,112.329,-198.636,0,-71.7957,-720.556,0,2.31481e+12,3,0.2,0,planet1,1,1
12315,0.5,0.5,0.5,402.4,-70.1087,0,912.921,-1012.99,0,2.31481e+12,3,0.2,0,planet1,1,1
12326,0.5,0.5,0.5,106.984,179.473,0,709.127,223.239,0,2.31481e+12,3,0.2,0,planet1,1,1
12345,0.5,0.5,0.5,20.6167,-145.299,0,-186.221,-396.259,0,2.31481e+12,3,0.2,0,planet1,1,1
12378,0.5,0.5,0.5,-125.972,-38.3203,0,-134.341,349.973,0,2.31481e+12,3,0.2,5.53555e+16,planet1,1,1
12387,0.5,0.5,0.5,-239.266,-341.648,0,-138.359,-587.512,0,2.31481e+12,3,0.2,1.61172e+18,planet1,1,1
12402,0.5,0.5,0.5,-208.595,-272.324,0,-39.7618,-219.306,0,2.31481e+12,3,0.2,1.98723e+18,planet1,1,1
12447,0.5,0.5,0.5,-150.867,-264.933,0,-860.588,-330.77,0,2.31481e+12,3,0.2,0,planet1,1,1
12453,0.5,0.5,0.5,-100.448,-140.061,0,-474.49,-128.849,0,2.31481e+12,3,0.2,0,planet1,1,1
12495,0.5,0.5,0.5,250.38,277.837,0,1269.59,164.311,0,2.31481e+12,3,0.2,0,planet1,1,1
12499,0.5,0.5,0.5,113.243,341.665,0,1065.51,609.608,0,2.31481e+12,3,0.2,0,planet1,1,1
12501,0.5,0.5,0.5,50.5792,-208.955,0,-245.608,-615.777,0,2.31481e+12,3,0.2,0,planet1,1,1
12506,0.5,0.5,0.5,-146.535,-132.583,0,-155.583,61.7336,0,2.31481e+12,3,0.2,3.15335e+17,planet1,1,1
12531,0.5,0.5,0.5,185.492,222.561,0,993.271,164.681,0,2.31481e+12,3,0.2,0,planet1,1,1
12536,0.5,0.5,0.5,216.202,264.769,0,1157.93,203.943,0,2.31481e+12,3,0.2,0,planet1,1,1
12538,0.5,0.5,0.5,-185.062,-126.18,0,51.2147,391.704,0,2.31481e+12,3,0.2,7.34112e+17,planet1,1,1
12544,0.5,0.5,0.5,43.5706,24.8737,0,227.717,-24.8028,0,2.31481e+12,3,0.2,0,planet1,1,1
12567,0.5,0.5,0.5,51.7701,228.217,0,687.881,454.046,0,2.31481e+12,3,0.2,2.93349e+14,planet1,1,1
12610,0.5,0.5,0.5,84.8002,-410.439,0,-584.657,-1183.93,0,2.31481e+12,3,0.2,0,planet1,1,1
12612,0.5,0.5,0.5,328.507,-157.078,0,548.37,-1071.67,0,2.31481e+12,3,0.2,0,planet1,1,1
12623,0.5,0.5,0.5,236.922,298.097,0,1278.43,242.36,0,2.31481e+12,3,0.2,0,planet1,1,1
12629,0.5,0.5,0.5,-172.998,-168.742,0,-122.722,50.4873,0,2.31481e+12,3,0.2,1.84014e+17,planet1,1,1
12634,0.5,0.5,0.5,-262.918,-385.609,0,-754.09,-1203.04,0,2.31481e+12,3,0.2,4.0327e+17,planet1,1,1
12711,0.5,0.5,0.5,-192.522,-275.631,0,-84.8247,-372.608,0,2.31481e+12,3,0.2,5.27746e+17,planet1,1,1
12732,0.5,0.5,0.5,-104.045,-48.4973,0,-291.221,104.692,0,2.31481e+12,3,0.2,0,planet1,1,1
12775,0.5,0.5,0.5,35.7027,275.823,0,709.099,641.72,0,2.31481e+12,3,0.2,5.72545e+16,planet1,1,1
12795,0.5,0.5,0.5,141.748,-85.2925,0,238.917,-502.742,0,2.31481e+12,3,0.2,0,planet1,1,1
12819,0.5,0.5,0.5,222.052,341.353,0,1333.23,379.579,0,2.31481e+12,3,0.2,0,planet1,1,1
12823,0.5,0.5,0.5,-20.1437,-400.563,0,-822.806,-939.463,0,2.31481e+12,3,0.2,0,planet1,1,1
12827,0.5,0.5,0.5,221.704,221.292,0,1079.82,85.4961,0,2.31481e+12,3,0.2,0,planet1,1,1
12839,0.5,0.5,0.5,184.499,-88.8234,0,337.123,-601.038,0,2.31481e+12,3,0.2,0,planet1,1,1
12852,0.5,0.5,0.5,68.3978,123.962,0,497.186,167.379,0,2.31481e+12,3,0.2,0,planet1,1,1
12968,0.5,0.5,0.5,38.1958,-333.988,0,-539.139,-897.754,0,2.31481e+12,3,0.2,0,planet1,1,1
12970,0.5,0.5,0.5,-217.879,-380.161,0,-1267.77,-472.902,0,2.31481e+12,3,0.2,0,planet1,1,1
12975,0.5,0.5,0.5,329.327,-193.341,0,474.382,-1162.84,0,2.31481e+12,3,0.2,0,planet1,1,1
12991,0.5,0.5,0.5,29.8649,-80.7669,0,-27.8374,-256.556,0,2.31481e+12,3,0.2,0,planet1,1,1
12993,0.5,0.5,0.5,-182.784,-230.875,0,-143.21,-171.127,0,2.31481e+12,3,0.2,5.37962e+17,planet1,1,1
13000,0.5,0.5,0.5,110.886,136.976,0,629.615,110.147,0,2.31481e+12,3,0.2,0,planet1,1,1
13044,0.5,0.5,0.5,-220.759,-197.539,0,36.6706,155.459,0,2.31481e+12,3,0.2,2.30184e+18,planet1,1,1
13055,0.5,0.5,0.5,-94.105,24.982,0,48.0483,430.167,0,2.31481e+12,3,0.2,2.79016e+17,planet1,1,1
13061,0.5,0.5,0.5,123.006,-250.423,0,-154.267,-870.565,0,2.31481e+12,3,0.2,0,planet1,1,1
13067,0.5,0.5,0.5,231.406,-154.959,0,313.634,-862.499,0,2.31481e+12,3,0.2,0,planet1,1,1
13086,0.5,0.5,0.5,93.3521,145.895,0,605.047,169.222,0,2.31481e+12,3,0.2,0,planet1,1,1
13117,0.5,0.5,0.5,-151.125,-331.88,0,-1002.06,-495.041,0,2.31481e+12,3,0.2,0,planet1,1,1
13133,0.5,0.5,0.5,169.586,216.324,0,940.75,182.488,0,2.31481e+12,3,0.2,0,planet1,1,1
13134,0.5,0.5,0.5,247.828,326.176,0,1365.13,287.729,0,2.31481e+12,3,0.2,0,planet1,1,1
13150,0.5,0.5,0.5,104.16,249.025,0,848.388,400.509,0,2.31481e+12,3,0.2,0,planet1,1,1
13151,0.5,0.5,0.5,90.4229,378.731,0,1087.32,748.989,0,2.31481e+12,3,0.2,0,planet1,1,1
13157,0.5,0.5,0.5,197.237,264.308,0,1110.18,242.621,0,2.31481e+12,3,0.2,0,planet1,1,1
13175,0.5,0.5,0.5,112.51,-421.835,0,-541.571,-1269.91,0,2.31481e+12,3,0.2,0,planet1,1,1
13178,0.5,0.5,0.5,94.396,-245.96,0,-215.925,-799.008,0,2.31481e+12,3,0.2,0,planet1,1,1
13183,0.5,0.5,0.5,77.139,153.817,0,581.559,222.526,0,2.31481e+12,3,0.2,0,planet1,1,1
13191,0.5,0.5,0.5,-100.826,-181.703,0,-562.847,-230.702,0,2.31481e+12,3,0.2,0,planet1,1,1
13206,0.5,0.5,0.5,-33.2671,89.9641,0,188.878,355.102,0,2.31481e+12,3,0.2,3.1853e+16,planet1,1,1
13243,0.5,0.5,0.5,133.096,299.807,0,1026.18,465.008,0,2.31481e+12,3,0.2,0,planet1,1,1
13257,0.5,0.5,0.5,119.471,388.815,0,1180.02,712.202,0,2.31481e+12,3,0.2,0,planet1,1,1
13270,0.5,0.5,0.5,53.1883,-194.369,0,-208.917,-585.376,0,2.31481e+12,3,0.2,0,planet1,1,1
13298,0.5,0.5,0.5,-62.4537,-193.603,0,-492.709,-340.812,0,2.31481e+12,3,0.2,0,planet1,1,1
13372,0.5,0.5,0.5,-19.0969,-294.442,0,-597.611,-680.16,0,2.31481e+12,3,0.2,0,planet1,1,1
13390,0.5,0.5,0.5,56.0409,289.659,0,812.56,618.878,0,2.31481e+12,3,0.2,5.08727e+14,planet1,1,1
13393,0.5,0.5,0.5,-82.3617,-241.472,0,-642.211,-416.6,0,2.31481e+12,3,0.2,0,planet1,1,1
13404,0.5,0.5,0.5,43.9856,-110.98,0,-56.8379,-360.584,0,2.31481e+12,3,0.2,0,planet1,1,1
13434,0.5,0.5,0.5,335.568,81.5232,0,1067.09,-498.718,0,2.31481e+12,3,0.2,0,planet1,1,1
13441,0.5,0.5,0.5,269.447,265.292,0,1290.17,93.4541,0,2.31481e+12,3,0.2,0,planet1,1,1
13467,0.5,0.5,0.5,244.374,257.209,0,1211.44,125.784,0,2.31481e+12,3,0.2,0,planet1,1,1
13468,0.5,0.5,0.5,130.113,225.239,0,862.534,287.133,0,2.31481e+12,3,0.2,0,planet1,1,1
13534,0.5,0.5,0.5,250.158,-161.848,0,345.449,-919.071,0,2.31481e+12,3,0.2,0,planet1,1,1
13557,0.5,0.5,0.5,-134.25,49.117,0,340.613,807.975,0,2.31481e+12,3,0.2,3.33183e+17,planet1,1,1
13577,0.5,0.5,0.5,39.41,-43.1423,0,74.5214,-184.245,0,2.31481e+12,3,0.2,0,planet1,1,1
13606,0.5,0.5,0.5,-173.799,-382.885,0,-1165.03,-572.513,0,2.31481e+12,3,0.2,0,planet1,1,1
13618,0.5,0.5,0.5,371.019,125.516,0,1246.51,-464.846,0,2.31481e+12,3,0.2,0,planet1,1,1
13622,0.5,0.5,0.5,291.867,-227.622,0,309.709,-1168.49,0,2.31481e+12,3,0.2,0,planet1,1,1
13625,0.5,0.5,0.5,131.088,-42.1067,0,303.134,-374.132,0,2.31481e+12,3,0.2,0,planet1,1,1
13630,0.5,0.5,0.5,73.5932,-278.049,0,-334.309,-834.736,0,2.31481e+12,3,0.2,0,planet1,1,1
13632,0.5,0.5,0.5,91.1098,-13.164,0,265.128,-218.406,0,2.31481e+12,3,0.2,0,planet1,1,1
13634,0.5,0.5,0.5,113.943,-368.113,0,-424.248,-1141.3,0,2.31481e+12,3,0.2,0,planet1,1,1
13638,0.5,0.5,0.5,311.061,152.249,0,1155.11,-272.765,0,2.31481e+12,3,0.2,0,planet1,1,1
13678,0.5,0.5,0.5,-186.956,-330.034,0,-1086.1,-414.771,0,2.31481e+12,3,0.2,0,planet1,1,1
13696,0.5,0.5,0.5,-127.717,-130.172,0,-520.927,-46.9648,0,2.31481e+12,3,0.2,0,planet1,1,1
13714,0.5,0.5,0.5,299.026,77.8565,0,969.109,-430.631,0,2.31481e+12,3,0.2,0,planet1,1,1
13730,0.5,0.5,0.5,177.36,49.0478,0,608.686,-246.112,0,2.31481e+12,3,0.2,0,planet1,1,1
13745,0.5,0.5,0.5,377.982,156.967,0,1329.83,-402.657,0,2.31481e+12,3,0.2,0,planet1,1,1
13775,0.5,0.5,0.5,-18.2718,-371.866,0,-758.004,-872.726,0,2.31481e+12,3,0.2,0,planet1,1,1
13792,0.5,0.5,0.5,192.168,-157.332,0,211.869,-786.082,0,2.31481e+12,3,0.2,0,planet1,1,1
13823,0.5,0.5,0.5,120.872,226.121,0,841.599,309.346,0,2.31481e+12,3,0.2,0,planet1,1,1
13831,0.5,0.5,0.5,-317.618,211.792,0,-325.263,662.308,0,2.31481e+12,3,0.2,2.65303e+17,planet1,1,1
13846,0.5,0.5,0.5,247.582,-178.579,0,303.87,-954.877,0,2.31481e+12,3,0.2,0,planet1,1,1
13892,0.5,0.5,0.5,-147.543,-1.96144,0,157.709,801.472,0,2.31481e+12,3,0.2,7.62108e+17,planet1,1,1
13917,0.5,0.5,0.5,-146.464,-157.823,0,-625.706,-75.6794,0,2.31481e+12,3,0.2,0,planet1,1,1
13964,0.5,0.5,0.5,-128.788,-31.8236,0,-33.7394,451.024,0,2.31481e+12,3,0.2,5.43721e+16,planet1,1,1
14002,0.5,0.5,0.5,342.582,22.4652,0,960.179,-659.02,0,2.31481e+12,3,0.2,0,planet1,1,1
14019,0.5,0.5,0.5,372.099,-143.7,0,683.451,-1130.45,0,2.31481e+12,3,0.2,0,planet1,1,1
14053,0.5,0.5,0.5,165.39,353.679,0,1219.58,529.432,0,2.31481e+12,3,0.2,0,planet1,1,1
14055,0.5,0.5,0.5,111.095,-229.208,0,-139.05,-793.084,0,2.31481e+12,3,0.2,0,planet1,1,1
14056,0.5,0.5,0.5,4.67738,-327.768,0,-608.582,-812.492,0,2.31481e+12,3,0.2,0,planet1,1,1
14064,0.5,0.5,0.5,-171.877,-119.846,0,-81.4641,155.589,0,2.31481e+12,3,0.2,5.96964e+17,planet1,1,1
14081,0.5,0.5,0.5,338.298,-41.7514,0,814.374,-808.239,0,2.31481e+12,3,0.2,0,planet1,1,1
14093,0.5,0.5,0.5,27.8019,-415.922,0,-737.205,-1078,0,2.31481e+12,3,0.2,0,planet1,1,1
14096,0.5,0.5,0.5,-193.101,-337.258,0,-1116.87,-419.483,0,2.31481e+12,3,0.2,0,planet1,1,1
14139,0.5,0.5,0.5,252.672,-271.337,0,121.55,-1194.14,0,2.31481e+12,3,0.2,0,planet1,1,1
14155,0.5,0.5,0.5,155.648,272.543,0,1025.11,350.217,0,2.31481e+12,3,0.2,0,planet1,1,1
14162,0.5,0.5,0.5,-59.5417,65.0948,0,226.277,443.333,0,2.31481e+12,3,0.2,2.79784e+16,planet1,1,1
14209,0.5,0.5,0.5,-203.498,-295.601,0,42.1632,-482.095,0,2.31481e+12,3,0.2,9.04305e+17,planet1,1,1
14222,0.5,0.5,0.5,-205.681,-260.715,0,-167.12,-166.677,0,2.31481e+12,3,0.2,1.05796e+18,planet1,1,1
14223,0.5,0.5,0.5,288.495,221.992,0,1246.13,-53.4116,0,2.31481e+12,3,0.2,0,planet1,1,1
14250,0.5,0.5,0.5,-156.62,-64.6526,0,62.0388,506.576,0,2.31481e+12,3,0.2,6.20341e+17,planet1,1,1
14282,0.5,0.5,0.5,-155.933,-112.038,0,-96.7311,237.236,0,2.31481e+12,3,0.2,1.99074e+17,planet1,1,1
14300,0.5,0.5,0.5,-378.473,177.443,0,-427.617,421.491,0,2.31481e+12,3,0.2,5.47929e+17,planet1,1,1
14326,0.5,0.5,0.5,223.512,89.8155,0,807.79,-242.428,0,2.31481e+12,3,0.2,0,planet1,1,1
14351,0.5,0.5,0.5,84.3414,-369.07,0,-499.155,-1081.15,0,2.31481e+12,3,0.2,0,planet1,1,1
14356,0.5,0.5,0.5,-27.9954,-172.835,0,-364.093,-361.734,0,2.31481e+12,3,0.2,0,planet1,1,1
14378,0.5,0.5,0.5,-162.823,192.575,0,36.5694,859.122,0,2.31481e+12,3,0.2,5.39558e+15,planet1,1,1
14384,0.5,0.5,0.5,107.516,-92.9428,0,138.024,-449.377,0,2.31481e+12,3,0.2,0,planet1,1,1
14413,0.5,0.5,0.5,156.655,-352.548,0,-285.851,-1192.81,0,2.31481e+12,3,0.2,0,planet1,1,1
14424,0.5,0.5,0.5,-74.4416,61.298,0,121.228,507.297,0,2.31481e+12,3,0.2,1.519e+17,planet1,1,1
14464,0.5,0.5,0.5,58.0963,-137.834,0,-78.1795,-456.651,0,2.31481e+12,3,0.2,0,planet1,1,1
14481,0.5,0.5,0.5,-128.271,-117.603,0,-495.629,-14.7009,0,2.31481e+12,3,0.2,0,planet1,1,1
14484,0.5,0.5,0.5,300.033,-159.49,0,473.35,-1018,0,2.31481e+12,3,0.2,0,planet1,1,1
14511,0.5,0.5,0.5,-95.7004,18.4421,0,41.109,436.4,0,2.31481e+12,3,0.2,1.07836e+18,planet1,1,1
14512,0.5,0.5,0.5,233.435,306.767,0,1288.65,271.032,0,2.31481e+12,3,0.2,0,planet1,1,1
14513,0.5,0.5,0.5,-163.114,-195.161,0,-64.0582,-97.9552,0,2.31481e+12,3,0.2,1.01353e+17,planet1,1,1
14523,0.5,0.5,0.5,-169.704,-394.829,0,-1180.03,-610.631,0,2.31481e+12,3,0.2,0,planet1,1,1
14549,0.5,0.5,0.5,-221.628,-393.016,0,-1304.36,-496.338,0,2.31481e+12,3,0.2,0,planet1,1,1
14558,0.5,0.5,0.5,-19.6947,-325.481,0,-664.077,-755.553,0,2.31481e+12,3,0.2,0,planet1,1,1
14564,0.5,0.5,0.5,389.396,71.0977,0,1177.62,-637.774,0,2.31481e+12,3,0.2,0,planet1,1,1
14571,0.5,0.5,0.5,212.701,151.042,0,910.199,-68.8669,0,2.31481e+12,3,0.2,0,planet1,1,1
14573,0.5,0.5,0.5,142.422,-334.817,0,-283.658,-1118.75,0,2.31481e+12,3,0.2,0,planet1,1,1
14584,0.5,0.5,0.5,264.999,-274.835,0,143.955,-1228.75,0,2.31481e+12,3,0.2,0,planet1,1,1
14591,0.5,0.5,0.5,-120.842,-67.0486,0,-315.856,-18.4251,0,2.31481e+12,3,0.2,1.07008e+16,planet1,1,1
14618,0.5,0.5,0.5,206.674,-167.721,0,225.903,-842.125,0,2.31481e+12,3,0.2,0,planet1,1,1
14703,0.5,0.5,0.5,-129.556,-17.8,0,-75.0747,389.92,0,2.31481e+12,3,0.2,2.63953e+17,planet1,1,1
14724,0.5,0.5,0.5,-217.79,-271.925,0,13.6761,-153.98,0,2.31481e+12,3,0.2,2.24291e+18,planet1,1,1
14773,0.5,0.5,0.5,154.107,-163.703,0,104.781,-721.775,0,2.31481e+12,3,0.2,0,planet1,1,1
14809,0.5,0.5,0.5,74.4896,-191.117,0,-149.493,-622.41,0,2.31481e+12,3,0.2,0,planet1,1,1
14848,0.5,0.5,0.5,160.915,-382.134,0,-337.721,-1274.52,0,2.31481e+12,3,0.2,0,planet1,1,1
14928,0.5,0.5,0.5,134.068,216.927,0,854.403,258.524,0,2.31481e+12,3,0.2,0,planet1,1,1
14954,0.5,0.5,0.5,346.171,146.919,0,1230.74,-359.832,0,2.31481e+12,3,0.2,0,planet1,1,1
14974,0.5,0.5,0.5,367.408,68.2531,0,1117.7,-598.048,0,2.31481e+12,3,0.2,0,planet1,1,1
15065,0.5,0.5,0.5,407.832,-16.2794,0,1039.24,-891.844,0,2.31481e+12,3,0.2,0,planet1,1,1
15088,0.5,0.5,0.5,149.666,-237.532,0,-61.5353,-894.263,0,2.31481e+12,3,0.2,0,planet1,1,1
15105,0.5,0.5,0.5,350.26,35.4342,0,1006.48,-643.076,0,2.31481e+12,3,0.2,0,planet1,1,1
15139,0.5,0.5,0.5,137.384,-19.7379,0,365.869,-331.599,0,2.31481e+12,3,0.2,0,planet1,1,1
15143,0.5,0.5,0.5,-140.547,-28.0209,0,71.7819,585.337,0,2.31481e+12,3,0.2,4.48174e+17,planet1,1,1
15221,0.5,0.5,0.5,-151.271,-228.349,0,-785.247,-239.679,0,2.31481e+12,3,0.2,0,planet1,1,1
15230,0.5,0.5,0.5,-110.752,-18.2598,0,-150.22,256.325,0,2.31481e+12,3,0.2,4.90373e+16,planet1,1,1
15248,0.5,0.5,0.5,267.299,-253.04,0,195.704,-1180.08,0,2.31481e+12,3,0.2,0,planet1,1,1
15254,0.5,0.5,0.5,206.72,332.837,0,1277.34,391.149,0,2.31481e+12,3,0.2,0,planet1,1,1
15259,0.5,0.5,0.5,-42.7533,-50.9434,0,-144.309,-30.0987,0,2.31481e+12,3,0.2,0,planet1,1,1
15335,0.5,0.5,0.5,-169.514,-88.5888,0,-3.51528,398.176,0,2.31481e+12,3,0.2,6.40411e+17,planet1,1,1
15340,0.5,0.5,0.5,59.5456,-86.8045,0,32.6853,-333.823,0,2.31481e+12,3,0.2,0,planet1,1,1
15341,0.5,0.5,0.5,371.713,-81.7991,0,812.797,-977.104,0,2.31481e+12,3,0.2,0,planet1,1,1
15384,0.5,0.5,0.5,-191.942,-95.1867,0,111.119,456.285,0,2.31481e+12,3,0.2,2.20382e+18,planet1,1,1
15399,0.5,0.5,0.5,232.704,-273.696,0,67.2375,-1157.94,0,2.31481e+12,3,0.2,0,planet1,1,1
15406,0.5,0.5,0.5,-219.152,-291.531,0,29.9368,-257.491,0,2.31481e+12,3,0.2,1.77134e+18,planet1,1,1
15421,0.5,0.5,0.5,50.8425,157.451,0,524.478,286.772,0,2.31481e+12,3,0.2,0,planet1,1,1
15442,0.5,0.5,0.5,42.2304,-321.01,0,-501.957,-874.622,0,2.31481e+12,3,0.2,0,planet1,1,1
15445,0.5,0.5,0.5,107.04,-206.405,0,-101.021,-728.341,0,2.31481e+12,3,0.2,0,planet1,1,1
15488,0.5,0.5,0.5,-90.4298,-131.042,0,-430.66,-127.342,0,2.31481e+12,3,0.2,0,planet1,1,1
15499,0.5,0.5,0.5,98.9565,385.379,0,1122.58,747.054,0,2.31481e+12,3,0.2,0,planet1,1,1
15503,0.5,0.5,0.5,223.273,-100.478,0,407.893,-711.388,0,2.31481e+12,3,0.2,0,planet1,1,1
15618,0.5,0.5,0.5,315.375,132.029,0,1123.45,-331.533,0,2.31481e+12,3,0.2,0,planet1,1,1
15623,0.5,0.5,0.5,126.191,-394.209,0,-448.663,-1231.02,0,2.31481e+12,3,0.2,0,planet1,1,1
15640,0.5,0.5,0.5,-141.709,-3.8751,0,99.2285,636.434,0,2.31481e+12,3,0.2,2.02986e+18,planet1,1,1
15664,0.5,0.5,0.5,-152.76,-349.157,0,-1042.43,-533.988,0,2.31481e+12,3,0.2,0,planet1,1,1
15665,0.5,0.5,0.5,279.716,-37.3984,0,679.72,-674.451,0,2.31481e+12,3,0.2,0,planet1,1,1
15674,0.5,0.5,0.5,151.76,82.3328,0,615.677,-110.048,0,2.31481e+12,3,0.2,0,planet1,1,1
15681,0.5,0.5,0.5,-205.864,-315.88,0,-308.53,-591.033,0,2.31481e+12,3,0.2,8.63987e+17,planet1,1,1
15706,0.5,0.5,0.5,-200.275,-117.78,0,100.306,422.957,0,2.31481e+12,3,0.2,4.38258e+18,planet1,1,1
15739,0.5,0.5,0.5,-40.4304,-435.474,0,-946.758,-982.752,0,2.31481e+12,3,0.2,0,planet1,1,1
15762,0.5,0.5,0.5,22.9528,148.477,0,436.421,322.859,0,2.31481e+12,3,0.2,0,planet1,1,1
15769,0.5,0.5,0.5,-201.395,-256.515,0,-169.526,-160.972,0,2.31481e+12,3,0.2,3.53147e+17,planet1,1,1
15780,0.5,0.5,0.5,264.05,-21.0214,0,675.407,-600.868,0,2.31481e+12,3,0.2,0,planet1,1,1
15871,0.5,0.5,0.5,-212.193,-261.822,0,9.68279,-70.2108,0,2.31481e+12,3,0.2,1.26747e+18,planet1,1,1
15877,0.5,0.5,0.5,-277.216,-424.727,0,-457.716,-1276.66,0,2.31481e+12,3,0.2,1.88585e+18,planet1,1,1
15906,0.5,0.5,0.5,-133.559,4.90918,0,57.492,678.886,0,2.31481e+12,3,0.2,8.15179e+17,planet1,1,1
15916,0.5,0.5,0.5,97.9861,84.1326,0,486.624,7.00623,0,2.31481e+12,3,0.2,0,planet1,1,1
15971,0.5,0.5,0.5,402.188,25.6722,0,1113.58,-776.306,0,2.31481e+12,3,0.2,0,planet1,1,1
16001,0.5,0.5,0.5,94.5405,400.833,0,1144.22,794.059,0,2.31481e+12,3,0.2,0,planet1,1,1
16147,0.5,0.5,0.5,193.507,-248.732,0,22.8925,-1014.72,0,2.31481e+12,3,0.2,0,planet1,1,1
16170,0.5,0.5,0.5,106.132,266.974,0,890.681,440.505,0,2.31481e+12,3,0.2,0,planet1,1,1
16172,0.5,0.5,0.5,82.1564,-236.208,0,-224.881,-748.933,0,2.31481e+12,3,0.2,0,planet1,1,1
16232,0.5,0.5,0.5,329.785,-37.8201,0,802.393,-780.375,0,2.31481e+12,3,0.2,0,planet1,1,1
16257,0.5,0.5,0.5,-152.607,-383.491,0,-1114.04,-619.237,0,2.31481e+12,3,0.2,0,planet1,1,1
16291,0.5,0.5,0.5,-223.909,-220.914,0,-15.4775,19.2473,0,2.31481e+12,3,0.2,2.26934e+18,planet1,1,1
16293,0.5,0.5,0.5,-30.2948,63.7771,0,137.575,255.717,0,2.31481e+12,3,0.2,6.04769e+14,planet1,1,1
16365,0.5,0.5,0.5,-144.647,-76.6351,0,68.9868,243.737,0,2.31481e+12,3,0.2,1.01423e+17,planet1,1,1
16368,0.5,0.5,0.5,251.661,-120.087,0,436.612,-818.664,0,2.31481e+12,3,0.2,0,planet1,1,1
16391,0.5,0.5,0.5,87.5247,179.969,0,662.399,265.187,0,2.31481e+12,3,0.2,0,planet1,1,1
16420,0.5,0.5,0.5,-129.568,432.489,0,46.3939,1351.56,0,2.31481e+12,3,0.2,4.38773e+17,planet1,1,1
16427,0.5,0.5,0.5,67.4406,253.921,0,768.422,490.078,0,2.31481e+12,3,0.2,0,planet1,1,1
16444,0.5,0.5,0.5,-38.1939,116.419,0,280.414,553.992,0,2.31481e+12,3,0.2,9.3975e+16,planet1,1,1
16463,0.5,0.5,0.5,-118.923,-312.121,0,-880.726,-514.13,0,2.31481e+12,3,0.2,0,planet1,1,1
16479,0.5,0.5,0.5,-99.2947,34.8856,0,46.5548,555.539,0,2.31481e+12,3,0.2,3.48032e+17,planet1,1,1
16491,0.5,0.5,0.5,-43.9046,-324.297,0,-720.999,-701.907,0,2.31481e+12,3,0.2,0,planet1,1,1
16639,0.5,0.5,0.5,94.955,362.946,0,1064.97,700.594,0,2.31481e+12,3,0.2,0,planet1,1,1
16647,0.5,0.5,0.5,213.533,214.882,0,1046.26,86.8594,0,2.31481e+12,3,0.2,0,planet1,1,1
16649,0.5,0.5,0.5,19.0788,105.395,0,336.697,225.002,0,2.31481e+12,3,0.2,0,planet1,1,1
16797,0.5,0.5,0.5,-200.011,-387.79,0,-1240.07,-529.363,0,2.31481e+12,3,0.2,0,planet1,1,1
16800,0.5,0.5,0.5,371.152,-178.26,0,608.223,-1214.03,0,2.31481e+12,3,0.2,0,planet1,1,1
16825,0.5,0.5,0.5,-57.6783,199.647,0,162.493,1012.48,0,2.31481e+12,3,0.2,3.89602e+17,planet1,1,1
16851,0.5,0.5,0.5,262.216,278.327,0,1300.05,140.237,0,2.31481e+12,3,0.2,0,planet1,1,1
16866,0.5,0.5,0.5,-201.652,-165.811,0,11.3471,260.115,0,2.31481e+12,3,0.2,9.94347e+17,planet1,1,1
16873,0.5,0.5,0.5,-19.0842,-269.748,0,-545.719,-619.445,0,2.31481e+12,3,0.2,0,planet1,1,1
16913,0.5,0.5,0.5,-156.989,228.558,0,-3.31589,973.127,0,2.31481e+12,3,0.2,3.01362e+16,planet1,1,1
16943,0.5,0.5,0.5,135.417,-155.413,0,75.8153,-662.195,0,2.31481e+12,3,0.2,0,planet1,1,1
16979,0.5,0.5,0.5,-249.438,-380.311,0,-775.096,-1188.2,0,2.31481e+12,3,0.2,4.65414e+17,planet1,1,1
16980,0.5,0.5,0.5,124.199,-259.755,0,-170.919,-895.842,0,2.31481e+12,3,0.2,0,planet1,1,1
16993,0.5,0.5,0.5,346.598,216.246,0,1377.2,-190.531,0,2.31481e+12,3,0.2,0,planet1,1,1
17097,0.5,0.5,0.5,99.9214,119.395,0,565.466,90.0256,0,2.31481e+12,3,0.2,0,planet1,1,1
17107,0.5,0.5,0.5,49.9311,305.272,0,833.508,653.245,0,2.31481e+12,3,0.2,0,planet1,1,1
17132,0.5,0.5,0.5,-45.5125,-368.199,0,-817.686,-806.334,0,2.31481e+12,3,0.2,0,planet1,1,1
17146,0.5,0.5,0.5,-89.6249,-315.13,0,-814.533,-582.977,0,2.31481e+12,3,0.2,0,planet1,1,1
17278,0.5,0.5,0.5,112.62,285.728,0,946.42,473.322,0,2.31481e+12,3,0.2,0,planet1,1,1
17288,0.5,0.5,0.5,203.316,27.1208,0,626.869,-354.639,0,2.31481e+12,3,0.2,0,planet1,1,1
17324,0.5,0.5,0.5,-161.401,-47.5877,0,86.9649,594.991,0,2.31481e+12,3,0.2,6.8679e+17,planet1,1,1
17376,0.5,0.5,0.5,223.393,166.8,0,970.048,-52.5044,0,2.31481e+12,3,0.2,0,planet1,1,1
17400,0.5,0.5,0.5,142.647,125.262,0,682.925,14.2412,0,2.31481e+12,3,0.2,0,planet1,1,1
17407,0.5,0.5,0.5,-142.587,-51.3994,0,-35.031,434.945,0,2.31481e+12,3,0.2,1.76919e+17,planet1,1,1
17420,0.5,0.5,0.5,157.809,193.467,0,863.923,151.19,0,2.31481e+12,3,0.2,0,planet1,1,1
17425,0.5,0.5,0.5,-123.03,-7.07655,0,-81,424.327,0,2.31481e+12,3,0.2,1.58405e+17,planet1,1,1
17488,0.5,0.5,0.5,208.5,-333.053,0,-117.064,-1253.62,0,2.31481e+12,3,0.2,0,planet1,1,1
17550,0.5,0.5,0.5,229.678,227.404,0,1112.06,83.5254,0,2.31481e+12,3,0.2,0,planet1,1,1
17574,0.5,0.5,0.5,-41.7494,44.5173,0,57.748,203.008,0,2.31481e+12,3,0.2,0,planet1,1,1
17586,0.5,0.5,0.5,220.311,-273.722,0,36.4614,-1132.19,0,2.31481e+12,3,0.2,0,planet1,1,1
17591,0.5,0.5,0.5,331.215,-71.1799,0,735.139,-865.823,0,2.31481e+12,3,0.2,0,planet1,1,1
17596,0.5,0.5,0.5,84.4785,104.398,0,495.934,85.902,0,2.31481e+12,3,0.2,0,planet1,1,1
17716,0.5,0.5,0.5,77.2285,369.303,0,1035.41,753.358,0,2.31481e+12,3,0.2,0,planet1,1,1
17720,0.5,0.5,0.5,177.306,119.264,0,756.198,-72.8854,0,2.31481e+12,3,0.2,0,planet1,1,1
17722,0.5,0.5,0.5,46.9472,-232.762,0,-304.974,-666.919,0,2.31481e+12,3,0.2,0,planet1,1,1
17738,0.5,0.5,0.5,331.354,240.243,0,1390.05,-99.5067,0,2.31481e+12,3,0.2,0,planet1,1,1
17743,0.5,0.5,0.5,184.242,-226.082,0,47.4238,-939.007,0,2.31481e+12,3,0.2,0,planet1,1,1
17775,0.5,0.5,0.5,94.1762,46.9853,0,399.267,-76.4469,0,2.31481e+12,3,0.2,0,planet1,1,1
17786,0.5,0.5,0.5,-233.385,-340.449,0,-128.338,-662.467,0,2.31481e+12,3,0.2,1.27097e+18,planet1,1,1
17909,0.5,0.5,0.5,234.299,-213.667,0,197.475,-1013.02,0,2.31481e+12,3,0.2,0,planet1,1,1
17912,0.5,0.5,0.5,32.8929,-60.5783,0,21.5578,-213.044,0,2.31481e+12,3,0.2,0,planet1,1,1
17928,0.5,0.5,0.5,160.753,182.395,0,847.924,117.055,0,2.31481e+12,3,0.2,0,planet1,1,1
17965,0.5,0.5,0.5,336.457,-122.702,0,640.157,-1004.13,0,2.31481e+12,3,0.2,0,planet1,1,1
17984,0.5,0.5,0.5,-118.07,-14.1404,0,-87.0702,333.056,0,2.31481e+12,3,0.2,5.03768e+16,planet1,1,1
18003,0.5,0.5,0.5,111.213,-148.481,0,30.8995,-594.259,0,2.31481e+12,3,0.2,0,planet1,1,1
18018,0.5,0.5,0.5,156.625,243.711,0,966.566,277.601,0,2.31481e+12,3,0.2,0,planet1,1,1
18032,0.5,0.5,0.5,-49.4889,-128,0,-323.004,-206.362,0,2.31481e+12,3,0.2,0,planet1,1,1
18038,0.5,0.5,0.5,265.172,-306.474,0,78.2356,-1306.76,0,2.31481e+12,3,0.2,0,planet1,1,1
18084,0.5,0.5,0.5,276.653,-188.068,0,355.646,-1039.15,0,2.31481e+12,3,0.2,0,planet1,1,1
18091,0.5,0.5,0.5,181.48,-165.431,0,168.722,-783.807,0,2.31481e+12,3,0.2,0,planet1,1,1
18168,0.5,0.5,0.5,386.602,41.387,0,1108.29,-704.509,0,2.31481e+12,3,0.2,0,planet1,1,1
18180,0.5,0.5,0.5,234.711,-252.714,0,116.039,-1110.5,0,2.31481e+12,3,0.2,0,planet1,1,1
18183,0.5,0.5,0.5,174.696,59.677,0,624.494,-214.352,0,2.31481e+12,3,0.2,0,planet1,1,1
18238,0.5,0.5,0.5,-82.4448,38.9093,0,75.527,480.217,0,2.31481e+12,3,0.2,6.13002e+16,planet1,1,1
18251,0.5,0.5,0.5,-171.416,-217.033,0,-161.994,-94.3353,0,2.31481e+12,3,0.2,1.495e+17,planet1,1,1
18351,0.5,0.5,0.5,-92.2327,-409.398,0,-1019.45,-809.258,0,2.31481e+12,3,0.2,0,planet1,1,1
18353,0.5,0.5,0.5,347.249,59.0244,0,1048.54,-578.753,0,2.31481e+12,3,0.2,0,planet1,1,1
18408,0.5,0.5,0.5,-40.9383,-64.0789,0,-167.747,-66.2419,0,2.31481e+12,3,0.2,0,planet1,1,1
18430,0.5,0.5,0.5,-176.926,-98.748,0,62.8272,336.648,0,2.31481e+12,3,0.2,8.85602e+17,planet1,1,1
18436,0.5,0.5,0.5,-127.007,-389.014,0,-1062.7,-686.233,0,2.31481e+12,3,0.2,0,planet1,1,1
18458,0.5,0.5,0.5,-136.874,-387.296,0,-1083.17,-660.833,0,2.31481e+12,3,0.2,0,planet1,1,1
18489,0.5,0.5,0.5,69.6318,96.0033,0,441.407,95.607,0,2.31481e+12,3,0.2,0,planet1,1,1
18534,0.5,0.5,0.5,86.0923,66.9013,0,420.902,-10.4771,0,2.31481e+12,3,0.2,0,planet1,1,1
18552,0.5,0.5,0.5,-203.039,-288.576,0,-75.2812,-392.334,0,2.31481e+12,3,0.2,1.00976e+18,planet1,1,1
18582,0.5,0.5,0.5,64.014,-320.53,0,-447.174,-918.939,0,2.31481e+12,3,0.2,0,planet1,1,1
18711,0.5,0.5,0.5,322.217,-43.2379,0,772.373,-777.845,0,2.31481e+12,3,0.2,0,planet1,1,1
18715,0.5,0.5,0.5,32.1512,-278.331,0,-436.936,-748.268,0,2.31481e+12,3,0.2,0,planet1,1,1
18780,0.5,0.5,0.5,115.399,-6.2224,0,339.539,-252.156,0,2.31481e+12,3,0.2,0,planet1,1,1
18818,0.5,0.5,0.5,315.377,-87.4274,0,662.194,-872.77,0,2.31481e+12,3,0.2,0,planet1,1,1
18861,0.5,0.5,0.5,-168.272,-416.597,0,-1222.25,-666.608,0,2.31481e+12,3,0.2,0,planet1,1,1
18916,0.5,0.5,0.5,20.7142,162.619,0,461.029,362.057,0,2.31481e+12,3,0.2,0,planet1,1,1
18946,0.5,0.5,0.5,208.225,-381.749,0,-220.937,-1372.8,0,2.31481e+12,3,0.2,0,planet1,1,1
19017,0.5,0.5,0.5,160.189,252.975,0,994.995,292.545,0,2.31481e+12,3,0.2,0,planet1,1,1
19073,0.5,0.5,0.5,245.148,242.545,0,1182.33,88.3035,0,2.31481e+12,3,0.2,0,planet1,1,1
19202,0.5,0.5,0.5,-199.577,-196.349,0,-110.506,71.3487,0,2.31481e+12,3,0.2,8.84701e+17,planet1,1,1
19206,0.5,0.5,0.5,-46.7816,-277.825,0,-630.739,-581.144,0,2.31481e+12,3,0.2,0,planet1,1,1
19234,0.5,0.5,0.5,-158.628,-25.448,0,156.496,693.724,0,2.31481e+12,3,0.2,9.82277e+17,planet1,1,1
19247,0.5,0.5,0.5,5.1446,-369.406,0,-695.139,-915.826,0,2.31481e+12,3,0.2,0,planet1,1,1
19308,0.5,0.5,0.5,410.538,19.574,0,1120.92,-809.473,0,2.31481e+12,3,0.2,0,planet1,1,1
19367,0.5,0.5,0.5,-31.1838,-347.137,0,-737.94,-784.591,0,2.31481e+12,3,0.2,0,planet1,1,1
19392,0.5,0.5,0.5,147.879,-194.476,0,23.943,-784.582,0,2.31481e+12,3,0.2,0,planet1,1,1
19414,0.5,0.5,0.5,-3.1615,-20.3742,0,17.0896,-38.2041,0,2.31481e+12,3,0.2,0,planet1,1,1
19508,0.5,0.5,0.5,272.714,-113.146,0,503.235,-846.546,0,2.31481e+12,3,0.2,0,planet1,1,1
19551,0.5,0.5,0.5,210.826,-342.023,0,-130.725,-1280.48,0,2.31481e+12,3,0.2,0,planet1,1,1
19561,0.5,0.5,0.5,-56.6427,59.0311,0,123.721,383.146,0,2.31481e+12,3,0.2,1.0775e+16,planet1,1,1
19664,0.5,0.5,0.5,212.286,130.345,0,865.549,-119.094,0,2.31481e+12,3,0.2,0,planet1,1,1
19698,0.5,0.5,0.5,357.431,-233.41,0,458.235,-1321.04,0,2.31481e+12,3,0.2,0,planet1,1,1
19753,0.5,0.5,0.5,-37.9767,-201.27,0,-448.364,-410.951,0,2.31481e+12,3,0.2,0,planet1,1,1
19758,0.5,0.5,0.5,395.533,113.413,0,1281.72,-546.841,0,2.31481e+12,3,0.2,0,planet1,1,1
19781,0.5,0.5,0.5,-180.756,-90.6741,0,91.2005,403.912,0,2.31481e+12,3,0.2,1.4841e+18,planet1,1,1
19840,0.5,0.5,0.5,231.328,162.135,0,979.048,-80.4684,0,2.31481e+12,3,0.2,0,planet1,1,1
19866,0.5,0.5,0.5,45.6821,281.316,0,755.017,640.418,0,2.31481e+12,3,0.2,2.0971e+16,planet1,1,1
19895,0.5,0.5,0.5,-187.386,-118.514,0,18.0373,394.064,0,2.31481e+12,3,0.2,8.35409e+17,planet1,1,1
19917,0.5,0.5,0.5,-4.25976,-388.957,0,-759.461,-944.484,0,2.31481e+12,3,0.2,0,planet1,1,1
19918,0.5,0.5,0.5,-254.358,-407.37,0,-272.644,-1193.42,0,2.31481e+12,3,0.2,6.70317e+17,planet1,1,1
19926,0.5,0.5,0.5,149.255,-403.821,0,-413.096,-1303.27,0,2.31481e+12,3,0.2,0,planet1,1,1
19955,0.5,0.5,0.5,166.1,-120.91,0,223.794,-641.099,0,2.31481e+12,3,0.2,0,planet1,1,1
19956,0.5,0.5,0.5,82.9836,-318.776,0,-396.353,-954.805,0,2.31481e+12,3,0.2,0,planet1,1,1
19986,0.5,0.5,0.5,177.642,-203.764,0,78.3215,-870.141,0,2.31481e+12,3,0.2,0,planet1,1,1
20013,0.5,0.5,0.5,55.149,-302.761,0,-431.545,-856.719,0,2.31481e+12,3,0.2,0,planet1,1,1
20020,0.5,0.5,0.5,153.793,-296.355,0,-175.044,-1048.27,0,2.31481e+12,3,0.2,0,planet1,1,1
20054,0.5,0.5,0.5,337.388,-188.9,0,503.38,-1169.33,0,2.31481e+12,3,0.2,0,planet1,1,1
20107,0.5,0.5,0.5,-86.7704,-275.356,0,-724.503,-491.058,0,2.31481e+12,3,0.2,0,planet1,1,1
20115,0.5,0.5,0.5,-86.4612,-258.063,0,-687.293,-449.114,0,2.31481e+12,3,0.2,0,planet1,1,1
20117,0.5,0.5,0.5,-173.339,-316.688,0,-1024.62,-411.177,0,2.31481e+12,3,0.2,0,planet1,1,1
20138,0.5,0.5,0.5,-138.343,-35.1826,0,-29.264,428.165,0,2.31481e+12,3,0.2,2.81233e+17,planet1,1,1
20143,0.5,0.5,0.5,24.5114,-99.0461,0,-79.6731,-290.037,0,2.31481e+12,3,0.2,0,planet1,1,1
20175,0.5,0.5,0.5,-23.1239,-363.886,0,-753.009,-843.13,0,2.31481e+12,3,0.2,0,planet1,1,1
20255,0.5,0.5,0.5,19.5252,-166.414,0,-233.633,-445.778,0,2.31481e+12,3,0.2,0,planet1,1,1
20307,0.5,0.5,0.5,86.5488,-200.007,0,-138.152,-669.584,0,2.31481e+12,3,0.2,0,planet1,1,1
20328,0.5,0.5,0.5,356.69,-202.169,0,522.79,-1242.57,0,2.31481e+12,3,0.2,0,planet1,1,1
20376,0.5,0.5,0.5,11.656,-201.733,0,-327.167,-516.424,0,2.31481e+12,3,0.2,0,planet1,1,1
20428,0.5,0.5,0.5,127.447,176.31,0,753.276,172.568,0,2.31481e+12,3,0.2,0,planet1,1,1
20531,0.5,0.5,0.5,-171.781,-128.56,0,-66.7734,236.618,0,2.31481e+12,3,0.2,5.06897e+17,planet1,1,1
20590,0.5,0.5,0.5,207.749,-141.549,0,282.959,-779.752,0,2.31481e+12,3,0.2,0,planet1,1,1
20693,0.5,0.5,0.5,-112.254,-434.809,0,-1122.48,-829.257,0,2.31481e+12,3,0.2,0,planet1,1,1
20759,0.5,0.5,0.5,-79.8444,-426.699,0,-1025.33,-878.261,0,2.31481e+12,3,0.2,0,planet1,1,1
20796,0.5,0.5,0.5,96.8014,317.069,0,973.22,584.085,0,2.31481e+12,3,0.2,0,planet1,1,1
20850,0.5,0.5,0.5,-34.5061,-30.3854,0,-81.2415,2.98075,0,2.31481e+12,3,0.2,0,planet1,1,1
20865,0.5,0.5,0.5,18.8086,-248.127,0,-406.498,-645.603,0,2.31481e+12,3,0.2,0,planet1,1,1
20879,0.5,0.5,0.5,306.405,-8.64255,0,805.976,-659.371,0,2.31481e+12,3,0.2,0,planet1,1,1
20897,0.5,0.5,0.5,141.496,261.932,0,967.734,354.025,0,2.31481e+12,3,0.2,0,planet1,1,1
20921,0.5,0.5,0.5,-129.514,-43.1694,0,-36.4885,274.266,0,2.31481e+12,3,0.2,1.38267e+17,planet1,1,1
21023,0.5,0.5,0.5,287.757,272.037,0,1349.67,70.7071,0,2.31481e+12,3,0.2,0,planet1,1,1
21072,0.5,0.5,0.5,198.884,49.0171,0,661.673,-291.792,0,2.31481e+12,3,0.2,0,planet1,1,1
21165,0.5,0.5,0.5,-154.896,256.868,0,-6.52508,959.706,0,2.31481e+12,3,0.2,9.70865e+16,planet1,1,1
21194,0.5,0.5,0.5,232.558,-243.259,0,130.936,-1083.2,0,2.31481e+12,3,0.2,0,planet1,1,1
21367,0.5,0.5,0.5,103.501,375.743,0,1112.95,714.157,0,2.31481e+12,3,0.2,0,planet1,1,1
21409,0.5,0.5,0.5,137.013,176.595,0,777.131,152.987,0,2.31481e+12,3,0.2,0,planet1,1,1
21428,0.5,0.5,0.5,37.2288,-418.897,0,-720.135,-1105.34,0,2.31481e+12,3,0.2,0,planet1,1,1
21447,0.5,0.5,0.5,164.737,-172.47,0,112.004,-765.788,0,2.31481e+12,3,0.2,0,planet1,1,1
21481,0.5,0.5,0.5,55.1324,332.678,0,903.867,710.188,0,2.31481e+12,3,0.2,0,planet1,1,1
21605,0.5,0.5,0.5,-76.8066,95.1137,0,292.125,747,0,2.31481e+12,3,0.2,7.39222e+17,planet1,1,1
21887,0.5,0.5,0.5,-187.838,-105.802,0,12.8693,546.128,0,2.31481e+12,3,0.2,9.32472e+17,planet1,1,1
21898,0.5,0.5,0.5,-103.517,98.1423,0,306.341,893.779,0,2.31481e+12,3,0.2,5.14298e+17,planet1,1,1
21909,0.5,0.5,0.5,-199.026,-242.599,0,-76.0221,-41.595,0,2.31481e+12,3,0.2,7.42314e+17,planet1,1,1
21967,0.5,0.5,0.5,123.216,117.403,0,618.764,36.0805,0,2.31481e+12,3,0.2,0,planet1,1,1
21987,0.5,0.5,0.5,-88.9557,42.9174,0,74.1911,534.56,0,2.31481e+12,3,0.2,5.20599e+17,planet1,1,1
22016,0.5,0.5,0.5,30.5838,-216.544,0,-311.247,-592.778,0,2.31481e+12,3,0.2,0,planet1,1,1
22023,0.5,0.5,0.5,-138.77,-66.2511,0,-83.1301,335.827,0,2.31481e+12,3,0.2,1.4715e+17,planet1,1,1
22306,0.5,0.5,0.5,-270.143,102.162,0,7.10199,493.671,0,2.31481e+12,3,0.2,5.47742e+17,planet1,1,1
22309,0.5,0.5,0.5,68.7441,-341.664,0,-479.793,-981.153,0,2.31481e+12,3,0.2,0,planet1,1,1
22332,0.5,0.5,0.5,78.216,76.2776,0,421.292,29.1461,0,2.31481e+12,3,0.2,0,planet1,1,1
22403,0.5,0.5,0.5,93.6234,-347.684,0,-430.752,-1048.72,0,2.31481e+12,3,0.2,0,planet1,1,1
22429,0.5,0.5,0.5,304.655,-95.5838,0,618.595,-869.838,0,2.31481e+12,3,0.2,0,planet1,1,1
22433,0.5,0.5,0.5,90.0466,-380.111,0,-508.438,-1120.46,0,2.31481e+12,3,0.2,0,planet1,1,1
22643,0.5,0.5,0.5,-18.6666,80.4219,0,196.726,271.954,0,2.31481e+12,3,0.2,2.11099e+15,planet1,1,1
22654,0.5,0.5,0.5,208.846,-186.799,0,190.917,-893.826,0,2.31481e+12,3,0.2,0,planet1,1,1
22740,0.5,0.5,0.5,-73.8263,-1.88299,0,-119.043,155.755,0,2.31481e+12,3,0.2,0,planet1,1,1
22798,0.5,0.5,0.5,-152.264,-130.788,0,-102.021,215.694,0,2.31481e+12,3,0.2,2.20477e+17,planet1,1,1
22821,0.5,0.5,0.5,138.653,-192.371,0,6.11062,-759.634,0,2.31481e+12,3,0.2,0,planet1,1,1
22834,0.5,0.5,0.5,-6.59773,-294.019,0,-565.268,-705.212,0,2.31481e+12,3,0.2,0,planet1,1,1
22853,0.5,0.5,0.5,-220.673,-181.475,0,35.1506,160.732,0,2.31481e+12,3,0.2,1.79368e+18,planet1,1,1
22867,0.5,0.5,0.5,-180.729,-240.313,0,-250.335,-202.36,0,2.31481e+12,3,0.2,4.20542e+17,planet1,1,1
22870,0.5,0.5,0.5,218.193,32.1346,0,674.164,-373.459,0,2.31481e+12,3,0.2,0,planet1,1,1
22954,0.5,0.5,0.5,177.73,-4.74887,0,496.619,-379.355,0,2.31481e+12,3,0.2,0,planet1,1,1
22974,0.5,0.5,0.5,-346.23,333.844,0,-635.91,728.793,0,2.31481e+12,3,0.2,2.15581e+18,planet1,1,1
22988,0.5,0.5,0.5,-22.0665,-345.654,0,-712.475,-800.299,0,2.31481e+12,3,0.2,0,planet1,1,1
23016,0.5,0.5,0.5,260.771,176.798,0,1082.78,-106.251,0,2.31481e+12,3,0.2,0,planet1,1,1
23017,0.5,0.5,0.5,-144.248,-15.7936,0,169.848,654.479,0,2.31481e+12,3,0.2,8.33174e+17,planet1,1,1
23032,0.5,0.5,0.5,238.536,-313.386,0,-1.86181,-1268.26,0,2.31481e+12,3,0.2,0,planet1,1,1
23044,0.5,0.5,0.5,-45.0058,86.8303,0,167.818,408.665,0,2.31481e+12,3,0.2,-2.39123e+17,planet1,1,1
23093,0.5,0.5,0.5,-114.036,-216.61,0,-668.134,-289.132,0,2.31481e+12,3,0.2,0,planet1,1,1
23098,0.5,0.5,0.5,321.023,183.202,0,1244.83,-217.508,0,2.31481e+12,3,0.2,0,planet1,1,1
23106,0.5,0.5,0.5,1.90831,-124.071,0,-187.869,-304.318,0,2.31481e+12,3,0.2,0,planet1,1,1
23174,0.5,0.5,0.5,-225.223,265.779,0,-221.483,864.646,0,2.31481e+12,3,0.2,1.85952e+17,planet1,1,1
23180,0.5,0.5,0.5,-27.0764,346.946,0,468.376,977.802,0,2.31481e+12,3,0.2,6.21614e+17,planet1,1,1
23391,0.5,0.5,0.5,304.131,264.025,0,1372.87,16.6784,0,2.31481e+12,3,0.2,0,planet1,1,1
23427,0.5,0.5,0.5,-54.9036,-41.3924,0,-154.809,18.7447,0,2.31481e+12,3,0.2,0,planet1,1,1
23466,0.5,0.5,0.5,-160.782,-336.199,0,-1034.91,-485.145,0,2.31481e+12,3,0.2,0,planet1,1,1
23513,0.5,0.5,0.5,1.58816,-206.205,0,-361.096,-506.125,0,2.31481e+12,3,0.2,0,planet1,1,1
23516,0.5,0.5,0.5,185.041,-387.386,0,-290.061,-1338.18,0,2.31481e+12,3,0.2,0,planet1,1,1
23527,0.5,0.5,0.5,-23.2146,-76.0853,0,-149.477,-133.183,0,2.31481e+12,3,0.2,0,planet1,1,1
23563,0.5,0.5,0.5,-39.4989,-267.722,0,-591.345,-571.988,0,2.31481e+12,3,0.2,0,planet1,1,1
23579,0.5,0.5,0.5,-135.397,-41.8329,0,-12.4935,434.91,0,2.31481e+12,3,0.2,2.30396e+17,planet1,1,1
23656,0.5,0.5,0.5,7.99167,-276.081,0,-492.052,-691.978,0,2.31481e+12,3,0.2,0,planet1,1,1
23745,0.5,0.5,0.5,135.171,317.618,0,1069.25,504.582,0,2.31481e+12,3,0.2,0,planet1,1,1
23749,0.5,0.5,0.5,134.345,-277.894,0,-184.184,-961.896,0,2.31481e+12,3,0.2,0,planet1,1,1
23759,0.5,0.5,0.5,24.1107,123.896,0,388.135,259.955,0,2.31481e+12,3,0.2,0,planet1,1,1
23774,0.5,0.5,0.5,-194.759,-199.96,0,-113.393,48.7471,0,2.31481e+12,3,0.2,5.92856e+17,planet1,1,1
23818,0.5,0.5,0.5,153.54,-11.1795,0,423.637,-344.368,0,2.31481e+12,3,0.2,0,planet1,1,1
23898,0.5,0.5,0.5,215.714,-3.20141,0,593.322,-455.731,0,2.31481e+12,3,0.2,0,planet1,1,1
23937,0.5,0.5,0.5,-153.715,-12.2164,0,207.711,773.986,0,2.31481e+12,3,0.2,1.19621e+18,planet1,1,1
23961,0.5,0.5,0.5,-169.071,-194.41,0,-63.6486,-76.3595,0,2.31481e+12,3,0.2,2.46934e+17,planet1,1,1
23972,0.5,0.5,0.5,248.754,-26.693,0,625.748,-582.879,0,2.31481e+12,3,0.2,0,planet1,1,1
24010,0.5,0.5,0.5,-167.787,-65.1672,0,79.1558,472.802,0,2.31481e+12,3,0.2,6.64185e+17,planet1,1,1
24046,0.5,0.5,0.5,351.318,206.975,0,1369.36,-223.32,0,2.31481e+12,3,0.2,0,planet1,1,1
24062,0.5,0.5,0.5,200.126,324.122,0,1242.66,383.676,0,2.31481e+12,3,0.2,0,planet1,1,1
24096,0.5,0.5,0.5,-250.125,292.062,0,-358.144,855.053,0,2.31481e+12,3,0.2,3.96047e+17,planet1,1,1
24174,0.5,0.5,0.5,179.886,-245.815,0,-4.05975,-978.551,0,2.31481e+12,3,0.2,0,planet1,1,1
24208,0.5,0.5,0.5,353.627,-107.081,0,715.249,-1001.27,0,2.31481e+12,3,0.2,0,planet1,1,1
24319,0.5,0.5,0.5,41.2994,115.46,0,412.27,203.037,0,2.31481e+12,3,0.2,0,planet1,1,1
24396,0.5,0.5,0.5,363.856,-194.071,0,557.28,-1237.58,0,2.31481e+12,3,0.2,0,planet1,1,1
24439,0.5,0.5,0.5,-218.65,179.289,0,-31.5451,707.858,0,2.31481e+12,3,0.2,4.08777e+16,planet1,1,1
24534,0.5,0.5,0.5,381.568,-104.263,0,790.096,-1053.41,0,2.31481e+12,3,0.2,0,planet1,1,1
24643,0.5,0.5,0.5,327.776,-23.3117,0,827.74,-740.326,0,2.31481e+12,3,0.2,0,planet1,1,1
24658,0.5,0.5,0.5,288.872,92.1285,0,974.532,-374.081,0,2.31481e+12,3,0.2,0,planet1,1,1
24728,0.5,0.5,0.5,305.343,-133.94,0,539.754,-966.222,0,2.31481e+12,3,0.2,0,planet1,1,1
24791,0.5,0.5,0.5,-197.463,-221.198,0,-11.2859,25.1496,0,2.31481e+12,3,0.2,9.28546e+17,planet1,1,1
24873,0.5,0.5,0.5,-184.366,-271.976,0,-384.797,-416.689,0,2.31481e+12,3,0.2,9.92929e+16,planet1,1,1
24878,0.5,0.5,0.5,244.958,-48.9805,0,569.49,-629.324,0,2.31481e+12,3,0.2,0,planet1,1,1
24941,0.5,0.5,0.5,149.883,-312.773,0,-219.356,-1080.73,0,2.31481e+12,3,0.2,0,planet1,1,1
24965,0.5,0.5,0.5,150.41,180.071,0,817.695,133.356,0,2.31481e+12,3,0.2,0,planet1,1,1
25007,0.5,0.5,0.5,26.0625,75.9455,0,291.497,137.565,0,2.31481e+12,3,0.2,0,planet1,1,1
25064,0.5,0.5,0.5,-158.864,-390.755,0,-1144.68,-623.455,0,2.31481e+12,3,0.2,0,planet1,1,1
25156,0.5,0.5,0.5,-61.4657,90.2058,0,212.825,620.712,0,2.31481e+12,3,0.2,6.14446e+16,planet1,1,1
25190,0.5,0.5,0.5,-277.897,171.043,0,-123.961,609.292,0,2.31481e+12,3,0.2,9.56415e+16,planet1,1,1
25246,0.5,0.5,0.5,243.638,83.9839,0,845.713,-299.359,0,2.31481e+12,3,0.2,0,planet1,1,1
25310,0.5,0.5,0.5,45.4925,-101.181,0,-32.1475,-339.804,0,2.31481e+12,3,0.2,0,planet1,1,1
25313,0.5,0.5,0.5,413.398,-62.5562,0,955.649,-1017.93,0,2.31481e+12,3,0.2,0,planet1,1,1
25343,0.5,0.5,0.5,-275.176,227.641,0,-297.369,612.922,0,2.31481e+12,3,0.2,3.84228e+17,planet1,1,1
25370,0.5,0.5,0.5,183.823,-344.077,0,-201.333,-1228.77,0,2.31481e+12,3,0.2,0,planet1,1,1
25469,0.5,0.5,0.5,230.31,145.401,0,941.673,-119.801,0,2.31481e+12,3,0.2,0,planet1,1,1
25489,0.5,0.5,0.5,130.601,-221.73,0,-75.5988,-815.481,0,2.31481e+12,3,0.2,0,planet1,1,1
25524,0.5,0.5,0.5,-61.5374,-139.047,0,-376.303,-208.025,0,2.31481e+12,3,0.2,0,planet1,1,1
25557,0.5,0.5,0.5,-203.202,-201.13,0,-8.67083,-6.97249,0,2.31481e+12,3,0.2,5.66868e+17,planet1,1,1
25637,0.5,0.5,0.5,-227.622,-291.468,0,32.2583,-231.081,0,2.31481e+12,3,0.2,5.43515e+18,planet1,1,1
25654,0.5,0.5,0.5,389.576,-160.424,0,691.03,-1208.61,0,2.31481e+12,3,0.2,0,planet1,1,1
25885,0.5,0.5,0.5,-180.032,-246.277,0,-129.692,-172.724,0,2.31481e+12,3,0.2,1.63029e+17,planet1,1,1
25923,0.5,0.5,0.5,-121.751,-323.548,0,-911.783,-536.088,0,2.31481e+12,3,0.2,0,planet1,1,1
25940,0.5,0.5,0.5,193.065,142.472,0,843.839,-48.7395,0,2.31481e+12,3,0.2,0,planet1,1,1
26061,0.5,0.5,0.5,136.285,-378.689,0,-391.023,-1214.22,0,2.31481e+12,3,0.2,0,planet1,1,1
26182,0.5,0.5,0.5,259.324,-295.415,0,87.3556,-1267.04,0,2.31481e+12,3,0.2,0,planet1,1,1
26201,0.5,0.5,0.5,233.184,237.128,0,1141.59,99.866,0,2.31481e+12,3,0.2,0,planet1,1,1
26264,0.5,0.5,0.5,-183.929,-411.618,0,-1250.54,-621.28,0,2.31481e+12,3,0.2,0,planet1,1,1
26276,0.5,0.5,0.5,-179.684,-216.954,0,-87.2846,-81.1104,0,2.31481e+12,3,0.2,6.95069e+17,planet1,1,1
26303,0.5,0.5,0.5,-375.851,237.375,0,-481.921,563.585,0,2.31481e+12,3,0.2,6.16972e+17,planet1,1,1
26342,0.5,0.5,0.5,-231.943,-386.509,0,-1315.93,-458.579,0,2.31481e+12,3,0.2,0,planet1,1,1
26354,0.5,0.5,0.5,-207.339,-143.184,0,29.1915,307.429,0,2.31481e+12,3,0.2,1.25813e+18,planet1,1,1
26442,0.5,0.5,0.5,146.868,169.953,0,787.487,116.229,0,2.31481e+12,3,0.2,0,planet1,1,1
26474,0.5,0.5,0.5,138.412,149.69,0,723.757,83.9864,0,2.31481e+12,3,0.2,0,planet1,1,1
26519,0.5,0.5,0.5,254.747,-208.837,0,257.67,-1044.41,0,2.31481e+12,3,0.2,0,planet1,1,1
26637,0.5,0.5,0.5,-200.511,-276.259,0,-256.526,-247.008,0,2.31481e+12,3,0.2,7.51285e+17,planet1,1,1
26651,0.5,0.5,0.5,252.67,-66.1296,0,552.757,-687.907,0,2.31481e+12,3,0.2,0,planet1,1,1
26660,0.5,0.5,0.5,-2.20015,128.637,0,332.398,326.887,0,2.31481e+12,3,0.2,0,planet1,1,1
26677,0.5,0.5,0.5,-108.256,-226.098,0,-674.235,-324.533,0,2.31481e+12,3,0.2,0,planet1,1,1
26742,0.5,0.5,0.5,-22.7031,-20.1906,0,-30.6594,3.27847,0,2.31481e+12,3,0.2,0,planet1,1,1
26747,0.5,0.5,0.5,-128.959,-153.265,0,-572.842,-101.2,0,2.31481e+12,3,0.2,0,planet1,1,1
26757,0.5,0.5,0.5,276.377,116.759,0,994.953,-287.414,0,2.31481e+12,3,0.2,0,planet1,1,1
26821,0.5,0.5,0.5,264.041,255.442,0,1256.22,80.4891,0,2.31481e+12,3,0.2,0,planet1,1,1
26836,0.5,0.5,0.5,223.065,22.996,0,666.659,-406.305,0,2.31481e+12,3,0.2,0,planet1,1,1
26849,0.5,0.5,0.5,-82.307,-355.989,0,-882.381,-699.077,0,2.31481e+12,3,0.2,0,planet1,1,1
27036,0.5,0.5,0.5,351.174,135.191,0,1218.37,-399.304,0,2.31481e+12,3,0.2,0,planet1,1,1
27120,0.5,0.5,0.5,80.0145,-355.145,0,-480.424,-1037.99,0,2.31481e+12,3,0.2,0,planet1,1,1
27167,0.5,0.5,0.5,-119.189,-351.167,0,-963.212,-609.552,0,2.31481e+12,3,0.2,0,planet1,1,1
27193,0.5,0.5,0.5,137.398,15.4922,0,439.464,-244.723,0,2.31481e+12,3,0.2,0,planet1,1,1
27230,0.5,0.5,0.5,-58.477,-334.653,0,-779.03,-696.638,0,2.31481e+12,3,0.2,0,planet1,1,1
27239,0.5,0.5,0.5,117.754,-278.46,0,-226.438,-928.288,0,2.31481e+12,3,0.2,0,planet1,1,1
27254,0.5,0.5,0.5,237.187,-352.592,0,-88.1305,-1362.2,0,2.31481e+12,3,0.2,0,planet1,1,1
27320,0.5,0.5,0.5,269.405,-296.884,0,108.599,-1292.64,0,2.31481e+12,3,0.2,0,planet1,1,1
27324,0.5,0.5,0.5,2.67466,-294.779,0,-544.711,-726.982,0,2.31481e+12,3,0.2,0,planet1,1,1
27419,0.5,0.5,0.5,-50.4671,60.0062,0,146.073,336.146,0,2.31481e+12,3,0.2,9.0042e+17,planet1,1,1
27783,0.5,0.5,0.5,206.545,-131.965,0,300.398,-753.64,0,2.31481e+12,3,0.2,0,planet1,1,1
27843,0.5,0.5,0.5,134.92,-419.124,0,-480.225,-1310.55,0,2.31481e+12,3,0.2,0,planet1,1,1
27883,0.5,0.5,0.5,-141.526,-307.213,0,-926.567,-454.317,0,2.31481e+12,3,0.2,0,planet1,1,1
27928,0.5,0.5,0.5,207.912,165.746,0,929.115,-22.6459,0,2.31481e+12,3,0.2,0,planet1,1,1
27930,0.5,0.5,0.5,345.396,-25.6193,0,865.648,-783.592,0,2.31481e+12,3,0.2,0,planet1,1,1
27965,0.5,0.5,0.5,392.313,-89.1033,0,848.125,-1038.59,0,2.31481e+12,3,0.2,0,planet1,1,1
28055,0.5,0.5,0.5,-372.96,292.967,0,-681.038,641.473,0,2.31481e+12,3,0.2,8.92123e+17,planet1,1,1
28156,0.5,0.5,0.5,-300.288,237.865,0,-188.577,659.749,0,2.31481e+12,3,0.2,6.72758e+17,planet1,1,1
28163,0.5,0.5,0.5,202.231,-13.7592,0,538.215,-452.846,0,2.31481e+12,3,0.2,0,planet1,1,1
28186,0.5,0.5,0.5,298.949,101.793,0,1019.41,-371.316,0,2.31481e+12,3,0.2,0,planet1,1,1
28215,0.5,0.5,0.5,177.766,-282.079,0,-86.0355,-1063.23,0,2.31481e+12,3,0.2,0,planet1,1,1
28354,0.5,0.5,0.5,-21.9061,75.2306,0,195.244,272.665,0,2.31481e+12,3,0.2,5.35025e+15,planet1,1,1
28459,0.5,0.5,0.5,131.092,-96.6216,0,188.654,-507.876,0,2.31481e+12,3,0.2,0,planet1,1,1
28481,0.5,0.5,0.5,-168.379,-240.526,0,-852.924,-233.584,0,2.31481e+12,3,0.2,0,planet1,1,1
28523,0.5,0.5,0.5,37.1746,-359.38,0,-595.136,-958.343,0,2.31481e+12,3,0.2,0,planet1,1,1
28534,0.5,0.5,0.5,142.772,385.724,0,1231.15,655.357,0,2.31481e+12,3,0.2,0,planet1,1,1
28696,0.5,0.5,0.5,323.01,-53.0532,0,753.509,-803.748,0,2.31481e+12,3,0.2,0,planet1,1,1
28980,0.5,0.5,0.5,-154.965,-20.6781,0,137.553,714.087,0,2.31481e+12,3,0.2,6.57175e+17,planet1,1,1
28988,0.5,0.5,0.5,116.343,159.622,0,690.276,154.423,0,2.31481e+12,3,0.2,0,planet1,1,1
29049,0.5,0.5,0.5,-165.649,-51.8335,0,140.962,535.915,0,2.31481e+12,3,0.2,1.1947e+18,planet1,1,1
29151,0.5,0.5,0.5,224.768,-320.9,0,-51.5999,-1257.92,0,2.31481e+12,3,0.2,0,planet1,1,1
29208,0.5,0.5,0.5,-75.2098,101.432,0,221.668,731.62,0,2.31481e+12,3,0.2,1.17156e+17,planet1,1,1
29235,0.5,0.5,0.5,217.388,-304.585,0,-35.1867,-1202.09,0,2.31481e+12,3,0.2,0,planet1,1,1
29310,0.5,0.5,0.5,321.736,-70.238,0,714.197,-843.217,0,2.31481e+12,3,0.2,0,planet1,1,1
29351,0.5,0.5,0.5,144.159,102.247,0,638.832,-45.2048,0,2.31481e+12,3,0.2,0,planet1,1,1
29495,0.5,0.5,0.5,116.882,-316.045,0,-307.214,-1019.45,0,2.31481e+12,3,0.2,0,planet1,1,1
29513,0.5,0.5,0.5,264.695,-74.9951,0,563.374,-735.473,0,2.31481e+12,3,0.2,0,planet1,1,1
29613,0.5,0.5,0.5,-213.792,-302.46,0,-68.5211,-413.25,0,2.31481e+12,3,0.2,1.50665e+18,planet1,1,1
29626,0.5,0.5,0.5,300.801,-209.918,0,369.023,-1144.35,0,2.31481e+12,3,0.2,0,planet1,1,1
29657,0.5,0.5,0.5,-119.641,-139.187,0,-519.98,-86.4881,0,2.31481e+12,3,0.2,0,planet1,1,1
29721,0.5,0.5,0.5,-53.4169,-77.5148,0,-226.786,-73.231,0,2.31481e+12,3,0.2,0,planet1,1,1
29892,0.5,0.5,0.5,11.8191,-340.238,0,-617.013,-858.243,0,2.31481e+12,3,0.2,0,planet1,1,1
30031,0.5,0.5,0.5,263.742,33.988,0,790.194,-464.606,0,2.31481e+12,3,0.2,0,planet1,1,1
30058,0.5,0.5,0.5,269.001,-96.1195,0,529.507,-796.315,0,2.31481e+12,3,0.2,0,planet1,1,1
30060,0.5,0.5,0.5,49.576,4.44708,0,199.449,-87.4295,0,2.31481e+12,3,0.2,0,planet1,1,1
30111,0.5,0.5,0.5,-124.279,-221.517,0,-703.845,-279.313,0,2.31481e+12,3,0.2,0,planet1,1,1
30112,0.5,0.5,0.5,-119.434,-123.658,0,-487.036,-48.2863,0,2.31481e+12,3,0.2,0,planet1,1,1
30150,0.5,0.5,0.5,200.256,-113.088,0,324.755,-694.051,0,2.31481e+12,3,0.2,0,planet1,1,1
30306,0.5,0.5,0.5,-157.196,-94.7313,0,-56.2542,281.667,0,2.31481e+12,3,0.2,4.2141e+17,planet1,1,1
30312,0.5,0.5,0.5,-137.824,-147.624,0,-582.568,-68.5906,0,2.31481e+12,3,0.2,0,planet1,1,1
30371,0.5,0.5,0.5,104.994,-345.736,0,-398.98,-1067.71,0,2.31481e+12,3,0.2,0,planet1,1,1
30396,0.5,0.5,0.5,-170.084,-136.746,0,-77.539,240.528,0,2.31481e+12,3,0.2,3.72573e+17,planet1,1,1
30548,0.5,0.5,0.5,-32.6657,-47.3436,0,-112.116,-43.2109,0,2.31481e+12,3,0.2,0,planet1,1,1
30715,0.5,0.5,0.5,-157.25,-160.503,0,-283.454,60.0569,0,2.31481e+12,3,0.2,3.36671e+16,planet1,1,1
30764,0.5,0.5,0.5,96.7132,272.908,0,880.631,474.992,0,2.31481e+12,3,0.2,0,planet1,1,1
30828,0.5,0.5,0.5,119.358,-71.3865,0,212.748,-421.201,0,2.31481e+12,3,0.2,0,planet1,1,1
31126,0.5,0.5,0.5,-52.4925,21.3795,0,65.8331,185.718,0,2.31481e+12,3,0.2,6.09034e+15,planet1,1,1
31472,0.5,0.5,0.5,266.81,-224.371,0,254.947,-1108.41,0,2.31481e+12,3,0.2,0,planet1,1,1
31573,0.5,0.5,0.5,301.044,142.976,0,1110.83,-274.352,0,2.31481e+12,3,0.2,0,planet1,1,1
31635,0.5,0.5,0.5,-190.152,-189.476,0,-148.198,106.402,0,2.31481e+12,3,0.2,9.4473e+17,planet1,1,1
31708,0.5,0.5,0.5,-101.668,-84.4274,0,-360.692,11.0221,0,2.31481e+12,3,0.2,0,planet1,1,1
31748,0.5,0.5,0.5,-234.316,78.5699,0,72.1622,589.141,0,2.31481e+12,3,0.2,3.36262e+17,planet1,1,1
31844,0.5,0.5,0.5,291.532,8.05572,0,804.278,-586.85,0,2.31481e+12,3,0.2,0,planet1,1,1
31860,0.5,0.5,0.5,82.0834,-76.0088,0,111.074,-354.43,0,2.31481e+12,3,0.2,0,planet1,1,1
31871,0.5,0.5,0.5,12.4009,158.623,0,431.979,370.453,0,2.31481e+12,3,0.2,0,planet1,1,1
32133,0.5,0.5,0.5,154.724,162.662,0,791.446,81.8237,0,2.31481e+12,3,0.2,0,planet1,1,1
32157,0.5,0.5,0.5,-108.084,69.8809,0,294.449,871.749,0,2.31481e+12,3,0.2,1.23524e+18,planet1,1,1
32333,0.5,0.5,0.5,249.776,73.8889,0,839.72,-336.806,0,2.31481e+12,3,0.2,0,planet1,1,1
32541,0.5,0.5,0.5,232.789,23.9373,0,692.421,-424.365,0,2.31481e+12,3,0.2,0,planet1,1,1
32630,0.5,0.5,0.5,-202.764,-154.511,0,23.7903,289.326,0,2.31481e+12,3,0.2,7.96737e+17,planet1,1,1
32764,0.5,0.5,0.5,338.893,181.977,0,1285.93,-258.168,0,2.31481e+12,3,0.2,0,planet1,1,1
32817,0.5,0.5,0.5,205.751,-34.1015,0,504.034,-510.422,0,2.31481e+12,3,0.2,0,planet1,1,1
32914,0.5,0.5,0.5,-173.771,-190.377,0,-112.639,-132.781,0,2.31481e+12,3,0.2,3.53629e+17,planet1,1,1
32945,0.5,0.5,0.5,-108.186,-354.939,0,-944.319,-642.058,0,2.31481e+12,3,0.2,0,planet1,1,1
32951,0.5,0.5,0.5,112.257,-412.46,0,-521.661,-1246.86,0,2.31481e+12,3,0.2,0,planet1,1,1
32954,0.5,0.5,0.5,-109.073,-389.602,0,-1019.23,-725.437,0,2.31481e+12,3,0.2,0,planet1,1,1
32979,0.5,0.5,0.5,281.393,34.3964,0,834.567,-500.38,0,2.31481e+12,3,0.2,0,planet1,1,1
32981,0.5,0.5,0.5,0.831904,-144.861,0,-233.989,-353.611,0,2.31481e+12,3,0.2,0,planet1,1,1
33071,0.5,0.5,0.5,114.607,-291.02,0,-260.548,-952.555,0,2.31481e+12,3,0.2,0,planet1,1,1
33082,0.5,0.5,0.5,-203.783,-327.663,0,-936.11,-634.263,0,2.31481e+12,3,0.2,7.97853e+16,planet1,1,1
33211,0.5,0.5,0.5,73.1836,359.861,0,1005.05,739.187,0,2.31481e+12,3,0.2,0,planet1,1,1
33327,0.5,0.5,0.5,44.8944,288.062,0,754.789,645.316,0,2.31481e+12,3,0.2,2.32355e+15,planet1,1,1
33340,0.5,0.5,0.5,266.109,-48.9135,0,621.882,-673.884,0,2.31481e+12,3,0.2,0,planet1,1,1
33412,0.5,0.5,0.5,-83.09,71.076,0,188.942,723.233,0,2.31481e+12,3,0.2,1.33609e+18,planet1,1,1
33439,0.5,0.5,0.5,-49.5803,-19.4345,0,-95.7261,61.4668,0,2.31481e+12,3,0.2,0,planet1,1,1
33470,0.5,0.5,0.5,176.916,-117.52,0,257.817,-655.922,0,2.31481e+12,3,0.2,0,planet1,1,1
33519,0.5,0.5,0.5,15.1002,39.9298,0,188.99,71.9133,0,2.31481e+12,3,0.2,0,planet1,1,1
33634,0.5,0.5,0.5,16.5026,2.88769,0,114.636,-22.223,0,2.31481e+12,3,0.2,0,planet1,1,1
33636,0.5,0.5,0.5,-124.972,-13.8739,0,-84.2605,404.045,0,2.31481e+12,3,0.2,2.11806e+17,planet1,1,1
33642,0.5,0.5,0.5,99.6394,-30.91,0,248.828,-280.1,0,2.31481e+12,3,0.2,0,planet1,1,1
33703,0.5,0.5,0.5,124.74,40.595,0,461.22,-156.298,0,2.31481e+12,3,0.2,0,planet1,1,1
33865,0.5,0.5,0.5,-6.56207,-83.6163,0,-123.828,-186.54,0,2.31481e+12,3,0.2,0,planet1,1,1
33878,0.5,0.5,0.5,-66.7107,49.8252,0,77.5409,390.11,0,2.31481e+12,3,0.2,1.81068e+16,planet1,1,1
33954,0.5,0.5,0.5,51.7223,-426.456,0,-700.435,-1154.35,0,2.31481e+12,3,0.2,0,planet1,1,1
34029,0.5,0.5,0.5,-186.791,-287.852,0,-302.323,-301.461,0,2.31481e+12,3,0.2,1.95821e+17,planet1,1,1
34096,0.5,0.5,0.5,123.132,-160.995,0,33.9582,-649.952,0,2.31481e+12,3,0.2,0,planet1,1,1
34121,0.5,0.5,0.5,-88.521,-392.663,0,-975.192,-776.65,0,2.31481e+12,3,0.2,0,planet1,1,1
34178,0.5,0.5,0.5,93.3457,-179.418,0,-78.154,-633.172,0,2.31481e+12,3,0.2,0,planet1,1,1
34317,0.5,0.5,0.5,169.785,332.74,0,1186.22,469.231,0,2.31481e+12,3,0.2,0,planet1,1,1
34366,0.5,0.5,0.5,306.071,-257.168,0,282.554,-1271.54,0,2.31481e+12,3,0.2,0,planet1,1,1
34416,0.5,0.5,0.5,257.294,67.3288,0,843.98,-369.05,0,2.31481e+12,3,0.2,0,planet1,1,1
34421,0.5,0.5,0.5,87.1181,-305.197,0,-357.823,-930.079,0,2.31481e+12,3,0.2,0,planet1,1,1
34453,0.5,0.5,0.5,86.5866,323.431,0,961.799,621.179,0,2.31481e+12,3,0.2,0,planet1,1,1
34557,0.5,0.5,0.5,273.808,-166.742,0,393.342,-980.543,0,2.31481e+12,3,0.2,0,planet1,1,1
34577,0.5,0.5,0.5,217.584,-376.966,0,-187.808,-1380.67,0,2.31481e+12,3,0.2,0,planet1,1,1
34758,0.5,0.5,0.5,-301.011,-399.855,0,-535.307,-1281.09,0,2.31481e+12,3,0.2,1.33551e+18,planet1,1,1
34796,0.5,0.5,0.5,-3.40052,25.2615,0,112.066,74.5999,0,2.31481e+12,3,0.2,0,planet1,1,1
34846,0.5,0.5,0.5,-162.693,-163.029,0,-256.749,10.7358,0,2.31481e+12,3,0.2,1.10102e+17,planet1,1,1
35161,0.5,0.5,0.5,-9.91361,146.027,0,359.533,405.396,0,2.31481e+12,3,0.2,1.30686e+15,planet1,1,1
35230,0.5,0.5,0.5,-175.946,-162.403,0,-124.074,108.564,0,2.31481e+12,3,0.2,3.56125e+17,planet1,1,1
35244,0.5,0.5,0.5,52.0919,132.696,0,475.438,223.093,0,2.31481e+12,3,0.2,0,planet1,1,1
35300,0.5,0.5,0.5,164.324,164.983,0,819.766,66.7377,0,2.31481e+12,3,0.2,0,planet1,1,1
35314,0.5,0.5,0.5,330.663,70.3456,0,1031.7,-515.789,0,2.31481e+12,3,0.2,0,planet1,1,1
35326,0.5,0.5,0.5,70.4563,-211.315,0,-201.791,-663.387,0,2.31481e+12,3,0.2,0,planet1,1,1
35413,0.5,0.5,0.5,-135.722,211.137,0,3.65975,965.175,0,2.31481e+12,3,0.2,7.71767e+16,planet1,1,1
35451,0.5,0.5,0.5,-193.464,-245.141,0,-108.982,-219.431,0,2.31481e+12,3,0.2,7.81376e+17,planet1,1,1
35619,0.5,0.5,0.5,288.074,129.676,0,1051.31,-279.444,0,2.31481e+12,3,0.2,0,planet1,1,1
35651,0.5,0.5,0.5,144.688,-154.099,0,101.379,-678.739,0,2.31481e+12,3,0.2,0,planet1,1,1
35724,0.5,0.5,0.5,29.4933,-121.163,0,-113.655,-355.281,0,2.31481e+12,3,0.2,0,planet1,1,1
35921,0.5,0.5,0.5,-70.6034,-27.1711,0,-163.798,86.6,0,2.31481e+12,3,0.2,0,planet1,1,1
35925,0.5,0.5,0.5,15.6117,-228.14,0,-372.249,-589.59,0,2.31481e+12,3,0.2,0,planet1,1,1
35985,0.5,0.5,0.5,-203.326,-219.918,0,-25.5263,-36.9675,0,2.31481e+12,3,0.2,9.22911e+17,planet1,1,1
35992,0.5,0.5,0.5,395.669,-147.08,0,734.061,-1189.05,0,2.31481e+12,3,0.2,0,planet1,1,1
36029,0.5,0.5,0.5,298.097,180.589,0,1182.75,-175.445,0,2.31481e+12,3,0.2,0,planet1,1,1
36148,0.5,0.5,0.5,26.9179,20.6568,0,177.509,-0.00488447,0,2.31481e+12,3,0.2,0,planet1,1,1
36246,0.5,0.5,0.5,223.294,125.779,0,882.907,-153.752,0,2.31481e+12,3,0.2,0,planet1,1,1
36350,0.5,0.5,0.5,223.944,47.9384,0,721.401,-347.147,0,2.31481e+12,3,0.2,0,planet1,1,1
36395,0.5,0.5,0.5,225.421,251.485,0,1152.48,151.87,0,2.31481e+12,3,0.2,0,planet1,1,1
36465,0.5,0.5,0.5,39.2264,-26.7584,0,108.529,-142.914,0,2.31481e+12,3,0.2,0,planet1,1,1
36508,0.5,0.5,0.5,167.65,-394.496,0,-347.789,-1318.89,0,2.31481e+12,3,0.2,0,planet1,1,1
36679,0.5,0.5,0.5,-102.166,-197.474,0,-599.013,-266.867,0,2.31481e+12,3,0.2,0,planet1,1,1
36919,0.5,0.5,0.5,176.834,98.3911,0,711.057,-123.366,0,2.31481e+12,3,0.2,0,planet1,1,1
36965,0.5,0.5,0.5,67.7131,-388.311,0,-580.584,-1093.9,0,2.31481e+12,3,0.2,0,planet1,1,1
37121,0.5,0.5,0.5,-211.517,-318.666,0,-57.5174,-579.143,0,2.31481e+12,3,0.2,1.18499e+18,planet1,1,1
37257,0.5,0.5,0.5,-227.253,-225.917,0,-5.26246,4.20172,0,2.31481e+12,3,0.2,7.87102e+18,planet1,1,1
37296,0.5,0.5,0.5,-123.317,-298.24,0,-862.475,-470.635,0,2.31481e+12,3,0.2,0,planet1,1,1
37318,0.5,0.5,0.5,57.3179,273.546,0,783.727,580.959,0,2.31481e+12,3,0.2,7.8431e+15,planet1,1,1
37413,0.5,0.5,0.5,-215.059,-199.413,0,-0.362061,38.6208,0,2.31481e+12,3,0.2,1.49183e+18,planet1,1,1
37573,0.5,0.5,0.5,207.21,189.311,0,976.57,37.0103,0,2.31481e+12,3,0.2,0,planet1,1,1
37597,0.5,0.5,0.5,-162.109,42.4804,0,248.135,879.868,0,2.31481e+12,3,0.2,1.23206e+18,planet1,1,1
37755,0.5,0.5,0.5,22.5802,-183,0,-260.692,-493.437,0,2.31481e+12,3,0.2,0,planet1,1,1
37792,0.5,0.5,0.5,120.054,205.417,0,796.359,259.48,0,2.31481e+12,3,0.2,0,planet1,1,1
37810,0.5,0.5,0.5,392.329,49.0856,0,1138.56,-698.274,0,2.31481e+12,3,0.2,0,planet1,1,1
37898,0.5,0.5,0.5,106.089,225.669,0,804.358,338.928,0,2.31481e+12,3,0.2,0,planet1,1,1
37899,0.5,0.5,0.5,-63.431,40.3842,0,59.8618,316.551,0,2.31481e+12,3,0.2,2.23085e+16,planet1,1,1
37917,0.5,0.5,0.5,340.309,194.527,0,1316.15,-230.451,0,2.31481e+12,3,0.2,0,planet1,1,1
38027,0.5,0.5,0.5,-79.9246,-299.718,0,-758.626,-565.628,0,2.31481e+12,3,0.2,0,planet1,1,1
38107,0.5,0.5,0.5,9.42543,-82.0021,0,-81.092,-216.625,0,2.31481e+12,3,0.2,0,planet1,1,1
38164,0.5,0.5,0.5,52.4249,-271.277,0,-372.065,-773.738,0,2.31481e+12,3,0.2,0,planet1,1,1
38207,0.5,0.5,0.5,11.9084,-187.008,0,-295.357,-480.447,0,2.31481e+12,3,0.2,0,planet1,1,1
38391,0.5,0.5,0.5,-126.003,-192.085,0,-646.319,-203.27,0,2.31481e+12,3,0.2,0,planet1,1,1
38419,0.5,0.5,0.5,14.3697,-158.488,0,-229.187,-415.211,0,2.31481e+12,3,0.2,0,planet1,1,1
38462,0.5,0.5,0.5,46.155,95.3028,0,381.81,143.156,0,2.31481e+12,3,0.2,0,planet1,1,1
38558,0.5,0.5,0.5,45.2265,-65.5884,0,42.0108,-251.458,0,2.31481e+12,3,0.2,0,planet1,1,1
38764,0.5,0.5,0.5,81.0545,-35.8952,0,192.715,-252.943,0,2.31481e+12,3,0.2,0,planet1,1,1
39109,0.5,0.5,0.5,140.979,-94.9464,0,216.306,-524.777,0,2.31481e+12,3,0.2,0,planet1,1,1
39267,0.5,0.5,0.5,-164.166,-99.868,0,-103.551,384.77,0,2.31481e+12,3,0.2,3.1778e+17,planet1,1,1
39357,0.5,0.5,0.5,166.233,-266.445,0,-81.1013,-1000.68,0,2.31481e+12,3,0.2,0,planet1,1,1
39486,0.5,0.5,0.5,123.16,-118.552,0,123.571,-545.375,0,2.31481e+12,3,0.2,0,planet1,1,1
39786,0.5,0.5,0.5,-246.064,-360.39,0,-151.125,-743.259,0,2.31481e+12,3,0.2,1.37282e+18,planet1,1,1
39897,0.5,0.5,0.5,-163.153,-93.9522,0,-45.3228,376.278,0,2.31481e+12,3,0.2,3.68612e+17,planet1,1,1
39918,0.5,0.5,0.5,238.683,-29.8133,0,594.482,-568.932,0,2.31481e+12,3,0.2,0,planet1,1,1
39969,0.5,0.5,0.5,25.324,64.6873,0,266.097,111.507,0,2.31481e+12,3,0.2,0,planet1,1,1
0,0.3,0.75,0.5,-677.39,-176.169,0,-436.186,-1122.66,0,4.5e+12,3,0.2,0,planet1,1,1
1,0.3,0.75,0.5,-360.108,-229.674,0,457.882,-587.031,0,4.5e+12,3,0.2,0,planet1,1,1
2,0.3,0.75,0.5,-256.61,-354.511,0,10.7315,-651.834,0,4.5e+12,3,0.2,7.63342e+17,planet1,1,1
3,0.3,0.75,0.5,-384.547,-337.593,0,624.306,-904.584,0,4.5e+12,3,0.2,0,planet1,1,1
4,0.3,0.75,0.5,-501.286,-40.9314,0,-286.863,-418.522,0,4.5e+12,3,0.2,0,planet1,1,1
5,0.3,0.75,0.5,-170.653,195.873,0,18.8802,860.024,0,4.5e+12,3,0.2,9.58871e+14,planet1,1,1
6,0.3,0.75,0.5,-351.115,-188.038,0,392.837,-467.277,0,4.5e+12,3,0.2,0,planet1,1,1
7,0.3,0.75,0.5,-475.308,-47.5523,0,-208.742,-380.632,0,4.5e+12,3,0.2,0,planet1,1,1
8,0.3,0.75,0.5,-626.103,-243.359,0,-168.054,-1180.65,0,4.5e+12,3,0.2,0,planet1,1,1
9,0.3,0.75,0.5,-94.7006,176.024,0,195.079,979.413,0,4.5e+12,3,0.2,8.14982e+15,planet1,1,1
10,0.3,0.75,0.5,-376.249,-356.14,0,684.533,-932.746,0,4.5e+12,3,0.2,0,planet1,1,1
11,0.3,0.75,0.5,-281.691,-107.254,0,394.721,-121.124,0,4.5e+12,3,0.2,0,planet1,1,1
12,0.3,0.75,0.5,-417.931,112.001,0,-402.836,132.979,0,4.5e+12,3,0.2,0,planet1,1,1
14,0.3,0.75,0.5,-361.844,26.1554,0,-83.8249,39.3597,0,4.5e+12,3,0.2,0,planet1,1,1
15,0.3,0.75,0.5,-374.468,276.324,0,-621.08,601.789,0,4.5e+12,3,0.2,1.27638e+17,planet1,1,1
16,0.3,0.75,0.5,-657.092,32.4865,0,-824.49,-564.922,0,4.5e+12,3,0.2,0,planet1,1,1
17,0.3,0.75,0.5,-164.993,10.3764,0,192.261,881.661,0,4.5e+12,3,0.2,9.41978e+17,planet1,1,1
18,0.3,0.75,0.5,-534.923,-261.461,0,94.7352,-1033.34,0,4.5e+12,3,0.2,0,planet1,1,1
19,0.3,0.75,0.5,-481.61,284.207,0,-921.417,423.489,0,4.5e+12,3,0.2,0,planet1,1,1
20,0.3,0.75,0.5,-170.696,-7.8213,0,227.884,781.475,0,4.5e+12,3,0.2,1.98878e+18,planet1,1,1
21,0.3,0.75,0.5,-88.0425,173.523,0,203.565,959.731,0,4.5e+12,3,0.2,4.84819e+17,planet1,1,1
22,0.3,0.75,0.5,-260.052,327.862,0,-293.956,847.006,0,4.5e+12,3,0.2,4.64141e+17,planet1,1,1
23,0.3,0.75,0.5,-415.406,-219.568,0,300.781,-678.226,0,4.5e+12,3,0.2,0,planet1,1,1
24,0.3,0.75,0.5,-574.861,124.474,0,-815.761,-165.398,0,4.5e+12,3,0.2,0,planet1,1,1
25,0.3,0.75,0.5,-451.288,320.341,0,-923.213,575.848,0,4.5e+12,3,0.2,0,planet1,1,1
26,0.3,0.75,0.5,-352.183,326.987,0,-621.173,715.468,0,4.5e+12,3,0.2,7.81453e+16,planet1,1,1
27,0.3,0.75,0.5,-429.719,-30.1652,0,-132.833,-242.616,0,4.5e+12,3,0.2,0,planet1,1,1
28,0.3,0.75,0.5,-354.685,112.096,0,-245.861,265.244,0,4.5e+12,3,0.2,0,planet1,1,1
29,0.3,0.75,0.5,-212.914,159.879,0,44.8009,655.027,0,4.5e+12,3,0.2,1.43157e+16,planet1,1,1
30,0.3,0.75,0.5,-503.818,-79.9464,0,-211.161,-521.177,0,4.5e+12,3,0.2,0,planet1,1,1
31,0.3,0.75,0.5,-225.049,211.246,0,-75.337,815.23,0,4.5e+12,3,0.2,4.96644e+16,planet1,1,1
32,0.3,0.75,0.5,-697.703,-137.751,0,-566.746,-1070.53,0,4.5e+12,3,0.2,0,planet1,1,1
33,0.3,0.75,0.5,-240.431,99.5503,0,121.847,478.716,0,4.5e+12,3,0.2,4.99948e+15,planet1,1,1
34,0.3,0.75,0.5,-340.444,290.217,0,-575.531,661.248,0,4.5e+12,3,0.2,2.29328e+17,planet1,1,1
35,0.3,0.75,0.5,-504.114,294.104,0,-998.329,401.36,0,4.5e+12,3,0.2,0,planet1,1,1
36,0.3,0.75,0.5,-375.684,10.8344,0,-85.8259,-27.287,0,4.5e+12,3,0.2,0,planet1,1,1
37,0.3,0.75,0.5,-513.827,335.467,0,-1109.21,481.071,0,4.5e+12,3,0.2,0,planet1,1,1
38,0.3,0.75,0.5,-229.554,-261.431,0,-7.75916,-93.2189,0,4.5e+12,3,0.2,2.56568e+18,planet1,1,1
39,0.3,0.75,0.5,-660.46,210.705,0,-1208.45,-133.134,0,4.5e+12,3,0.2,0,planet1,1,1
40,0.3,0.75,0.5,-90.8932,136.54,0,261.598,991.805,0,4.5e+12,3,0.2,4.63448e+16,planet1,1,1
41,0.3,0.75,0.5,-401.717,-191.572,0,274.652,-581.071,0,4.5e+12,3,0.2,0,planet1,1,1
42,0.3,0.75,0.5,-481.562,268.219,0,-887.15,385.092,0,4.5e+12,3,0.2,0,planet1,1,1
43,0.3,0.75,0.5,-221.967,-141.108,0,122.902,305.251,0,4.5e+12,3,0.2,2.17046e+18,planet1,1,1
44,0.3,0.75,0.5,-570.87,263.128,0,-1097.09,184.214,0,4.5e+12,3,0.2,0,planet1,1,1
45,0.3,0.75,0.5,-76.4533,181.074,0,230.06,1087.07,0,4.5e+12,3,0.2,9.95206e+16,planet1,1,1
46,0.3,0.75,0.5,-435.235,282.22,0,-803.622,516.279,0,4.5e+12,3,0.2,0,planet1,1,1
47,0.3,0.75,0.5,-340.553,-71.6026,0,174.27,-156.938,0,4.5e+12,3,0.2,0,planet1,1,1
48,0.3,0.75,0.5,-287.278,359.012,0,-492.264,905.725,0,4.5e+12,3,0.2,8.33948e+17,planet1,1,1
49,0.3,0.75,0.5,-480.05,-261.789,0,229.899,-918.228,0,4.5e+12,3,0.2,0,planet1,1,1
50,0.3,0.75,0.5,-560.88,205.429,0,-951.953,63.4705,0,4.5e+12,3,0.2,0,planet1,1,1
51,0.3,0.75,0.5,-136.558,364.564,0,50.581,1056.98,0,4.5e+12,3,0.2,5.99994e+17,planet1,1,1
52,0.3,0.75,0.5,-642.039,-185.544,0,-330.111,-1070.37,0,4.5e+12,3,0.2,0,planet1,1,1
53,0.3,0.75,0.5,-407.929,282.917,0,-737.543,575.257,0,4.5e+12,3,0.2,0,planet1,1,1
54,0.3,0.75,0.5,-337.808,-133.386,0,310.879,-302.968,0,4.5e+12,3,0.2,0,planet1,1,1
55,0.3,0.75,0.5,-395.296,205.176,0,-510.603,431.188,0,4.5e+12,3,0.2,1.72973e+16,planet1,1,1
56,0.3,0.75,0.5,-428.975,-241.015,0,311.901,-759.718,0,4.5e+12,3,0.2,0,planet1,1,1
57,0.3,0.75,0.5,-294.971,74.7023,0,10.9647,343.652,0,4.5e+12,3,0.2,1.74919e+16,planet1,1,1
58,0.3,0.75,0.5,-535.936,-183.435,0,-72.6651,-843.099,0,4.5e+12,3,0.2,0,planet1,1,1
59,0.3,0.75,0.5,-232.925,-49.189,0,394.177,124.019,0,4.5e+12,3,0.2,0,planet1,1,1
60,0.3,0.75,0.5,-708.375,-46.3372,0,-785.537,-867.184,0,4.5e+12,3,0.2,0,planet1,1,1
61,0.3,0.75,0.5,-409.73,242.548,0,-649.66,506.967,0,4.5e+12,3,0.2,3.44048e+15,planet1,1,1
62,0.3,0.75,0.5,-92.6117,124.94,0,244.16,987.778,0,4.5e+12,3,0.2,7.90937e+16,planet1,1,1
63,0.3,0.75,0.5,-249.592,-337.99,0,-163.437,-596.972,0,4.5e+12,3,0.2,1.64303e+18,planet1,1,1
64,0.3,0.75,0.5,-629.078,197.297,0,-1102.58,-99.2251,0,4.5e+12,3,0.2,0,planet1,1,1
65,0.3,0.75,0.5,-320.544,-354.542,0,817.903,-811.192,0,4.5e+12,3,0.2,0,planet1,1,1
66,0.3,0.75,0.5,-455.502,-338.073,0,450.399,-1054.34,0,4.5e+12,3,0.2,0,planet1,1,1
68,0.3,0.75,0.5,-727.785,-28.803,0,-870.085,-865.985,0,4.5e+12,3,0.2,0,planet1,1,1
69,0.3,0.75,0.5,-211.446,202.306,0,-95.4695,760.841,0,4.5e+12,3,0.2,3.38683e+15,planet1,1,1
70,0.3,0.75,0.5,-184.785,-28.2688,0,213.69,644.282,0,4.5e+12,3,0.2,7.61346e+17,planet1,1,1
71,0.3,0.75,0.5,-226.376,154.212,0,32.0865,645.543,0,4.5e+12,3,0.2,9.61548e+16,planet1,1,1
72,0.3,0.75,0.5,-238.208,-142.789,0,90.607,211.654,0,4.5e+12,3,0.2,6.71444e+17,planet1,1,1
73,0.3,0.75,0.5,-132.411,29.7312,0,212.074,863.249,0,4.5e+12,3,0.2,6.39505e+17,planet1,1,1
74,0.3,0.75,0.5,-251.851,-295.112,0,84.4864,-250.465,0,4.5e+12,3,0.2,3.83044e+17,planet1,1,1
75,0.3,0.75,0.5,-329.185,-33.8062,0,123.316,-39.885,0,4.5e+12,3,0.2,0,planet1,1,1
76,0.3,0.75,0.5,-112.567,55.2861,0,339.754,851.14,0,4.5e+12,3,0.2,1.25984e+18,planet1,1,1
77,0.3,0.75,0.5,-368.432,-239.837,0,458.954,-629.834,0,4.5e+12,3,0.2,0,planet1,1,1
78,0.3,0.75,0.5,-456.579,160.76,0,-600.715,172.52,0,4.5e+12,3,0.2,0,planet1,1,1
79,0.3,0.75,0.5,-178.853,204.461,0,-8.68238,857.705,0,4.5e+12,3,0.2,8.90567e+14,planet1,1,1
80,0.3,0.75,0.5,-381.54,274.1,0,-646.329,613.934,0,4.5e+12,3,0.2,3.34135e+16,planet1,1,1
81,0.3,0.75,0.5,-177.674,311.223,0,-230.067,1129.67,0,4.5e+12,3,0.2,0,planet1,1,1
82,0.3,0.75,0.5,-246.897,-325.749,0,116.557,-504.391,0,4.5e+12,3,0.2,1.90787e+18,planet1,1,1
83,0.3,0.75,0.5,-424.095,237.882,0,-683.329,430.1,0,4.5e+12,3,0.2,0,planet1,1,1
84,0.3,0.75,0.5,-436.081,-191.584,0,190.146,-653.757,0,4.5e+12,3,0.2,0,planet1,1,1
85,0.3,0.75,0.5,-308.394,-206.881,0,538.861,-422.606,0,4.5e+12,3,0.2,0,planet1,1,1
86,0.3,0.75,0.5,-480.466,136.829,0,-609.178,62.7831,0,4.5e+12,3,0.2,0,planet1,1,1
87,0.3,0.75,0.5,-226.47,-105.094,0,346.554,330.416,0,4.5e+12,3,0.2,5.03299e+17,planet1,1,1
88,0.3,0.75,0.5,-655.605,-72.6489,0,-600.872,-821.307,0,4.5e+12,3,0.2,0,planet1,1,1
89,0.3,0.75,0.5,-727.15,27.6119,0,-986.727,-725.06,0,4.5e+12,3,0.2,0,planet1,1,1
90,0.3,0.75,0.5,-659.263,197.409,0,-1176.63,-163.253,0,4.5e+12,3,0.2,0,planet1,1,1
91,0.3,0.75,0.5,-167.308,-2.83172,0,211.937,794.732,0,4.5e+12,3,0.2,5.25793e+17,planet1,1,1
92,0.3,0.75,0.5,-651.854,-40.4265,0,-658.762,-733.187,0,4.5e+12,3,0.2,0,planet1,1,1
93,0.3,0.75,0.5,-288.208,54.6682,0,52.8358,321.696,0,4.5e+12,3,0.2,9.18524e+15,planet1,1,1
94,0.3,0.75,0.5,-586.136,-67.9612,0,-438.676,-663.106,0,4.5e+12,3,0.2,0,planet1,1,1
95,0.3,0.75,0.5,-331.05,-99.1282,0,255.149,-204.837,0,4.5e+12,3,0.2,0,planet1,1,1
96,0.3,0.75,0.5,-536.6,-15.2905,0,-427.29,-429.758,0,4.5e+12,3,0.2,0,planet1,1,1
97,0.3,0.75,0.5,-493.696,229.316,0,-835.922,263.648,0,4.5e+12,3,0.2,0,planet1,1,1
98,0.3,0.75,0.5,-257.106,222.804,0,-184.199,639.73,0,4.5e+12,3,0.2,5.77906e+16,planet1,1,1
99,0.3,0.75,0.5,-274.33,176.282,0,-119.228,609.94,0,4.5e+12,3,0.2,3.52659e+16,planet1,1,1
100,0.3,0.75,0.5,-189.201,14.9891,0,212.93,614.274,0,4.5e+12,3,0.2,2.93155e+17,planet1,1,1
101,0.3,0.75,0.5,-612.417,-279.277,0,-58.7262,-1239.71,0,4.5e+12,3,0.2,0,planet1,1,1
102,0.3,0.75,0.5,-236.237,-137.118,0,159.005,188.4,0,4.5e+12,3,0.2,1.16059e+17,planet1,1,1
103,0.3,0.75,0.5,-469.328,-157.245,0,36.6624,-638.913,0,4.5e+12,3,0.2,0,planet1,1,1
105,0.3,0.75,0.5,-503.084,339.773,0,-1092.04,514.469,0,4.5e+12,3,0.2,0,planet1,1,1
106,0.3,0.75,0.5,-294.782,-52.4497,0,247.137,-13.5289,0,4.5e+12,3,0.2,0,planet1,1,1
107,0.3,0.75,0.5,-252.895,-231.719,0,125.253,-231.929,0,4.5e+12,3,0.2,7.02551e+17,planet1,1,1
109,0.3,0.75,0.5,-523.208,-261.932,0,124.011,-1010.15,0,4.5e+12,3,0.2,0,planet1,1,1
110,0.3,0.75,0.5,-174.926,-17.6789,0,247.027,728.56,0,4.5e+12,3,0.2,4.50964e+17,planet1,1,1
111,0.3,0.75,0.5,-227.991,-97.0099,0,9.67341,290.723,0,4.5e+12,3,0.2,6.19648e+17,planet1,1,1
112,0.3,0.75,0.5,-178.594,327.459,0,-245.948,1035.04,0,4.5e+12,3,0.2,1.63186e+17,planet1,1,1
113,0.3,0.75,0.5,-577.642,236.634,0,-1058.06,104.554,0,4.5e+12,3,0.2,0,planet1,1,1
114,0.3,0.75,0.5,-377.02,344.356,0,-682.509,812.494,0,4.5e+12,3,0.2,6.91689e+17,planet1,1,1
115,0.3,0.75,0.5,-603.267,231.099,0,-1111.06,37.8356,0,4.5e+12,3,0.2,0,planet1,1,1
116,0.3,0.75,0.5,-396.447,-295.664,0,506.988,-826.235,0,4.5e+12,3,0.2,0,planet1,1,1
117,0.3,0.75,0.5,-253.098,-169.625,0,-14.1197,106.509,0,4.5e+12,3,0.2,2.65973e+17,planet1,1,1
118,0.3,0.75,0.5,-245.413,256.71,0,-282.495,851.933,0,4.5e+12,3,0.2,0,planet1,1,1
119,0.3,0.75,0.5,-544.219,-287.413,0,125.908,-1116.98,0,4.5e+12,3,0.2,0,planet1,1,1
120,0.3,0.75,0.5,-291.39,204.948,0,-190.661,646.555,0,4.5e+12,3,0.2,4.12876e+16,planet1,1,1
121,0.3,0.75,0.5,-211.271,-132.587,0,52.2691,358.592,0,4.5e+12,3,0.2,2.18474e+18,planet1,1,1
122,0.3,0.75,0.5,-535.991,-82.3413,0,-285.115,-593.711,0,4.5e+12,3,0.2,0,planet1,1,1
123,0.3,0.75,0.5,-300.846,53.7499,0,-19.36,271.492,0,4.5e+12,3,0.2,2.46204e+17,planet1,1,1
124,0.3,0.75,0.5,-393.753,56.1331,0,-226.195,46.4235,0,4.5e+12,3,0.2,0,planet1,1,1
125,0.3,0.75,0.5,-599.703,169.971,0,-972.579,-105.78,0,4.5e+12,3,0.2,0,planet1,1,1
126,0.3,0.75,0.5,-311.888,-149.146,0,407.397,-288.305,0,4.5e+12,3,0.2,0,planet1,1,1
127,0.3,0.75,0.5,-242.274,-246.188,0,128.27,-213.997,0,4.5e+12,3,0.2,1.06565e+18,planet1,1,1
128,0.3,0.75,0.5,-260.574,-275.403,0,405.43,-325.636,0,4.5e+12,3,0.2,1.28617e+17,planet1,1,1
129,0.3,0.75,0.5,-126.353,63.7525,0,337.601,810.06,0,4.5e+12,3,0.2,7.06494e+17,planet1,1,1
130,0.3,0.75,0.5,-516.757,286.522,0,-1012.92,355.482,0,4.5e+12,3,0.2,0,planet1,1,1
131,0.3,0.75,0.5,-127.967,205.416,0,65.6441,967.001,0,4.5e+12,3,0.2,8.58709e+16,planet1,1,1
132,0.3,0.75,0.5,-453.077,-65.1997,0,-116.17,-378.171,0,4.5e+12,3,0.2,0,planet1,1,1
133,0.3,0.75,0.5,-331.292,173.827,0,-348.523,506.273,0,4.5e+12,3,0.2,2.71321e+16,planet1,1,1
134,0.3,0.75,0.5,-197.786,2.75559,0,258.266,422.841,0,4.5e+12,3,0.2,7.81446e+17,planet1,1,1
135,0.3,0.75,0.5,-517.753,324.113,0,-1095.02,445.624,0,4.5e+12,3,0.2,0,planet1,1,1
136,0.3,0.75,0.5,-252.98,172.521,0,-50.287,624.968,0,4.5e+12,3,0.2,4.73721e+16,planet1,1,1
137,0.3,0.75,0.5,-632.363,174.102,0,-1061.8,-163.886,0,4.5e+12,3,0.2,0,planet1,1,1
138,0.3,0.75,0.5,-365.466,-120.485,0,215.073,-329.601,0,4.5e+12,3,0.2,0,planet1,1,1
139,0.3,0.75,0.5,-416.468,-44.1892,0,-71.5436,-249.029,0,4.5e+12,3,0.2,0,planet1,1,1
140,0.3,0.75,0.5,-62.0484,153.324,0,283.736,982.178,0,4.5e+12,3,0.2,1.00591e+17,planet1,1,1
141,0.3,0.75,0.5,-197.702,-49.3291,0,208.286,544.208,0,4.5e+12,3,0.2,2.23787e+17,planet1,1,1
142,0.3,0.75,0.5,-214.669,173.673,0,-0.979198,715.856,0,4.5e+12,3,0.2,6.0891e+15,planet1,1,1
143,0.3,0.75,0.5,-92.5831,142.707,0,313.477,958.591,0,4.5e+12,3,0.2,2.71493e+16,planet1,1,1
144,0.3,0.75,0.5,-251.876,285.708,0,-379.666,850.855,0,4.5e+12,3,0.2,5.89897e+15,planet1,1,1
145,0.3,0.75,0.5,-447.263,-357.988,0,513.54,-1086.47,0,4.5e+12,3,0.2,0,planet1,1,1
146,0.3,0.75,0.5,-560.255,-122.856,0,-259.84,-745.335,0,4.5e+12,3,0.2,0,planet1,1,1
147,0.3,0.75,0.5,-343.363,-19.3422,0,57.0273,-33.9208,0,4.5e+12,3,0.2,0,planet1,1,1
148,0.3,0.75,0.5,-481.781,-321.141,0,350.664,-1067.48,0,4.5e+12,3,0.2,0,planet1,1,1
150,0.3,0.75,0.5,-293.348,-85.5676,0,319.47,-92.7101,0,4.5e+12,3,0.2,0,planet1,1,1
151,0.3,0.75,0.5,-331.754,106.905,0,-179.34,301.748,0,4.5e+12,3,0.2,0,planet1,1,1
152,0.3,0.75,0.5,-723.907,-40.6152,0,-836.221,-886.286,0,4.5e+12,3,0.2,0,planet1,1,1
153,0.3,0.75,0.5,-648.096,-4.76697,0,-724.619,-637.681,0,4.5e+12,3,0.2,0,planet1,1,1
154,0.3,0.75,0.5,-541.952,-41.1943,0,-387.135,-505.556,0,4.5e+12,3,0.2,0,planet1,1,1
155,0.3,0.75,0.5,-437.358,319.949,0,-888.496,604.27,0,4.5e+12,3,0.2,0,planet1,1,1
156,0.3,0.75,0.5,-511.774,-147.633,0,-88.8351,-704.121,0,4.5e+12,3,0.2,0,planet1,1,1
158,0.3,0.75,0.5,-242.472,86.6208,0,50.6492,527.851,0,4.5e+12,3,0.2,3.60622e+17,planet1,1,1
159,0.3,0.75,0.5,-320.858,308.838,0,-526.674,759.414,0,4.5e+12,3,0.2,7.89429e+16,planet1,1,1
162,0.3,0.75,0.5,-175.06,212.456,0,-10.7938,855.41,0,4.5e+12,3,0.2,1.40921e+16,planet1,1,1
164,0.3,0.75,0.5,-603.081,-52.8484,0,-512.339,-661.499,0,4.5e+12,3,0.2,0,planet1,1,1
165,0.3,0.75,0.5,-307.503,-25.6416,0,159.54,25.5573,0,4.5e+12,3,0.2,0,planet1,1,1
166,0.3,0.75,0.5,-243.328,318.665,0,-385.891,945.895,0,4.5e+12,3,0.2,3.47691e+16,planet1,1,1
167,0.3,0.75,0.5,-116.531,110.387,0,305.938,847.967,0,4.5e+12,3,0.2,3.51248e+16,planet1,1,1
168,0.3,0.75,0.5,-262.526,317.69,0,-304.291,831.502,0,4.5e+12,3,0.2,1.89338e+17,planet1,1,1
169,0.3,0.75,0.5,-570.793,-157.673,0,-212.541,-852.32,0,4.5e+12,3,0.2,0,planet1,1,1
170,0.3,0.75,0.5,-84.735,109.634,0,310.275,946.956,0,4.5e+12,3,0.2,3.16049e+17,planet1,1,1
172,0.3,0.75,0.5,-453.362,-242.449,0,255.511,-814.668,0,4.5e+12,3,0.2,0,planet1,1,1
173,0.3,0.75,0.5,-309.981,257.22,0,-291.958,700.688,0,4.5e+12,3,0.2,5.5123e+16,planet1,1,1
174,0.3,0.75,0.5,-496.446,96.2335,0,-563.356,-70.1872,0,4.5e+12,3,0.2,0,planet1,1,1
175,0.3,0.75,0.5,-146.809,252.147,0,-36.8135,948.457,0,4.5e+12,3,0.2,2.30498e+17,planet1,1,1
176,0.3,0.75,0.5,-212.081,-93.3428,0,158.757,380.494,0,4.5e+12,3,0.2,1.15376e+18,planet1,1,1
177,0.3,0.75,0.5,-103.649,180.398,0,175.212,949.078,0,4.5e+12,3,0.2,1.09763e+16,planet1,1,1
178,0.3,0.75,0.5,-217.116,83.2667,0,150.183,593.373,0,4.5e+12,3,0.2,5.50236e+17,planet1,1,1
179,0.3,0.75,0.5,-574.524,184.168,0,-939.284,-17.9633,0,4.5e+12,3,0.2,0,planet1,1,1
180,0.3,0.75,0.5,-115.842,93.3214,0,256.306,890.508,0,4.5e+12,3,0.2,2.77813e+17,planet1,1,1
181,0.3,0.75,0.5,-91.9382,213.276,0,91.2423,1076.22,0,4.5e+12,3,0.2,6.69619e+16,planet1,1,1
182,0.3,0.75,0.5,-620.417,64.724,0,-802.66,-408.203,0,4.5e+12,3,0.2,0,planet1,1,1
183,0.3,0.75,0.5,-374.302,-300.722,0,572.67,-792.746,0,4.5e+12,3,0.2,0,planet1,1,1
184,0.3,0.75,0.5,-401.751,-343.01,0,594.282,-954.184,0,4.5e+12,3,0.2,0,planet1,1,1
185,0.3,0.75,0.5,-343.757,-279.047,0,602.512,-675.214,0,4.5e+12,3,0.2,0,planet1,1,1
186,0.3,0.75,0.5,-350.232,65.1562,0,-137.058,159.695,0,4.5e+12,3,0.2,0,planet1,1,1
187,0.3,0.75,0.5,-195.211,14.7848,0,191.47,411.529,0,4.5e+12,3,0.2,1.67648e+17,planet1,1,1
189,0.3,0.75,0.5,-680.044,-38.3796,0,-733.597,-787.31,0,4.5e+12,3,0.2,0,planet1,1,1
190,0.3,0.75,0.5,-234.559,86.0962,0,110.81,577.156,0,4.5e+12,3,0.2,1.76059e+17,planet1,1,1
191,0.3,0.75,0.5,-279.773,-362.855,0,744.741,-321.913,0,4.5e+12,3,0.2,8.10008e+17,planet1,1,1
193,0.3,0.75,0.5,-217.753,-75.3558,0,105.694,321.655,0,4.5e+12,3,0.2,2.81087e+17,planet1,1,1
194,0.3,0.75,0.5,-326.394,91.2663,0,-133.298,274.431,0,4.5e+12,3,0.2,0,planet1,1,1
195,0.3,0.75,0.5,-234.03,-185.461,0,105.777,120.795,0,4.5e+12,3,0.2,1.65271e+18,planet1,1,1
196,0.3,0.75,0.5,-544.378,-50.0679,0,-373.341,-531.439,0,4.5e+12,3,0.2,0,planet1,1,1
198,0.3,0.75,0.5,-235.185,-208.905,0,-53.4507,63.0468,0,4.5e+12,3,0.2,2.41338e+18,planet1,1,1
199,0.3,0.75,0.5,-343.548,307.915,0,-615.29,677.508,0,4.5e+12,3,0.2,2.87534e+17,planet1,1,1
200,0.3,0.75,0.5,-269.614,-343.777,0,921.168,-678.034,0,4.5e+12,3,0.2,0,planet1,1,1
201,0.3,0.75,0.5,-504.916,-309.325,0,268.487,-1087.66,0,4.5e+12,3,0.2,0,planet1,1,1
203,0.3,0.75,0.5,-351.688,-205.29,0,428.075,-510.39,0,4.5e+12,3,0.2,0,planet1,1,1
204,0.3,0.75,0.5,-404.14,159.099,0,-467.404,277.85,0,4.5e+12,3,0.2,0,planet1,1,1
205,0.3,0.75,0.5,-536.798,-247.156,0,59.9911,-1001.35,0,4.5e+12,3,0.2,0,planet1,1,1
206,0.3,0.75,0.5,-356.107,-153.482,0,307.916,-390.848,0,4.5e+12,3,0.2,0,planet1,1,1
207,0.3,0.75,0.5,-256.577,267.323,0,-292.093,794.203,0,4.5e+12,3,0.2,1.48095e+16,planet1,1,1
208,0.3,0.75,0.5,-510.511,-33.7312,0,-324.822,-420.642,0,4.5e+12,3,0.2,0,planet1,1,1
209,0.3,0.75,0.5,-159.414,30.7837,0,232.031,874.272,0,4.5e+12,3,0.2,6.62818e+17,planet1,1,1
210,0.3,0.75,0.5,-670.934,47.8982,0,-891.111,-556.985,0,4.5e+12,3,0.2,0,planet1,1,1
211,0.3,0.75,0.5,-617.795,42.2366,0,-749.306,-457.567,0,4.5e+12,3,0.2,0,planet1,1,1
212,0.3,0.75,0.5,-332.963,-341.944,0,760.918,-806.425,0,4.5e+12,3,0.2,0,planet1,1,1
213,0.3,0.75,0.5,-403.817,271.583,0,-733.195,564.922,0,4.5e+12,3,0.2,3.58454e+15,planet1,1,1
214,0.3,0.75,0.5,-526.581,-338.869,0,278.34,-1205.86,0,4.5e+12,3,0.2,0,planet1,1,1
215,0.3,0.75,0.5,-249.125,-218.616,0,26.841,-60.0163,0,4.5e+12,3,0.2,7.00232e+17,planet1,1,1
216,0.3,0.75,0.5,-544.641,-195.312,0,-69.2524,-890.52,0,4.5e+12,3,0.2,0,planet1,1,1
217,0.3,0.75,0.5,-380.526,-269.155,0,490.361,-727.797,0,4.5e+12,3,0.2,0,planet1,1,1
218,0.3,0.75,0.5,-219.148,166.323,0,10.8047,660.013,0,4.5e+12,3,0.2,4.99397e+16,planet1,1,1
219,0.3,0.75,0.5,-185.049,285.117,0,-138.703,975.248,0,4.5e+12,3,0.2,6.27531e+16,planet1,1,1
220,0.3,0.75,0.5,-487.579,335.262,0,-1043.18,537.022,0,4.5e+12,3,0.2,0,planet1,1,1
221,0.3,0.75,0.5,-645.533,-76.0185,0,-569.116,-807.53,0,4.5e+12,3,0.2,0,planet1,1,1
222,0.3,0.75,0.5,-142.957,143.484,0,169.685,801.353,0,4.5e+12,3,0.2,6.00103e+15,planet1,1,1
223,0.3,0.75,0.5,-434.944,-318.558,0,460.182,-963.912,0,4.5e+12,3,0.2,0,planet1,1,1
224,0.3,0.75,0.5,-399.065,126.45,0,-385.095,208.455,0,4.5e+12,3,0.2,0,planet1,1,1
225,0.3,0.75,0.5,-185.254,1.61478,0,194.506,677.722,0,4.5e+12,3,0.2,1.27009e+17,planet1,1,1
226,0.3,0.75,0.5,-500.054,-92.2648,0,-176.102,-543.421,0,4.5e+12,3,0.2,0,planet1,1,1
227,0.3,0.75,0.5,-603.291,285.67,0,-1223.58,170.779,0,4.5e+12,3,0.2,0,planet1,1,1
228,0.3,0.75,0.5,-240.829,-323.954,0,117.802,-386,0,4.5e+12,3,0.2,2.73286e+18,planet1,1,1
229,0.3,0.75,0.5,-139.826,97.8505,0,339.511,705.964,0,4.5e+12,3,0.2,8.61076e+15,planet1,1,1
230,0.3,0.75,0.5,-215.673,-88.5349,0,178.995,399.209,0,4.5e+12,3,0.2,8.38558e+17,planet1,1,1
231,0.3,0.75,0.5,-312.03,-97.3858,0,298.984,-161.021,0,4.5e+12,3,0.2,0,planet1,1,1
232,0.3,0.75,0.5,-243.877,-144.769,0,139.648,136.24,0,4.5e+12,3,0.2,1.61053e+17,planet1,1,1
233,0.3,0.75,0.5,-205.908,-95.7999,0,105.907,499.609,0,4.5e+12,3,0.2,1.45737e+18,planet1,1,1
234,0.3,0.75,0.5,-474.293,180.263,0,-685.086,183.137,0,4.5e+12,3,0.2,0,planet1,1,1
235,0.3,0.75,0.5,-158.255,81.2652,0,314.393,658.436,0,4.5e+12,3,0.2,5.9025e+16,planet1,1,1
236,0.3,0.75,0.5,-308.359,-272.367,0,675.284,-583.758,0,4.5e+12,3,0.2,0,planet1,1,1
237,0.3,0.75,0.5,-339.29,-191.765,0,429.551,-450.602,0,4.5e+12,3,0.2,0,planet1,1,1
239,0.3,0.75,0.5,-424.626,-285.664,0,416.01,-861.143,0,4.5e+12,3,0.2,0,planet1,1,1
240,0.3,0.75,0.5,-468.048,-279.319,0,295.413,-937.007,0,4.5e+12,3,0.2,0,planet1,1,1
241,0.3,0.75,0.5,-327.531,213.755,0,-311.022,534.586,0,4.5e+12,3,0.2,7.06743e+16,planet1,1,1
242,0.3,0.75,0.5,-191.206,317.123,0,-274.142,1064.23,0,4.5e+12,3,0.2,1.66333e+17,planet1,1,1
243,0.3,0.75,0.5,-225.01,-111.323,0,65.8419,132.367,0,4.5e+12,3,0.2,5.48801e+17,planet1,1,1
244,0.3,0.75,0.5,-414.501,174.675,0,-525.738,295.177,0,4.5e+12,3,0.2,0,planet1,1,1
245,0.3,0.75,0.5,-181.645,-39.7864,0,168.219,649.526,0,4.5e+12,3,0.2,1.18938e+18,planet1,1,1
246,0.3,0.75,0.5,-437.284,-65.6051,0,-76.7896,-344.541,0,4.5e+12,3,0.2,0,planet1,1,1
247,0.3,0.75,0.5,-439.242,-172.973,0,143.263,-613.951,0,4.5e+12,3,0.2,0,planet1,1,1
248,0.3,0.75,0.5,-525.484,2.30785,0,-438.308,-363.032,0,4.5e+12,3,0.2,0,planet1,1,1
249,0.3,0.75,0.5,-149.895,42.2585,0,258.956,909.125,0,4.5e+12,3,0.2,1.62642e+18,planet1,1,1
250,0.3,0.75,0.5,-297.094,193.27,0,-187.527,690.825,0,4.5e+12,3,0.2,3.13514e+17,planet1,1,1
252,0.3,0.75,0.5,-451.582,43.8612,0,-342.358,-105.532,0,4.5e+12,3,0.2,0,planet1,1,1
253,0.3,0.75,0.5,-477.712,-16.3158,0,-280.566,-308.659,0,4.5e+12,3,0.2,0,planet1,1,1
255,0.3,0.75,0.5,-274.154,-288.867,0,794.109,-553.238,0,4.5e+12,3,0.2,0,planet1,1,1
256,0.3,0.75,0.5,-602.631,216.115,0,-1076.38,1.61954,0,4.5e+12,3,0.2,0,planet1,1,1
257,0.3,0.75,0.5,-239.658,-291.932,0,58.6966,-372.048,0,4.5e+12,3,0.2,1.75079e+18,planet1,1,1
258,0.3,0.75,0.5,-245.918,-156.536,0,118.124,191.223,0,4.5e+12,3,0.2,2.02007e+17,planet1,1,1
260,0.3,0.75,0.5,-262.874,131.024,0,-84.275,579.252,0,4.5e+12,3,0.2,7.25151e+16,planet1,1,1
261,0.3,0.75,0.5,-179.709,42.8265,0,152.428,812.737,0,4.5e+12,3,0.2,9.5045e+17,planet1,1,1
263,0.3,0.75,0.5,-176.839,110.744,0,175.373,620.19,0,4.5e+12,3,0.2,3.61375e+15,planet1,1,1
264,0.3,0.75,0.5,-180.312,21.642,0,165.199,749.619,0,4.5e+12,3,0.2,3.66415e+17,planet1,1,1
265,0.3,0.75,0.5,-344.543,15.9445,0,-19.4844,50.189,0,4.5e+12,3,0.2,0,planet1,1,1
268,0.3,0.75,0.5,-578.227,78.4367,0,-727.639,-285.878,0,4.5e+12,3,0.2,0,planet1,1,1
269,0.3,0.75,0.5,-465.089,-335.587,0,422.486,-1069.18,0,4.5e+12,3,0.2,0,planet1,1,1
270,0.3,0.75,0.5,-136.999,248.395,0,43.6987,962.777,0,4.5e+12,3,0.2,3.75983e+16,planet1,1,1
272,0.3,0.75,0.5,-575.019,-59.7065,0,-429.434,-619.727,0,4.5e+12,3,0.2,0,planet1,1,1
273,0.3,0.75,0.5,-411.896,73.603,0,-306.266,51.7742,0,4.5e+12,3,0.2,0,planet1,1,1
274,0.3,0.75,0.5,-186.307,40.9612,0,132.206,712.071,0,4.5e+12,3,0.2,1.54729e+17,planet1,1,1
275,0.3,0.75,0.5,-205.972,-115.385,0,120.521,459.536,0,4.5e+12,3,0.2,4.54158e+18,planet1,1,1
276,0.3,0.75,0.5,-553.3,-311.795,0,154.564,-1195.82,0,4.5e+12,3,0.2,0,planet1,1,1
277,0.3,0.75,0.5,-229.452,-297.715,0,-62.5394,-237.825,0,4.5e+12,3,0.2,5.2425e+18,planet1,1,1
279,0.3,0.75,0.5,-322.779,-24.8798,0,119.672,-4.91201,0,4.5e+12,3,0.2,0,planet1,1,1
280,0.3,0.75,0.5,-153.717,201.382,0,41.3976,908.037,0,4.5e+12,3,0.2,4.9062e+15,planet1,1,1
281,0.3,0.75,0.5,-593.043,-109.407,0,-369.517,-779.704,0,4.5e+12,3,0.2,0,planet1,1,1
282,0.3,0.75,0.5,-281.346,-230.924,0,654.729,-424.765,0,4.5e+12,3,0.2,0,planet1,1,1
283,0.3,0.75,0.5,-348.263,224.323,0,-399.283,508.282,0,4.5e+12,3,0.2,7.26863e+16,planet1,1,1
284,0.3,0.75,0.5,-377.186,29.1448,0,-127.803,15.0372,0,4.5e+12,3,0.2,0,planet1,1,1
285,0.3,0.75,0.5,-294.378,-118.116,0,386.38,-174.258,0,4.5e+12,3,0.2,0,planet1,1,1
286,0.3,0.75,0.5,-398.532,-163.461,0,223.988,-505.253,0,4.5e+12,3,0.2,0,planet1,1,1
288,0.3,0.75,0.5,-404.925,-123.826,0,124.605,-420.882,0,4.5e+12,3,0.2,0,planet1,1,1
289,0.3,0.75,0.5,-201.073,224.971,0,-56.6273,811.921,0,4.5e+12,3,0.2,1.38336e+16,planet1,1,1
290,0.3,0.75,0.5,-303.555,13.793,0,86.8759,131.47,0,4.5e+12,3,0.2,0,planet1,1,1
292,0.3,0.75,0.5,-497.149,-211.644,0,82.6187,-831.119,0,4.5e+12,3,0.2,0,planet1,1,1
294,0.3,0.75,0.5,-154.164,33.8108,0,214.161,915.027,0,4.5e+12,3,0.2,3.08075e+18,planet1,1,1
298,0.3,0.75,0.5,-374.73,101.18,0,-273.47,197.158,0,4.5e+12,3,0.2,0,planet1,1,1
299,0.3,0.75,0.5,-500.069,-163.004,0,-27.2044,-717.292,0,4.5e+12,3,0.2,0,planet1,1,1
300,0.3,0.75,0.5,-244.07,186.162,0,-113.09,694.592,0,4.5e+12,3,0.2,1.25766e+15,planet1,1,1
303,0.3,0.75,0.5,-505.677,-268.791,0,180.59,-988.83,0,4.5e+12,3,0.2,0,planet1,1,1
304,0.3,0.75,0.5,-340.412,-257.262,0,564.765,-613.776,0,4.5e+12,3,0.2,0,planet1,1,1
305,0.3,0.75,0.5,-286.844,233.689,0,-242.281,670.516,0,4.5e+12,3,0.2,3.7061e+16,planet1,1,1
306,0.3,0.75,0.5,-293.494,392.345,0,-566.411,1102.12,0,4.5e+12,3,0.2,2.75723e+16,planet1,1,1
307,0.3,0.75,0.5,-422.651,-4.72571,0,-168.47,-164.911,0,4.5e+12,3,0.2,0,planet1,1,1
308,0.3,0.75,0.5,-405.332,259.005,0,-679.033,520.743,0,4.5e+12,3,0.2,0,planet1,1,1
309,0.3,0.75,0.5,-432.677,359.417,0,-931.275,788.935,0,4.5e+12,3,0.2,1.46053e+17,planet1,1,1
310,0.3,0.75,0.5,-457.016,-106.023,0,-40.4148,-485.662,0,4.5e+12,3,0.2,0,planet1,1,1
311,0.3,0.75,0.5,-519.136,-135.287,0,-132.277,-688.74,0,4.5e+12,3,0.2,0,planet1,1,1
312,0.3,0.75,0.5,-258.911,-304.637,0,866.183,-558.615,0,4.5e+12,3,0.2,0,planet1,1,1
313,0.3,0.75,0.5,-110.859,80.774,0,305.636,884.782,0,4.5e+12,3,0.2,3.95851e+17,planet1,1,1
314,0.3,0.75,0.5,-232.134,-77.5922,0,454.588,55.911,0,4.5e+12,3,0.2,0,planet1,1,1
316,0.3,0.75,0.5,-280.924,237.361,0,-263.548,718.826,0,4.5e+12,3,0.2,2.5538e+15,planet1,1,1
317,0.3,0.75,0.5,-377.272,83.0716,0,-241.161,147.449,0,4.5e+12,3,0.2,0,planet1,1,1
318,0.3,0.75,0.5,-424.795,305.694,0,-827.365,596.292,0,4.5e+12,3,0.2,0,planet1,1,1
319,0.3,0.75,0.5,-309.475,-0.290764,0,101.621,83.8543,0,4.5e+12,3,0.2,0,planet1,1,1
320,0.3,0.75,0.5,-129.488,178.527,0,167.927,922.375,0,4.5e+12,3,0.2,8.50166e+14,planet1,1,1
321,0.3,0.75,0.5,-142.642,305.359,0,-159.219,1159.45,0,4.5e+12,3,0.2,3.37697e+16,planet1,1,1
325,0.3,0.75,0.5,-643.289,23.4926,0,-771.649,-558.604,0,4.5e+12,3,0.2,0,planet1,1,1
326,0.3,0.75,0.5,-398.297,135.807,0,-403.953,232.615,0,4.5e+12,3,0.2,0,planet1,1,1
327,0.3,0.75,0.5,-200.721,-40.8372,0,254.195,405.701,0,4.5e+12,3,0.2,1.79155e+17,planet1,1,1
328,0.3,0.75,0.5,-272.024,10.5736,0,169.686,247.014,0,4.5e+12,3,0.2,3.73176e+16,planet1,1,1
329,0.3,0.75,0.5,-454.772,112.145,0,-493.917,55.3869,0,4.5e+12,3,0.2,0,planet1,1,1
330,0.3,0.75,0.5,-292.299,-244.398,0,656.928,-481.468,0,4.5e+12,3,0.2,0,planet1,1,1
331,0.3,0.75,0.5,-242.33,-286.541,0,46.8664,-420.252,0,4.5e+12,3,0.2,5.01744e+17,planet1,1,1
332,0.3,0.75,0.5,-396.415,167.693,0,-487.178,347.383,0,4.5e+12,3,0.2,3.92869e+16,planet1,1,1
334,0.3,0.75,0.5,-630.495,259.276,0,-1236.62,48.4777,0,4.5e+12,3,0.2,0,planet1,1,1
335,0.3,0.75,0.5,-395.111,-68.7336,0,33.3907,-264.327,0,4.5e+12,3,0.2,0,planet1,1,1
336,0.3,0.75,0.5,-589.625,17.5434,0,-627.793,-460.363,0,4.5e+12,3,0.2,0,planet1,1,1
337,0.3,0.75,0.5,-337.85,321.486,0,-614.319,712.336,0,4.5e+12,3,0.2,4.96773e+16,planet1,1,1
338,0.3,0.75,0.5,-448.221,-255.845,0,296.112,-836.749,0,4.5e+12,3,0.2,0,planet1,1,1
339,0.3,0.75,0.5,-232.445,-151.963,0,6.30335,212.909,0,4.5e+12,3,0.2,1.29107e+18,planet1,1,1
341,0.3,0.75,0.5,-228.549,-237.243,0,-27.6831,-19.7142,0,4.5e+12,3,0.2,4.1563e+18,planet1,1,1
342,0.3,0.75,0.5,-702.787,66.0489,0,-1008.1,-578.517,0,4.5e+12,3,0.2,0,planet1,1,1
343,0.3,0.75,0.5,-541.118,10.4261,0,-493.279,-375.344,0,4.5e+12,3,0.2,0,planet1,1,1
345,0.3,0.75,0.5,-541.327,140.407,0,-766.685,-55.5025,0,4.5e+12,3,0.2,0,planet1,1,1
346,0.3,0.75,0.5,-246.858,-22.4928,0,302.226,160.783,0,4.5e+12,3,0.2,0,planet1,1,1
347,0.3,0.75,0.5,-211.403,333.139,0,-336.797,1026.56,0,4.5e+12,3,0.2,1.38548e+17,planet1,1,1
348,0.3,0.75,0.5,-580.753,-85.519,0,-389.226,-695.723,0,4.5e+12,3,0.2,0,planet1,1,1
349,0.3,0.75,0.5,-507.668,315.846,0,-1052.58,447.4,0,4.5e+12,3,0.2,0,planet1,1,1
350,0.3,0.75,0.5,-218.742,-111.085,0,145.365,417.875,0,4.5e+12,3,0.2,3.61258e+17,planet1,1,1
352,0.3,0.75,0.5,-87.0062,130.876,0,259.756,973.879,0,4.5e+12,3,0.2,8.5123e+16,planet1,1,1
353,0.3,0.75,0.5,-518.522,30.678,0,-479.891,-277.861,0,4.5e+12,3,0.2,0,planet1,1,1
354,0.3,0.75,0.5,-128.342,76.7142,0,390.446,858.627,0,4.5e+12,3,0.2,6.18296e+16,planet1,1,1
358,0.3,0.75,0.5,-629.77,59.3911,0,-814.394,-441.766,0,4.5e+12,3,0.2,0,planet1,1,1
359,0.3,0.75,0.5,-256.053,-347.14,0,-176.824,-587.254,0,4.5e+12,3,0.2,2.62757e+18,planet1,1,1
360,0.3,0.75,0.5,-715.127,22.7382,0,-948.052,-712.062,0,4.5e+12,3,0.2,0,planet1,1,1
362,0.3,0.75,0.5,-560.023,174.086,0,-882.582,-11.7453,0,4.5e+12,3,0.2,0,planet1,1,1
363,0.3,0.75,0.5,-399.73,-208.104,0,313.939,-616.8,0,4.5e+12,3,0.2,0,planet1,1,1
364,0.3,0.75,0.5,-539.97,-204.804,0,-37.6166,-903.313,0,4.5e+12,3,0.2,0,planet1,1,1
366,0.3,0.75,0.5,-573.962,-219.516,0,-90.7088,-1011.01,0,4.5e+12,3,0.2,0,planet1,1,1
367,0.3,0.75,0.5,-242.217,236.894,0,-230.555,822.458,0,4.5e+12,3,0.2,7.44488e+14,planet1,1,1
368,0.3,0.75,0.5,-492.854,108.136,0,-579.281,-33.7636,0,4.5e+12,3,0.2,0,planet1,1,1
369,0.3,0.75,0.5,-598.427,191.976,0,-1015.64,-49.7419,0,4.5e+12,3,0.2,0,planet1,1,1
370,0.3,0.75,0.5,-488.76,-352.844,0,400.495,-1160.73,0,4.5e+12,3,0.2,0,planet1,1,1
371,0.3,0.75,0.5,-231.29,-231.898,0,-12.8136,-33.3938,0,4.5e+12,3,0.2,2.66925e+18,planet1,1,1
372,0.3,0.75,0.5,-373.888,-371.434,0,723.567,-965.383,0,4.5e+12,3,0.2,0,planet1,1,1
373,0.3,0.75,0.5,-168.303,37.6108,0,196.451,857.023,0,4.5e+12,3,0.2,8.20015e+17,planet1,1,1
374,0.3,0.75,0.5,-658.808,-85.4317,0,-581.594,-858.763,0,4.5e+12,3,0.2,0,planet1,1,1
375,0.3,0.75,0.5,-454.034,-211.284,0,187.922,-739.604,0,4.5e+12,3,0.2,0,planet1,1,1
376,0.3,0.75,0.5,-224.299,-135.58,0,119.378,303.959,0,4.5e+12,3,0.2,6.97372e+17,planet1,1,1
377,0.3,0.75,0.5,-353.483,392.588,0,-794.26,1015.8,0,4.5e+12,3,0.2,1.02779e+17,planet1,1,1
378,0.3,0.75,0.5,-218.65,-94.7214,0,140.188,393.977,0,4.5e+12,3,0.2,7.23297e+17,planet1,1,1
379,0.3,0.75,0.5,-631.545,-84.9593,0,-515.184,-800.886,0,4.5e+12,3,0.2,0,planet1,1,1
380,0.3,0.75,0.5,-695.076,0.139206,0,-850.374,-723.806,0,4.5e+12,3,0.2,0,planet1,1,1
381,0.3,0.75,0.5,-348.915,-363.594,0,768.112,-893.362,0,4.5e+12,3,0.2,0,planet1,1,1
382,0.3,0.75,0.5,-358.31,58.8207,0,-142.191,126.798,0,4.5e+12,3,0.2,0,planet1,1,1
383,0.3,0.75,0.5,-679.704,-104.469,0,-593.548,-949.463,0,4.5e+12,3,0.2,0,planet1,1,1
384,0.3,0.75,0.5,-452.964,24.6675,0,-305.036,-155.411,0,4.5e+12,3,0.2,0,planet1,1,1
386,0.3,0.75,0.5,-468.107,33.5244,0,-361.136,-164.842,0,4.5e+12,3,0.2,0,planet1,1,1
387,0.3,0.75,0.5,-86.7267,207.491,0,154.149,1108.67,0,4.5e+12,3,0.2,4.06002e+16,planet1,1,1
388,0.3,0.75,0.5,-366.783,70.2127,0,-187.861,137.436,0,4.5e+12,3,0.2,0,planet1,1,1
389,0.3,0.75,0.5,-669.614,-164.389,0,-441.962,-1077.65,0,4.5e+12,3,0.2,0,planet1,1,1
391,0.3,0.75,0.5,-154.719,19.9182,0,222.823,874.887,0,4.5e+12,3,0.2,2.08987e+18,planet1,1,1
392,0.3,0.75,0.5,-287.491,102.766,0,-59.2313,428.189,0,4.5e+12,3,0.2,8.48768e+15,planet1,1,1
394,0.3,0.75,0.5,-426.104,321.61,0,-864.311,632.583,0,4.5e+12,3,0.2,0,planet1,1,1
395,0.3,0.75,0.5,-281.708,8.14149,0,111.151,178.043,0,4.5e+12,3,0.2,3.094e+15,planet1,1,1
397,0.3,0.75,0.5,-414.477,24.1153,0,-209.247,-76.5186,0,4.5e+12,3,0.2,0,planet1,1,1
398,0.3,0.75,0.5,-693.788,104.819,0,-1067.68,-465.019,0,4.5e+12,3,0.2,0,planet1,1,1
399,0.3,0.75,0.5,-325.79,334.848,0,-587.626,770.77,0,4.5e+12,3,0.2,4.70408e+16,planet1,1,1
400,0.3,0.75,0.5,-516.195,-199.986,0,11.5255,-841.953,0,4.5e+12,3,0.2,0,planet1,1,1
402,0.3,0.75,0.5,-89.4021,89.5729,0,283.011,904.02,0,4.5e+12,3,0.2,5.12124e+17,planet1,1,1
403,0.3,0.75,0.5,-229.156,-91.1116,0,79.0449,310.663,0,4.5e+12,3,0.2,1.34799e+17,planet1,1,1
404,0.3,0.75,0.5,-142.545,59.2594,0,308.968,821.84,0,4.5e+12,3,0.2,3.56096e+17,planet1,1,1
405,0.3,0.75,0.5,-311.896,416.03,0,-626.163,1108.5,0,4.5e+12,3,0.2,4.54113e+17,planet1,1,1
406,0.3,0.75,0.5,-676.045,64.9742,0,-939.68,-525.219,0,4.5e+12,3,0.2,0,planet1,1,1
407,0.3,0.75,0.5,-256.18,-314.216,0,105.891,-212.292,0,4.5e+12,3,0.2,6.09984e+17,planet1,1,1
408,0.3,0.75,0.5,-601.036,253.074,0,-1150.47,96.3293,0,4.5e+12,3,0.2,0,planet1,1,1
409,0.3,0.75,0.5,-394.193,-40.8535,0,-22.4398,-194.594,0,4.5e+12,3,0.2,0,planet1,1,1
410,0.3,0.75,0.5,-193.698,298.849,0,-211.914,1009.09,0,4.5e+12,3,0.2,2.78335e+16,planet1,1,1
412,0.3,0.75,0.5,-569.911,-258.776,0,1.67349,-1099.55,0,4.5e+12,3,0.2,0,planet1,1,1
413,0.3,0.75,0.5,-223.449,-48.1301,0,414.389,146.815,0,4.5e+12,3,0.2,0,planet1,1,1
414,0.3,0.75,0.5,-509.537,-328.998,0,298.647,-1145.99,0,4.5e+12,3,0.2,0,planet1,1,1
415,0.3,0.75,0.5,-534.364,81.9803,0,-626.214,-185.335,0,4.5e+12,3,0.2,0,planet1,1,1
417,0.3,0.75,0.5,-376.376,257.828,0,-539.748,608.957,0,4.5e+12,3,0.2,8.22612e+17,planet1,1,1
418,0.3,0.75,0.5,-75.9768,163.226,0,268.494,1037.57,0,4.5e+12,3,0.2,4.12178e+16,planet1,1,1
419,0.3,0.75,0.5,-358.135,9.53365,0,-39.2998,6.15812,0,4.5e+12,3,0.2,0,planet1,1,1
420,0.3,0.75,0.5,-210.191,-100.007,0,120.196,485.386,0,4.5e+12,3,0.2,1.06779e+18,planet1,1,1
423,0.3,0.75,0.5,-509.048,190.383,0,-792.017,135.327,0,4.5e+12,3,0.2,0,planet1,1,1
424,0.3,0.75,0.5,-115.184,85.0638,0,324.456,915.477,0,4.5e+12,3,0.2,3.45552e+17,planet1,1,1
425,0.3,0.75,0.5,-343.056,177.109,0,-308.277,429.13,0,4.5e+12,3,0.2,2.16596e+17,planet1,1,1
426,0.3,0.75,0.5,-303.783,80.4213,0,-53.8625,294.863,0,4.5e+12,3,0.2,0,planet1,1,1
427,0.3,0.75,0.5,-202.243,-59.4844,0,253.596,497.813,0,4.5e+12,3,0.2,3.93536e+17,planet1,1,1
429,0.3,0.75,0.5,-400.912,-114.882,0,115.143,-390.127,0,4.5e+12,3,0.2,0,planet1,1,1
430,0.3,0.75,0.5,-433.353,87.5343,0,-388.561,40.2682,0,4.5e+12,3,0.2,0,planet1,1,1
432,0.3,0.75,0.5,-251.337,-98.7847,0,451.759,-36.5389,0,4.5e+12,3,0.2,0,planet1,1,1
433,0.3,0.75,0.5,-281.162,115.875,0,-73.8568,428.805,0,4.5e+12,3,0.2,0,planet1,1,1
434,0.3,0.75,0.5,-143.052,105.806,0,303.179,718.367,0,4.5e+12,3,0.2,1.60028e+15,planet1,1,1
435,0.3,0.75,0.5,-455.918,-351.632,0,479.028,-1089.2,0,4.5e+12,3,0.2,0,planet1,1,1
436,0.3,0.75,0.5,-551.424,79.8548,0,-664.5,-226.063,0,4.5e+12,3,0.2,0,planet1,1,1
437,0.3,0.75,0.5,-202.562,-100.781,0,91.3274,489.466,0,4.5e+12,3,0.2,2.00024e+18,planet1,1,1
438,0.3,0.75,0.5,-568.391,219.761,0,-1000.09,82.5314,0,4.5e+12,3,0.2,0,planet1,1,1
439,0.3,0.75,0.5,-323.633,4.00698,0,57.6558,64.9581,0,4.5e+12,3,0.2,0,planet1,1,1
440,0.3,0.75,0.5,-111.131,89.5244,0,305.114,937.41,0,4.5e+12,3,0.2,1.62984e+17,planet1,1,1
442,0.3,0.75,0.5,-397.168,-239.055,0,386.987,-688.281,0,4.5e+12,3,0.2,0,planet1,1,1
443,0.3,0.75,0.5,-275.149,-184.899,0,574.003,-298.474,0,4.5e+12,3,0.2,0,planet1,1,1
444,0.3,0.75,0.5,-302.69,39.7946,0,9.36053,243.583,0,4.5e+12,3,0.2,6.11916e+16,planet1,1,1
445,0.3,0.75,0.5,-326.055,-375.63,0,849.008,-873.905,0,4.5e+12,3,0.2,0,planet1,1,1
446,0.3,0.75,0.5,-238.051,-241.827,0,-19.761,-31.0187,0,4.5e+12,3,0.2,2.58671e+18,planet1,1,1
447,0.3,0.75,0.5,-601.066,-140.363,0,-324.063,-873.838,0,4.5e+12,3,0.2,0,planet1,1,1
448,0.3,0.75,0.5,-399.202,-284.127,0,476.042,-804.376,0,4.5e+12,3,0.2,0,planet1,1,1
449,0.3,0.75,0.5,-596.689,-202.375,0,-182.379,-1017.14,0,4.5e+12,3,0.2,0,planet1,1,1
450,0.3,0.75,0.5,-653.405,70.9337,0,-897.355,-462.51,0,4.5e+12,3,0.2,0,planet1,1,1
452,0.3,0.75,0.5,-531.597,155.335,0,-773.707,1.53662,0,4.5e+12,3,0.2,0,planet1,1,1
453,0.3,0.75,0.5,-164.38,237.759,0,-38.2585,949.844,0,4.5e+12,3,0.2,1.63813e+15,planet1,1,1
454,0.3,0.75,0.5,-460.238,218.164,0,-730.265,306.782,0,4.5e+12,3,0.2,0,planet1,1,1
455,0.3,0.75,0.5,-432.004,147.243,0,-511.108,190,0,4.5e+12,3,0.2,0,planet1,1,1
457,0.3,0.75,0.5,-255.332,279.768,0,-325.126,784.606,0,4.5e+12,3,0.2,2.10919e+17,planet1,1,1
459,0.3,0.75,0.5,-185.491,313.482,0,-257.012,1048.43,0,4.5e+12,3,0.2,6.29578e+15,planet1,1,1
461,0.3,0.75,0.5,-220.84,-130.677,0,103.836,313.498,0,4.5e+12,3,0.2,2.04893e+18,planet1,1,1
462,0.3,0.75,0.5,-515.4,154.446,0,-731.608,34.1196,0,4.5e+12,3,0.2,0,planet1,1,1
463,0.3,0.75,0.5,-587.176,-207.917,0,-147.915,-1010.65,0,4.5e+12,3,0.2,0,planet1,1,1
465,0.3,0.75,0.5,-159.08,240.577,0,-40.5461,963.78,0,4.5e+12,3,0.2,1.49896e+15,planet1,1,1
466,0.3,0.75,0.5,-662.933,-185.95,0,-379.206,-1116.35,0,4.5e+12,3,0.2,0,planet1,1,1
467,0.3,0.75,0.5,-414.303,-82.7961,0,15.887,-338.564,0,4.5e+12,3,0.2,0,planet1,1,1
468,0.3,0.75,0.5,-167.537,49.4159,0,268.517,789.936,0,4.5e+12,3,0.2,2.35878e+17,planet1,1,1
469,0.3,0.75,0.5,-288.187,-180.271,0,531.793,-314.6,0,4.5e+12,3,0.2,0,planet1,1,1
471,0.3,0.75,0.5,-206.506,-16.4933,0,307.86,295.526,0,4.5e+12,3,0.2,1.1628e+16,planet1,1,1
472,0.3,0.75,0.5,-513.958,-228.911,0,77.7737,-908.409,0,4.5e+12,3,0.2,0,planet1,1,1
473,0.3,0.75,0.5,-492.738,-125.742,0,-87.3089,-610.152,0,4.5e+12,3,0.2,0,planet1,1,1
474,0.3,0.75,0.5,-203.394,-109.94,0,110.069,482.502,0,4.5e+12,3,0.2,3.23327e+18,planet1,1,1
475,0.3,0.75,0.5,-293.544,93.1899,0,-75.9207,398.167,0,4.5e+12,3,0.2,2.6846e+16,planet1,1,1
478,0.3,0.75,0.5,-74.862,154.767,0,299.539,1036.81,0,4.5e+12,3,0.2,1.83906e+17,planet1,1,1
479,0.3,0.75,0.5,-322.929,362.614,0,-580.412,863.644,0,4.5e+12,3,0.2,3.40958e+16,planet1,1,1
480,0.3,0.75,0.5,-228.665,-190.478,0,57.169,143.119,0,4.5e+12,3,0.2,1.67767e+18,planet1,1,1
481,0.3,0.75,0.5,-169.35,-19.8928,0,256.972,753.165,0,4.5e+12,3,0.2,7.35666e+17,planet1,1,1
483,0.3,0.75,0.5,-520.142,50.4372,0,-524.843,-233.229,0,4.5e+12,3,0.2,0,planet1,1,1
484,0.3,0.75,0.5,-223.566,-158.198,0,84.301,227.689,0,4.5e+12,3,0.2,1.65601e+18,planet1,1,1
489,0.3,0.75,0.5,-327.241,-303.108,0,694.314,-699.311,0,4.5e+12,3,0.2,0,planet1,1,1
491,0.3,0.75,0.5,-192.139,-45.81,0,255.551,521.989,0,4.5e+12,3,0.2,4.22948e+17,planet1,1,1
492,0.3,0.75,0.5,-280.812,-121.586,0,427.174,-154.739,0,4.5e+12,3,0.2,0,planet1,1,1
493,0.3,0.75,0.5,-325.875,-364.765,0,826.296,-847.475,0,4.5e+12,3,0.2,0,planet1,1,1
494,0.3,0.75,0.5,-229.319,-12.6088,0,301.991,245.643,0,4.5e+12,3,0.2,1.74774e+15,planet1,1,1
495,0.3,0.75,0.5,-620.727,107.272,0,-892.695,-304.246,0,4.5e+12,3,0.2,0,planet1,1,1
496,0.3,0.75,0.5,-582.844,66.7999,0,-714.326,-324.26,0,4.5e+12,3,0.2,0,planet1,1,1
498,0.3,0.75,0.5,-226.448,-151.712,0,12.4214,237.367,0,4.5e+12,3,0.2,1.452e+18,planet1,1,1
499,0.3,0.75,0.5,-508.367,-56.1148,0,-272.321,-470.958,0,4.5e+12,3,0.2,0,planet1,1,1
501,0.3,0.75,0.5,-133.385,97.3698,0,308.65,752.173,0,4.5e+12,3,0.2,1.38748e+16,planet1,1,1
502,0.3,0.75,0.5,-103.702,235.13,0,24.7494,1036.3,0,4.5e+12,3,0.2,1.75653e+17,planet1,1,1
503,0.3,0.75,0.5,-266.657,-332.208,0,904.835,-643.17,0,4.5e+12,3,0.2,0,planet1,1,1
505,0.3,0.75,0.5,-248.877,-227.261,0,31.7154,-162.071,0,4.5e+12,3,0.2,5.67869e+17,planet1,1,1
506,0.3,0.75,0.5,-244.363,-240.56,0,170.179,-196.182,0,4.5e+12,3,0.2,1.2616e+18,planet1,1,1
507,0.3,0.75,0.5,-138.571,64.9886,0,325.823,816.787,0,4.5e+12,3,0.2,7.61191e+17,planet1,1,1
509,0.3,0.75,0.5,-265.751,292.079,0,-313.663,808.115,0,4.5e+12,3,0.2,5.278e+16,planet1,1,1
511,0.3,0.75,0.5,-262.071,349.032,0,-421.003,914.792,0,4.5e+12,3,0.2,2.85148e+17,planet1,1,1
512,0.3,0.75,0.5,-253.645,140.559,0,-53.2247,559.784,0,4.5e+12,3,0.2,3.21301e+14,planet1,1,1
514,0.3,0.75,0.5,-446.492,351.435,0,-976.58,662.946,0,4.5e+12,3,0.2,0,planet1,1,1
516,0.3,0.75,0.5,-263.017,188.741,0,-164.378,623.868,0,4.5e+12,3,0.2,1.25329e+16,planet1,1,1
517,0.3,0.75,0.5,-227.304,99.5108,0,151.164,558.436,0,4.5e+12,3,0.2,2.338e+16,planet1,1,1
520,0.3,0.75,0.5,-244.986,-343.532,0,-140.076,-593.798,0,4.5e+12,3,0.2,2.99217e+18,planet1,1,1
521,0.3,0.75,0.5,-480.611,-287.039,0,281.298,-982.2,0,4.5e+12,3,0.2,0,planet1,1,1
522,0.3,0.75,0.5,-160.294,142.617,0,168.076,750.187,0,4.5e+12,3,0.2,0,planet1,1,1
523,0.3,0.75,0.5,-191.438,-51.77,0,231.272,517.443,0,4.5e+12,3,0.2,4.57319e+17,planet1,1,1
524,0.3,0.75,0.5,-493.18,-57.1208,0,-232.743,-441.802,0,4.5e+12,3,0.2,0,planet1,1,1
525,0.3,0.75,0.5,-458.663,234.981,0,-761.733,350.575,0,4.5e+12,3,0.2,0,planet1,1,1
526,0.3,0.75,0.5,-251.373,208.846,0,-178.424,675.547,0,4.5e+12,3,0.2,4.39566e+15,planet1,1,1
527,0.3,0.75,0.5,-229.791,-116.324,0,135.354,276.635,0,4.5e+12,3,0.2,1.99443e+17,planet1,1,1
528,0.3,0.75,0.5,-558.195,-189.183,0,-115.065,-903.219,0,4.5e+12,3,0.2,0,planet1,1,1
529,0.3,0.75,0.5,-210.02,-86.5206,0,147.094,497.072,0,4.5e+12,3,0.2,1.04134e+18,planet1,1,1
532,0.3,0.75,0.5,-233.572,-121.243,0,167.302,281.771,0,4.5e+12,3,0.2,2.01899e+17,planet1,1,1
533,0.3,0.75,0.5,-487.392,44.196,0,-430.913,-179.552,0,4.5e+12,3,0.2,0,planet1,1,1
534,0.3,0.75,0.5,-356.846,-141.459,0,281.037,-363.124,0,4.5e+12,3,0.2,0,planet1,1,1
535,0.3,0.75,0.5,-83.1523,221.482,0,120.899,1055.47,0,4.5e+12,3,0.2,-3.12005e+18,planet1,1,1
536,0.3,0.75,0.5,-553.622,181.784,0,-884.619,20.4003,0,4.5e+12,3,0.2,0,planet1,1,1
537,0.3,0.75,0.5,-282.72,-351.974,0,907.02,-726.234,0,4.5e+12,3,0.2,0,planet1,1,1
538,0.3,0.75,0.5,-318.175,-70.9867,0,228.284,-108.228,0,4.5e+12,3,0.2,0,planet1,1,1
539,0.3,0.75,0.5,-653.792,155.004,0,-1073.72,-255.813,0,4.5e+12,3,0.2,0,planet1,1,1
540,0.3,0.75,0.5,-531.134,-55.6398,0,-329.007,-517.998,0,4.5e+12,3,0.2,0,planet1,1,1
541,0.3,0.75,0.5,-87.1509,157.881,0,245.249,956.642,0,4.5e+12,3,0.2,2.37567e+16,planet1,1,1
542,0.3,0.75,0.5,-69.5349,192.655,0,210.064,1106.38,0,4.5e+12,3,0.2,1.15328e+17,planet1,1,1
543,0.3,0.75,0.5,-289.736,-327.825,0,838.66,-680.968,0,4.5e+12,3,0.2,0,planet1,1,1
544,0.3,0.75,0.5,-229.486,-157.217,0,73.7949,201.518,0,4.5e+12,3,0.2,1.21636e+18,planet1,1,1
545,0.3,0.75,0.5,-219.059,-53.7555,0,192.142,311.194,0,4.5e+12,3,0.2,8.36886e+16,planet1,1,1
546,0.3,0.75,0.5,-500.437,172.539,0,-733.258,108.843,0,4.5e+12,3,0.2,0,planet1,1,1
547,0.3,0.75,0.5,-472.538,239.977,0,-805.474,333.896,0,4.5e+12,3,0.2,0,planet1,1,1
548,0.3,0.75,0.5,-642.068,62.7535,0,-851.965,-459.293,0,4.5e+12,3,0.2,0,planet1,1,1
550,0.3,0.75,0.5,-614.055,179.652,0,-1028.26,-112.682,0,4.5e+12,3,0.2,0,planet1,1,1
551,0.3,0.75,0.5,-343.572,137.818,0,-287.875,339.086,0,4.5e+12,3,0.2,9.17378e+14,planet1,1,1
553,0.3,0.75,0.5,-395.97,379.986,0,-822.326,831.848,0,4.5e+12,3,0.2,5.76496e+16,planet1,1,1
554,0.3,0.75,0.5,-262.158,-219.221,0,678.103,-356.306,0,4.5e+12,3,0.2,0,planet1,1,1
555,0.3,0.75,0.5,-523.953,189.183,0,-826.381,100.369,0,4.5e+12,3,0.2,0,planet1,1,1
557,0.3,0.75,0.5,-253.518,250.385,0,-224.072,768.395,0,4.5e+12,3,0.2,2.83143e+16,planet1,1,1
558,0.3,0.75,0.5,-649.342,48.9944,0,-840.57,-508.901,0,4.5e+12,3,0.2,0,planet1,1,1
559,0.3,0.75,0.5,-432.808,17.2699,0,-239.94,-132.107,0,4.5e+12,3,0.2,0,planet1,1,1
561,0.3,0.75,0.5,-86.6103,124.664,0,245.484,995.331,0,4.5e+12,3,0.2,1.70158e+17,planet1,1,1
562,0.3,0.75,0.5,-389.698,-87.6711,0,87.2111,-300.065,0,4.5e+12,3,0.2,0,planet1,1,1
564,0.3,0.75,0.5,-556.501,-236.885,0,-10.6996,-1017.93,0,4.5e+12,3,0.2,0,planet1,1,1
565,0.3,0.75,0.5,-234.162,338.252,0,-311.548,1017.74,0,4.5e+12,3,0.2,8.01471e+16,planet1,1,1
567,0.3,0.75,0.5,-167.597,142.11,0,204.54,704.128,0,4.5e+12,3,0.2,5.55923e+16,planet1,1,1
568,0.3,0.75,0.5,-573.958,-100.297,0,-340.394,-717.943,0,4.5e+12,3,0.2,0,planet1,1,1
569,0.3,0.75,0.5,-165.18,32.479,0,248.225,884.729,0,4.5e+12,3,0.2,1.03483e+18,planet1,1,1
570,0.3,0.75,0.5,-256.317,-240.04,0,168.532,-317.242,0,4.5e+12,3,0.2,3.19631e+17,planet1,1,1
572,0.3,0.75,0.5,-80.2714,196.378,0,192.844,1107.29,0,4.5e+12,3,0.2,1.98733e+16,planet1,1,1
575,0.3,0.75,0.5,-458.755,-159.689,0,66.5567,-622.242,0,4.5e+12,3,0.2,0,planet1,1,1
576,0.3,0.75,0.5,-194.501,29.6199,0,235.526,576.361,0,4.5e+12,3,0.2,1.78298e+16,planet1,1,1
577,0.3,0.75,0.5,-394.762,32.6891,0,-178.63,-13.2171,0,4.5e+12,3,0.2,0,planet1,1,1
578,0.3,0.75,0.5,-547.232,51.4705,0,-594.908,-286.881,0,4.5e+12,3,0.2,0,planet1,1,1
580,0.3,0.75,0.5,-596.782,69.2395,0,-753.85,-347.636,0,4.5e+12,3,0.2,0,planet1,1,1
581,0.3,0.75,0.5,-465.621,317.548,0,-952.577,539.025,0,4.5e+12,3,0.2,0,planet1,1,1
582,0.3,0.75,0.5,-263.565,80.2923,0,48.9988,490.487,0,4.5e+12,3,0.2,8.71794e+16,planet1,1,1
583,0.3,0.75,0.5,-589.877,-29.9538,0,-528.849,-578.262,0,4.5e+12,3,0.2,0,planet1,1,1
584,0.3,0.75,0.5,-241.716,-90.6802,0,458.72,4.41112,0,4.5e+12,3,0.2,0,planet1,1,1
585,0.3,0.75,0.5,-579.227,296.352,0,-1187.94,247.092,0,4.5e+12,3,0.2,0,planet1,1,1
586,0.3,0.75,0.5,-637.986,94.8571,0,-909.151,-371.484,0,4.5e+12,3,0.2,0,planet1,1,1
587,0.3,0.75,0.5,-185.211,-50.6074,0,244.96,619.482,0,4.5e+12,3,0.2,8.5873e+17,planet1,1,1
588,0.3,0.75,0.5,-278.879,-219.762,0,636.816,-392.702,0,4.5e+12,3,0.2,0,planet1,1,1
589,0.3,0.75,0.5,-664.56,-65.1457,0,-639.117,-822.174,0,4.5e+12,3,0.2,0,planet1,1,1
590,0.3,0.75,0.5,-230.333,-286.085,0,42.7655,-290.836,0,4.5e+12,3,0.2,2.51863e+18,planet1,1,1
591,0.3,0.75,0.5,-334.589,51.7471,0,-70.2122,159.806,0,4.5e+12,3,0.2,0,planet1,1,1
592,0.3,0.75,0.5,-164.326,-14.3435,0,210.936,785.502,0,4.5e+12,3,0.2,4.05788e+18,planet1,1,1
595,0.3,0.75,0.5,-233.247,-226.193,0,-4.3155,-18.2278,0,4.5e+12,3,0.2,2.89163e+18,planet1,1,1
597,0.3,0.75,0.5,-64.1788,160.848,0,270.443,996.387,0,4.5e+12,3,0.2,4.23055e+17,planet1,1,1
598,0.3,0.75,0.5,-96.3966,110.881,0,313.082,944.263,0,4.5e+12,3,0.2,8.31551e+16,planet1,1,1
599,0.3,0.75,0.5,-637.19,201.731,0,-1130.85,-106.935,0,4.5e+12,3,0.2,0,planet1,1,1
600,0.3,0.75,0.5,-250.982,-343.828,0,-145.423,-607.685,0,4.5e+12,3,0.2,4.06046e+18,planet1,1,1
601,0.3,0.75,0.5,-675.287,-8.34246,0,-783.269,-704.85,0,4.5e+12,3,0.2,0,planet1,1,1
604,0.3,0.75,0.5,-224.637,-171.529,0,27.5788,193.282,0,4.5e+12,3,0.2,1.7913e+18,planet1,1,1
605,0.3,0.75,0.5,-588.607,193.516,0,-994.695,-24.0047,0,4.5e+12,3,0.2,0,planet1,1,1
609,0.3,0.75,0.5,-584.317,-126.597,0,-311.675,-804.62,0,4.5e+12,3,0.2,0,planet1,1,1
612,0.3,0.75,0.5,-457.765,101.645,0,-477.991,24.1885,0,4.5e+12,3,0.2,0,planet1,1,1
615,0.3,0.75,0.5,-243.126,-218.769,0,29.0979,-25.0532,0,4.5e+12,3,0.2,1.59076e+18,planet1,1,1
617,0.3,0.75,0.5,-227.33,305.345,0,-374.898,904.91,0,4.5e+12,3,0.2,1.171e+17,planet1,1,1
618,0.3,0.75,0.5,-370.441,-75.0562,0,106.632,-228.145,0,4.5e+12,3,0.2,0,planet1,1,1
619,0.3,0.75,0.5,-230.17,-268.437,0,168.129,-167.661,0,4.5e+12,3,0.2,1.64333e+18,planet1,1,1
620,0.3,0.75,0.5,-726.6,-6.80499,0,-913.1,-808.77,0,4.5e+12,3,0.2,0,planet1,1,1
622,0.3,0.75,0.5,-237.607,-216.407,0,46.9339,-54.473,0,4.5e+12,3,0.2,1.9394e+18,planet1,1,1
623,0.3,0.75,0.5,-571.391,-191.116,0,-143.366,-936.343,0,4.5e+12,3,0.2,0,planet1,1,1
627,0.3,0.75,0.5,-168.746,-26.0978,0,253.29,726.404,0,4.5e+12,3,0.2,1.56528e+18,planet1,1,1
629,0.3,0.75,0.5,-401.26,149.235,0,-439.16,259.825,0,4.5e+12,3,0.2,0,planet1,1,1
630,0.3,0.75,0.5,-636.37,-2.81513,0,-700.263,-608.107,0,4.5e+12,3,0.2,0,planet1,1,1
631,0.3,0.75,0.5,-253.291,104.319,0,44.233,451.221,0,4.5e+12,3,0.2,1.48201e+15,planet1,1,1
632,0.3,0.75,0.5,-563.124,24.0561,0,-575.105,-387.868,0,4.5e+12,3,0.2,0,planet1,1,1
634,0.3,0.75,0.5,-174.796,175.584,0,83.9654,811.432,0,4.5e+12,3,0.2,1.19104e+15,planet1,1,1
636,0.3,0.75,0.5,-84.0413,167.467,0,237.349,1008.25,0,4.5e+12,3,0.2,7.43844e+16,planet1,1,1
637,0.3,0.75,0.5,-80.6287,130.266,0,260.82,1001.51,0,4.5e+12,3,0.2,2.70782e+17,planet1,1,1
639,0.3,0.75,0.5,-183.392,12.6571,0,216.532,726.365,0,4.5e+12,3,0.2,1.87195e+17,planet1,1,1
640,0.3,0.75,0.5,-635.734,-156.736,0,-374.719,-986.294,0,4.5e+12,3,0.2,0,planet1,1,1
641,0.3,0.75,0.5,-578.898,-307.434,0,82.6533,-1238.41,0,4.5e+12,3,0.2,0,planet1,1,1
642,0.3,0.75,0.5,-545.281,25.4528,0,-535.076,-347.687,0,4.5e+12,3,0.2,0,planet1,1,1
643,0.3,0.75,0.5,-302.413,131.124,0,-176.508,447.028,0,4.5e+12,3,0.2,1.77123e+16,planet1,1,1
644,0.3,0.75,0.5,-179.865,-21.5541,0,240.203,698.024,0,4.5e+12,3,0.2,7.22786e+17,planet1,1,1
645,0.3,0.75,0.5,-515.038,-313.055,0,252.299,-1118.23,0,4.5e+12,3,0.2,0,planet1,1,1
647,0.3,0.75,0.5,-518.156,-217.892,0,44.0858,-891.506,0,4.5e+12,3,0.2,0,planet1,1,1
648,0.3,0.75,0.5,-153.423,188.795,0,88.3378,877.985,0,4.5e+12,3,0.2,0,planet1,1,1
651,0.3,0.75,0.5,-249.048,-200.884,0,225.187,-154.165,0,4.5e+12,3,0.2,4.50546e+17,planet1,1,1
652,0.3,0.75,0.5,-646.057,-107.217,0,-504.798,-886.172,0,4.5e+12,3,0.2,0,planet1,1,1
653,0.3,0.75,0.5,-663.202,100.78,0,-983.37,-410.076,0,4.5e+12,3,0.2,0,planet1,1,1
654,0.3,0.75,0.5,-688.017,93.962,0,-1030.34,-479.157,0,4.5e+12,3,0.2,0,planet1,1,1
655,0.3,0.75,0.5,-423.251,-305.312,0,461.785,-906.183,0,4.5e+12,3,0.2,0,planet1,1,1
656,0.3,0.75,0.5,-496.881,-106.418,0,-137.793,-570.803,0,4.5e+12,3,0.2,0,planet1,1,1
657,0.3,0.75,0.5,-87.8535,74.9513,0,230.09,804.278,0,4.5e+12,3,0.2,1.43133e+18,planet1,1,1
659,0.3,0.75,0.5,-529.427,-305.841,0,201.478,-1131.05,0,4.5e+12,3,0.2,0,planet1,1,1
660,0.3,0.75,0.5,-559.187,227.229,0,-992.765,120.367,0,4.5e+12,3,0.2,0,planet1,1,1
662,0.3,0.75,0.5,-245.808,-291.436,0,-20.7252,-384.03,0,4.5e+12,3,0.2,1.97382e+18,planet1,1,1
664,0.3,0.75,0.5,-374.671,125.343,0,-324.21,257.155,0,4.5e+12,3,0.2,0,planet1,1,1
666,0.3,0.75,0.5,-242.059,-306.501,0,37.9419,-433.658,0,4.5e+12,3,0.2,1.30032e+18,planet1,1,1
667,0.3,0.75,0.5,-236.349,-286.021,0,42.6166,-251.094,0,4.5e+12,3,0.2,2.0623e+18,planet1,1,1
668,0.3,0.75,0.5,-337.978,70.1163,0,-117.037,198.184,0,4.5e+12,3,0.2,0,planet1,1,1
669,0.3,0.75,0.5,-532.669,183.104,0,-834.409,67.2237,0,4.5e+12,3,0.2,0,planet1,1,1
670,0.3,0.75,0.5,-78.6662,144.668,0,287.99,1008.95,0,4.5e+12,3,0.2,3.86274e+17,planet1,1,1
672,0.3,0.75,0.5,-509.317,278.755,0,-978.374,352.357,0,4.5e+12,3,0.2,0,planet1,1,1
674,0.3,0.75,0.5,-120.726,82.6733,0,320.453,914.581,0,4.5e+12,3,0.2,4.7072e+16,planet1,1,1
675,0.3,0.75,0.5,-177.429,2.57681,0,203.12,725.454,0,4.5e+12,3,0.2,5.06109e+17,planet1,1,1
681,0.3,0.75,0.5,-198.509,-68.1578,0,180.756,506.202,0,4.5e+12,3,0.2,8.22201e+17,planet1,1,1
682,0.3,0.75,0.5,-521.82,258.754,0,-966.581,276.84,0,4.5e+12,3,0.2,0,planet1,1,1
683,0.3,0.75,0.5,-131.196,87.8829,0,250.781,777.669,0,4.5e+12,3,0.2,1.95718e+17,planet1,1,1
684,0.3,0.75,0.5,-257.212,-363.867,0,-288.922,-898.708,0,4.5e+12,3,0.2,1.13002e+18,planet1,1,1
685,0.3,0.75,0.5,-328.017,-241.475,0,562.028,-548.525,0,4.5e+12,3,0.2,0,planet1,1,1
686,0.3,0.75,0.5,-318.301,48.1375,0,-21.9053,184.749,0,4.5e+12,3,0.2,0,planet1,1,1
688,0.3,0.75,0.5,-559.243,39.8234,0,-599.964,-341.04,0,4.5e+12,3,0.2,0,planet1,1,1
689,0.3,0.75,0.5,-111.979,74.4465,0,304.621,884.891,0,4.5e+12,3,0.2,2.98545e+17,planet1,1,1
690,0.3,0.75,0.5,-220.841,287.689,0,-297.194,923.376,0,4.5e+12,3,0.2,3.00756e+16,planet1,1,1
692,0.3,0.75,0.5,-248.734,36.3461,0,193.541,423.79,0,4.5e+12,3,0.2,6.59516e+17,planet1,1,1
694,0.3,0.75,0.5,-146.437,245.564,0,-59.2133,1012.75,0,4.5e+12,3,0.2,6.99477e+15,planet1,1,1
695,0.3,0.75,0.5,-138.266,44.2971,0,326.568,849.09,0,4.5e+12,3,0.2,1.25937e+18,planet1,1,1
696,0.3,0.75,0.5,-623.446,-30.7054,0,-609.302,-650.626,0,4.5e+12,3,0.2,0,planet1,1,1
697,0.3,0.75,0.5,-205.037,-89.8633,0,145.112,494.084,0,4.5e+12,3,0.2,1.21315e+18,planet1,1,1
698,0.3,0.75,0.5,-478.739,344.893,0,-1042.51,579.513,0,4.5e+12,3,0.2,0,planet1,1,1
699,0.3,0.75,0.5,-443.946,-279.914,0,357.2,-887.069,0,4.5e+12,3,0.2,0,planet1,1,1
700,0.3,0.75,0.5,-538.387,108.365,0,-692.013,-128.002,0,4.5e+12,3,0.2,0,planet1,1,1
702,0.3,0.75,0.5,-478.538,-36.6284,0,-239.765,-360.521,0,4.5e+12,3,0.2,0,planet1,1,1
703,0.3,0.75,0.5,-535.051,269.838,0,-1023.2,276.579,0,4.5e+12,3,0.2,0,planet1,1,1
704,0.3,0.75,0.5,-317.216,27.0302,0,12.6122,130.016,0,4.5e+12,3,0.2,3.31703e+14,planet1,1,1
705,0.3,0.75,0.5,-520.507,-243.423,0,91.5536,-958.387,0,4.5e+12,3,0.2,0,planet1,1,1
707,0.3,0.75,0.5,-84.7525,100.325,0,269.98,904.957,0,4.5e+12,3,0.2,6.52418e+17,planet1,1,1
708,0.3,0.75,0.5,-564.203,60.8302,0,-656.282,-300.544,0,4.5e+12,3,0.2,0,planet1,1,1
711,0.3,0.75,0.5,-499.854,-195.035,0,41.5597,-795.369,0,4.5e+12,3,0.2,0,planet1,1,1
712,0.3,0.75,0.5,-304.465,-171.098,0,472.237,-325.6,0,4.5e+12,3,0.2,0,planet1,1,1
713,0.3,0.75,0.5,-223.439,-164.213,0,70.2136,216.224,0,4.5e+12,3,0.2,1.83087e+18,planet1,1,1
714,0.3,0.75,0.5,-489.671,-99.9594,0,-134.835,-540.168,0,4.5e+12,3,0.2,0,planet1,1,1
715,0.3,0.75,0.5,-343.842,108.217,0,-211.274,278.866,0,4.5e+12,3,0.2,0,planet1,1,1
717,0.3,0.75,0.5,-193.765,-82.9499,0,172.104,500.835,0,4.5e+12,3,0.2,2.36394e+18,planet1,1,1
718,0.3,0.75,0.5,-203.976,-26.797,0,287.167,351.748,0,4.5e+12,3,0.2,4.22294e+16,planet1,1,1
719,0.3,0.75,0.5,-661.41,-103.178,0,-551.117,-908.615,0,4.5e+12,3,0.2,0,planet1,1,1
720,0.3,0.75,0.5,-337.81,-286.518,0,633.009,-680.734,0,4.5e+12,3,0.2,0,planet1,1,1
721,0.3,0.75,0.5,-280.136,243.406,0,-198.427,722.225,0,4.5e+12,3,0.2,3.9423e+16,planet1,1,1
725,0.3,0.75,0.5,-234.542,-236.959,0,-28.4911,-34.7301,0,4.5e+12,3,0.2,3.0382e+18,planet1,1,1
726,0.3,0.75,0.5,-89.0042,148.316,0,269.864,995.018,0,4.5e+12,3,0.2,9.89785e+15,planet1,1,1
727,0.3,0.75,0.5,-230.535,-203.223,0,-12.97,40.6369,0,4.5e+12,3,0.2,2.99935e+18,planet1,1,1
729,0.3,0.75,0.5,-232.364,246.717,0,-176.687,827.678,0,4.5e+12,3,0.2,1.57504e+17,planet1,1,1
730,0.3,0.75,0.5,-150.235,67.6258,0,321.909,856.808,0,4.5e+12,3,0.2,-9.79763e+17,planet1,1,1
732,0.3,0.75,0.5,-341.221,351.472,0,-649.524,811.483,0,4.5e+12,3,0.2,2.6233e+17,planet1,1,1
733,0.3,0.75,0.5,-204.409,-77.395,0,166.801,495.563,0,4.5e+12,3,0.2,9.938e+17,planet1,1,1
734,0.3,0.75,0.5,-100.123,115.597,0,301.624,936.081,0,4.5e+12,3,0.2,4.65071e+16,planet1,1,1
737,0.3,0.75,0.5,-484.912,57.657,0,-454.156,-141.043,0,4.5e+12,3,0.2,0,planet1,1,1
738,0.3,0.75,0.5,-90.694,108.79,0,311.413,930.229,0,4.5e+12,3,0.2,1.75129e+17,planet1,1,1
739,0.3,0.75,0.5,-116.412,78.4907,0,335.557,919.44,0,4.5e+12,3,0.2,2.29686e+17,planet1,1,1
740,0.3,0.75,0.5,-501.351,327.863,0,-1062.18,490.105,0,4.5e+12,3,0.2,0,planet1,1,1
741,0.3,0.75,0.5,-484.025,215.381,0,-782.397,248.634,0,4.5e+12,3,0.2,0,planet1,1,1
742,0.3,0.75,0.5,-698.473,126.428,0,-1124.58,-421.406,0,4.5e+12,3,0.2,0,planet1,1,1
744,0.3,0.75,0.5,-482.722,-308.963,0,321.699,-1040.25,0,4.5e+12,3,0.2,0,planet1,1,1
745,0.3,0.75,0.5,-260.109,-147.689,0,532.982,-175.668,0,4.5e+12,3,0.2,0,planet1,1,1
746,0.3,0.75,0.5,-263.119,280.678,0,-353.787,750.438,0,4.5e+12,3,0.2,5.26217e+17,planet1,1,1
747,0.3,0.75,0.5,-582.063,-156.071,0,-244.024,-872.892,0,4.5e+12,3,0.2,0,planet1,1,1
748,0.3,0.75,0.5,-316.104,-301.646,0,718.422,-671.634,0,4.5e+12,3,0.2,0,planet1,1,1
749,0.3,0.75,0.5,-475.116,-194.77,0,100.893,-743.303,0,4.5e+12,3,0.2,0,planet1,1,1
751,0.3,0.75,0.5,-297.224,-102.939,0,347.17,-143.161,0,4.5e+12,3,0.2,0,planet1,1,1
752,0.3,0.75,0.5,-48.3574,198.725,0,277.509,899.815,0,4.5e+12,3,0.2,1.71377e+17,planet1,1,1
755,0.3,0.75,0.5,-378.149,264.424,0,-610.731,625.888,0,4.5e+12,3,0.2,5.89564e+15,planet1,1,1
757,0.3,0.75,0.5,-242.139,-257.762,0,204.791,-198.444,0,4.5e+12,3,0.2,1.70118e+18,planet1,1,1
758,0.3,0.75,0.5,-338.931,-87.2586,0,211.514,-192.43,0,4.5e+12,3,0.2,0,planet1,1,1
760,0.3,0.75,0.5,-202.334,-53.4752,0,233.271,492.279,0,4.5e+12,3,0.2,7.67397e+16,planet1,1,1
761,0.3,0.75,0.5,-527.096,-11.9605,0,-412.113,-401.593,0,4.5e+12,3,0.2,0,planet1,1,1
762,0.3,0.75,0.5,-234.609,-160.341,0,100.709,159.657,0,4.5e+12,3,0.2,8.01531e+17,planet1,1,1
763,0.3,0.75,0.5,-68.1574,143.815,0,273.444,981.232,0,4.5e+12,3,0.2,2.28109e+17,planet1,1,1
767,0.3,0.75,0.5,-227.449,-255.812,0,-35.8703,-82.6087,0,4.5e+12,3,0.2,4.58928e+18,planet1,1,1
770,0.3,0.75,0.5,-141.216,240.299,0,-60.7992,974.958,0,4.5e+12,3,0.2,2.53427e+16,planet1,1,1
771,0.3,0.75,0.5,-276.709,-21.5696,0,227.388,100.235,0,4.5e+12,3,0.2,0,planet1,1,1
772,0.3,0.75,0.5,-402.157,-260.43,0,419.697,-751.408,0,4.5e+12,3,0.2,0,planet1,1,1
773,0.3,0.75,0.5,-630.388,117.817,0,-939.409,-299.412,0,4.5e+12,3,0.2,0,planet1,1,1
774,0.3,0.75,0.5,-170.304,-13.8098,0,209.918,779.614,0,4.5e+12,3,0.2,3.93934e+17,planet1,1,1
775,0.3,0.75,0.5,-515.752,-267.249,0,153.325,-1006.9,0,4.5e+12,3,0.2,0,planet1,1,1
778,0.3,0.75,0.5,-584.572,105.161,0,-798.961,-233.784,0,4.5e+12,3,0.2,0,planet1,1,1
780,0.3,0.75,0.5,-462.322,-223.404,0,193.028,-785.93,0,4.5e+12,3,0.2,0,planet1,1,1
784,0.3,0.75,0.5,-385.307,-143.384,0,214.464,-427.338,0,4.5e+12,3,0.2,0,planet1,1,1
785,0.3,0.75,0.5,-592.976,-270.261,0,-31.3698,-1176.71,0,4.5e+12,3,0.2,0,planet1,1,1
786,0.3,0.75,0.5,-116.247,197.527,0,100.653,996.887,0,4.5e+12,3,0.2,5.71283e+16,planet1,1,1
787,0.3,0.75,0.5,-372.25,-285.015,0,544.385,-749.165,0,4.5e+12,3,0.2,0,planet1,1,1
788,0.3,0.75,0.5,-528.056,-171.694,0,-78.2417,-797.627,0,4.5e+12,3,0.2,0,planet1,1,1
789,0.3,0.75,0.5,-253.267,-223.168,0,94.5213,-109.071,0,4.5e+12,3,0.2,6.40472e+17,planet1,1,1
790,0.3,0.75,0.5,-272.38,-129.004,0,463.494,-155.359,0,4.5e+12,3,0.2,0,planet1,1,1
791,0.3,0.75,0.5,-527.801,93.5567,0,-634.879,-143.351,0,4.5e+12,3,0.2,0,planet1,1,1
793,0.3,0.75,0.5,-215.997,-148.366,0,71.741,300.163,0,4.5e+12,3,0.2,2.61651e+18,planet1,1,1
799,0.3,0.75,0.5,-479.546,-95.8959,0,-118.266,-508.634,0,4.5e+12,3,0.2,0,planet1,1,1
800,0.3,0.75,0.5,-245.473,193.699,0,-101.56,675.091,0,4.5e+12,3,0.2,1.18724e+17,planet1,1,1
802,0.3,0.75,0.5,-258.084,274.404,0,-334.165,811.678,0,4.5e+12,3,0.2,5.61137e+16,planet1,1,1
804,0.3,0.75,0.5,-236.199,-169.458,0,22.3678,89.3429,0,4.5e+12,3,0.2,1.63462e+18,planet1,1,1
805,0.3,0.75,0.5,-489.009,154.929,0,-667.839,90.2698,0,4.5e+12,3,0.2,0,planet1,1,1
806,0.3,0.75,0.5,-298.819,44.5696,0,33.0659,231.519,0,4.5e+12,3,0.2,4.34881e+15,planet1,1,1
807,0.3,0.75,0.5,-225.456,106.054,0,104.326,587.538,0,4.5e+12,3,0.2,1.11097e+17,planet1,1,1
808,0.3,0.75,0.5,-368.029,245.048,0,-455.972,682.511,0,4.5e+12,3,0.2,8.36602e+16,planet1,1,1
810,0.3,0.75,0.5,-233.142,-146.004,0,99.3111,224.887,0,4.5e+12,3,0.2,1.17374e+18,planet1,1,1
812,0.3,0.75,0.5,-167.301,251.935,0,-95.9557,956.737,0,4.5e+12,3,0.2,1.39449e+17,planet1,1,1
813,0.3,0.75,0.5,-603.838,24.3741,0,-675.919,-472.766,0,4.5e+12,3,0.2,0,planet1,1,1
814,0.3,0.75,0.5,-706.415,-108.493,0,-649.983,-1016.38,0,4.5e+12,3,0.2,0,planet1,1,1
815,0.3,0.75,0.5,-247.574,165.783,0,-55.4567,595.073,0,4.5e+12,3,0.2,3.67655e+15,planet1,1,1
816,0.3,0.75,0.5,-323.519,75.3761,0,-92.459,241.15,0,4.5e+12,3,0.2,0,planet1,1,1
817,0.3,0.75,0.5,-187.454,297.207,0,-194.235,1033.94,0,4.5e+12,3,0.2,4.78149e+16,planet1,1,1
818,0.3,0.75,0.5,-425.064,-358.889,0,569.884,-1041.91,0,4.5e+12,3,0.2,0,planet1,1,1
819,0.3,0.75,0.5,-201.248,-13.4783,0,246.921,434.207,0,4.5e+12,3,0.2,4.91351e+16,planet1,1,1
821,0.3,0.75,0.5,-135.515,119.691,0,303.697,773.924,0,4.5e+12,3,0.2,9.33734e+15,planet1,1,1
822,0.3,0.75,0.5,-583.382,156.607,0,-904.168,-103.941,0,4.5e+12,3,0.2,0,planet1,1,1
824,0.3,0.75,0.5,-140.301,49.9416,0,336.563,852.757,0,4.5e+12,3,0.2,5.40503e+17,planet1,1,1
825,0.3,0.75,0.5,-100.978,52.5009,0,353.368,885.402,0,4.5e+12,3,0.2,9.34523e+17,planet1,1,1
826,0.3,0.75,0.5,-472.732,213.413,0,-750.308,267.956,0,4.5e+12,3,0.2,0,planet1,1,1
827,0.3,0.75,0.5,-510.014,-129.453,0,-122.524,-654.97,0,4.5e+12,3,0.2,0,planet1,1,1
828,0.3,0.75,0.5,-226.274,165.94,0,34.316,634.38,0,4.5e+12,3,0.2,1.68255e+17,planet1,1,1
829,0.3,0.75,0.5,-602.945,77.0449,0,-785.446,-342.112,0,4.5e+12,3,0.2,0,planet1,1,1
831,0.3,0.75,0.5,-297.89,-291.124,0,740.946,-608.012,0,4.5e+12,3,0.2,0,planet1,1,1
832,0.3,0.75,0.5,-142.136,210.429,0,-1.45827,946.938,0,4.5e+12,3,0.2,1.16544e+17,planet1,1,1
833,0.3,0.75,0.5,-416.49,2.91352,0,-170.436,-132.013,0,4.5e+12,3,0.2,0,planet1,1,1
834,0.3,0.75,0.5,-264.257,-199.778,0,632.668,-312.941,0,4.5e+12,3,0.2,0,planet1,1,1
835,0.3,0.75,0.5,-641.985,-25.7033,0,-664.995,-676.411,0,4.5e+12,3,0.2,0,planet1,1,1
836,0.3,0.75,0.5,-668.13,-20.9614,0,-739.259,-719.719,0,4.5e+12,3,0.2,0,planet1,1,1
837,0.3,0.75,0.5,-637.273,-251.884,0,-177.535,-1224.47,0,4.5e+12,3,0.2,0,planet1,1,1
838,0.3,0.75,0.5,-306.371,244.844,0,-235.65,690.785,0,4.5e+12,3,0.2,1.40015e+17,planet1,1,1
839,0.3,0.75,0.5,-236.578,-304.058,0,28.9099,-412.271,0,4.5e+12,3,0.2,1.73012e+18,planet1,1,1
840,0.3,0.75,0.5,-618.646,-5.20823,0,-651.311,-576.807,0,4.5e+12,3,0.2,0,planet1,1,1
842,0.3,0.75,0.5,-295.838,-191.361,0,535.734,-357.638,0,4.5e+12,3,0.2,0,planet1,1,1
843,0.3,0.75,0.5,-261.604,217.948,0,-222.277,647.508,0,4.5e+12,3,0.2,3.31635e+16,planet1,1,1
845,0.3,0.75,0.5,-538.39,306.465,0,-1108.1,358.391,0,4.5e+12,3,0.2,0,planet1,1,1
847,0.3,0.75,0.5,-303.525,-240.974,0,621.834,-497.166,0,4.5e+12,3,0.2,0,planet1,1,1
848,0.3,0.75,0.5,-371.719,-173.591,0,311.644,-473.43,0,4.5e+12,3,0.2,0,planet1,1,1
850,0.3,0.75,0.5,-653.227,-182.302,0,-364.201,-1086.21,0,4.5e+12,3,0.2,0,planet1,1,1
851,0.3,0.75,0.5,-443.043,223.009,0,-696.598,354.406,0,4.5e+12,3,0.2,0,planet1,1,1
852,0.3,0.75,0.5,-651.9,103.645,0,-962.01,-378.555,0,4.5e+12,3,0.2,0,planet1,1,1
853,0.3,0.75,0.5,-442.283,201.315,0,-649.944,302.566,0,4.5e+12,3,0.2,0,planet1,1,1
855,0.3,0.75,0.5,-620.149,-269.43,0,-98.6984,-1232.19,0,4.5e+12,3,0.2,0,planet1,1,1
856,0.3,0.75,0.5,-202.536,294.631,0,-243.544,947.416,0,4.5e+12,3,0.2,1.14895e+17,planet1,1,1
858,0.3,0.75,0.5,-417.426,164.292,0,-510.293,263.19,0,4.5e+12,3,0.2,0,planet1,1,1
859,0.3,0.75,0.5,-345.876,-353.402,0,752.784,-862.24,0,4.5e+12,3,0.2,0,planet1,1,1
860,0.3,0.75,0.5,-627.727,-134.309,0,-403.288,-914.347,0,4.5e+12,3,0.2,0,planet1,1,1
863,0.3,0.75,0.5,-428.04,-223.908,0,279.241,-715.531,0,4.5e+12,3,0.2,0,planet1,1,1
864,0.3,0.75,0.5,-216.662,190.876,0,-47.0099,749.343,0,4.5e+12,3,0.2,3.00971e+15,planet1,1,1
865,0.3,0.75,0.5,-467.323,-188.261,0,106.588,-710.277,0,4.5e+12,3,0.2,0,planet1,1,1
866,0.3,0.75,0.5,-102.457,81.1826,0,284.455,911.862,0,4.5e+12,3,0.2,3.8839e+17,planet1,1,1
867,0.3,0.75,0.5,-255.497,-278.607,0,284.303,-526.835,0,4.5e+12,3,0.2,3.81524e+17,planet1,1,1
869,0.3,0.75,0.5,-168.264,279.682,0,-154.302,1003.85,0,4.5e+12,3,0.2,4.35998e+16,planet1,1,1
872,0.3,0.75,0.5,-246.146,-47.6544,0,357.615,99.7231,0,4.5e+12,3,0.2,0,planet1,1,1
873,0.3,0.75,0.5,-314.006,-169.634,0,446.116,-342.607,0,4.5e+12,3,0.2,0,planet1,1,1
874,0.3,0.75,0.5,-244.331,-269.475,0,116.934,-256.254,0,4.5e+12,3,0.2,1.31455e+18,planet1,1,1
876,0.3,0.75,0.5,-345.695,-334.283,0,713.364,-813.978,0,4.5e+12,3,0.2,0,planet1,1,1
878,0.3,0.75,0.5,-457.602,-196.577,0,147.803,-710.42,0,4.5e+12,3,0.2,0,planet1,1,1
879,0.3,0.75,0.5,-232.91,300.11,0,-377.795,884.206,0,4.5e+12,3,0.2,1.5359e+17,planet1,1,1
881,0.3,0.75,0.5,-199.496,79.1996,0,215.12,577.987,0,4.5e+12,3,0.2,2.69612e+17,planet1,1,1
882,0.3,0.75,0.5,-126.78,57.7657,0,336.39,810.018,0,4.5e+12,3,0.2,6.16087e+17,planet1,1,1
883,0.3,0.75,0.5,-625.953,-147.938,0,-370.121,-943.677,0,4.5e+12,3,0.2,0,planet1,1,1
884,0.3,0.75,0.5,-718.242,12.3115,0,-932.425,-744.373,0,4.5e+12,3,0.2,0,planet1,1,1
887,0.3,0.75,0.5,-252.703,43.4116,0,187.627,391.773,0,4.5e+12,3,0.2,8.87188e+16,planet1,1,1
888,0.3,0.75,0.5,-146.622,30.3377,0,228.196,880.965,0,4.5e+12,3,0.2,1.36959e+18,planet1,1,1
890,0.3,0.75,0.5,-281.34,213.22,0,-239.121,639.813,0,4.5e+12,3,0.2,9.3125e+16,planet1,1,1
892,0.3,0.75,0.5,-93.2421,219.353,0,86.1556,1091.98,0,4.5e+12,3,0.2,1.07512e+17,planet1,1,1
895,0.3,0.75,0.5,-215.494,145.857,0,54.8212,738.644,0,4.5e+12,3,0.2,2.43163e+16,planet1,1,1
896,0.3,0.75,0.5,-181.839,221.369,0,-40.7167,870.533,0,4.5e+12,3,0.2,2.06478e+16,planet1,1,1
897,0.3,0.75,0.5,-135.575,179.939,0,169.031,920.737,0,4.5e+12,3,0.2,2.39212e+15,planet1,1,1
900,0.3,0.75,0.5,-607.057,-181.147,0,-253.292,-987.358,0,4.5e+12,3,0.2,0,planet1,1,1
901,0.3,0.75,0.5,-468.739,-7.97117,0,-276.388,-269.14,0,4.5e+12,3,0.2,0,planet1,1,1
902,0.3,0.75,0.5,-491.201,-79.5954,0,-181.182,-493.105,0,4.5e+12,3,0.2,0,planet1,1,1
903,0.3,0.75,0.5,-444.735,275.865,0,-812.657,480.821,0,4.5e+12,3,0.2,0,planet1,1,1
904,0.3,0.75,0.5,-126.275,128.161,0,277.124,816.102,0,4.5e+12,3,0.2,1.53191e+16,planet1,1,1
906,0.3,0.75,0.5,-307.463,124.343,0,-155.72,395.306,0,4.5e+12,3,0.2,0,planet1,1,1
908,0.3,0.75,0.5,-278.46,14.088,0,113.456,188.335,0,4.5e+12,3,0.2,1.22569e+16,planet1,1,1
911,0.3,0.75,0.5,-507.136,48.638,0,-488.706,-209.523,0,4.5e+12,3,0.2,0,planet1,1,1
913,0.3,0.75,0.5,-370.17,-341.965,0,669.777,-885.356,0,4.5e+12,3,0.2,0,planet1,1,1
915,0.3,0.75,0.5,-342.877,5.40064,0,7.17008,28.7435,0,4.5e+12,3,0.2,0,planet1,1,1
916,0.3,0.75,0.5,-341.218,-151.802,0,341.178,-356.34,0,4.5e+12,3,0.2,0,planet1,1,1
918,0.3,0.75,0.5,-295.928,-35.9977,0,209.735,24.4144,0,4.5e+12,3,0.2,0,planet1,1,1
919,0.3,0.75,0.5,-512.069,-250.169,0,126.227,-956.639,0,4.5e+12,3,0.2,0,planet1,1,1
920,0.3,0.75,0.5,-269.46,347.601,0,-387.976,956.297,0,4.5e+12,3,0.2,6.56521e+17,planet1,1,1
922,0.3,0.75,0.5,-574.981,52.7685,0,-665.604,-342.662,0,4.5e+12,3,0.2,0,planet1,1,1
923,0.3,0.75,0.5,-73.0463,168.638,0,214.875,1050.61,0,4.5e+12,3,0.2,1.26648e+17,planet1,1,1
926,0.3,0.75,0.5,-342.845,43.6545,0,-72.6255,122.385,0,4.5e+12,3,0.2,0,planet1,1,1
927,0.3,0.75,0.5,-462.316,208.93,0,-715,280.027,0,4.5e+12,3,0.2,0,planet1,1,1
928,0.3,0.75,0.5,-707.392,-74.5449,0,-724.342,-935.247,0,4.5e+12,3,0.2,0,planet1,1,1
932,0.3,0.75,0.5,-180.801,-2.40654,0,220.769,706.535,0,4.5e+12,3,0.2,1.17145e+18,planet1,1,1
933,0.3,0.75,0.5,-431.992,-88.7848,0,-15.2063,-391.198,0,4.5e+12,3,0.2,0,planet1,1,1
934,0.3,0.75,0.5,-126.937,34.8914,0,284.218,846.004,0,4.5e+12,3,0.2,2.11834e+18,planet1,1,1
935,0.3,0.75,0.5,-486.247,302.137,0,-970.652,457.445,0,4.5e+12,3,0.2,0,planet1,1,1
936,0.3,0.75,0.5,-176.333,-10.611,0,247.797,758.176,0,4.5e+12,3,0.2,8.15667e+17,planet1,1,1
939,0.3,0.75,0.5,-470.168,-289.518,0,312.574,-965.571,0,4.5e+12,3,0.2,0,planet1,1,1
940,0.3,0.75,0.5,-449.945,288.378,0,-852.923,500.825,0,4.5e+12,3,0.2,0,planet1,1,1
942,0.3,0.75,0.5,-309.351,-378.952,0,897.188,-847.356,0,4.5e+12,3,0.2,0,planet1,1,1
945,0.3,0.75,0.5,-489.229,-206.265,0,90.339,-800.983,0,4.5e+12,3,0.2,0,planet1,1,1
946,0.3,0.75,0.5,-512.065,129.187,0,-671.085,-22.1562,0,4.5e+12,3,0.2,0,planet1,1,1
948,0.3,0.75,0.5,-441.382,-373.688,0,561.959,-1112.43,0,4.5e+12,3,0.2,0,planet1,1,1
949,0.3,0.75,0.5,-222.811,-100.059,0,96.062,423.068,0,4.5e+12,3,0.2,9.71055e+17,planet1,1,1
950,0.3,0.75,0.5,-329.286,-324.543,0,733.392,-755.674,0,4.5e+12,3,0.2,0,planet1,1,1
951,0.3,0.75,0.5,-423,-109.407,0,50.1806,-422.923,0,4.5e+12,3,0.2,0,planet1,1,1
952,0.3,0.75,0.5,-234.377,211.465,0,-84.1708,782.547,0,4.5e+12,3,0.2,2.30514e+16,planet1,1,1
953,0.3,0.75,0.5,-607.234,267.548,0,-1196.26,117.974,0,4.5e+12,3,0.2,0,planet1,1,1
954,0.3,0.75,0.5,-150.633,49.6843,0,288.454,861.37,0,4.5e+12,3,0.2,1.14313e+18,planet1,1,1
955,0.3,0.75,0.5,-434.475,-137.755,0,81.5839,-517.541,0,4.5e+12,3,0.2,0,planet1,1,1
956,0.3,0.75,0.5,-403.339,14.5824,0,-161.194,-75.5976,0,4.5e+12,3,0.2,0,planet1,1,1
957,0.3,0.75,0.5,-250.74,-350.034,0,-183.907,-642.05,0,4.5e+12,3,0.2,7.28416e+18,planet1,1,1
958,0.3,0.75,0.5,-164.825,153.661,0,166.936,752.523,0,4.5e+12,3,0.2,1.22323e+16,planet1,1,1
961,0.3,0.75,0.5,-95.2978,88.4546,0,281.026,913.757,0,4.5e+12,3,0.2,1.10002e+18,planet1,1,1
962,0.3,0.75,0.5,-688.414,176.189,0,-1203.96,-277.427,0,4.5e+12,3,0.2,0,planet1,1,1
963,0.3,0.75,0.5,-267.022,172.505,0,-111.903,592.251,0,4.5e+12,3,0.2,1.63224e+16,planet1,1,1
965,0.3,0.75,0.5,-173.861,50.4562,0,233.397,728.623,0,4.5e+12,3,0.2,2.45206e+17,planet1,1,1
966,0.3,0.75,0.5,-251.795,-34.8082,0,316.112,120.128,0,4.5e+12,3,0.2,0,planet1,1,1
969,0.3,0.75,0.5,-442.191,-309.078,0,422.392,-955.935,0,4.5e+12,3,0.2,0,planet1,1,1
972,0.3,0.75,0.5,-237.204,-175.384,0,-2.62335,93.4319,0,4.5e+12,3,0.2,1.01711e+18,planet1,1,1
974,0.3,0.75,0.5,-669.001,4.57976,0,-795.587,-659.459,0,4.5e+12,3,0.2,0,planet1,1,1
977,0.3,0.75,0.5,-193.594,331.39,0,-173.08,938.061,0,4.5e+12,3,0.2,-9.45912e+17,planet1,1,1
978,0.3,0.75,0.5,-680.814,123.222,0,-1074.59,-392.613,0,4.5e+12,3,0.2,0,planet1,1,1
979,0.3,0.75,0.5,-356.591,-259.102,0,528.619,-652.82,0,4.5e+12,3,0.2,0,planet1,1,1
980,0.3,0.75,0.5,-473.782,250.571,0,-831.185,356.966,0,4.5e+12,3,0.2,0,planet1,1,1
981,0.3,0.75,0.5,-519.559,-18.1074,0,-380.675,-400.131,0,4.5e+12,3,0.2,0,planet1,1,1
983,0.3,0.75,0.5,-514.74,-278.495,0,179.812,-1032.29,0,4.5e+12,3,0.2,0,planet1,1,1
984,0.3,0.75,0.5,-543.201,-141.351,0,-179.749,-754.508,0,4.5e+12,3,0.2,0,planet1,1,1
985,0.3,0.75,0.5,-724.375,90.6499,0,-1112.24,-564.174,0,4.5e+12,3,0.2,0,planet1,1,1
987,0.3,0.75,0.5,-540.345,-238.701,0,32.9996,-989.323,0,4.5e+12,3,0.2,0,planet1,1,1
988,0.3,0.75,0.5,-193.116,-76.9847,0,165.662,492.022,0,4.5e+12,3,0.2,1.88152e+18,planet1,1,1
989,0.3,0.75,0.5,-453.277,-97.43,0,-50.391,-456.915,0,4.5e+12,3,0.2,0,planet1,1,1
992,0.3,0.75,0.5,-470.213,-58.2065,0,-173.998,-395.859,0,4.5e+12,3,0.2,0,planet1,1,1
993,0.3,0.75,0.5,-579.719,213.421,0,-1015.32,42.9112,0,4.5e+12,3,0.2,0,planet1,1,1
995,0.3,0.75,0.5,-71.7468,176.096,0,236.355,1080.85,0,4.5e+12,3,0.2,8.86416e+16,planet1,1,1
996,0.3,0.75,0.5,-99.325,143.171,0,253.098,903.645,0,4.5e+12,3,0.2,5.84322e+15,planet1,1,1
999,0.3,0.75,0.5,-234.94,-247.635,0,-93.0489,-31.9268,0,4.5e+12,3,0.2,3.53501e+18,planet1,1,1
1001,0.3,0.75,0.5,-198.279,235.555,0,-81.9451,868.365,0,4.5e+12,3,0.2,2.03022e+16,planet1,1,1
1004,0.3,0.75,0.5,-682.769,-184.984,0,-429.608,-1155.13,0,4.5e+12,3,0.2,0,planet1,1,1
1005,0.3,0.75,0.5,-643.716,86.009,0,-904.27,-404.821,0,4.5e+12,3,0.2,0,planet1,1,1
1006,0.3,0.75,0.5,-231.988,-280.29,0,205.396,-218.171,0,4.5e+12,3,0.2,1.38273e+18,planet1,1,1
1007,0.3,0.75,0.5,-252.178,-109.894,0,474.032,-65.2826,0,4.5e+12,3,0.2,0,planet1,1,1
1009,0.3,0.75,0.5,-467.227,128.005,0,-557.481,69.3198,0,4.5e+12,3,0.2,0,planet1,1,1
1010,0.3,0.75,0.5,-464.911,225.9,0,-757.453,314.51,0,4.5e+12,3,0.2,0,planet1,1,1
1014,0.3,0.75,0.5,-567.642,-12.9551,0,-508.872,-489.124,0,4.5e+12,3,0.2,0,planet1,1,1
1016,0.3,0.75,0.5,-325.621,-81.1598,0,231.38,-148.933,0,4.5e+12,3,0.2,0,planet1,1,1
1018,0.3,0.75,0.5,-359.902,319.542,0,-623.912,751.005,0,4.5e+12,3,0.2,1.0637e+16,planet1,1,1
1024,0.3,0.75,0.5,-715.511,-112.236,0,-663.033,-1044.88,0,4.5e+12,3,0.2,0,planet1,1,1
1025,0.3,0.75,0.5,-406.871,-147.136,0,168.802,-481.523,0,4.5e+12,3,0.2,0,planet1,1,1
1026,0.3,0.75,0.5,-421.263,58.5155,0,-298.324,-4.99897,0,4.5e+12,3,0.2,0,planet1,1,1
1028,0.3,0.75,0.5,-413.4,-327.914,0,533.071,-940.714,0,4.5e+12,3,0.2,0,planet1,1,1
1032,0.3,0.75,0.5,-247.485,-8.8073,0,271.845,192.97,0,4.5e+12,3,0.2,0,planet1,1,1
1034,0.3,0.75,0.5,-217.872,294.313,0,-316.396,935.457,0,4.5e+12,3,0.2,3.61083e+17,planet1,1,1
1035,0.3,0.75,0.5,-660.69,-195.965,0,-352.663,-1135.76,0,4.5e+12,3,0.2,0,planet1,1,1
1039,0.3,0.75,0.5,-555.296,-180.438,0,-127.703,-876.246,0,4.5e+12,3,0.2,0,planet1,1,1
1040,0.3,0.75,0.5,-271.428,-156.854,0,524.304,-222.151,0,4.5e+12,3,0.2,0,planet1,1,1
1042,0.3,0.75,0.5,-238.889,-252.451,0,-58.5275,-203.346,0,4.5e+12,3,0.2,2.08605e+18,planet1,1,1
1044,0.3,0.75,0.5,-221.574,-124.719,0,133.118,319.701,0,4.5e+12,3,0.2,1.75832e+18,planet1,1,1
1045,0.3,0.75,0.5,-112.35,49.2901,0,343.261,851.267,0,4.5e+12,3,0.2,1.5584e+18,planet1,1,1
1047,0.3,0.75,0.5,-272.055,-352.63,0,934.609,-704.282,0,4.5e+12,3,0.2,0,planet1,1,1
1050,0.3,0.75,0.5,-482.444,201.066,0,-748.656,217.581,0,4.5e+12,3,0.2,0,planet1,1,1
1051,0.3,0.75,0.5,-260.528,96.8329,0,21.5804,524.177,0,4.5e+12,3,0.2,1.09733e+17,planet1,1,1
1052,0.3,0.75,0.5,-104.226,172.813,0,197.583,970.912,0,4.5e+12,3,0.2,7.53679e+15,planet1,1,1
1055,0.3,0.75,0.5,-338.982,-104.759,0,248.706,-235.693,0,4.5e+12,3,0.2,0,planet1,1,1
1056,0.3,0.75,0.5,-525.565,-42.6123,0,-343.364,-473.936,0,4.5e+12,3,0.2,0,planet1,1,1
1058,0.3,0.75,0.5,-653.167,-161.881,0,-407.699,-1036.9,0,4.5e+12,3,0.2,0,planet1,1,1
1059,0.3,0.75,0.5,-343.992,253.05,0,-479.754,594.704,0,4.5e+12,3,0.2,1.73867e+16,planet1,1,1
1062,0.3,0.75,0.5,-65.5275,197.445,0,225.045,1104.92,0,4.5e+12,3,0.2,4.1208e+17,planet1,1,1
1063,0.3,0.75,0.5,-668.508,-153.035,0,-463.497,-1046.86,0,4.5e+12,3,0.2,0,planet1,1,1
1066,0.3,0.75,0.5,-608.835,-44.6056,0,-543.906,-653.879,0,4.5e+12,3,0.2,0,planet1,1,1
1068,0.3,0.75,0.5,-512.283,221.17,0,-864.895,204.43,0,4.5e+12,3,0.2,0,planet1,1,1
1076,0.3,0.75,0.5,-472.913,277.545,0,-886,426.214,0,4.5e+12,3,0.2,0,planet1,1,1
1080,0.3,0.75,0.5,-199.6,165.622,0,82.9532,756.033,0,4.5e+12,3,0.2,2.8164e+16,planet1,1,1
1081,0.3,0.75,0.5,-166.659,168.882,0,97.2302,801.138,0,4.5e+12,3,0.2,0,planet1,1,1
1084,0.3,0.75,0.5,-585.596,120.579,0,-833.614,-197.81,0,4.5e+12,3,0.2,0,planet1,1,1
1085,0.3,0.75,0.5,-506.356,-103.885,0,-166.641,-585.41,0,4.5e+12,3,0.2,0,planet1,1,1
1087,0.3,0.75,0.5,-390.531,43.863,0,-191.903,22.7923,0,4.5e+12,3,0.2,0,planet1,1,1
1089,0.3,0.75,0.5,-703.372,148.289,0,-1182.05,-377.803,0,4.5e+12,3,0.2,0,planet1,1,1
1090,0.3,0.75,0.5,-246.347,-332.096,0,44.6528,-533.032,0,4.5e+12,3,0.2,2.45535e+18,planet1,1,1
1091,0.3,0.75,0.5,-252.611,240.57,0,-183.485,731.038,0,4.5e+12,3,0.2,2.09429e+16,planet1,1,1
1093,0.3,0.75,0.5,-506.649,93.6376,0,-582.367,-98.7877,0,4.5e+12,3,0.2,0,planet1,1,1
1094,0.3,0.75,0.5,-238.307,-269.516,0,86.2245,-168.009,0,4.5e+12,3,0.2,2.27642e+18,planet1,1,1
1096,0.3,0.75,0.5,-266.527,-108.327,0,435.365,-91.7926,0,4.5e+12,3,0.2,0,planet1,1,1
1098,0.3,0.75,0.5,-253.067,-210.866,0,111.08,-285.018,0,4.5e+12,3,0.2,3.17478e+17,planet1,1,1
1099,0.3,0.75,0.5,-510.795,-118.336,0,-147.633,-629.828,0,4.5e+12,3,0.2,0,planet1,1,1
1100,0.3,0.75,0.5,-655.112,-213.23,0,-303.416,-1165.84,0,4.5e+12,3,0.2,0,planet1,1,1
1102,0.3,0.75,0.5,-301.433,117.077,0,-144.964,399.244,0,4.5e+12,3,0.2,3.38513e+15,planet1,1,1
1103,0.3,0.75,0.5,-480.346,112.857,0,-558.854,3.813,0,4.5e+12,3,0.2,0,planet1,1,1
1106,0.3,0.75,0.5,-577.653,-173.174,0,-197.37,-905.534,0,4.5e+12,3,0.2,0,planet1,1,1
1110,0.3,0.75,0.5,-433.966,-105.324,0,14.8051,-436.618,0,4.5e+12,3,0.2,0,planet1,1,1
1111,0.3,0.75,0.5,-152.938,251.183,0,-26.1238,945.754,0,4.5e+12,3,0.2,9.62534e+16,planet1,1,1
1112,0.3,0.75,0.5,-513.769,267.4,0,-965.088,314.729,0,4.5e+12,3,0.2,0,planet1,1,1
1115,0.3,0.75,0.5,-143.902,124.124,0,247.326,763.243,0,4.5e+12,3,0.2,1.71289e+15,planet1,1,1
1116,0.3,0.75,0.5,-458.285,-36.5785,0,-189.693,-317.947,0,4.5e+12,3,0.2,0,planet1,1,1
1117,0.3,0.75,0.5,-194.878,44.8521,0,262.779,530.822,0,4.5e+12,3,0.2,4.40674e+16,planet1,1,1
1119,0.3,0.75,0.5,-230.586,-304.367,0,29.1952,-414.957,0,4.5e+12,3,0.2,2.33725e+18,planet1,1,1
1123,0.3,0.75,0.5,-157.975,24.9585,0,214.995,869.852,0,4.5e+12,3,0.2,1.15095e+18,planet1,1,1
1124,0.3,0.75,0.5,-138.555,272.098,0,2.50133,1068.68,0,4.5e+12,3,0.2,3.68884e+16,planet1,1,1
1126,0.3,0.75,0.5,-657.845,-30.6552,0,-694.163,-722.356,0,4.5e+12,3,0.2,0,planet1,1,1
1128,0.3,0.75,0.5,-266.213,-30.1272,0,271.038,101.271,0,4.5e+12,3,0.2,0,planet1,1,1
1129,0.3,0.75,0.5,-122.978,217.047,0,59.9146,1033.38,0,4.5e+12,3,0.2,1.2002e+17,planet1,1,1
1130,0.3,0.75,0.5,-327.567,-229.129,0,536.855,-517.243,0,4.5e+12,3,0.2,0,planet1,1,1
1131,0.3,0.75,0.5,-205.001,-121.476,0,105.631,416.612,0,4.5e+12,3,0.2,4.45679e+18,planet1,1,1
1132,0.3,0.75,0.5,-617.256,254.873,0,-1194.56,66.0275,0,4.5e+12,3,0.2,0,planet1,1,1
1133,0.3,0.75,0.5,-349.619,-29.0064,0,62.8725,-71.0885,0,4.5e+12,3,0.2,0,planet1,1,1
1134,0.3,0.75,0.5,-77.9766,114.039,0,339.243,940.009,0,4.5e+12,3,0.2,3.67182e+17,planet1,1,1
1136,0.3,0.75,0.5,-557.469,292.365,0,-1126.02,284.04,0,4.5e+12,3,0.2,0,planet1,1,1
1138,0.3,0.75,0.5,-199.668,-92.5408,0,152.025,507.886,0,4.5e+12,3,0.2,2.59795e+18,planet1,1,1
1139,0.3,0.75,0.5,-371.724,-224.659,0,418.938,-599.549,0,4.5e+12,3,0.2,0,planet1,1,1
1140,0.3,0.75,0.5,-267.939,331.122,0,-327.458,971.215,0,4.5e+12,3,0.2,2.67562e+17,planet1,1,1
1143,0.3,0.75,0.5,-463.117,138.736,0,-570.598,104.125,0,4.5e+12,3,0.2,0,planet1,1,1
1144,0.3,0.75,0.5,-528.81,62.4201,0,-571.511,-222.351,0,4.5e+12,3,0.2,0,planet1,1,1
1145,0.3,0.75,0.5,-240.802,110.176,0,47.3393,548.903,0,4.5e+12,3,0.2,5.71462e+15,planet1,1,1
1149,0.3,0.75,0.5,-598.196,-70.2129,0,-463.693,-695.054,0,4.5e+12,3,0.2,0,planet1,1,1
1151,0.3,0.75,0.5,-169.728,23.5924,0,281.193,777.03,0,4.5e+12,3,0.2,9.89048e+17,planet1,1,1
1152,0.3,0.75,0.5,-248.603,218.935,0,-206.889,752.695,0,4.5e+12,3,0.2,4.70865e+13,planet1,1,1
1154,0.3,0.75,0.5,-255.653,414.48,0,-440.773,1202.42,0,4.5e+12,3,0.2,1.18911e+17,planet1,1,1
1157,0.3,0.75,0.5,-109.111,158.29,0,180.453,915.677,0,4.5e+12,3,0.2,1.56238e+16,planet1,1,1
1158,0.3,0.75,0.5,-601.46,91.8237,0,-813.151,-302.05,0,4.5e+12,3,0.2,0,planet1,1,1
1159,0.3,0.75,0.5,-210.472,-37.1498,0,424.227,199.924,0,4.5e+12,3,0.2,0,planet1,1,1
1161,0.3,0.75,0.5,-503.561,159.507,0,-713.325,70.9342,0,4.5e+12,3,0.2,0,planet1,1,1
1162,0.3,0.75,0.5,-689.69,-113.13,0,-598.942,-992.146,0,4.5e+12,3,0.2,0,planet1,1,1
1163,0.3,0.75,0.5,-374.058,-22.8082,0,-10.6307,-106.274,0,4.5e+12,3,0.2,0,planet1,1,1
1164,0.3,0.75,0.5,-126.865,83.3079,0,271.796,770.829,0,4.5e+12,3,0.2,4.61462e+16,planet1,1,1
1165,0.3,0.75,0.5,-102.507,72.094,0,288.116,890.209,0,4.5e+12,3,0.2,1.23995e+18,planet1,1,1
1167,0.3,0.75,0.5,-578.264,40.5402,0,-647.378,-378.977,0,4.5e+12,3,0.2,0,planet1,1,1
1172,0.3,0.75,0.5,-309.152,91.6984,0,-90.9246,311.058,0,4.5e+12,3,0.2,0,planet1,1,1
1174,0.3,0.75,0.5,-409.948,-302.706,0,488.414,-872.124,0,4.5e+12,3,0.2,0,planet1,1,1
1175,0.3,0.75,0.5,-215.372,-128.207,0,74.6024,379.519,0,4.5e+12,3,0.2,1.4165e+18,planet1,1,1
1176,0.3,0.75,0.5,-324.08,303.708,0,-542.199,766.316,0,4.5e+12,3,0.2,2.40438e+16,planet1,1,1
1181,0.3,0.75,0.5,-704.009,13.7536,0,-901.544,-710.477,0,4.5e+12,3,0.2,0,planet1,1,1
1182,0.3,0.75,0.5,-185.715,186.336,0,30.4613,788.449,0,4.5e+12,3,0.2,1.1863e+15,planet1,1,1
1183,0.3,0.75,0.5,-101.148,87.0871,0,280.917,911.374,0,4.5e+12,3,0.2,6.21625e+17,planet1,1,1
1185,0.3,0.75,0.5,-191.172,-9.95544,0,172.101,580.51,0,4.5e+12,3,0.2,3.63666e+17,planet1,1,1
1187,0.3,0.75,0.5,-282.748,-60.3546,0,293.884,-7.73761,0,4.5e+12,3,0.2,0,planet1,1,1
1188,0.3,0.75,0.5,-469.232,-215.434,0,158.523,-781.416,0,4.5e+12,3,0.2,0,planet1,1,1
1195,0.3,0.75,0.5,-240.785,-299.779,0,27.2011,-409.46,0,4.5e+12,3,0.2,1.5997e+18,planet1,1,1
1196,0.3,0.75,0.5,-684.046,156.341,0,-1151.88,-316.571,0,4.5e+12,3,0.2,0,planet1,1,1
1197,0.3,0.75,0.5,-243.422,-224.761,0,-20.601,-25.0608,0,4.5e+12,3,0.2,1.99296e+18,planet1,1,1
1200,0.3,0.75,0.5,-546.726,-124.388,0,-223.445,-720.161,0,4.5e+12,3,0.2,0,planet1,1,1
1201,0.3,0.75,0.5,-214.625,139.637,0,65.2881,707.158,0,4.5e+12,3,0.2,1.32719e+17,planet1,1,1
1203,0.3,0.75,0.5,-607.828,155.553,0,-962.533,-158.062,0,4.5e+12,3,0.2,0,planet1,1,1
1205,0.3,0.75,0.5,-286.527,18.9902,0,97.2081,200.836,0,4.5e+12,3,0.2,2.97483e+15,planet1,1,1
1208,0.3,0.75,0.5,-222.807,43.7649,0,270.042,413.665,0,4.5e+12,3,0.2,2.55717e+17,planet1,1,1
1210,0.3,0.75,0.5,-245.625,-189.201,0,185.548,-41.441,0,4.5e+12,3,0.2,8.48725e+17,planet1,1,1
1219,0.3,0.75,0.5,-531.703,-328.775,0,243.939,-1191.92,0,4.5e+12,3,0.2,0,planet1,1,1
1220,0.3,0.75,0.5,-327.366,322.018,0,-568.988,762.709,0,4.5e+12,3,0.2,6.16317e+16,planet1,1,1
1221,0.3,0.75,0.5,-190.656,-57.7222,0,201.75,515.476,0,4.5e+12,3,0.2,8.06947e+17,planet1,1,1
1222,0.3,0.75,0.5,-309.857,57.7779,0,-52.0144,269.618,0,4.5e+12,3,0.2,6.51733e+15,planet1,1,1
1223,0.3,0.75,0.5,-263.197,36.6473,0,114.11,385.773,0,4.5e+12,3,0.2,4.88168e+17,planet1,1,1
1224,0.3,0.75,0.5,-363.379,-332.037,0,665.513,-847.354,0,4.5e+12,3,0.2,0,planet1,1,1
1225,0.3,0.75,0.5,-575.653,-281.535,0,36.0251,-1167.95,0,4.5e+12,3,0.2,0,planet1,1,1
1227,0.3,0.75,0.5,-398.392,182.842,0,-487.783,398.12,0,4.5e+12,3,0.2,5.0726e+15,planet1,1,1
1229,0.3,0.75,0.5,-591.453,263.447,0,-1148.65,141.986,0,4.5e+12,3,0.2,0,planet1,1,1
1234,0.3,0.75,0.5,-222.385,278.83,0,-262.353,870.321,0,4.5e+12,3,0.2,2.04933e+17,planet1,1,1
1236,0.3,0.75,0.5,-436.271,53.1337,0,-323.691,-50.7899,0,4.5e+12,3,0.2,0,planet1,1,1
1238,0.3,0.75,0.5,-571.583,154.509,0,-871.001,-84.6323,0,4.5e+12,3,0.2,0,planet1,1,1
1239,0.3,0.75,0.5,-258.9,300.402,0,-271.506,782.979,0,4.5e+12,3,0.2,2.16836e+17,planet1,1,1
1240,0.3,0.75,0.5,-526.083,-27.0181,0,-376.687,-436.313,0,4.5e+12,3,0.2,0,planet1,1,1
1244,0.3,0.75,0.5,-721.593,65.0065,0,-1051.68,-621.646,0,4.5e+12,3,0.2,0,planet1,1,1
1245,0.3,0.75,0.5,-474.222,-170.335,0,51.8832,-682.034,0,4.5e+12,3,0.2,0,planet1,1,1
1246,0.3,0.75,0.5,-122.712,122.937,0,292.014,822.96,0,4.5e+12,3,0.2,1.3903e+17,planet1,1,1
1250,0.3,0.75,0.5,-608.155,-226.435,0,-160.514,-1100.78,0,4.5e+12,3,0.2,0,planet1,1,1
1251,0.3,0.75,0.5,-480.737,-119.01,0,-72.1593,-567.119,0,4.5e+12,3,0.2,0,planet1,1,1
1253,0.3,0.75,0.5,-256.403,68.0862,0,52.2447,432.202,0,4.5e+12,3,0.2,3.75646e+17,planet1,1,1
1254,0.3,0.75,0.5,-130.19,259.357,0,-110.046,1087.03,0,4.5e+12,3,0.2,1.90254e+17,planet1,1,1
1260,0.3,0.75,0.5,-357.97,211.451,0,-363.091,530.534,0,4.5e+12,3,0.2,4.05626e+17,planet1,1,1
1262,0.3,0.75,0.5,-439.223,67.715,0,-362.466,-20.9631,0,4.5e+12,3,0.2,0,planet1,1,1
1263,0.3,0.75,0.5,-657.45,-122.613,0,-500.105,-947.685,0,4.5e+12,3,0.2,0,planet1,1,1
1264,0.3,0.75,0.5,-136.594,204.438,0,40.9379,947.241,0,4.5e+12,3,0.2,2.32332e+16,planet1,1,1
1266,0.3,0.75,0.5,-95.3238,104.88,0,299.649,942.983,0,4.5e+12,3,0.2,1.90462e+17,planet1,1,1
1268,0.3,0.75,0.5,-221.006,149.173,0,49.3763,654.02,0,4.5e+12,3,0.2,5.1897e+16,planet1,1,1
1270,0.3,0.75,0.5,-554.743,270.826,0,-1072.89,237.166,0,4.5e+12,3,0.2,0,planet1,1,1
1273,0.3,0.75,0.5,-471.255,307.803,0,-945.301,503.089,0,4.5e+12,3,0.2,0,planet1,1,1
1274,0.3,0.75,0.5,-169.293,61.3979,0,260.406,800.389,0,4.5e+12,3,0.2,3.70728e+16,planet1,1,1
1275,0.3,0.75,0.5,-259.438,209.644,0,-208.852,706.419,0,4.5e+12,3,0.2,1.39916e+14,planet1,1,1
1276,0.3,0.75,0.5,-251.37,55.5516,0,124.724,435.228,0,4.5e+12,3,0.2,6.72414e+16,planet1,1,1
1277,0.3,0.75,0.5,-79.7194,158.462,0,285.482,1023.2,0,4.5e+12,3,0.2,2.09993e+16,planet1,1,1
1278,0.3,0.75,0.5,-556.081,140.185,0,-802.368,-87.1049,0,4.5e+12,3,0.2,0,planet1,1,1
1279,0.3,0.75,0.5,-237.897,-222.401,0,-32.3694,-52.2412,0,4.5e+12,3,0.2,3.29332e+18,planet1,1,1
1282,0.3,0.75,0.5,-102.052,104.324,0,281.299,935.041,0,4.5e+12,3,0.2,2.89684e+17,planet1,1,1
1285,0.3,0.75,0.5,-237.368,-310.261,0,80.1723,-372.55,0,4.5e+12,3,0.2,2.5483e+18,planet1,1,1
1286,0.3,0.75,0.5,-196.348,-55.7637,0,204.688,537.958,0,4.5e+12,3,0.2,5.77287e+17,planet1,1,1
1287,0.3,0.75,0.5,-335.651,84.958,0,-142.23,239.121,0,4.5e+12,3,0.2,0,planet1,1,1
1288,0.3,0.75,0.5,-443.211,311.185,0,-883.373,570.723,0,4.5e+12,3,0.2,0,planet1,1,1
1289,0.3,0.75,0.5,-654.143,164.468,0,-1095.73,-233.997,0,4.5e+12,3,0.2,0,planet1,1,1
1294,0.3,0.75,0.5,-659.27,85.7162,0,-942.525,-438.819,0,4.5e+12,3,0.2,0,planet1,1,1
1295,0.3,0.75,0.5,-208.487,195.34,0,-58.8385,798.864,0,4.5e+12,3,0.2,8.16188e+14,planet1,1,1
1296,0.3,0.75,0.5,-180.325,-45.7555,0,243.237,626.771,0,4.5e+12,3,0.2,1.11184e+18,planet1,1,1
1297,0.3,0.75,0.5,-666.136,-115.521,0,-536.14,-949.078,0,4.5e+12,3,0.2,0,planet1,1,1
1298,0.3,0.75,0.5,-94.9829,130.507,0,239.761,988.228,0,4.5e+12,3,0.2,2.83011e+16,planet1,1,1
1299,0.3,0.75,0.5,-316.227,108.319,0,-143.489,337.85,0,4.5e+12,3,0.2,0,planet1,1,1
1301,0.3,0.75,0.5,-183.13,28.701,0,254.815,668.865,0,4.5e+12,3,0.2,1.00673e+18,planet1,1,1
1302,0.3,0.75,0.5,-424.097,-296.074,0,439.622,-885.904,0,4.5e+12,3,0.2,0,planet1,1,1
1306,0.3,0.75,0.5,-283.973,-93.7933,0,360.822,-93.0802,0,4.5e+12,3,0.2,0,planet1,1,1
1309,0.3,0.75,0.5,-631.65,236.354,0,-1191.71,-9.76196,0,4.5e+12,3,0.2,0,planet1,1,1
1311,0.3,0.75,0.5,-384.608,265.502,0,-623.482,599.588,0,4.5e+12,3,0.2,3.59918e+16,planet1,1,1
1312,0.3,0.75,0.5,-169.625,43.4961,0,161.712,857.422,0,4.5e+12,3,0.2,7.32059e+17,planet1,1,1
1314,0.3,0.75,0.5,-710.149,59.9777,0,-1012.54,-608.818,0,4.5e+12,3,0.2,0,planet1,1,1
1317,0.3,0.75,0.5,-250.226,385.822,0,-420.007,1104.5,0,4.5e+12,3,0.2,3.06575e+17,planet1,1,1
1319,0.3,0.75,0.5,-417.239,-125.489,0,98.1498,-451.133,0,4.5e+12,3,0.2,0,planet1,1,1
1320,0.3,0.75,0.5,-287.036,-369.342,0,655.732,-772.803,0,4.5e+12,3,0.2,1.2361e+17,planet1,1,1
1321,0.3,0.75,0.5,-206.842,-104.986,0,105.369,475.075,0,4.5e+12,3,0.2,2.07755e+18,planet1,1,1
1322,0.3,0.75,0.5,-384.977,-190.271,0,313.688,-542.643,0,4.5e+12,3,0.2,0,planet1,1,1
1323,0.3,0.75,0.5,-495.667,-240.725,0,147.098,-899.434,0,4.5e+12,3,0.2,0,planet1,1,1
1324,0.3,0.75,0.5,-483.099,-230.947,0,157.882,-849.065,0,4.5e+12,3,0.2,0,planet1,1,1
1325,0.3,0.75,0.5,-622.283,27.7685,0,-729.41,-502.286,0,4.5e+12,3,0.2,0,planet1,1,1
1327,0.3,0.75,0.5,-461.004,360.938,0,-1032.42,655.067,0,4.5e+12,3,0.2,0,planet1,1,1
1328,0.3,0.75,0.5,-212.524,310.89,0,-333.057,947.097,0,4.5e+12,3,0.2,6.41726e+17,planet1,1,1
1329,0.3,0.75,0.5,-393.066,361.102,0,-738.761,827.481,0,4.5e+12,3,0.2,2.5985e+17,planet1,1,1
1331,0.3,0.75,0.5,-596.491,-242.697,0,-97.1664,-1115.51,0,4.5e+12,3,0.2,0,planet1,1,1
1334,0.3,0.75,0.5,-599.371,-190.061,0,-215.189,-992.34,0,4.5e+12,3,0.2,0,planet1,1,1
1335,0.3,0.75,0.5,-364.061,-369.89,0,743.547,-940.163,0,4.5e+12,3,0.2,0,planet1,1,1
1338,0.3,0.75,0.5,-296.298,245.619,0,-211.86,737.005,0,4.5e+12,3,0.2,5.7058e+17,planet1,1,1
1343,0.3,0.75,0.5,-607.834,128.374,0,-905.325,-225.884,0,4.5e+12,3,0.2,0,planet1,1,1
1345,0.3,0.75,0.5,-256.807,343.074,0,-384.472,942.87,0,4.5e+12,3,0.2,8.20787e+16,planet1,1,1
1346,0.3,0.75,0.5,-423.04,10.4265,0,-201.77,-128.305,0,4.5e+12,3,0.2,0,planet1,1,1
1347,0.3,0.75,0.5,-370.927,-205.499,0,380.878,-551.42,0,4.5e+12,3,0.2,0,planet1,1,1
1348,0.3,0.75,0.5,-317.355,-159.636,0,416.239,-325.762,0,4.5e+12,3,0.2,0,planet1,1,1
1349,0.3,0.75,0.5,-426.128,-260.029,0,359.138,-800.63,0,4.5e+12,3,0.2,0,planet1,1,1
1353,0.3,0.75,0.5,-61.9617,173.72,0,229.787,1023.52,0,4.5e+12,3,0.2,4.39612e+17,planet1,1,1
1356,0.3,0.75,0.5,-238.257,-153.46,0,34.6802,74.9453,0,4.5e+12,3,0.2,5.23485e+17,planet1,1,1
1357,0.3,0.75,0.5,-331.901,-203.162,0,471.725,-462.448,0,4.5e+12,3,0.2,0,planet1,1,1
1358,0.3,0.75,0.5,-150.68,61.6354,0,272.116,857.937,0,4.5e+12,3,0.2,3.32617e+17,planet1,1,1
1359,0.3,0.75,0.5,-144.734,64.8548,0,325.816,829.411,0,4.5e+12,3,0.2,2.43411e+17,planet1,1,1
1361,0.3,0.75,0.5,-358.094,-131.679,0,257.049,-342.314,0,4.5e+12,3,0.2,0,planet1,1,1
1362,0.3,0.75,0.5,-502.897,261.799,0,-926.426,324.644,0,4.5e+12,3,0.2,0,planet1,1,1
1363,0.3,0.75,0.5,-517.12,84.8984,0,-589.96,-142.019,0,4.5e+12,3,0.2,0,planet1,1,1
1364,0.3,0.75,0.5,-309.496,-40.1841,0,185.119,-14.5762,0,4.5e+12,3,0.2,0,planet1,1,1
1366,0.3,0.75,0.5,-560.166,-323.088,0,162.064,-1237.77,0,4.5e+12,3,0.2,0,planet1,1,1
1367,0.3,0.75,0.5,-155.441,-2.81592,0,200.981,839.528,0,4.5e+12,3,0.2,2.74601e+18,planet1,1,1
1369,0.3,0.75,0.5,-197.098,-9.01561,0,164.598,536.421,0,4.5e+12,3,0.2,7.85372e+16,planet1,1,1
1370,0.3,0.75,0.5,-511.658,-188.155,0,-2.4619,-803.596,0,4.5e+12,3,0.2,0,planet1,1,1
1371,0.3,0.75,0.5,-170.451,156.064,0,218.227,739.107,0,4.5e+12,3,0.2,1.8151e+16,planet1,1,1
1373,0.3,0.75,0.5,-368.625,-13.8202,0,-16.8977,-73.0619,0,4.5e+12,3,0.2,0,planet1,1,1
1374,0.3,0.75,0.5,-632.064,223.616,0,-1164.8,-41.3513,0,4.5e+12,3,0.2,0,planet1,1,1
1376,0.3,0.75,0.5,-692.632,-158.284,0,-511.032,-1110.72,0,4.5e+12,3,0.2,0,planet1,1,1
1378,0.3,0.75,0.5,-95.2859,225.482,0,126.79,1101.47,0,4.5e+12,3,0.2,2.19601e+17,planet1,1,1
1379,0.3,0.75,0.5,-143.675,204.012,0,29.5357,933.373,0,4.5e+12,3,0.2,4.19477e+16,planet1,1,1
1381,0.3,0.75,0.5,-337.575,358.309,0,-600.716,823.062,0,4.5e+12,3,0.2,5.6502e+17,planet1,1,1
1382,0.3,0.75,0.5,-398.378,255.395,0,-630.764,559.45,0,4.5e+12,3,0.2,4.88738e+15,planet1,1,1
1386,0.3,0.75,0.5,-490.401,-4.4746,0,-336.699,-305.914,0,4.5e+12,3,0.2,0,planet1,1,1
1387,0.3,0.75,0.5,-230.201,-169.281,0,21.9122,182.65,0,4.5e+12,3,0.2,1.62361e+18,planet1,1,1
1388,0.3,0.75,0.5,-541.752,173.802,0,-837.608,25.7565,0,4.5e+12,3,0.2,0,planet1,1,1
1390,0.3,0.75,0.5,-208.521,12.617,0,294.554,399.614,0,4.5e+12,3,0.2,1.02109e+16,planet1,1,1
1391,0.3,0.75,0.5,-263.845,-133.915,0,494.566,-149.009,0,4.5e+12,3,0.2,0,planet1,1,1
1394,0.3,0.75,0.5,-378.652,-154.539,0,254.483,-441.15,0,4.5e+12,3,0.2,0,planet1,1,1
1395,0.3,0.75,0.5,-685.046,141.781,0,-1123.58,-354.76,0,4.5e+12,3,0.2,0,planet1,1,1
1396,0.3,0.75,0.5,-231.393,-310.832,0,84.2742,-358.529,0,4.5e+12,3,0.2,6.50337e+18,planet1,1,1
1397,0.3,0.75,0.5,-424.851,141.409,0,-481.233,191.383,0,4.5e+12,3,0.2,0,planet1,1,1
1401,0.3,0.75,0.5,-407.07,-214.945,0,310.984,-649.309,0,4.5e+12,3,0.2,0,planet1,1,1
1403,0.3,0.75,0.5,-629.31,-213.937,0,-238.498,-1114.47,0,4.5e+12,3,0.2,0,planet1,1,1
1404,0.3,0.75,0.5,-662.749,41.4848,0,-857.702,-555.108,0,4.5e+12,3,0.2,0,planet1,1,1
1407,0.3,0.75,0.5,-445.21,-43.9685,0,-141.75,-309.386,0,4.5e+12,3,0.2,0,planet1,1,1
1408,0.3,0.75,0.5,-478.786,-217.733,0,140.882,-807.274,0,4.5e+12,3,0.2,0,planet1,1,1
1410,0.3,0.75,0.5,-183.872,-34.2022,0,164.826,634.423,0,4.5e+12,3,0.2,6.7981e+17,planet1,1,1
1412,0.3,0.75,0.5,-268.767,-297.315,0,826.571,-561.439,0,4.5e+12,3,0.2,0,planet1,1,1
1414,0.3,0.75,0.5,-194.858,-34.2683,0,258.948,514.452,0,4.5e+12,3,0.2,9.18649e+17,planet1,1,1
1417,0.3,0.75,0.5,-246.068,64.0676,0,130.274,478.701,0,4.5e+12,3,0.2,1.29826e+17,planet1,1,1
1418,0.3,0.75,0.5,-249.967,-185.003,0,253.917,76.3733,0,4.5e+12,3,0.2,4.16368e+17,planet1,1,1
1419,0.3,0.75,0.5,-528.479,-131.314,0,-163.76,-699.441,0,4.5e+12,3,0.2,0,planet1,1,1
1420,0.3,0.75,0.5,-683.312,-80.8206,0,-650.698,-899.836,0,4.5e+12,3,0.2,0,planet1,1,1
1421,0.3,0.75,0.5,-548.015,-153.448,0,-165.616,-794.494,0,4.5e+12,3,0.2,0,planet1,1,1
1422,0.3,0.75,0.5,-432.428,-121.82,0,53.1177,-473.809,0,4.5e+12,3,0.2,0,planet1,1,1
1423,0.3,0.75,0.5,-326.512,-171.575,0,418.942,-374.167,0,4.5e+12,3,0.2,0,planet1,1,1
1426,0.3,0.75,0.5,-729.114,-64.6009,0,-797.583,-957.164,0,4.5e+12,3,0.2,0,planet1,1,1
1428,0.3,0.75,0.5,-499.551,-184.663,0,18.9935,-769.639,0,4.5e+12,3,0.2,0,planet1,1,1
1429,0.3,0.75,0.5,-389.191,8.74947,0,-114.363,-60.6822,0,4.5e+12,3,0.2,0,planet1,1,1
1430,0.3,0.75,0.5,-368.187,288.229,0,-641.179,651.69,0,4.5e+12,3,0.2,1.29765e+15,planet1,1,1
1431,0.3,0.75,0.5,-341.828,-321.212,0,695.462,-774.26,0,4.5e+12,3,0.2,0,planet1,1,1
1435,0.3,0.75,0.5,-570.631,291.454,0,-1156.05,254.183,0,4.5e+12,3,0.2,0,planet1,1,1
1437,0.3,0.75,0.5,-177.62,318.54,0,-249.112,1083.9,0,4.5e+12,3,0.2,3.3836e+16,planet1,1,1
1441,0.3,0.75,0.5,-417.852,-98.8939,0,40.2795,-386.583,0,4.5e+12,3,0.2,0,planet1,1,1
1442,0.3,0.75,0.5,-82.8799,64.8973,0,246.172,712.852,0,4.5e+12,3,0.2,6.11272e+17,planet1,1,1
1443,0.3,0.75,0.5,-336.592,33.0363,0,-35.4595,109.14,0,4.5e+12,3,0.2,0,planet1,1,1
1444,0.3,0.75,0.5,-586.335,86.212,0,-763.824,-284.474,0,4.5e+12,3,0.2,0,planet1,1,1
1445,0.3,0.75,0.5,-166.678,134.745,0,196.207,688.663,0,4.5e+12,3,0.2,1.79934e+15,planet1,1,1
1447,0.3,0.75,0.5,-316.485,-292.585,0,697.535,-650.909,0,4.5e+12,3,0.2,0,planet1,1,1
1448,0.3,0.75,0.5,-424.12,97.4062,0,-386.998,83.4477,0,4.5e+12,3,0.2,0,planet1,1,1
1449,0.3,0.75,0.5,-164.887,3.89669,0,132.54,847.036,0,4.5e+12,3,0.2,1.26435e+18,planet1,1,1
1452,0.3,0.75,0.5,-200.225,315.764,0,-253.784,1051.83,0,4.5e+12,3,0.2,2.78684e+16,planet1,1,1
1453,0.3,0.75,0.5,-231.111,-176.324,0,48.0927,218.777,0,4.5e+12,3,0.2,2.47426e+18,planet1,1,1
1454,0.3,0.75,0.5,-716.447,109.337,0,-1132.24,-501.684,0,4.5e+12,3,0.2,0,planet1,1,1
1455,0.3,0.75,0.5,-534.155,326.549,0,-1140.28,417.366,0,4.5e+12,3,0.2,0,planet1,1,1
1456,0.3,0.75,0.5,-203.303,159.568,0,56.1017,750.998,0,4.5e+12,3,0.2,1.4095e+17,planet1,1,1
1457,0.3,0.75,0.5,-411.982,189.628,0,-571.875,356.403,0,4.5e+12,3,0.2,2.18267e+15,planet1,1,1
1458,0.3,0.75,0.5,-221.772,94.9415,0,152.618,585.781,0,4.5e+12,3,0.2,1.71065e+17,planet1,1,1
1461,0.3,0.75,0.5,-649.118,-195.336,0,-326.124,-1109.14,0,4.5e+12,3,0.2,0,planet1,1,1
1462,0.3,0.75,0.5,-609.707,-106.501,0,-416.06,-808.953,0,4.5e+12,3,0.2,0,planet1,1,1
1463,0.3,0.75,0.5,-97.4688,60.4512,0,339.823,860.951,0,4.5e+12,3,0.2,1.50522e+18,planet1,1,1
1464,0.3,0.75,0.5,-138.48,12.1548,0,178.356,739.268,0,4.5e+12,3,0.2,4.02163e+17,planet1,1,1
1466,0.3,0.75,0.5,-300.291,-202.904,0,549.081,-394.928,0,4.5e+12,3,0.2,0,planet1,1,1
1467,0.3,0.75,0.5,-283.387,-141.035,0,461.466,-208.136,0,4.5e+12,3,0.2,0,planet1,1,1
1469,0.3,0.75,0.5,-248.657,-246.867,0,-20.811,-140.161,0,4.5e+12,3,0.2,6.73027e+17,planet1,1,1
1472,0.3,0.75,0.5,-666.024,-10.9406,0,-756.128,-690.51,0,4.5e+12,3,0.2,0,planet1,1,1
1476,0.3,0.75,0.5,-214.038,-5.90517,0,294.351,350.545,0,4.5e+12,3,0.2,8.6974e+16,planet1,1,1
1478,0.3,0.75,0.5,-263.408,311.643,0,-345.71,826.382,0,4.5e+12,3,0.2,2.15368e+17,planet1,1,1
1480,0.3,0.75,0.5,-635.995,-145.439,0,-399.663,-960.078,0,4.5e+12,3,0.2,0,planet1,1,1
1483,0.3,0.75,0.5,-371.667,143.897,0,-355.57,309.394,0,4.5e+12,3,0.2,0,planet1,1,1
1489,0.3,0.75,0.5,-302.673,-14.6313,0,148.703,63.0771,0,4.5e+12,3,0.2,0,planet1,1,1
1490,0.3,0.75,0.5,-247.348,156.157,0,-32.8067,622.757,0,4.5e+12,3,0.2,3.53361e+16,planet1,1,1
1491,0.3,0.75,0.5,-686.128,-61.0188,0,-700.923,-857.524,0,4.5e+12,3,0.2,0,planet1,1,1
1492,0.3,0.75,0.5,-307.064,-192.638,0,511.123,-385.206,0,4.5e+12,3,0.2,0,planet1,1,1
1496,0.3,0.75,0.5,-355.086,-309.428,0,638.815,-773.178,0,4.5e+12,3,0.2,0,planet1,1,1
1497,0.3,0.75,0.5,-135.652,131.114,0,240.361,797.581,0,4.5e+12,3,0.2,1.28994e+15,planet1,1,1
1499,0.3,0.75,0.5,-177.888,-34.8591,0,181.303,719.309,0,4.5e+12,3,0.2,1.07516e+18,planet1,1,1
1500,0.3,0.75,0.5,-309.669,-124.012,0,361.335,-220.429,0,4.5e+12,3,0.2,0,planet1,1,1
1503,0.3,0.75,0.5,-565.444,186.71,0,-923.635,8.0171,0,4.5e+12,3,0.2,0,planet1,1,1
1505,0.3,0.75,0.5,-472.47,-348.532,0,431.74,-1116.07,0,4.5e+12,3,0.2,0,planet1,1,1
1509,0.3,0.75,0.5,-587.393,-219.484,0,-123.805,-1039.79,0,4.5e+12,3,0.2,0,planet1,1,1
1510,0.3,0.75,0.5,-90.3832,115.138,0,331.309,944.711,0,4.5e+12,3,0.2,4.43626e+16,planet1,1,1
1511,0.3,0.75,0.5,-614.222,94.753,0,-850.434,-321.308,0,4.5e+12,3,0.2,0,planet1,1,1
1514,0.3,0.75,0.5,-527.92,201.935,0,-862.19,123.436,0,4.5e+12,3,0.2,0,planet1,1,1
1520,0.3,0.75,0.5,-665.964,74.8621,0,-935.945,-480.058,0,4.5e+12,3,0.2,0,planet1,1,1
1521,0.3,0.75,0.5,-185.488,-19.4345,0,233.519,677.945,0,4.5e+12,3,0.2,5.10412e+17,planet1,1,1
1522,0.3,0.75,0.5,-180.048,144.875,0,172.545,713.081,0,4.5e+12,3,0.2,5.91466e+17,planet1,1,1
1524,0.3,0.75,0.5,-543.053,-164.162,0,-130.698,-809.83,0,4.5e+12,3,0.2,0,planet1,1,1
1527,0.3,0.75,0.5,-625.203,-224.01,0,-207.055,-1130.7,0,4.5e+12,3,0.2,0,planet1,1,1
1531,0.3,0.75,0.5,-290.914,223.921,0,-244.804,637.192,0,4.5e+12,3,0.2,6.21592e+16,planet1,1,1
1534,0.3,0.75,0.5,-88.0426,225.439,0,122.176,1057.34,0,4.5e+12,3,0.2,1.86247e+16,planet1,1,1
1535,0.3,0.75,0.5,-258.86,197.056,0,-180.245,660.24,0,4.5e+12,3,0.2,1.31592e+16,planet1,1,1
1536,0.3,0.75,0.5,-329.44,-214.521,0,501.625,-485.355,0,4.5e+12,3,0.2,0,planet1,1,1
1537,0.3,0.75,0.5,-334.987,226.767,0,-334.862,569.226,0,4.5e+12,3,0.2,6.18474e+17,planet1,1,1
1538,0.3,0.75,0.5,-143.187,135.149,0,227.601,766.4,0,4.5e+12,3,0.2,0,planet1,1,1
1540,0.3,0.75,0.5,-161.125,210.568,0,-1.33969,898.827,0,4.5e+12,3,0.2,4.12814e+15,planet1,1,1
1547,0.3,0.75,0.5,-253.748,-325.501,0,425.007,-449.045,0,4.5e+12,3,0.2,4.3306e+17,planet1,1,1
1548,0.3,0.75,0.5,-221.647,60.9673,0,240.169,522.044,0,4.5e+12,3,0.2,7.78863e+16,planet1,1,1
1550,0.3,0.75,0.5,-403.43,414.569,0,-879.085,977.744,0,4.5e+12,3,0.2,3.72725e+16,planet1,1,1
1551,0.3,0.75,0.5,-596.939,57.1653,0,-729.042,-377.696,0,4.5e+12,3,0.2,0,planet1,1,1
1553,0.3,0.75,0.5,-337.791,-179.694,0,407.998,-418.963,0,4.5e+12,3,0.2,0,planet1,1,1
1555,0.3,0.75,0.5,-432.747,-208.505,0,234.145,-688.215,0,4.5e+12,3,0.2,0,planet1,1,1
1557,0.3,0.75,0.5,-303.622,-356.185,0,863.428,-779.476,0,4.5e+12,3,0.2,0,planet1,1,1
1558,0.3,0.75,0.5,-460.53,5.62744,0,-284.31,-218.43,0,4.5e+12,3,0.2,0,planet1,1,1
1560,0.3,0.75,0.5,-231.948,-214.412,0,5.70818,59.8963,0,4.5e+12,3,0.2,3.35735e+18,planet1,1,1
1562,0.3,0.75,0.5,-237.98,-279.713,0,205.428,-222.7,0,4.5e+12,3,0.2,2.34522e+18,planet1,1,1
1564,0.3,0.75,0.5,-215.552,-81.0027,0,211.289,302.561,0,4.5e+12,3,0.2,3.79898e+17,planet1,1,1
1566,0.3,0.75,0.5,-269.048,414.86,0,-496.407,1166.47,0,4.5e+12,3,0.2,2.87957e+17,planet1,1,1
1567,0.3,0.75,0.5,-178.255,156,0,178.954,755.873,0,4.5e+12,3,0.2,6.39309e+16,planet1,1,1
1568,0.3,0.75,0.5,-716.821,-23.731,0,-854.573,-829.577,0,4.5e+12,3,0.2,0,planet1,1,1
1569,0.3,0.75,0.5,-360.229,91.7971,0,-218.039,203.792,0,4.5e+12,3,0.2,0,planet1,1,1
1571,0.3,0.75,0.5,-139.694,197.654,0,65.431,929.159,0,4.5e+12,3,0.2,4.1922e+15,planet1,1,1
1572,0.3,0.75,0.5,-443.607,-199.501,0,188.589,-688.724,0,4.5e+12,3,0.2,0,planet1,1,1
1576,0.3,0.75,0.5,-176.406,-50.3161,0,207.595,599.768,0,4.5e+12,3,0.2,1.32424e+18,planet1,1,1
1580,0.3,0.75,0.5,-126.319,185.546,0,161.838,927.333,0,4.5e+12,3,0.2,0,planet1,1,1
1582,0.3,0.75,0.5,-379.796,-96.2963,0,129.602,-299.661,0,4.5e+12,3,0.2,0,planet1,1,1
1584,0.3,0.75,0.5,-693.475,161.501,0,-1185.52,-324.829,0,4.5e+12,3,0.2,0,planet1,1,1
1586,0.3,0.75,0.5,-562.459,282.473,0,-1116.43,249.675,0,4.5e+12,3,0.2,0,planet1,1,1
1587,0.3,0.75,0.5,-403.028,43.5482,0,-221.184,-4.53717,0,4.5e+12,3,0.2,0,planet1,1,1
1591,0.3,0.75,0.5,-122.408,47.3576,0,342.329,835.792,0,4.5e+12,3,0.2,5.16106e+17,planet1,1,1
1593,0.3,0.75,0.5,-579.27,-39.4779,0,-481.473,-579.418,0,4.5e+12,3,0.2,0,planet1,1,1
1595,0.3,0.75,0.5,-587.023,45.1177,0,-678.539,-387.025,0,4.5e+12,3,0.2,0,planet1,1,1
1596,0.3,0.75,0.5,-703.43,-36.9635,0,-793.905,-834.221,0,4.5e+12,3,0.2,0,planet1,1,1
1601,0.3,0.75,0.5,-237.415,-230.51,0,-22.7462,-0.815392,0,4.5e+12,3,0.2,1.83674e+18,planet1,1,1
1602,0.3,0.75,0.5,-278.812,-318.735,0,846.473,-635.859,0,4.5e+12,3,0.2,0,planet1,1,1
1604,0.3,0.75,0.5,-156.227,52.0329,0,273.38,863.228,0,4.5e+12,3,0.2,8.38901e+17,planet1,1,1
1605,0.3,0.75,0.5,-691.783,30.278,0,-906.708,-644.427,0,4.5e+12,3,0.2,0,planet1,1,1
1607,0.3,0.75,0.5,-341.643,326.755,0,-607.897,722.348,0,4.5e+12,3,0.2,1.0475e+18,planet1,1,1
1609,0.3,0.75,0.5,-466.33,-95.2058,0,-86.5225,-479.35,0,4.5e+12,3,0.2,0,planet1,1,1
1610,0.3,0.75,0.5,-229.099,-209.048,0,-25.0583,35.2531,0,4.5e+12,3,0.2,4.32968e+18,planet1,1,1
1614,0.3,0.75,0.5,-442.87,377.533,0,-1026.56,760.903,0,4.5e+12,3,0.2,1.91448e+15,planet1,1,1
1615,0.3,0.75,0.5,-372.284,-53.7889,0,58.0772,-179.398,0,4.5e+12,3,0.2,0,planet1,1,1
1620,0.3,0.75,0.5,-348.574,275.317,0,-490.15,702.156,0,4.5e+12,3,0.2,7.14897e+16,planet1,1,1
1622,0.3,0.75,0.5,-133.915,293.214,0,-106.708,1121.13,0,4.5e+12,3,0.2,7.33608e+15,planet1,1,1
1623,0.3,0.75,0.5,-164.06,284.806,0,-181.589,1069.06,0,4.5e+12,3,0.2,1.51006e+16,planet1,1,1
1624,0.3,0.75,0.5,-109.639,95.4229,0,260.621,917.052,0,4.5e+12,3,0.2,4.05142e+17,planet1,1,1
1626,0.3,0.75,0.5,-226.676,-196.526,0,41.1636,209.015,0,4.5e+12,3,0.2,3.84186e+18,planet1,1,1
1629,0.3,0.75,0.5,-106.598,54.6762,0,340.583,858.794,0,4.5e+12,3,0.2,7.07628e+17,planet1,1,1
1630,0.3,0.75,0.5,-435.873,304.283,0,-850.745,569.856,0,4.5e+12,3,0.2,0,planet1,1,1
1633,0.3,0.75,0.5,-336.54,-225.259,0,507.131,-527.652,0,4.5e+12,3,0.2,0,planet1,1,1
1634,0.3,0.75,0.5,-246.654,-263.887,0,84.9763,-251.849,0,4.5e+12,3,0.2,7.81148e+17,planet1,1,1
1635,0.3,0.75,0.5,-372.804,379.443,0,-797.255,869.585,0,4.5e+12,3,0.2,2.1726e+16,planet1,1,1
1638,0.3,0.75,0.5,-444.159,-59.483,0,-106.593,-345.495,0,4.5e+12,3,0.2,0,planet1,1,1
1642,0.3,0.75,0.5,-84.1763,86.4165,0,253.781,826.122,0,4.5e+12,3,0.2,7.38872e+17,planet1,1,1
1643,0.3,0.75,0.5,-66.8214,184.663,0,264.523,1099.49,0,4.5e+12,3,0.2,2.49555e+17,planet1,1,1
1645,0.3,0.75,0.5,-320.869,61.9958,0,-57.4121,213.612,0,4.5e+12,3,0.2,0,planet1,1,1
1647,0.3,0.75,0.5,-227.031,-130.228,0,78.6939,287.542,0,4.5e+12,3,0.2,1.80539e+18,planet1,1,1
1648,0.3,0.75,0.5,-400.48,198.662,0,-530.948,433.908,0,4.5e+12,3,0.2,5.20532e+16,planet1,1,1
1652,0.3,0.75,0.5,-507.504,59.8748,0,-513.633,-183.255,0,4.5e+12,3,0.2,0,planet1,1,1
1655,0.3,0.75,0.5,-397.144,90.2716,0,-305.123,122.726,0,4.5e+12,3,0.2,0,planet1,1,1
1656,0.3,0.75,0.5,-276.072,101.136,0,9.75209,465.794,0,4.5e+12,3,0.2,2.61603e+17,planet1,1,1
1657,0.3,0.75,0.5,-416.97,-63.5236,0,-31.6654,-296.983,0,4.5e+12,3,0.2,0,planet1,1,1
1660,0.3,0.75,0.5,-254.922,-199.19,0,139.176,-229.582,0,4.5e+12,3,0.2,1.58086e+17,planet1,1,1
1661,0.3,0.75,0.5,-238.575,-197.256,0,64.3305,53.4417,0,4.5e+12,3,0.2,2.51547e+18,planet1,1,1
1662,0.3,0.75,0.5,-302.516,208.22,0,-272.379,623.868,0,4.5e+12,3,0.2,2.21832e+17,planet1,1,1
1664,0.3,0.75,0.5,-587.132,-182.506,0,-200.351,-947.62,0,4.5e+12,3,0.2,0,planet1,1,1
1666,0.3,0.75,0.5,-664.54,-175,0,-406.958,-1092.87,0,4.5e+12,3,0.2,0,planet1,1,1
1667,0.3,0.75,0.5,-447.334,-76.3504,0,-79.1857,-392.483,0,4.5e+12,3,0.2,0,planet1,1,1
1670,0.3,0.75,0.5,-189.053,226.267,0,-114.68,807.176,0,4.5e+12,3,0.2,8.01096e+16,planet1,1,1
1672,0.3,0.75,0.5,-242.429,-212.808,0,6.23993,-16.8027,0,4.5e+12,3,0.2,1.29852e+18,planet1,1,1
1675,0.3,0.75,0.5,-193.986,-89.5442,0,138.354,466.659,0,4.5e+12,3,0.2,4.58485e+18,planet1,1,1
1679,0.3,0.75,0.5,-541.242,260.271,0,-1017.34,239.252,0,4.5e+12,3,0.2,0,planet1,1,1
1680,0.3,0.75,0.5,-591.063,-229.378,0,-111.826,-1072.06,0,4.5e+12,3,0.2,0,planet1,1,1
1681,0.3,0.75,0.5,-366.471,-196.976,0,372.979,-521.085,0,4.5e+12,3,0.2,0,planet1,1,1
1682,0.3,0.75,0.5,-255.502,-269.133,0,429.86,-668.691,0,4.5e+12,3,0.2,1.74833e+17,planet1,1,1
1683,0.3,0.75,0.5,-573.16,96.314,0,-752.253,-231.317,0,4.5e+12,3,0.2,0,planet1,1,1
1684,0.3,0.75,0.5,-268.564,108.024,0,5.3609,494.242,0,4.5e+12,3,0.2,1.99299e+16,planet1,1,1
1688,0.3,0.75,0.5,-601.879,182.837,0,-1004.74,-78.5859,0,4.5e+12,3,0.2,0,planet1,1,1
1689,0.3,0.75,0.5,-240.458,-235.961,0,-27.9385,-31.1308,0,4.5e+12,3,0.2,1.10219e+18,planet1,1,1
1691,0.3,0.75,0.5,-664.728,172.21,0,-1137.84,-237.974,0,4.5e+12,3,0.2,0,planet1,1,1
1692,0.3,0.75,0.5,-319.569,129.495,0,-199.309,381.746,0,4.5e+12,3,0.2,2.50249e+13,planet1,1,1
1693,0.3,0.75,0.5,-194.426,-40.2625,0,229.597,511.932,0,4.5e+12,3,0.2,3.56402e+17,planet1,1,1
1697,0.3,0.75,0.5,-626.192,-113.874,0,-441.523,-861.532,0,4.5e+12,3,0.2,0,planet1,1,1
1699,0.3,0.75,0.5,-396.489,-333.871,0,586.948,-921.029,0,4.5e+12,3,0.2,0,planet1,1,1
1703,0.3,0.75,0.5,-424.045,-155.115,0,145.071,-538.54,0,4.5e+12,3,0.2,0,planet1,1,1
1708,0.3,0.75,0.5,-556.452,-92.7148,0,-314.094,-662.269,0,4.5e+12,3,0.2,0,planet1,1,1
1710,0.3,0.75,0.5,-421.037,-14.1382,0,-144.769,-184.081,0,4.5e+12,3,0.2,0,planet1,1,1
1711,0.3,0.75,0.5,-521.596,-92.6074,0,-228.58,-588.974,0,4.5e+12,3,0.2,0,planet1,1,1
1713,0.3,0.75,0.5,-422.334,229.107,0,-664.704,422.551,0,4.5e+12,3,0.2,2.45747e+14,planet1,1,1
1719,0.3,0.75,0.5,-350.003,-298.341,0,626.847,-735.939,0,4.5e+12,3,0.2,0,planet1,1,1
1721,0.3,0.75,0.5,-148.332,170.724,0,126.122,863.545,0,4.5e+12,3,0.2,1.27986e+15,planet1,1,1
1722,0.3,0.75,0.5,-249.126,-175.178,0,13.8926,46.871,0,4.5e+12,3,0.2,7.6807e+17,planet1,1,1
1730,0.3,0.75,0.5,-189.951,21.3068,0,231.963,656.355,0,4.5e+12,3,0.2,5.47284e+17,planet1,1,1
1734,0.3,0.75,0.5,-318.708,181.594,0,-228.282,531.107,0,4.5e+12,3,0.2,4.92572e+16,planet1,1,1
1735,0.3,0.75,0.5,-618.564,221.613,0,-1127.05,-17.6796,0,4.5e+12,3,0.2,0,planet1,1,1
1737,0.3,0.75,0.5,-213.797,-114.482,0,150.99,425.898,0,4.5e+12,3,0.2,1.90442e+18,planet1,1,1
1742,0.3,0.75,0.5,-323.576,-131.482,0,342.213,-268.302,0,4.5e+12,3,0.2,0,planet1,1,1
1744,0.3,0.75,0.5,-622.745,147.818,0,-982.528,-208.15,0,4.5e+12,3,0.2,0,planet1,1,1
1748,0.3,0.75,0.5,-465.519,44.5527,0,-378.357,-132.859,0,4.5e+12,3,0.2,0,planet1,1,1
1749,0.3,0.75,0.5,-368.944,-250.231,0,480.102,-656.311,0,4.5e+12,3,0.2,0,planet1,1,1
1751,0.3,0.75,0.5,-281.261,-272.622,0,743.27,-527.558,0,4.5e+12,3,0.2,0,planet1,1,1
1752,0.3,0.75,0.5,-340.678,302.628,0,-563.085,694.326,0,4.5e+12,3,0.2,8.55988e+17,planet1,1,1
1754,0.3,0.75,0.5,-560.039,-280.667,0,71.9405,-1132.81,0,4.5e+12,3,0.2,0,planet1,1,1
1756,0.3,0.75,0.5,-188.329,-39.057,0,285.733,633.876,0,4.5e+12,3,0.2,3.85335e+17,planet1,1,1
1757,0.3,0.75,0.5,-381.592,-126.471,0,187.878,-378.169,0,4.5e+12,3,0.2,0,planet1,1,1
1758,0.3,0.75,0.5,-178.238,169.019,0,99.8326,794.933,0,4.5e+12,3,0.2,5.0983e+15,planet1,1,1
1762,0.3,0.75,0.5,-413.244,296.636,0,-780.207,597.774,0,4.5e+12,3,0.2,0,planet1,1,1
1767,0.3,0.75,0.5,-450.948,363.665,0,-1013.81,683.273,0,4.5e+12,3,0.2,0,planet1,1,1
1770,0.3,0.75,0.5,-421.855,-181.724,0,204.23,-599.235,0,4.5e+12,3,0.2,0,planet1,1,1
1771,0.3,0.75,0.5,-247.803,-234.898,0,138.441,-225.712,0,4.5e+12,3,0.2,1.43779e+18,planet1,1,1
1773,0.3,0.75,0.5,-286.824,218.203,0,-237.607,633.314,0,4.5e+12,3,0.2,1.35262e+17,planet1,1,1
1777,0.3,0.75,0.5,-250.14,-272.164,0,151.926,-359.127,0,4.5e+12,3,0.2,7.67737e+17,planet1,1,1
1778,0.3,0.75,0.5,-583.089,-4.38976,0,-564.689,-500.33,0,4.5e+12,3,0.2,0,planet1,1,1
1779,0.3,0.75,0.5,-480.698,-65.4773,0,-184.216,-436.195,0,4.5e+12,3,0.2,0,planet1,1,1
1780,0.3,0.75,0.5,-714.275,1.28612,0,-899.211,-762.46,0,4.5e+12,3,0.2,0,planet1,1,1
1781,0.3,0.75,0.5,-344.077,-234.496,0,508.342,-565.902,0,4.5e+12,3,0.2,0,planet1,1,1
1782,0.3,0.75,0.5,-465.671,154.707,0,-609.359,138.317,0,4.5e+12,3,0.2,0,planet1,1,1
1787,0.3,0.75,0.5,-635.33,-201.793,0,-278.835,-1096.62,0,4.5e+12,3,0.2,0,planet1,1,1
1794,0.3,0.75,0.5,-620.568,-77.5495,0,-504.263,-759.933,0,4.5e+12,3,0.2,0,planet1,1,1
1795,0.3,0.75,0.5,-73.2517,198.197,0,196.898,1116.51,0,4.5e+12,3,0.2,4.10538e+16,planet1,1,1
1797,0.3,0.75,0.5,-283.667,227.503,0,-255.275,682.266,0,4.5e+12,3,0.2,1.94077e+16,planet1,1,1
1799,0.3,0.75,0.5,-301.719,-254.885,0,655.485,-527.008,0,4.5e+12,3,0.2,0,planet1,1,1
1803,0.3,0.75,0.5,-265.421,298.216,0,-311.969,826.076,0,4.5e+12,3,0.2,5.25004e+17,planet1,1,1
1804,0.3,0.75,0.5,-217.978,204.314,0,-62.0744,757.538,0,4.5e+12,3,0.2,4.35339e+15,planet1,1,1
1805,0.3,0.75,0.5,-334.666,-381.846,0,841.684,-907.556,0,4.5e+12,3,0.2,0,planet1,1,1
1806,0.3,0.75,0.5,-387.885,124.763,0,-355.327,227.725,0,4.5e+12,3,0.2,0,planet1,1,1
1811,0.3,0.75,0.5,-519.554,239.306,0,-920.63,233.526,0,4.5e+12,3,0.2,0,planet1,1,1
1812,0.3,0.75,0.5,-207.042,-42.125,0,227.04,252.86,0,4.5e+12,3,0.2,4.96676e+16,planet1,1,1
1813,0.3,0.75,0.5,-526.533,217.087,0,-891.155,164.26,0,4.5e+12,3,0.2,0,planet1,1,1
1816,0.3,0.75,0.5,-275.731,-48.4255,0,285.866,36.2693,0,4.5e+12,3,0.2,0,planet1,1,1
1818,0.3,0.75,0.5,-502.64,236.895,0,-873.766,263.341,0,4.5e+12,3,0.2,0,planet1,1,1
1820,0.3,0.75,0.5,-670.835,204.158,0,-1218.41,-171.535,0,4.5e+12,3,0.2,0,planet1,1,1
1826,0.3,0.75,0.5,-234.756,-315.849,0,107.909,-351.987,0,4.5e+12,3,0.2,1.74138e+18,planet1,1,1
1827,0.3,0.75,0.5,-264.698,112.82,0,8.61284,490.955,0,4.5e+12,3,0.2,5.04426e+15,planet1,1,1
1829,0.3,0.75,0.5,-446.075,-28.353,0,-177.151,-272.258,0,4.5e+12,3,0.2,0,planet1,1,1
1831,0.3,0.75,0.5,-363.2,-302.91,0,604.478,-774.834,0,4.5e+12,3,0.2,0,planet1,1,1
1835,0.3,0.75,0.5,-331.566,353.841,0,-595.209,799.232,0,4.5e+12,3,0.2,5.76196e+16,planet1,1,1
1836,0.3,0.75,0.5,-492.412,-308.278,0,297.203,-1059.48,0,4.5e+12,3,0.2,0,planet1,1,1
1838,0.3,0.75,0.5,-106.666,109.038,0,317.538,815.827,0,4.5e+12,3,0.2,9.83684e+15,planet1,1,1
1839,0.3,0.75,0.5,-94.2113,94.3876,0,258.228,914.27,0,4.5e+12,3,0.2,3.25527e+17,planet1,1,1
1840,0.3,0.75,0.5,-318.897,-109.421,0,307.346,-205.057,0,4.5e+12,3,0.2,0,planet1,1,1
1844,0.3,0.75,0.5,-395.926,264.4,0,-671.274,566.905,0,4.5e+12,3,0.2,3.66337e+14,planet1,1,1
1846,0.3,0.75,0.5,-271.985,271.908,0,-354.65,766.397,0,4.5e+12,3,0.2,7.85799e+16,planet1,1,1
1847,0.3,0.75,0.5,-563.313,103.138,0,-742.118,-193.421,0,4.5e+12,3,0.2,0,planet1,1,1
1851,0.3,0.75,0.5,-537.085,-98.7958,0,-253.737,-636.948,0,4.5e+12,3,0.2,0,planet1,1,1
1852,0.3,0.75,0.5,-563.832,304.614,0,-1167.68,300.015,0,4.5e+12,3,0.2,0,planet1,1,1
1857,0.3,0.75,0.5,-545.188,213.492,0,-929.25,116.179,0,4.5e+12,3,0.2,0,planet1,1,1
1859,0.3,0.75,0.5,-592.255,213.045,0,-1044.86,15.6735,0,4.5e+12,3,0.2,0,planet1,1,1
1864,0.3,0.75,0.5,-511.29,300.858,0,-1030.04,401.924,0,4.5e+12,3,0.2,0,planet1,1,1
1865,0.3,0.75,0.5,-347.215,-379.26,0,805.233,-928.024,0,4.5e+12,3,0.2,0,planet1,1,1
1867,0.3,0.75,0.5,-544.062,-219.446,0,-16.7498,-948.462,0,4.5e+12,3,0.2,0,planet1,1,1
1870,0.3,0.75,0.5,-113.288,66.7819,0,295.32,862.773,0,4.5e+12,3,0.2,1.73817e+17,planet1,1,1
1872,0.3,0.75,0.5,-502.975,71.2019,0,-526.607,-146.118,0,4.5e+12,3,0.2,0,planet1,1,1
1874,0.3,0.75,0.5,-209.374,-110.427,0,111.079,469.928,0,4.5e+12,3,0.2,2.94475e+18,planet1,1,1
1878,0.3,0.75,0.5,-64.9629,234.46,0,184.203,1071.97,0,4.5e+12,3,0.2,1.50267e+17,planet1,1,1
1879,0.3,0.75,0.5,-487.083,-134.843,0,-54.5585,-619.757,0,4.5e+12,3,0.2,0,planet1,1,1
1881,0.3,0.75,0.5,-214.245,-57.3596,0,173.889,283.063,0,4.5e+12,3,0.2,2.22057e+17,planet1,1,1
1882,0.3,0.75,0.5,-198.424,-74.1705,0,156.517,510.666,0,4.5e+12,3,0.2,1.60442e+18,planet1,1,1
1885,0.3,0.75,0.5,-329.159,298.517,0,-547.824,744.284,0,4.5e+12,3,0.2,3.18736e+17,planet1,1,1
1889,0.3,0.75,0.5,-362.994,-271.032,0,538.205,-695.366,0,4.5e+12,3,0.2,0,planet1,1,1
1890,0.3,0.75,0.5,-456.795,267.539,0,-825.28,434.751,0,4.5e+12,3,0.2,0,planet1,1,1
1897,0.3,0.75,0.5,-533.987,-289.651,0,155.558,-1100.73,0,4.5e+12,3,0.2,0,planet1,1,1
1899,0.3,0.75,0.5,-709.649,-127.726,0,-617.027,-1070.74,0,4.5e+12,3,0.2,0,planet1,1,1
1903,0.3,0.75,0.5,-92.1123,185.033,0,212.324,989.407,0,4.5e+12,3,0.2,4.35017e+16,planet1,1,1
1904,0.3,0.75,0.5,-243.05,-201.267,0,233.652,-82.6036,0,4.5e+12,3,0.2,8.1071e+17,planet1,1,1
1906,0.3,0.75,0.5,-317.507,-314.875,0,742.735,-706.874,0,4.5e+12,3,0.2,0,planet1,1,1
1907,0.3,0.75,0.5,-639.614,44.2976,0,-807.396,-499.595,0,4.5e+12,3,0.2,0,planet1,1,1
1908,0.3,0.75,0.5,-222.996,-79.4832,0,249.797,390.933,0,4.5e+12,3,0.2,1.08988e+17,planet1,1,1
1909,0.3,0.75,0.5,-636.508,-131.836,0,-429.173,-928.331,0,4.5e+12,3,0.2,0,planet1,1,1
1910,0.3,0.75,0.5,-448.534,127.591,0,-511.046,106.924,0,4.5e+12,3,0.2,0,planet1,1,1
1913,0.3,0.75,0.5,-247.107,-169.248,0,-11.9665,82.9859,0,4.5e+12,3,0.2,4.39119e+17,planet1,1,1
1914,0.3,0.75,0.5,-260.035,336.008,0,-369.469,882.676,0,4.5e+12,3,0.2,1.32262e+18,planet1,1,1
1917,0.3,0.75,0.5,-164.527,-8.34,0,259.829,790.31,0,4.5e+12,3,0.2,7.9138e+17,planet1,1,1
1921,0.3,0.75,0.5,-174.3,-23.8249,0,238.797,694.042,0,4.5e+12,3,0.2,7.20514e+17,planet1,1,1
1923,0.3,0.75,0.5,-298.251,221.471,0,-251.089,630.889,0,4.5e+12,3,0.2,1.63465e+17,planet1,1,1
1925,0.3,0.75,0.5,-376.774,374.665,0,-803.378,870.646,0,4.5e+12,3,0.2,9.7158e+16,planet1,1,1
1926,0.3,0.75,0.5,-128.753,70.6928,0,319.8,855.956,0,4.5e+12,3,0.2,1.25775e+17,planet1,1,1
1927,0.3,0.75,0.5,-219.372,-168.628,0,36.5772,182.682,0,4.5e+12,3,0.2,3.61846e+18,planet1,1,1
1929,0.3,0.75,0.5,-195.309,110.741,0,121.055,619.079,0,4.5e+12,3,0.2,3.11614e+15,planet1,1,1
1931,0.3,0.75,0.5,-402.353,-376.359,0,663.108,-1036.31,0,4.5e+12,3,0.2,0,planet1,1,1
1934,0.3,0.75,0.5,-199.09,-80.1732,0,176.242,513.202,0,4.5e+12,3,0.2,1.84842e+18,planet1,1,1
1935,0.3,0.75,0.5,-235.346,317.839,0,-367.353,944.386,0,4.5e+12,3,0.2,2.73899e+17,planet1,1,1
1938,0.3,0.75,0.5,-90.7247,100.993,0,279.499,913.198,0,4.5e+12,3,0.2,3.03442e+17,planet1,1,1
1939,0.3,0.75,0.5,-609.047,-90.8814,0,-447.062,-769.058,0,4.5e+12,3,0.2,0,planet1,1,1
1940,0.3,0.75,0.5,-442.975,-144.661,0,75.6252,-552.156,0,4.5e+12,3,0.2,0,planet1,1,1
1946,0.3,0.75,0.5,-173.255,-30.4405,0,223.494,694.069,0,4.5e+12,3,0.2,1.20282e+18,planet1,1,1
1951,0.3,0.75,0.5,-294.343,216.629,0,-246.879,632.06,0,4.5e+12,3,0.2,4.76588e+17,planet1,1,1
1955,0.3,0.75,0.5,-568.187,0.427105,0,-538.894,-457.525,0,4.5e+12,3,0.2,0,planet1,1,1
1959,0.3,0.75,0.5,-435.935,-364.61,0,555.446,-1079.15,0,4.5e+12,3,0.2,0,planet1,1,1
1961,0.3,0.75,0.5,-517.801,206.161,0,-847.172,155.941,0,4.5e+12,3,0.2,0,planet1,1,1
1963,0.3,0.75,0.5,-589.704,286.486,0,-1193.09,201.803,0,4.5e+12,3,0.2,0,planet1,1,1
1966,0.3,0.75,0.5,-470.444,55.1633,0,-412.801,-117.174,0,4.5e+12,3,0.2,0,planet1,1,1
1967,0.3,0.75,0.5,-258.669,307.848,0,-341.908,824.427,0,4.5e+12,3,0.2,7.21665e+16,planet1,1,1
1968,0.3,0.75,0.5,-97.4271,167.654,0,220.493,950.257,0,4.5e+12,3,0.2,1.41363e+17,planet1,1,1
1970,0.3,0.75,0.5,-66.7625,169.815,0,229.971,1011.82,0,4.5e+12,3,0.2,4.78921e+17,planet1,1,1
1971,0.3,0.75,0.5,-400.39,235.958,0,-585.092,501.993,0,4.5e+12,3,0.2,1.48306e+17,planet1,1,1
1973,0.3,0.75,0.5,-224.556,-16.7819,0,319.79,243.846,0,4.5e+12,3,0.2,2.65755e+16,planet1,1,1
1974,0.3,0.75,0.5,-327.409,-119.806,0,308.213,-248.496,0,4.5e+12,3,0.2,0,planet1,1,1
1975,0.3,0.75,0.5,-166.621,244.86,0,-60.1545,939.165,0,4.5e+12,3,0.2,1.17358e+16,planet1,1,1
1980,0.3,0.75,0.5,-490.856,-19.2254,0,-306.601,-344.006,0,4.5e+12,3,0.2,0,planet1,1,1
1981,0.3,0.75,0.5,-568.451,-178.233,0,-164.079,-898.271,0,4.5e+12,3,0.2,0,planet1,1,1
1982,0.3,0.75,0.5,-312.369,314.522,0,-502.877,770.941,0,4.5e+12,3,0.2,1.92702e+17,planet1,1,1
1983,0.3,0.75,0.5,-470.738,-247.284,0,222.65,-862.494,0,4.5e+12,3,0.2,0,planet1,1,1
1985,0.3,0.75,0.5,-79.4091,243.821,0,164.11,1133.21,0,4.5e+12,3,0.2,5.03295e+15,planet1,1,1
1989,0.3,0.75,0.5,-592.568,-293.695,0,20.2825,-1232.46,0,4.5e+12,3,0.2,0,planet1,1,1
1991,0.3,0.75,0.5,-199.168,-86.5181,0,162.235,507.417,0,4.5e+12,3,0.2,1.94342e+18,planet1,1,1
1993,0.3,0.75,0.5,-348.129,78.3241,0,-159.457,196.435,0,4.5e+12,3,0.2,0,planet1,1,1
1994,0.3,0.75,0.5,-259.29,400.667,0,-497.561,1131.08,0,4.5e+12,3,0.2,7.01702e+16,planet1,1,1
2000,0.3,0.75,0.5,-338.681,-246.672,0,546.919,-584.441,0,4.5e+12,3,0.2,0,planet1,1,1
2001,0.3,0.75,0.5,-447.842,174.909,0,-608.467,225.125,0,4.5e+12,3,0.2,0,planet1,1,1
2002,0.3,0.75,0.5,-366.416,-83.8961,0,135.949,-240.381,0,4.5e+12,3,0.2,0,planet1,1,1
2006,0.3,0.75,0.5,-385.497,-279.141,0,499.794,-762.697,0,4.5e+12,3,0.2,0,planet1,1,1
2010,0.3,0.75,0.5,-243.088,-59.522,0,389.893,77.3645,0,4.5e+12,3,0.2,0,planet1,1,1
2011,0.3,0.75,0.5,-127.924,136.316,0,248.588,828.019,0,4.5e+12,3,0.2,5.53169e+15,planet1,1,1
2015,0.3,0.75,0.5,-536.637,-4.23499,0,-451.377,-403.345,0,4.5e+12,3,0.2,0,planet1,1,1
2016,0.3,0.75,0.5,-232.977,-253.48,0,-36.1602,-81.6839,0,4.5e+12,3,0.2,3.17304e+18,planet1,1,1
2021,0.3,0.75,0.5,-152.188,79.5763,0,331.823,685.468,0,4.5e+12,3,0.2,1.69917e+16,planet1,1,1
2023,0.3,0.75,0.5,-686.559,-30.7433,0,-765.2,-783.971,0,4.5e+12,3,0.2,0,planet1,1,1
2025,0.3,0.75,0.5,-283.58,48.6717,0,61.2716,310.211,0,4.5e+12,3,0.2,1.85501e+17,planet1,1,1
2032,0.3,0.75,0.5,-256.003,-185.663,0,227.88,-269.913,0,4.5e+12,3,0.2,1.95899e+17,planet1,1,1
2033,0.3,0.75,0.5,-389.312,-167.336,0,254.828,-494.373,0,4.5e+12,3,0.2,0,planet1,1,1
2034,0.3,0.75,0.5,-280.271,374.719,0,-525.447,959.588,0,4.5e+12,3,0.2,4.36933e+16,planet1,1,1
2037,0.3,0.75,0.5,-225.172,-177.505,0,58.0575,188.608,0,4.5e+12,3,0.2,4.97546e+18,planet1,1,1
2038,0.3,0.75,0.5,-550.366,-10.0806,0,-472.311,-446.563,0,4.5e+12,3,0.2,0,planet1,1,1
2040,0.3,0.75,0.5,-662.129,63.6846,0,-902.562,-498.582,0,4.5e+12,3,0.2,0,planet1,1,1
2043,0.3,0.75,0.5,-446.338,339.867,0,-951.644,635.174,0,4.5e+12,3,0.2,0,planet1,1,1
2044,0.3,0.75,0.5,-241.049,-206.965,0,140.223,-152.175,0,4.5e+12,3,0.2,1.10892e+18,planet1,1,1
2047,0.3,0.75,0.5,-488.814,25.3147,0,-394.858,-229.348,0,4.5e+12,3,0.2,0,planet1,1,1
2048,0.3,0.75,0.5,-295.388,-151.023,0,451.974,-258.558,0,4.5e+12,3,0.2,0,planet1,1,1
2049,0.3,0.75,0.5,-335.251,164.839,0,-311.475,477.608,0,4.5e+12,3,0.2,2.66011e+16,planet1,1,1
2050,0.3,0.75,0.5,-650.529,226.114,0,-1214.65,-74.4892,0,4.5e+12,3,0.2,0,planet1,1,1
2051,0.3,0.75,0.5,-332.499,23.0863,0,-4.32286,93.948,0,4.5e+12,3,0.2,0,planet1,1,1
2052,0.3,0.75,0.5,-651.104,127.481,0,-1010.06,-318.93,0,4.5e+12,3,0.2,0,planet1,1,1
2056,0.3,0.75,0.5,-134.48,266.048,0,-49.153,1091.38,0,4.5e+12,3,0.2,1.30339e+17,planet1,1,1
2057,0.3,0.75,0.5,-471.842,-79.7744,0,-132.74,-452.981,0,4.5e+12,3,0.2,0,planet1,1,1
2058,0.3,0.75,0.5,-670.613,-142.831,0,-490.576,-1026.48,0,4.5e+12,3,0.2,0,planet1,1,1
2059,0.3,0.75,0.5,-409.833,-25.9304,0,-93.4934,-189.045,0,4.5e+12,3,0.2,0,planet1,1,1
2067,0.3,0.75,0.5,-184.694,303.511,0,-204.723,1049.63,0,4.5e+12,3,0.2,1.38947e+16,planet1,1,1
2072,0.3,0.75,0.5,-479.155,32.5824,0,-386.359,-190.996,0,4.5e+12,3,0.2,0,planet1,1,1
2076,0.3,0.75,0.5,-280.788,-10.811,0,172.933,122.625,0,4.5e+12,3,0.2,1.30271e+15,planet1,1,1
2077,0.3,0.75,0.5,-181.691,-67.8855,0,170.034,541.927,0,4.5e+12,3,0.2,2.61223e+18,planet1,1,1
2079,0.3,0.75,0.5,-244.157,-195.026,0,-5.9728,-99.9133,0,4.5e+12,3,0.2,6.15432e+17,planet1,1,1
2080,0.3,0.75,0.5,-249.243,-285.949,0,371.005,-139.022,0,4.5e+12,3,0.2,3.7429e+17,planet1,1,1
2085,0.3,0.75,0.5,-344.225,-199.789,0,434.627,-480.415,0,4.5e+12,3,0.2,0,planet1,1,1
2087,0.3,0.75,0.5,-427.334,-336.675,0,517.433,-992.123,0,4.5e+12,3,0.2,0,planet1,1,1
2090,0.3,0.75,0.5,-529.908,-234.143,0,48.451,-955.569,0,4.5e+12,3,0.2,0,planet1,1,1
2094,0.3,0.75,0.5,-345.298,-268.177,0,575.626,-651.257,0,4.5e+12,3,0.2,0,planet1,1,1
2095,0.3,0.75,0.5,-371.676,392.592,0,-768.793,921.657,0,4.5e+12,3,0.2,3.49343e+16,planet1,1,1
2100,0.3,0.75,0.5,-653.649,-171.061,0,-389.03,-1059.64,0,4.5e+12,3,0.2,0,planet1,1,1
2105,0.3,0.75,0.5,-261.527,254.449,0,-278.368,746.668,0,4.5e+12,3,0.2,9.54998e+16,planet1,1,1
2107,0.3,0.75,0.5,-366.3,378,0,-792.319,863.293,0,4.5e+12,3,0.2,3.28118e+15,planet1,1,1
2109,0.3,0.75,0.5,-349.58,54.2765,0,-111.739,135.012,0,4.5e+12,3,0.2,0,planet1,1,1
2110,0.3,0.75,0.5,-425.424,-192.182,0,217.736,-631.77,0,4.5e+12,3,0.2,0,planet1,1,1
2117,0.3,0.75,0.5,-612.181,-33.7317,0,-575.695,-634.623,0,4.5e+12,3,0.2,0,planet1,1,1
2119,0.3,0.75,0.5,-384.663,-37.7207,0,-7.04579,-165.798,0,4.5e+12,3,0.2,0,planet1,1,1
2120,0.3,0.75,0.5,-556.009,-210.184,0,-65.5983,-950.577,0,4.5e+12,3,0.2,0,planet1,1,1
2122,0.3,0.75,0.5,-351.104,-214.65,0,449.324,-531.005,0,4.5e+12,3,0.2,0,planet1,1,1
2126,0.3,0.75,0.5,-207.803,262.153,0,-115.48,919.77,0,4.5e+12,3,0.2,5.69391e+16,planet1,1,1
2128,0.3,0.75,0.5,-716.525,-60.2426,0,-777.097,-918.874,0,4.5e+12,3,0.2,0,planet1,1,1
2130,0.3,0.75,0.5,-256.099,-372.386,0,-374.811,-1147.59,0,4.5e+12,3,0.2,1.69681e+18,planet1,1,1
2131,0.3,0.75,0.5,-357.541,-343.145,0,703.14,-860.967,0,4.5e+12,3,0.2,0,planet1,1,1
2134,0.3,0.75,0.5,-385.887,-19.393,0,-47.1429,-123.765,0,4.5e+12,3,0.2,0,planet1,1,1
2136,0.3,0.75,0.5,-203.77,-71.4002,0,163.789,512.233,0,4.5e+12,3,0.2,2.48453e+17,planet1,1,1
2139,0.3,0.75,0.5,-602.067,120.246,0,-873.898,-232.446,0,4.5e+12,3,0.2,0,planet1,1,1
2142,0.3,0.75,0.5,-465.644,-116.425,0,-40.2431,-529.804,0,4.5e+12,3,0.2,0,planet1,1,1
2145,0.3,0.75,0.5,-405.851,-173.254,0,226.983,-544.269,0,4.5e+12,3,0.2,0,planet1,1,1
2147,0.3,0.75,0.5,-550.084,13.6842,0,-521.179,-387.094,0,4.5e+12,3,0.2,0,planet1,1,1
2148,0.3,0.75,0.5,-239.546,-188.252,0,84.9635,145.952,0,4.5e+12,3,0.2,9.87883e+17,planet1,1,1
2149,0.3,0.75,0.5,-137.346,81.7735,0,390.267,835.24,0,4.5e+12,3,0.2,1.94953e+17,planet1,1,1
2150,0.3,0.75,0.5,-320.71,-53.9804,0,186.54,-72.6529,0,4.5e+12,3,0.2,0,planet1,1,1
2153,0.3,0.75,0.5,-180.078,49.4533,0,262.803,586.589,0,4.5e+12,3,0.2,8.77622e+16,planet1,1,1
2157,0.3,0.75,0.5,-268.919,194.317,0,-190.288,619.214,0,4.5e+12,3,0.2,4.76707e+16,planet1,1,1
2163,0.3,0.75,0.5,-246.303,-297.422,0,30.5957,-401.1,0,4.5e+12,3,0.2,1.17358e+18,planet1,1,1
2164,0.3,0.75,0.5,-425.682,381.471,0,-923.161,833.081,0,4.5e+12,3,0.2,2.183e+16,planet1,1,1
2167,0.3,0.75,0.5,-97.6283,99.3226,0,297.049,943.586,0,4.5e+12,3,0.2,5.07968e+17,planet1,1,1
2168,0.3,0.75,0.5,-693.675,72.6205,0,-999.421,-543.255,0,4.5e+12,3,0.2,0,planet1,1,1
2169,0.3,0.75,0.5,-466.439,82.424,0,-460.236,-41.4085,0,4.5e+12,3,0.2,0,planet1,1,1
2170,0.3,0.75,0.5,-422.767,-138.225,0,111.155,-494.126,0,4.5e+12,3,0.2,0,planet1,1,1
2174,0.3,0.75,0.5,-656.023,113.088,0,-992.411,-365.04,0,4.5e+12,3,0.2,0,planet1,1,1
2177,0.3,0.75,0.5,-217.682,-69.3084,0,281.785,357.262,0,4.5e+12,3,0.2,1.02535e+17,planet1,1,1
2178,0.3,0.75,0.5,-717.862,-86.4871,0,-724.046,-986.663,0,4.5e+12,3,0.2,0,planet1,1,1
2179,0.3,0.75,0.5,-178.787,-28.0875,0,211.431,670.988,0,4.5e+12,3,0.2,1.3533e+18,planet1,1,1
2181,0.3,0.75,0.5,-248.233,-257.246,0,148.635,-373.447,0,4.5e+12,3,0.2,3.57158e+17,planet1,1,1
2189,0.3,0.75,0.5,-618.723,73.9739,0,-818.391,-382.893,0,4.5e+12,3,0.2,0,planet1,1,1
2193,0.3,0.75,0.5,-121.769,96.3939,0,248.517,933.789,0,4.5e+12,3,0.2,2.93828e+16,planet1,1,1
2194,0.3,0.75,0.5,-341.589,267.197,0,-482.439,652.548,0,4.5e+12,3,0.2,6.95037e+15,planet1,1,1
2196,0.3,0.75,0.5,-257.195,291.755,0,-382.545,800.867,0,4.5e+12,3,0.2,5.1185e+17,planet1,1,1
2197,0.3,0.75,0.5,-173.472,90.7177,0,286.94,644.384,0,4.5e+12,3,0.2,1.47496e+16,planet1,1,1
2199,0.3,0.75,0.5,-558.037,-161.481,0,-173.24,-835.03,0,4.5e+12,3,0.2,0,planet1,1,1
2201,0.3,0.75,0.5,-236.2,-258.627,0,196.502,-270.902,0,4.5e+12,3,0.2,1.90397e+18,planet1,1,1
2207,0.3,0.75,0.5,-459.722,295.318,0,-890.765,497.011,0,4.5e+12,3,0.2,0,planet1,1,1
2208,0.3,0.75,0.5,-291.535,237.798,0,-244.758,693.671,0,4.5e+12,3,0.2,1.13407e+17,planet1,1,1
2209,0.3,0.75,0.5,-281.961,65.0376,0,25.558,415.027,0,4.5e+12,3,0.2,5.42651e+17,planet1,1,1
2219,0.3,0.75,0.5,-686.427,-144.645,0,-524.936,-1063.68,0,4.5e+12,3,0.2,0,planet1,1,1
2224,0.3,0.75,0.5,-563.396,-63.0235,0,-393.437,-603.281,0,4.5e+12,3,0.2,0,planet1,1,1
2230,0.3,0.75,0.5,-516.383,-300.063,0,220.749,-1088.97,0,4.5e+12,3,0.2,0,planet1,1,1
2232,0.3,0.75,0.5,-280.655,86.8968,0,46.0713,487.24,0,4.5e+12,3,0.2,5.31663e+16,planet1,1,1
2239,0.3,0.75,0.5,-319.944,241.041,0,-320.792,671.609,0,4.5e+12,3,0.2,5.3992e+17,planet1,1,1
2241,0.3,0.75,0.5,-369.368,264.102,0,-589.169,612.64,0,4.5e+12,3,0.2,1.22683e+16,planet1,1,1
2250,0.3,0.75,0.5,-353.512,-9.85537,0,12.4443,-31.9366,0,4.5e+12,3,0.2,0,planet1,1,1
2251,0.3,0.75,0.5,-113.21,105.319,0,366.922,831.661,0,4.5e+12,3,0.2,1.07004e+17,planet1,1,1
2256,0.3,0.75,0.5,-241.017,-165.68,0,51.2757,132.126,0,4.5e+12,3,0.2,8.486e+17,planet1,1,1
2258,0.3,0.75,0.5,-434.54,173.997,0,-573.632,251.041,0,4.5e+12,3,0.2,0,planet1,1,1
2260,0.3,0.75,0.5,-610.171,-202.911,0,-214.078,-1046.74,0,4.5e+12,3,0.2,0,planet1,1,1
2263,0.3,0.75,0.5,-627.556,-186.035,0,-293.154,-1041.68,0,4.5e+12,3,0.2,0,planet1,1,1
2265,0.3,0.75,0.5,-316.277,171.662,0,-253.113,460.834,0,4.5e+12,3,0.2,2.45074e+15,planet1,1,1
2270,0.3,0.75,0.5,-322.956,120.002,0,-184.332,352.56,0,4.5e+12,3,0.2,0,planet1,1,1
2274,0.3,0.75,0.5,-241.897,56.6473,0,128.05,443.92,0,4.5e+12,3,0.2,3.75734e+17,planet1,1,1
2276,0.3,0.75,0.5,-78.6456,190.422,0,198.024,1107.53,0,4.5e+12,3,0.2,8.55794e+16,planet1,1,1
2279,0.3,0.75,0.5,-58.518,209.901,0,218.736,1040.95,0,4.5e+12,3,0.2,1.22143e+16,planet1,1,1
2280,0.3,0.75,0.5,-243.625,-150.779,0,60.2924,131.737,0,4.5e+12,3,0.2,3.29157e+17,planet1,1,1
2282,0.3,0.75,0.5,-365.301,274.707,0,-602.407,610.867,0,4.5e+12,3,0.2,4.01525e+15,planet1,1,1
2283,0.3,0.75,0.5,-549.866,-83.7374,0,-316.455,-626.856,0,4.5e+12,3,0.2,0,planet1,1,1
2285,0.3,0.75,0.5,-250.474,-85.2538,0,426.456,-2.35616,0,4.5e+12,3,0.2,0,planet1,1,1
2289,0.3,0.75,0.5,-447.328,-123.383,0,19.675,-508.814,0,4.5e+12,3,0.2,0,planet1,1,1
2290,0.3,0.75,0.5,-392.211,99.4212,0,-313.211,155.184,0,4.5e+12,3,0.2,0,planet1,1,1
2292,0.3,0.75,0.5,-658.196,-0.0477207,0,-759.775,-647.61,0,4.5e+12,3,0.2,0,planet1,1,1
2293,0.3,0.75,0.5,-342.092,-41.86,0,108.02,-86.6239,0,4.5e+12,3,0.2,0,planet1,1,1
2294,0.3,0.75,0.5,-320.559,-265.192,0,630.942,-592.123,0,4.5e+12,3,0.2,0,planet1,1,1
2302,0.3,0.75,0.5,-92.1163,154.062,0,265.496,928.314,0,4.5e+12,3,0.2,4.32284e+15,planet1,1,1
2308,0.3,0.75,0.5,-282.258,-242.751,0,677.345,-455.856,0,4.5e+12,3,0.2,0,planet1,1,1
2309,0.3,0.75,0.5,-697.067,-105.962,0,-632.667,-990.977,0,4.5e+12,3,0.2,0,planet1,1,1
2311,0.3,0.75,0.5,-523.513,315.526,0,-1090.59,412.638,0,4.5e+12,3,0.2,0,planet1,1,1
2314,0.3,0.75,0.5,-480.791,8.43749,0,-340.827,-253.653,0,4.5e+12,3,0.2,0,planet1,1,1
2317,0.3,0.75,0.5,-428.958,373.809,0,-931.515,814.005,0,4.5e+12,3,0.2,4.70396e+16,planet1,1,1
2319,0.3,0.75,0.5,-118.155,144.567,0,265.287,872.354,0,4.5e+12,3,0.2,7.74477e+16,planet1,1,1
2321,0.3,0.75,0.5,-535.926,251.264,0,-985.488,229.029,0,4.5e+12,3,0.2,0,planet1,1,1
2326,0.3,0.75,0.5,-275.588,217.887,0,-243.44,655.526,0,4.5e+12,3,0.2,3.81049e+16,planet1,1,1
2328,0.3,0.75,0.5,-419.438,-28.8899,0,-110.348,-217.133,0,4.5e+12,3,0.2,0,planet1,1,1
2335,0.3,0.75,0.5,-399.218,-312.329,0,535.863,-873.428,0,4.5e+12,3,0.2,0,planet1,1,1
2337,0.3,0.75,0.5,-602.47,-265.86,0,-63.1773,-1186.4,0,4.5e+12,3,0.2,0,planet1,1,1
2338,0.3,0.75,0.5,-463.137,258.825,0,-821.91,400.22,0,4.5e+12,3,0.2,0,planet1,1,1
2339,0.3,0.75,0.5,-448.346,65.5551,0,-379.361,-45.8956,0,4.5e+12,3,0.2,0,planet1,1,1
2343,0.3,0.75,0.5,-458.817,282.648,0,-861.431,467.871,0,4.5e+12,3,0.2,0,planet1,1,1
2349,0.3,0.75,0.5,-260.4,236.716,0,-216.752,654.988,0,4.5e+12,3,0.2,4.11043e+17,planet1,1,1
2353,0.3,0.75,0.5,-209.428,-63.2188,0,167.075,474.72,0,4.5e+12,3,0.2,2.13947e+17,planet1,1,1
2357,0.3,0.75,0.5,-400.383,-229.833,0,358.516,-672.882,0,4.5e+12,3,0.2,0,planet1,1,1
2361,0.3,0.75,0.5,-498.977,-223.213,0,102.269,-862.288,0,4.5e+12,3,0.2,0,planet1,1,1
2363,0.3,0.75,0.5,-600.271,-34.4134,0,-544.903,-610.846,0,4.5e+12,3,0.2,0,planet1,1,1
2365,0.3,0.75,0.5,-204.443,-83.6577,0,155.895,496.346,0,4.5e+12,3,0.2,1.78692e+18,planet1,1,1
2368,0.3,0.75,0.5,-195.918,190.343,0,10.4819,806.684,0,4.5e+12,3,0.2,1.25646e+16,planet1,1,1
2370,0.3,0.75,0.5,-411.084,-52.3587,0,-41.1861,-256.526,0,4.5e+12,3,0.2,0,planet1,1,1
2377,0.3,0.75,0.5,-191.101,-63.7528,0,230.525,493.963,0,4.5e+12,3,0.2,6.70688e+17,planet1,1,1
2381,0.3,0.75,0.5,-228.458,-124.393,0,195.706,315.615,0,4.5e+12,3,0.2,4.69993e+17,planet1,1,1
2382,0.3,0.75,0.5,-260.234,-251.29,0,750.023,-430.396,0,4.5e+12,3,0.2,0,planet1,1,1
2383,0.3,0.75,0.5,-240.468,-159.047,0,96.27,144.291,0,4.5e+12,3,0.2,7.44867e+17,planet1,1,1
2387,0.3,0.75,0.5,-467.22,-321.695,0,387.779,-1038.37,0,4.5e+12,3,0.2,0,planet1,1,1
2389,0.3,0.75,0.5,-244.846,-251.719,0,-56.541,-187.581,0,4.5e+12,3,0.2,9.58942e+17,planet1,1,1
2392,0.3,0.75,0.5,-81.9103,149.924,0,306.239,1025.29,0,4.5e+12,3,0.2,1.72456e+16,planet1,1,1
2393,0.3,0.75,0.5,-521.98,-291.571,0,188.92,-1080.52,0,4.5e+12,3,0.2,0,planet1,1,1
2395,0.3,0.75,0.5,-360.031,81.9725,0,-196.041,180.615,0,4.5e+12,3,0.2,0,planet1,1,1
2397,0.3,0.75,0.5,-335.041,129.789,0,-234.805,350.887,0,4.5e+12,3,0.2,0,planet1,1,1
2402,0.3,0.75,0.5,-648.622,-242.756,0,-225.097,-1226.28,0,4.5e+12,3,0.2,0,planet1,1,1
2407,0.3,0.75,0.5,-533.903,-150.665,0,-136.953,-757.439,0,4.5e+12,3,0.2,0,planet1,1,1
2408,0.3,0.75,0.5,-193.2,-70.9581,0,180.104,504.309,0,4.5e+12,3,0.2,1.16569e+18,planet1,1,1
2410,0.3,0.75,0.5,-406.695,-12.3425,0,-114.249,-149.301,0,4.5e+12,3,0.2,0,planet1,1,1
2413,0.3,0.75,0.5,-261.519,-349.919,0,-44.0734,-811.819,0,4.5e+12,3,0.2,4.71431e+17,planet1,1,1
2415,0.3,0.75,0.5,-186.459,7.49564,0,266.137,694.393,0,4.5e+12,3,0.2,1.48506e+18,planet1,1,1
2419,0.3,0.75,0.5,-457.078,-308.845,0,384.994,-985.932,0,4.5e+12,3,0.2,0,planet1,1,1
2424,0.3,0.75,0.5,-686.447,-70.2544,0,-681.278,-880.704,0,4.5e+12,3,0.2,0,planet1,1,1
2427,0.3,0.75,0.5,-230.324,-135.829,0,150.705,260.467,0,4.5e+12,3,0.2,9.70946e+17,planet1,1,1
2428,0.3,0.75,0.5,-600.091,4.6627,0,-625.558,-513.873,0,4.5e+12,3,0.2,0,planet1,1,1
2430,0.3,0.75,0.5,-168.33,55.4305,0,226.019,791.783,0,4.5e+12,3,0.2,9.3558e+17,planet1,1,1
2431,0.3,0.75,0.5,-77.9699,83.3483,0,238.933,715.565,0,4.5e+12,3,0.2,7.16435e+17,planet1,1,1
2434,0.3,0.75,0.5,-243.455,-230.762,0,-35.98,-35.8549,0,4.5e+12,3,0.2,1.09893e+18,planet1,1,1
2440,0.3,0.75,0.5,-621.502,-48.0336,0,-567.421,-689.032,0,4.5e+12,3,0.2,0,planet1,1,1
2446,0.3,0.75,0.5,-103.385,65.9165,0,287.597,870.973,0,4.5e+12,3,0.2,9.36996e+17,planet1,1,1
2447,0.3,0.75,0.5,-332.682,-157.087,0,373.179,-350.923,0,4.5e+12,3,0.2,0,planet1,1,1
2448,0.3,0.75,0.5,-303.403,-89.1771,0,302.863,-122.885,0,4.5e+12,3,0.2,0,planet1,1,1
2449,0.3,0.75,0.5,-424.999,-213.804,0,264.142,-684.523,0,4.5e+12,3,0.2,0,planet1,1,1
2451,0.3,0.75,0.5,-295.803,-160.441,0,471.836,-281.956,0,4.5e+12,3,0.2,0,planet1,1,1
2452,0.3,0.75,0.5,-249.495,-278.554,0,286.445,-304.62,0,4.5e+12,3,0.2,8.68313e+17,planet1,1,1
2455,0.3,0.75,0.5,-491.114,-287.885,0,257.164,-1006.44,0,4.5e+12,3,0.2,0,planet1,1,1
2458,0.3,0.75,0.5,-217.462,254.673,0,-156.856,911.347,0,4.5e+12,3,0.2,6.2195e+16,planet1,1,1
2462,0.3,0.75,0.5,-119.725,189.491,0,127.103,941.554,0,4.5e+12,3,0.2,2.27386e+15,planet1,1,1
2464,0.3,0.75,0.5,-283.515,-33.9307,0,236.166,55.6314,0,4.5e+12,3,0.2,0,planet1,1,1
2466,0.3,0.75,0.5,-710.684,116.917,0,-1135.18,-470.772,0,4.5e+12,3,0.2,0,planet1,1,1
2469,0.3,0.75,0.5,-637.395,110.751,0,-940.825,-331.296,0,4.5e+12,3,0.2,0,planet1,1,1
2471,0.3,0.75,0.5,-143.494,288.578,0,-70.8483,1147.39,0,4.5e+12,3,0.2,2.28942e+15,planet1,1,1
2472,0.3,0.75,0.5,-556.905,53.6439,0,-622.874,-302.384,0,4.5e+12,3,0.2,0,planet1,1,1
2474,0.3,0.75,0.5,-122.059,308.097,0,-32.2759,1138.94,0,4.5e+12,3,0.2,4.01577e+17,planet1,1,1
2483,0.3,0.75,0.5,-241.669,-274.879,0,116.597,-248.331,0,4.5e+12,3,0.2,1.44892e+18,planet1,1,1
2486,0.3,0.75,0.5,-564.271,129.812,0,-801.117,-130.07,0,4.5e+12,3,0.2,0,planet1,1,1
2487,0.3,0.75,0.5,-258.738,10.3105,0,203.873,216.773,0,4.5e+12,3,0.2,0,planet1,1,1
2490,0.3,0.75,0.5,-314.913,-255.303,0,623.481,-556.088,0,4.5e+12,3,0.2,0,planet1,1,1
2491,0.3,0.75,0.5,-129.958,105.342,0,349.916,760.059,0,4.5e+12,3,0.2,6.44741e+16,planet1,1,1
2494,0.3,0.75,0.5,-151.276,178.933,0,115.133,858.185,0,4.5e+12,3,0.2,0,planet1,1,1
2502,0.3,0.75,0.5,-308.169,-114.294,0,343.657,-194.117,0,4.5e+12,3,0.2,0,planet1,1,1
2504,0.3,0.75,0.5,-359.48,252.975,0,-507.555,570.353,0,4.5e+12,3,0.2,2.44679e+17,planet1,1,1
2505,0.3,0.75,0.5,-427.821,213.896,0,-640.316,364.056,0,4.5e+12,3,0.2,0,planet1,1,1
2507,0.3,0.75,0.5,-615.134,-189.747,0,-254.327,-1024.91,0,4.5e+12,3,0.2,0,planet1,1,1
2508,0.3,0.75,0.5,-449.442,258.574,0,-788.188,429.136,0,4.5e+12,3,0.2,0,planet1,1,1
2510,0.3,0.75,0.5,-568.366,-148.523,0,-226.948,-825.336,0,4.5e+12,3,0.2,0,planet1,1,1
2513,0.3,0.75,0.5,-536.82,224.154,0,-930.771,159.539,0,4.5e+12,3,0.2,0,planet1,1,1
2514,0.3,0.75,0.5,-206.542,169.833,0,18.0245,729.14,0,4.5e+12,3,0.2,7.4279e+15,planet1,1,1
2518,0.3,0.75,0.5,-306.521,-65.9344,0,246.302,-70.8444,0,4.5e+12,3,0.2,0,planet1,1,1
2519,0.3,0.75,0.5,-164.421,351.657,0,-131.872,1056.82,0,4.5e+12,3,0.2,5.02193e+17,planet1,1,1
2520,0.3,0.75,0.5,-511.424,-177.974,0,-23.7494,-779.114,0,4.5e+12,3,0.2,0,planet1,1,1
2521,0.3,0.75,0.5,-469.08,-178.298,0,81.3975,-690.343,0,4.5e+12,3,0.2,0,planet1,1,1
2525,0.3,0.75,0.5,-252.503,-261.814,0,122.366,-63.9283,0,4.5e+12,3,0.2,6.25829e+17,planet1,1,1
2527,0.3,0.75,0.5,-155.206,45.7916,0,229.408,920.238,0,4.5e+12,3,0.2,2.27855e+18,planet1,1,1
2528,0.3,0.75,0.5,-571.597,-31.4625,0,-480.999,-543.88,0,4.5e+12,3,0.2,0,planet1,1,1
2529,0.3,0.75,0.5,-146.079,78.3658,0,351.17,756.143,0,4.5e+12,3,0.2,1.33459e+17,planet1,1,1
2532,0.3,0.75,0.5,-196.917,-62.2469,0,233.566,505.349,0,4.5e+12,3,0.2,5.05079e+17,planet1,1,1
2533,0.3,0.75,0.5,-182.588,-56.0284,0,119.285,557.636,0,4.5e+12,3,0.2,1.05925e+18,planet1,1,1
2535,0.3,0.75,0.5,-116.276,123.006,0,302.459,807.618,0,4.5e+12,3,0.2,4.65387e+16,planet1,1,1
2540,0.3,0.75,0.5,-224.762,-119.633,0,169.533,341.79,0,4.5e+12,3,0.2,1.01358e+18,planet1,1,1
2542,0.3,0.75,0.5,-244.134,290.716,0,-344.086,884.917,0,4.5e+12,3,0.2,3.29424e+17,planet1,1,1
2550,0.3,0.75,0.5,-117.634,251.876,0,-10.4327,1083.31,0,4.5e+12,3,0.2,7.13832e+16,planet1,1,1
2552,0.3,0.75,0.5,-235.421,-297.09,0,-61.459,-228.149,0,4.5e+12,3,0.2,2.17633e+18,planet1,1,1
2554,0.3,0.75,0.5,-475.112,105.013,0,-529.106,-3.33672,0,4.5e+12,3,0.2,0,planet1,1,1
2557,0.3,0.75,0.5,-553.063,234.122,0,-993.265,149.996,0,4.5e+12,3,0.2,0,planet1,1,1
2559,0.3,0.75,0.5,-514.647,-157.191,0,-74.8249,-733.496,0,4.5e+12,3,0.2,0,planet1,1,1
2560,0.3,0.75,0.5,-493.484,-252.29,0,176.986,-922.793,0,4.5e+12,3,0.2,0,planet1,1,1
2563,0.3,0.75,0.5,-156.32,105.313,0,257.99,665.627,0,4.5e+12,3,0.2,0,planet1,1,1
2566,0.3,0.75,0.5,-419.76,275.726,0,-750.617,533.163,0,4.5e+12,3,0.2,0,planet1,1,1
2569,0.3,0.75,0.5,-415.542,372.301,0,-886.546,813.309,0,4.5e+12,3,0.2,2.56952e+17,planet1,1,1
2577,0.3,0.75,0.5,-332.07,154.484,0,-310.579,433.383,0,4.5e+12,3,0.2,6.74068e+16,planet1,1,1
2580,0.3,0.75,0.5,-257.973,-338.388,0,-50.8715,-421.057,0,4.5e+12,3,0.2,2.03649e+18,planet1,1,1
2584,0.3,0.75,0.5,-216.088,316.442,0,-306.399,910.426,0,4.5e+12,3,0.2,6.25425e+17,planet1,1,1
2591,0.3,0.75,0.5,-186.232,-44.6935,0,239.075,618.617,0,4.5e+12,3,0.2,7.35764e+17,planet1,1,1
2592,0.3,0.75,0.5,-561.176,112.916,0,-758.028,-165.792,0,4.5e+12,3,0.2,0,planet1,1,1
2599,0.3,0.75,0.5,-443.73,-15.9727,0,-197.602,-237.003,0,4.5e+12,3,0.2,0,planet1,1,1
2604,0.3,0.75,0.5,-279.797,106.306,0,-22.4884,422.928,0,4.5e+12,3,0.2,1.23556e+15,planet1,1,1
2608,0.3,0.75,0.5,-362.461,-358.015,0,722.2,-908.353,0,4.5e+12,3,0.2,0,planet1,1,1
2614,0.3,0.75,0.5,-389.97,144.441,0,-401.97,272.044,0,4.5e+12,3,0.2,0,planet1,1,1
2617,0.3,0.75,0.5,-181.225,293.812,0,-181.516,1041,0,4.5e+12,3,0.2,2.82316e+15,planet1,1,1
2618,0.3,0.75,0.5,-402.103,80.274,0,-296.779,88.9675,0,4.5e+12,3,0.2,0,planet1,1,1
2620,0.3,0.75,0.5,-160.833,36.617,0,253.05,880.611,0,4.5e+12,3,0.2,1.08362e+18,planet1,1,1
2622,0.3,0.75,0.5,-392.448,-134.398,0,177.783,-420.462,0,4.5e+12,3,0.2,0,planet1,1,1
2625,0.3,0.75,0.5,-179.708,-61.9305,0,222.811,528.297,0,4.5e+12,3,0.2,1.61737e+18,planet1,1,1
2629,0.3,0.75,0.5,-544.938,-21.7014,0,-433.762,-463.103,0,4.5e+12,3,0.2,0,planet1,1,1
2632,0.3,0.75,0.5,-427.787,34.4956,0,-263.777,-78.1333,0,4.5e+12,3,0.2,0,planet1,1,1
2633,0.3,0.75,0.5,-262.83,-19.4874,0,256.15,134.608,0,4.5e+12,3,0.2,0,planet1,1,1
2637,0.3,0.75,0.5,-520.089,-107.865,0,-192.33,-623.605,0,4.5e+12,3,0.2,0,planet1,1,1
2643,0.3,0.75,0.5,-294.447,23.1683,0,89.4304,173.905,0,4.5e+12,3,0.2,0,planet1,1,1
2646,0.3,0.75,0.5,-211.656,-68.9295,0,335.788,499.802,0,4.5e+12,3,0.2,7.23978e+17,planet1,1,1
2647,0.3,0.75,0.5,-228.675,-249.296,0,-82.234,-31.6167,0,4.5e+12,3,0.2,3.04368e+18,planet1,1,1
2648,0.3,0.75,0.5,-202.742,72.2295,0,240.749,636.293,0,4.5e+12,3,0.2,3.2421e+17,planet1,1,1
2653,0.3,0.75,0.5,-160.59,15.0519,0,226.353,877.639,0,4.5e+12,3,0.2,1.57751e+18,planet1,1,1
2654,0.3,0.75,0.5,-137.883,55.433,0,339.012,851.636,0,4.5e+12,3,0.2,7.10487e+17,planet1,1,1
2655,0.3,0.75,0.5,-260.709,247.38,0,-224.315,720.554,0,4.5e+12,3,0.2,3.40905e+17,planet1,1,1
2659,0.3,0.75,0.5,-565.038,-270.199,0,37.6515,-1117.83,0,4.5e+12,3,0.2,0,planet1,1,1
2661,0.3,0.75,0.5,-479.196,362.808,0,-1081.89,621.412,0,4.5e+12,3,0.2,0,planet1,1,1
2662,0.3,0.75,0.5,-267.22,248.954,0,-246.605,698.145,0,4.5e+12,3,0.2,2.34433e+17,planet1,1,1
2671,0.3,0.75,0.5,-562.956,-290.98,0,87.6434,-1164.04,0,4.5e+12,3,0.2,0,planet1,1,1
2672,0.3,0.75,0.5,-234.705,-264.508,0,89.0648,-257.891,0,4.5e+12,3,0.2,1.93368e+18,planet1,1,1
2673,0.3,0.75,0.5,-330.383,-64.2132,0,183.817,-117.87,0,4.5e+12,3,0.2,0,planet1,1,1
2675,0.3,0.75,0.5,-148.612,196.449,0,35.8281,881.985,0,4.5e+12,3,0.2,6.87336e+15,planet1,1,1
2682,0.3,0.75,0.5,-162.494,220.381,0,24.6999,884.622,0,4.5e+12,3,0.2,5.23324e+15,planet1,1,1
2685,0.3,0.75,0.5,-134.354,76.5274,0,389.243,829.539,0,4.5e+12,3,0.2,1.43513e+17,planet1,1,1
2691,0.3,0.75,0.5,-338.877,-363.722,0,792.105,-872.033,0,4.5e+12,3,0.2,0,planet1,1,1
2692,0.3,0.75,0.5,-377.62,383.226,0,-785.937,883.916,0,4.5e+12,3,0.2,7.66444e+17,planet1,1,1
2693,0.3,0.75,0.5,-133.431,198.63,0,64.3062,949.65,0,4.5e+12,3,0.2,2.13324e+16,planet1,1,1
2696,0.3,0.75,0.5,-496.584,120.877,0,-614.744,-10.5754,0,4.5e+12,3,0.2,0,planet1,1,1
2698,0.3,0.75,0.5,-347.408,130.908,0,-267.124,326.708,0,4.5e+12,3,0.2,0,planet1,1,1
2699,0.3,0.75,0.5,-543.832,317.092,0,-1143.41,372.895,0,4.5e+12,3,0.2,0,planet1,1,1
2701,0.3,0.75,0.5,-468.821,351.448,0,-1031.86,616.131,0,4.5e+12,3,0.2,0,planet1,1,1
2705,0.3,0.75,0.5,-118.759,52.556,0,322.459,859.751,0,4.5e+12,3,0.2,7.02881e+17,planet1,1,1
2707,0.3,0.75,0.5,-210.709,-119.627,0,98.4377,394.43,0,4.5e+12,3,0.2,2.76239e+18,planet1,1,1
2712,0.3,0.75,0.5,-475.559,327.108,0,-996.613,541.905,0,4.5e+12,3,0.2,0,planet1,1,1
2713,0.3,0.75,0.5,-523.706,-190.063,0,-28.095,-833.923,0,4.5e+12,3,0.2,0,planet1,1,1
2714,0.3,0.75,0.5,-295.091,-307.394,0,782.138,-641.331,0,4.5e+12,3,0.2,0,planet1,1,1
2715,0.3,0.75,0.5,-297.127,201.162,0,-241.087,654.916,0,4.5e+12,3,0.2,4.65669e+16,planet1,1,1
2718,0.3,0.75,0.5,-535.838,-112.773,0,-221.141,-667.812,0,4.5e+12,3,0.2,0,planet1,1,1
2730,0.3,0.75,0.5,-286.511,-163.446,0,500.399,-269.018,0,4.5e+12,3,0.2,0,planet1,1,1
2734,0.3,0.75,0.5,-95.1327,118.95,0,310.236,924.731,0,4.5e+12,3,0.2,6.84414e+16,planet1,1,1
2736,0.3,0.75,0.5,-490.196,127.847,0,-614.714,20.1296,0,4.5e+12,3,0.2,0,planet1,1,1
2737,0.3,0.75,0.5,-273.043,188.823,0,-190.321,649.201,0,4.5e+12,3,0.2,1.86682e+16,planet1,1,1
2743,0.3,0.75,0.5,-599.903,32.6105,0,-684.992,-444.588,0,4.5e+12,3,0.2,0,planet1,1,1
2745,0.3,0.75,0.5,-644.494,240.49,0,-1231.36,-27.4051,0,4.5e+12,3,0.2,0,planet1,1,1
2747,0.3,0.75,0.5,-685.185,-123.666,0,-565.799,-1008.55,0,4.5e+12,3,0.2,0,planet1,1,1
2753,0.3,0.75,0.5,-423.092,-55.5226,0,-63.3783,-290.753,0,4.5e+12,3,0.2,0,planet1,1,1
2762,0.3,0.75,0.5,-171.522,322.492,0,-211.709,1088.39,0,4.5e+12,3,0.2,9.45664e+16,planet1,1,1
2765,0.3,0.75,0.5,-232.829,123.148,0,13.6494,623.349,0,4.5e+12,3,0.2,1.99617e+16,planet1,1,1
2766,0.3,0.75,0.5,-328.677,-288.851,0,659.782,-667.158,0,4.5e+12,3,0.2,0,planet1,1,1
2767,0.3,0.75,0.5,-64.492,215.071,0,166.71,1033.92,0,4.5e+12,3,0.2,6.94227e+16,planet1,1,1
2775,0.3,0.75,0.5,-467.276,-147.026,0,19.346,-609.387,0,4.5e+12,3,0.2,0,planet1,1,1
2778,0.3,0.75,0.5,-255.827,259.831,0,-283.514,777.213,0,4.5e+12,3,0.2,5.53653e+15,planet1,1,1
2781,0.3,0.75,0.5,-240.654,-263.726,0,86.5948,-267.466,0,4.5e+12,3,0.2,2.24806e+18,planet1,1,1
2784,0.3,0.75,0.5,-435.654,-52.6503,0,-100.24,-309.744,0,4.5e+12,3,0.2,0,planet1,1,1
2787,0.3,0.75,0.5,-166.578,16.2109,0,230.34,896.641,0,4.5e+12,3,0.2,6.39877e+17,planet1,1,1
2789,0.3,0.75,0.5,-77.6889,136.397,0,257.766,1017.9,0,4.5e+12,3,0.2,5.70693e+17,planet1,1,1
2796,0.3,0.75,0.5,-234.713,-274.551,0,-47.7396,-318.499,0,4.5e+12,3,0.2,1.45175e+18,planet1,1,1
2797,0.3,0.75,0.5,-230.868,145.644,0,20.9828,619.122,0,4.5e+12,3,0.2,4.12609e+16,planet1,1,1
2798,0.3,0.75,0.5,-219.657,270.472,0,-262.076,869.071,0,4.5e+12,3,0.2,1.64228e+16,planet1,1,1
2799,0.3,0.75,0.5,-629.289,34.2259,0,-760.158,-502.259,0,4.5e+12,3,0.2,0,planet1,1,1
2810,0.3,0.75,0.5,-447.456,103.983,0,-458.116,52.065,0,4.5e+12,3,0.2,0,planet1,1,1
2813,0.3,0.75,0.5,-288.12,178.304,0,-177.341,596.472,0,4.5e+12,3,0.2,2.71991e+16,planet1,1,1
2814,0.3,0.75,0.5,-369.583,-215.266,0,404.316,-572.131,0,4.5e+12,3,0.2,0,planet1,1,1
2816,0.3,0.75,0.5,-106.869,85.2807,0,281.312,910.03,0,4.5e+12,3,0.2,3.64791e+17,planet1,1,1
2818,0.3,0.75,0.5,-598.376,293.581,0,-1229.85,199.936,0,4.5e+12,3,0.2,0,planet1,1,1
2822,0.3,0.75,0.5,-289.081,-382.27,0,-657.992,-1035.77,0,4.5e+12,3,0.2,2.76271e+18,planet1,1,1
2824,0.3,0.75,0.5,-520.853,162.291,0,-762.277,40.5322,0,4.5e+12,3,0.2,0,planet1,1,1
2826,0.3,0.75,0.5,-492.621,-156.349,0,-23.5035,-684.454,0,4.5e+12,3,0.2,0,planet1,1,1
2829,0.3,0.75,0.5,-219.624,-105.144,0,73.6029,408.458,0,4.5e+12,3,0.2,9.45757e+17,planet1,1,1
2831,0.3,0.75,0.5,-361.044,-99.9561,0,183.066,-269.505,0,4.5e+12,3,0.2,0,planet1,1,1
2832,0.3,0.75,0.5,-243.164,94.1492,0,107.48,478.152,0,4.5e+12,3,0.2,8.39574e+15,planet1,1,1
2834,0.3,0.75,0.5,-129.766,15.1169,0,80.5951,648.648,0,4.5e+12,3,0.2,1.76449e+18,planet1,1,1
2835,0.3,0.75,0.5,-449.961,-231.531,0,240.096,-780.581,0,4.5e+12,3,0.2,0,planet1,1,1
2839,0.3,0.75,0.5,-103.443,59.7809,0,339.531,859.649,0,4.5e+12,3,0.2,2.09553e+18,planet1,1,1
2841,0.3,0.75,0.5,-208.162,213.422,0,-70.0429,786.233,0,4.5e+12,3,0.2,2.69981e+16,planet1,1,1
2848,0.3,0.75,0.5,-438.902,120.499,0,-472.68,110.243,0,4.5e+12,3,0.2,0,planet1,1,1
2849,0.3,0.75,0.5,-685.689,9.54979,0,-847.556,-681.697,0,4.5e+12,3,0.2,0,planet1,1,1
2859,0.3,0.75,0.5,-412.933,-71.9466,0,-4.02006,-308.675,0,4.5e+12,3,0.2,0,planet1,1,1
2863,0.3,0.75,0.5,-642.551,250.075,0,-1247.32,-0.0159736,0,4.5e+12,3,0.2,0,planet1,1,1
2866,0.3,0.75,0.5,-299.734,106.919,0,-109.593,364.341,0,4.5e+12,3,0.2,3.58185e+14,planet1,1,1
2870,0.3,0.75,0.5,-451.68,-270.961,0,319.032,-881.939,0,4.5e+12,3,0.2,0,planet1,1,1
2875,0.3,0.75,0.5,-306.002,-304.454,0,748.933,-657.117,0,4.5e+12,3,0.2,0,planet1,1,1
2876,0.3,0.75,0.5,-613.555,-123.945,0,-388.991,-859.224,0,4.5e+12,3,0.2,0,planet1,1,1
2878,0.3,0.75,0.5,-286.762,-285.141,0,755.982,-570.232,0,4.5e+12,3,0.2,0,planet1,1,1
2881,0.3,0.75,0.5,-246.691,-163.254,0,8.40684,82.7976,0,4.5e+12,3,0.2,5.15314e+17,planet1,1,1
2882,0.3,0.75,0.5,-160.068,114.782,0,227.908,680.96,0,4.5e+12,3,0.2,0,planet1,1,1
2886,0.3,0.75,0.5,-353.253,-47.5019,0,92.6753,-124.283,0,4.5e+12,3,0.2,0,planet1,1,1
2890,0.3,0.75,0.5,-106.799,193.667,0,142.038,1007.18,0,4.5e+12,3,0.2,2.18097e+17,planet1,1,1
2903,0.3,0.75,0.5,-589.866,-173.235,0,-227.069,-932.005,0,4.5e+12,3,0.2,0,planet1,1,1
2912,0.3,0.75,0.5,-363.341,-385.059,0,777.771,-976.127,0,4.5e+12,3,0.2,0,planet1,1,1
2913,0.3,0.75,0.5,-667.398,161.981,0,-1121.75,-268.003,0,4.5e+12,3,0.2,0,planet1,1,1
2918,0.3,0.75,0.5,-354.82,292.508,0,-603.999,699.846,0,4.5e+12,3,0.2,1.03043e+17,planet1,1,1
2927,0.3,0.75,0.5,-566.545,33.6404,0,-603.765,-372.168,0,4.5e+12,3,0.2,0,planet1,1,1
2929,0.3,0.75,0.5,-183.784,319.683,0,-222.385,1055.2,0,4.5e+12,3,0.2,6.56521e+17,planet1,1,1
2930,0.3,0.75,0.5,-216.2,-100.2,0,117.339,383.125,0,4.5e+12,3,0.2,6.951e+17,planet1,1,1
2931,0.3,0.75,0.5,-172.073,137.582,0,202.071,710.667,0,4.5e+12,3,0.2,7.49544e+16,planet1,1,1
2933,0.3,0.75,0.5,-278.339,184.8,0,-181.753,638.388,0,4.5e+12,3,0.2,1.23167e+16,planet1,1,1
2934,0.3,0.75,0.5,-420.851,182.302,0,-557.092,299.409,0,4.5e+12,3,0.2,0,planet1,1,1
2938,0.3,0.75,0.5,-209.444,237.869,0,-131.377,762.365,0,4.5e+12,3,0.2,5.42298e+16,planet1,1,1
2939,0.3,0.75,0.5,-696.189,22.0837,0,-899.526,-673.315,0,4.5e+12,3,0.2,0,planet1,1,1
2944,0.3,0.75,0.5,-177.108,197.95,0,11.3817,853.727,0,4.5e+12,3,0.2,6.95755e+14,planet1,1,1
2947,0.3,0.75,0.5,-249.937,-313.738,0,134.834,-421.704,0,4.5e+12,3,0.2,9.796e+17,planet1,1,1
2954,0.3,0.75,0.5,-111.559,226.037,0,45.1554,1021.04,0,4.5e+12,3,0.2,6.41833e+16,planet1,1,1
2958,0.3,0.75,0.5,-232.583,-197.583,0,59.0592,75.1147,0,4.5e+12,3,0.2,1.83452e+18,planet1,1,1
2963,0.3,0.75,0.5,-390.748,-349.622,0,635.024,-946.955,0,4.5e+12,3,0.2,0,planet1,1,1
2972,0.3,0.75,0.5,-216.105,-122.252,0,103.933,383.133,0,4.5e+12,3,0.2,1.40787e+18,planet1,1,1
2974,0.3,0.75,0.5,-267.141,-168.972,0,560.636,-242.389,0,4.5e+12,3,0.2,0,planet1,1,1
2976,0.3,0.75,0.5,-96.5039,72.4172,0,289.122,866.653,0,4.5e+12,3,0.2,3.04106e+17,planet1,1,1
2981,0.3,0.75,0.5,-457.851,305.842,0,-908.878,526.93,0,4.5e+12,3,0.2,0,planet1,1,1
2983,0.3,0.75,0.5,-184.183,155.007,0,200.484,766.074,0,4.5e+12,3,0.2,1.66292e+17,planet1,1,1
2985,0.3,0.75,0.5,-268.967,278.793,0,-371.456,778.383,0,4.5e+12,3,0.2,3.61124e+16,planet1,1,1
2991,0.3,0.75,0.5,-263.037,-75.7055,0,374.841,-4.5493,0,4.5e+12,3,0.2,0,planet1,1,1
2994,0.3,0.75,0.5,-266.221,226.78,0,-238.651,656.337,0,4.5e+12,3,0.2,4.95695e+16,planet1,1,1
2997,0.3,0.75,0.5,-223.161,-90.7534,0,77.7551,329.73,0,4.5e+12,3,0.2,5.61296e+17,planet1,1,1
3001,0.3,0.75,0.5,-568.672,196.796,0,-952.693,25.2805,0,4.5e+12,3,0.2,0,planet1,1,1
3002,0.3,0.75,0.5,-155.609,39.7339,0,233.171,929.151,0,4.5e+12,3,0.2,1.71268e+18,planet1,1,1
3006,0.3,0.75,0.5,-644.774,-62.6589,0,-595.735,-773.935,0,4.5e+12,3,0.2,0,planet1,1,1
3007,0.3,0.75,0.5,-346.439,-127.148,0,275.986,-306.692,0,4.5e+12,3,0.2,0,planet1,1,1
3015,0.3,0.75,0.5,-459.822,-180.024,0,106.823,-673.659,0,4.5e+12,3,0.2,0,planet1,1,1
3019,0.3,0.75,0.5,-666.321,-218.879,0,-318.085,-1203.96,0,4.5e+12,3,0.2,0,planet1,1,1
3035,0.3,0.75,0.5,-344.162,-308.688,0,663.13,-748.096,0,4.5e+12,3,0.2,0,planet1,1,1
3038,0.3,0.75,0.5,-644.568,138.939,0,-1017.83,-276.8,0,4.5e+12,3,0.2,0,planet1,1,1
3047,0.3,0.75,0.5,-117.553,243.527,0,29.6095,1070.11,0,4.5e+12,3,0.2,1.16444e+17,planet1,1,1
3048,0.3,0.75,0.5,-496.238,270.222,0,-928.025,359.163,0,4.5e+12,3,0.2,0,planet1,1,1
3050,0.3,0.75,0.5,-221.977,-147.109,0,55.8808,304.628,0,4.5e+12,3,0.2,3.19539e+18,planet1,1,1
3054,0.3,0.75,0.5,-312.447,384.984,0,-650.515,1031.55,0,4.5e+12,3,0.2,8.11556e+16,planet1,1,1
3057,0.3,0.75,0.5,-478.912,-203.598,0,110.21,-772.34,0,4.5e+12,3,0.2,0,planet1,1,1
3060,0.3,0.75,0.5,-155.868,87.8972,0,282.465,636.749,0,4.5e+12,3,0.2,5.40892e+14,planet1,1,1
3063,0.3,0.75,0.5,-497.078,81.6819,0,-534.487,-107.979,0,4.5e+12,3,0.2,0,planet1,1,1
3065,0.3,0.75,0.5,-557.992,150.964,0,-830.064,-65.2634,0,4.5e+12,3,0.2,0,planet1,1,1
3068,0.3,0.75,0.5,-313.768,-281.655,0,681.696,-618.24,0,4.5e+12,3,0.2,0,planet1,1,1
3075,0.3,0.75,0.5,-564.451,79.7177,0,-696.305,-253.89,0,4.5e+12,3,0.2,0,planet1,1,1
3077,0.3,0.75,0.5,-381.083,41.4736,0,-164.195,37.4661,0,4.5e+12,3,0.2,0,planet1,1,1
3078,0.3,0.75,0.5,-553.856,-139.989,0,-208.154,-774.287,0,4.5e+12,3,0.2,0,planet1,1,1
3079,0.3,0.75,0.5,-227.346,-144.42,0,67.9932,333.443,0,4.5e+12,3,0.2,1.17183e+18,planet1,1,1
3082,0.3,0.75,0.5,-247.031,-138.056,0,545.318,-124.521,0,4.5e+12,3,0.2,0,planet1,1,1
3096,0.3,0.75,0.5,-161.97,314.749,0,-153.582,1127.85,0,4.5e+12,3,0.2,2.64306e+15,planet1,1,1
3097,0.3,0.75,0.5,-250.374,-240.879,0,165.547,-347.958,0,4.5e+12,3,0.2,6.5396e+17,planet1,1,1
3102,0.3,0.75,0.5,-419.896,288.533,0,-778.268,563.691,0,4.5e+12,3,0.2,0,planet1,1,1
3103,0.3,0.75,0.5,-529.297,117.455,0,-688.876,-86.8257,0,4.5e+12,3,0.2,0,planet1,1,1
3106,0.3,0.75,0.5,-603.949,50.4875,0,-731.409,-409.002,0,4.5e+12,3,0.2,0,planet1,1,1
3107,0.3,0.75,0.5,-407.113,211.092,0,-578.146,431.966,0,4.5e+12,3,0.2,2.85823e+15,planet1,1,1
3113,0.3,0.75,0.5,-729.703,-49.1811,0,-831.482,-919.874,0,4.5e+12,3,0.2,0,planet1,1,1
3114,0.3,0.75,0.5,-514.763,-340.972,0,311.563,-1185.81,0,4.5e+12,3,0.2,0,planet1,1,1
3116,0.3,0.75,0.5,-627.174,95.6711,0,-884.128,-346.157,0,4.5e+12,3,0.2,0,planet1,1,1
3121,0.3,0.75,0.5,-250.215,273.38,0,-316.4,817.117,0,4.5e+12,3,0.2,1.37922e+16,planet1,1,1
3122,0.3,0.75,0.5,-636.55,-17.9891,0,-669.081,-646.075,0,4.5e+12,3,0.2,0,planet1,1,1
3125,0.3,0.75,0.5,-602.43,-115.299,0,-379.489,-814.193,0,4.5e+12,3,0.2,0,planet1,1,1
3127,0.3,0.75,0.5,-654.494,235.281,0,-1244.25,-61.926,0,4.5e+12,3,0.2,0,planet1,1,1
3128,0.3,0.75,0.5,-586.822,276.652,0,-1164.81,184.427,0,4.5e+12,3,0.2,0,planet1,1,1
3129,0.3,0.75,0.5,-508.579,107.133,0,-615.828,-69.8484,0,4.5e+12,3,0.2,0,planet1,1,1
3136,0.3,0.75,0.5,-468.027,67.0924,0,-432.184,-82.8122,0,4.5e+12,3,0.2,0,planet1,1,1
3138,0.3,0.75,0.5,-414.066,199.567,0,-576.243,356.418,0,4.5e+12,3,0.2,0,planet1,1,1
3141,0.3,0.75,0.5,-502.769,21.3163,0,-420.866,-268.611,0,4.5e+12,3,0.2,0,planet1,1,1
3142,0.3,0.75,0.5,-474.458,-236.472,0,190.37,-843.818,0,4.5e+12,3,0.2,0,planet1,1,1
3150,0.3,0.75,0.5,-490.731,190.413,0,-746.731,174.165,0,4.5e+12,3,0.2,0,planet1,1,1
3154,0.3,0.75,0.5,-490.917,73.2528,0,-501.751,-114.772,0,4.5e+12,3,0.2,0,planet1,1,1
3157,0.3,0.75,0.5,-252.39,-319.464,0,93.9029,-316.934,0,4.5e+12,3,0.2,6.62987e+17,planet1,1,1
3159,0.3,0.75,0.5,-606.116,-243.559,0,-118.627,-1138.54,0,4.5e+12,3,0.2,0,planet1,1,1
3161,0.3,0.75,0.5,-265.54,273.773,0,-349.019,788.897,0,4.5e+12,3,0.2,1.66267e+16,planet1,1,1
3162,0.3,0.75,0.5,-273.451,291.006,0,-320.244,822.24,0,4.5e+12,3,0.2,4.42401e+17,planet1,1,1
3164,0.3,0.75,0.5,-389.583,-311.877,0,557.775,-851.638,0,4.5e+12,3,0.2,0,planet1,1,1
3166,0.3,0.75,0.5,-649.079,184.11,0,-1123.67,-175.566,0,4.5e+12,3,0.2,0,planet1,1,1
3172,0.3,0.75,0.5,-113.558,187.831,0,157.574,965.627,0,4.5e+12,3,0.2,6.50854e+15,planet1,1,1
3174,0.3,0.75,0.5,-264.116,-233.091,0,289.239,-587.582,0,4.5e+12,3,0.2,1.58806e+17,planet1,1,1
3181,0.3,0.75,0.5,-126.607,51.7252,0,355.661,852.536,0,4.5e+12,3,0.2,4.60342e+17,planet1,1,1
3187,0.3,0.75,0.5,-619.201,-250.264,0,-136.713,-1181.73,0,4.5e+12,3,0.2,0,planet1,1,1
3188,0.3,0.75,0.5,-236.534,-202.996,0,-17.9836,61.4426,0,4.5e+12,3,0.2,1.80676e+18,planet1,1,1
3194,0.3,0.75,0.5,-136.506,172.802,0,183.435,902.142,0,4.5e+12,3,0.2,2.07301e+16,planet1,1,1
3195,0.3,0.75,0.5,-122.863,69.5414,0,317.478,843.054,0,4.5e+12,3,0.2,4.4834e+17,planet1,1,1
3199,0.3,0.75,0.5,-423.883,-368.203,0,593.134,-1061.2,0,4.5e+12,3,0.2,0,planet1,1,1
3201,0.3,0.75,0.5,-320.224,-191.318,0,475.803,-408.864,0,4.5e+12,3,0.2,0,planet1,1,1
3202,0.3,0.75,0.5,-337.169,308.158,0,-593.089,708.201,0,4.5e+12,3,0.2,2.34124e+17,planet1,1,1
3205,0.3,0.75,0.5,-618.518,238.146,0,-1162.93,21.8419,0,4.5e+12,3,0.2,0,planet1,1,1
3212,0.3,0.75,0.5,-255.035,90.9706,0,27.5599,479.745,0,4.5e+12,3,0.2,1.10161e+18,planet1,1,1
3213,0.3,0.75,0.5,-340.091,98.8134,0,-181.833,264.239,0,4.5e+12,3,0.2,0,planet1,1,1
3219,0.3,0.75,0.5,-270.666,222.204,0,-251.54,660.569,0,4.5e+12,3,0.2,3.33373e+16,planet1,1,1
3220,0.3,0.75,0.5,-264.267,-318.074,0,881.455,-604.047,0,4.5e+12,3,0.2,0,planet1,1,1
3222,0.3,0.75,0.5,-685.842,81.129,0,-998.216,-505.661,0,4.5e+12,3,0.2,0,planet1,1,1
3229,0.3,0.75,0.5,-468.645,166.861,0,-642.927,161.613,0,4.5e+12,3,0.2,0,planet1,1,1
3234,0.3,0.75,0.5,-144.631,70.9029,0,346.084,831.441,0,4.5e+12,3,0.2,1.43058e+17,planet1,1,1
3236,0.3,0.75,0.5,-596.17,-97.956,0,-401.142,-758.563,0,4.5e+12,3,0.2,0,planet1,1,1
3237,0.3,0.75,0.5,-467.094,-25.1811,0,-235.892,-308.105,0,4.5e+12,3,0.2,0,planet1,1,1
3238,0.3,0.75,0.5,-198.824,200.252,0,-52.5803,807.624,0,4.5e+12,3,0.2,9.27748e+13,planet1,1,1
3241,0.3,0.75,0.5,-187.641,-68.6562,0,187.567,461.938,0,4.5e+12,3,0.2,1.04335e+18,planet1,1,1
3242,0.3,0.75,0.5,-329.546,306.824,0,-554.252,761.31,0,4.5e+12,3,0.2,2.51868e+16,planet1,1,1
3244,0.3,0.75,0.5,-120.501,89.4777,0,255.01,888.659,0,4.5e+12,3,0.2,1.60714e+17,planet1,1,1
3245,0.3,0.75,0.5,-311.585,69.7132,0,-67.8729,285.834,0,4.5e+12,3,0.2,3.09728e+15,planet1,1,1
3249,0.3,0.75,0.5,-310.563,-54.2962,0,211.639,-51.1822,0,4.5e+12,3,0.2,0,planet1,1,1
3258,0.3,0.75,0.5,-316.888,-341.537,0,799.797,-771.828,0,4.5e+12,3,0.2,0,planet1,1,1
3259,0.3,0.75,0.5,-278.602,-296.864,0,802.19,-581.586,0,4.5e+12,3,0.2,0,planet1,1,1
3269,0.3,0.75,0.5,-180.401,-15.224,0,246.838,728.177,0,4.5e+12,3,0.2,4.38789e+17,planet1,1,1
3272,0.3,0.75,0.5,-122.153,76.7264,0,342.773,868.147,0,4.5e+12,3,0.2,2.58076e+17,planet1,1,1
3277,0.3,0.75,0.5,-261.59,-100.344,0,429.81,-62.7618,0,4.5e+12,3,0.2,0,planet1,1,1
3279,0.3,0.75,0.5,-145.48,94.3303,0,321.374,716.472,0,4.5e+12,3,0.2,6.26405e+16,planet1,1,1
3283,0.3,0.75,0.5,-350.18,200.519,0,-354.289,512.289,0,4.5e+12,3,0.2,1.36065e+16,planet1,1,1
3284,0.3,0.75,0.5,-528.353,289.852,0,-1048.94,339.742,0,4.5e+12,3,0.2,0,planet1,1,1
3286,0.3,0.75,0.5,-246.911,-208.363,0,64.1715,118.545,0,4.5e+12,3,0.2,9.80833e+17,planet1,1,1
3287,0.3,0.75,0.5,-230.33,-220.396,0,-46.3296,4.52267,0,4.5e+12,3,0.2,8.75448e+18,planet1,1,1
3303,0.3,0.75,0.5,-273.575,282.832,0,-331.571,809.02,0,4.5e+12,3,0.2,2.15561e+17,planet1,1,1
3305,0.3,0.75,0.5,-415.772,-158.565,0,171.69,-527.95,0,4.5e+12,3,0.2,0,planet1,1,1
3306,0.3,0.75,0.5,-311.725,29.4868,0,-0.605841,174.091,0,4.5e+12,3,0.2,4.72836e+15,planet1,1,1
3311,0.3,0.75,0.5,-468.462,-312.199,0,363.973,-1018.75,0,4.5e+12,3,0.2,0,planet1,1,1
3317,0.3,0.75,0.5,-175.793,-66.4806,0,183.309,533.513,0,4.5e+12,3,0.2,2.66972e+18,planet1,1,1
3323,0.3,0.75,0.5,-501.686,-292.157,0,240.355,-1039.05,0,4.5e+12,3,0.2,0,planet1,1,1
3329,0.3,0.75,0.5,-418.053,-147.373,0,141.974,-506.388,0,4.5e+12,3,0.2,0,planet1,1,1
3331,0.3,0.75,0.5,-701.65,-83.819,0,-690.26,-945.318,0,4.5e+12,3,0.2,0,planet1,1,1
3333,0.3,0.75,0.5,-185.957,111.934,0,152.576,615.819,0,4.5e+12,3,0.2,5.99883e+16,planet1,1,1
3334,0.3,0.75,0.5,-704.44,3.49453,0,-880.235,-735.855,0,4.5e+12,3,0.2,0,planet1,1,1
3346,0.3,0.75,0.5,-617.54,165.684,0,-1007.8,-154.051,0,4.5e+12,3,0.2,0,planet1,1,1
3350,0.3,0.75,0.5,-403.01,56.1422,0,-248.013,26.0473,0,4.5e+12,3,0.2,0,planet1,1,1
3352,0.3,0.75,0.5,-531.513,41.4381,0,-534.372,-279.553,0,4.5e+12,3,0.2,0,planet1,1,1
3356,0.3,0.75,0.5,-262.657,-359.797,0,972.37,-701.694,0,4.5e+12,3,0.2,0,planet1,1,1
3357,0.3,0.75,0.5,-544.152,-108.991,0,-248.851,-677.576,0,4.5e+12,3,0.2,0,planet1,1,1
3368,0.3,0.75,0.5,-460.544,193.765,0,-679.178,245.713,0,4.5e+12,3,0.2,0,planet1,1,1
3372,0.3,0.75,0.5,-294.811,-264.584,0,692.99,-535.855,0,4.5e+12,3,0.2,0,planet1,1,1
3373,0.3,0.75,0.5,-438,107.259,0,-442.521,79.8562,0,4.5e+12,3,0.2,0,planet1,1,1
3376,0.3,0.75,0.5,-191.574,2.00846,0,320.495,593.513,0,4.5e+12,3,0.2,2.68869e+17,planet1,1,1
3383,0.3,0.75,0.5,-189.212,-24.214,0,228.595,664.043,0,4.5e+12,3,0.2,6.217e+17,planet1,1,1
3392,0.3,0.75,0.5,-576.301,-140.7,0,-262.427,-823.315,0,4.5e+12,3,0.2,0,planet1,1,1
3394,0.3,0.75,0.5,-162.228,299.657,0,-163.566,1130.72,0,4.5e+12,3,0.2,1.65253e+16,planet1,1,1
3397,0.3,0.75,0.5,-457.149,-292.44,0,350.366,-945.595,0,4.5e+12,3,0.2,0,planet1,1,1
3398,0.3,0.75,0.5,-213.114,77.7032,0,199.158,633.884,0,4.5e+12,3,0.2,3.05255e+17,planet1,1,1
3400,0.3,0.75,0.5,-167.088,318.165,0,-196.436,1107.09,0,4.5e+12,3,0.2,1.61207e+16,planet1,1,1
3407,0.3,0.75,0.5,-197.827,309.984,0,-275.233,1031.75,0,4.5e+12,3,0.2,2.52272e+16,planet1,1,1
3414,0.3,0.75,0.5,-155.019,71.9733,0,347.702,851.676,0,4.5e+12,3,0.2,1.12788e+17,planet1,1,1
3416,0.3,0.75,0.5,-491.58,-190.179,0,49.7099,-765.664,0,4.5e+12,3,0.2,0,planet1,1,1
3418,0.3,0.75,0.5,-413.896,-352.943,0,584.297,-1003.68,0,4.5e+12,3,0.2,0,planet1,1,1
3438,0.3,0.75,0.5,-368.433,342.991,0,-660.874,813.101,0,4.5e+12,3,0.2,5.14358e+17,planet1,1,1
3441,0.3,0.75,0.5,-454.999,-84.5778,0,-80.8154,-429.335,0,4.5e+12,3,0.2,0,planet1,1,1
3442,0.3,0.75,0.5,-106.404,76.664,0,299.596,898.559,0,4.5e+12,3,0.2,1.4705e+18,planet1,1,1
3443,0.3,0.75,0.5,-443.976,-213.865,0,218.179,-724.057,0,4.5e+12,3,0.2,0,planet1,1,1
3447,0.3,0.75,0.5,-230.859,-39.2608,0,377.381,151.934,0,4.5e+12,3,0.2,0,planet1,1,1
3453,0.3,0.75,0.5,-378.777,-318.243,0,598.164,-844.54,0,4.5e+12,3,0.2,0,planet1,1,1
3456,0.3,0.75,0.5,-185.669,-61.1872,0,189.299,487.091,0,4.5e+12,3,0.2,9.20727e+17,planet1,1,1
3460,0.3,0.75,0.5,-685.979,187.511,0,-1222.29,-244.763,0,4.5e+12,3,0.2,0,planet1,1,1
3470,0.3,0.75,0.5,-521.929,-58.5525,0,-300.773,-504.914,0,4.5e+12,3,0.2,0,planet1,1,1
3472,0.3,0.75,0.5,-413.315,82.9467,0,-329.879,70.6477,0,4.5e+12,3,0.2,0,planet1,1,1
3478,0.3,0.75,0.5,-254.797,-159.177,0,570.579,-192.467,0,4.5e+12,3,0.2,0,planet1,1,1
3480,0.3,0.75,0.5,-500.836,-7.12006,0,-356.192,-335.201,0,4.5e+12,3,0.2,0,planet1,1,1
3481,0.3,0.75,0.5,-494.89,-146.619,0,-49.4216,-666.255,0,4.5e+12,3,0.2,0,planet1,1,1
3486,0.3,0.75,0.5,-645.418,-149.379,0,-413.876,-990.094,0,4.5e+12,3,0.2,0,planet1,1,1
3492,0.3,0.75,0.5,-220.558,112.132,0,111.36,599.698,0,4.5e+12,3,0.2,7.00968e+15,planet1,1,1
3504,0.3,0.75,0.5,-701.592,90.5279,0,-1056.42,-516.147,0,4.5e+12,3,0.2,0,planet1,1,1
3512,0.3,0.75,0.5,-441.85,154.182,0,-550.002,186.719,0,4.5e+12,3,0.2,0,planet1,1,1
3513,0.3,0.75,0.5,-202.11,87.1408,0,205.217,588.822,0,4.5e+12,3,0.2,2.66605e+17,planet1,1,1
3517,0.3,0.75,0.5,-172.563,17.4919,0,182.525,786.435,0,4.5e+12,3,0.2,1.2955e+18,planet1,1,1
3535,0.3,0.75,0.5,-258.736,-230.336,0,155.154,-64.8511,0,4.5e+12,3,0.2,6.11343e+17,planet1,1,1
3536,0.3,0.75,0.5,-249.538,-69.1281,0,394.163,39.5631,0,4.5e+12,3,0.2,0,planet1,1,1
3541,0.3,0.75,0.5,-383.836,244.112,0,-532.489,525.289,0,4.5e+12,3,0.2,2.42516e+16,planet1,1,1
3542,0.3,0.75,0.5,-244.151,-312.124,0,150.661,-475.071,0,4.5e+12,3,0.2,1.14689e+18,planet1,1,1
3543,0.3,0.75,0.5,-270.057,-251.811,0,727.053,-452.963,0,4.5e+12,3,0.2,0,planet1,1,1
3546,0.3,0.75,0.5,-491.395,-322.384,0,330.405,-1091.51,0,4.5e+12,3,0.2,0,planet1,1,1
3547,0.3,0.75,0.5,-384.697,113.826,0,-324.073,207.681,0,4.5e+12,3,0.2,0,planet1,1,1
3549,0.3,0.75,0.5,-224.448,-30.3589,0,374.315,187.735,0,4.5e+12,3,0.2,0,planet1,1,1
3554,0.3,0.75,0.5,-475.659,294.672,0,-928.944,461.932,0,4.5e+12,3,0.2,0,planet1,1,1
3555,0.3,0.75,0.5,-92.3673,270.557,0,90.6402,844.913,0,4.5e+12,3,0.2,2.2344e+16,planet1,1,1
3556,0.3,0.75,0.5,-354.676,-328.972,0,679.678,-820.952,0,4.5e+12,3,0.2,0,planet1,1,1
3564,0.3,0.75,0.5,-198.549,-29.3663,0,303.363,379.762,0,4.5e+12,3,0.2,2.87051e+17,planet1,1,1
3566,0.3,0.75,0.5,-527.275,-78.0593,0,-273.831,-564.797,0,4.5e+12,3,0.2,0,planet1,1,1
3567,0.3,0.75,0.5,-379.313,152.045,0,-391.787,312.645,0,4.5e+12,3,0.2,0,planet1,1,1
3575,0.3,0.75,0.5,-254.72,153.633,0,-67.0055,547.627,0,4.5e+12,3,0.2,7.39193e+16,planet1,1,1
3592,0.3,0.75,0.5,-202.395,6.59805,0,271.701,439.582,0,4.5e+12,3,0.2,2.34241e+17,planet1,1,1
3594,0.3,0.75,0.5,-606.246,-156.819,0,-301.857,-925.341,0,4.5e+12,3,0.2,0,planet1,1,1
3597,0.3,0.75,0.5,-638.315,15.4761,0,-742.372,-567.136,0,4.5e+12,3,0.2,0,planet1,1,1
3615,0.3,0.75,0.5,-342.894,120.86,0,-235.319,312.326,0,4.5e+12,3,0.2,0,planet1,1,1
3620,0.3,0.75,0.5,-407.596,-366.803,0,629.607,-1024.61,0,4.5e+12,3,0.2,0,planet1,1,1
3630,0.3,0.75,0.5,-508.043,-219.247,0,71.3271,-872.84,0,4.5e+12,3,0.2,0,planet1,1,1
3635,0.3,0.75,0.5,-153.653,293.339,0,-139.836,1086.71,0,4.5e+12,3,0.2,7.02695e+16,planet1,1,1
3638,0.3,0.75,0.5,-158.154,65.1402,0,283.853,850.992,0,4.5e+12,3,0.2,7.18842e+17,planet1,1,1
3642,0.3,0.75,0.5,-196.443,-17.1296,0,216.312,377.892,0,4.5e+12,3,0.2,1.39666e+17,planet1,1,1
3643,0.3,0.75,0.5,-530.277,29.3497,0,-505.555,-306.108,0,4.5e+12,3,0.2,0,planet1,1,1
3645,0.3,0.75,0.5,-140.343,76.1049,0,388.708,827.768,0,4.5e+12,3,0.2,3.35298e+17,planet1,1,1
3647,0.3,0.75,0.5,-162.349,20.8057,0,203.697,871.107,0,4.5e+12,3,0.2,1.3254e+18,planet1,1,1
3652,0.3,0.75,0.5,-432.976,-275.14,0,373.466,-852.497,0,4.5e+12,3,0.2,0,planet1,1,1
3653,0.3,0.75,0.5,-480.181,93.333,0,-516.681,-43.011,0,4.5e+12,3,0.2,0,planet1,1,1
3659,0.3,0.75,0.5,-343.987,160.232,0,-321.861,382.813,0,4.5e+12,3,0.2,1.10857e+16,planet1,1,1
3660,0.3,0.75,0.5,-379.748,-230.182,0,411.186,-630.419,0,4.5e+12,3,0.2,0,planet1,1,1
3669,0.3,0.75,0.5,-583.46,203.944,0,-1003.78,12.2546,0,4.5e+12,3,0.2,0,planet1,1,1
3673,0.3,0.75,0.5,-233.195,-130.495,0,360.46,34.5812,0,4.5e+12,3,0.2,8.95507e+17,planet1,1,1
3678,0.3,0.75,0.5,-234.965,-322.318,0,60.3459,-400.489,0,4.5e+12,3,0.2,3.86165e+18,planet1,1,1
3681,0.3,0.75,0.5,-213.35,-105.824,0,89.5412,453.25,0,4.5e+12,3,0.2,1.47764e+18,planet1,1,1
3689,0.3,0.75,0.5,-82.6856,93.3937,0,233.595,836.171,0,4.5e+12,3,0.2,7.87882e+17,planet1,1,1
3697,0.3,0.75,0.5,-566.6,-203.395,0,-105.902,-956.332,0,4.5e+12,3,0.2,0,planet1,1,1
3698,0.3,0.75,0.5,-543.017,328.232,0,-1165.22,400.971,0,4.5e+12,3,0.2,0,planet1,1,1
3702,0.3,0.75,0.5,-138.827,190.665,0,121.013,913.806,0,4.5e+12,3,0.2,0,planet1,1,1
3706,0.3,0.75,0.5,-376.28,-4.60037,0,-54.7356,-67.0122,0,4.5e+12,3,0.2,0,planet1,1,1
3712,0.3,0.75,0.5,-687.043,-44.0937,0,-737.201,-816.824,0,4.5e+12,3,0.2,0,planet1,1,1
3714,0.3,0.75,0.5,-136.949,70.9816,0,395.95,815.275,0,4.5e+12,3,0.2,1.38652e+17,planet1,1,1
3723,0.3,0.75,0.5,-207.885,-57.4142,0,236.798,459.646,0,4.5e+12,3,0.2,2.61477e+17,planet1,1,1
3726,0.3,0.75,0.5,-263.385,-41.0055,0,301.187,80.8362,0,4.5e+12,3,0.2,0,planet1,1,1
3736,0.3,0.75,0.5,-115.206,60.6746,0,347.923,855.145,0,4.5e+12,3,0.2,3.36359e+17,planet1,1,1
3738,0.3,0.75,0.5,-164.653,186.115,0,58.2518,837.221,0,4.5e+12,3,0.2,5.91682e+14,planet1,1,1
3740,0.3,0.75,0.5,-487.882,347.14,0,-1069.06,564.47,0,4.5e+12,3,0.2,0,planet1,1,1
3741,0.3,0.75,0.5,-176.144,231.509,0,-70.1645,895.376,0,4.5e+12,3,0.2,3.70441e+16,planet1,1,1
3751,0.3,0.75,0.5,-640.13,179.867,0,-1093.07,-166.595,0,4.5e+12,3,0.2,0,planet1,1,1
3753,0.3,0.75,0.5,-400.774,24.0085,0,-175.319,-47.5614,0,4.5e+12,3,0.2,0,planet1,1,1
3759,0.3,0.75,0.5,-314.789,36.1473,0,11.7782,162.119,0,4.5e+12,3,0.2,0,planet1,1,1
3763,0.3,0.75,0.5,-158.206,247.451,0,-40.0223,967.336,0,4.5e+12,3,0.2,1.07425e+16,planet1,1,1
3765,0.3,0.75,0.5,-240.38,-317.941,0,121.365,-387.553,0,4.5e+12,3,0.2,2.89776e+18,planet1,1,1
3766,0.3,0.75,0.5,-187.524,-74.6552,0,166.31,461.284,0,4.5e+12,3,0.2,1.33305e+18,planet1,1,1
3768,0.3,0.75,0.5,-220.58,-152.967,0,22.2744,281.369,0,4.5e+12,3,0.2,2.70122e+18,planet1,1,1
3774,0.3,0.75,0.5,-259.427,-293.878,0,841.367,-533.783,0,4.5e+12,3,0.2,0,planet1,1,1
3776,0.3,0.75,0.5,-289.677,-220.349,0,612.093,-417.682,0,4.5e+12,3,0.2,0,planet1,1,1
3777,0.3,0.75,0.5,-641.715,35.1428,0,-792.149,-526.211,0,4.5e+12,3,0.2,0,planet1,1,1
3778,0.3,0.75,0.5,-664.207,15.5618,0,-807.394,-622.09,0,4.5e+12,3,0.2,0,planet1,1,1
3780,0.3,0.75,0.5,-722.075,-70.7727,0,-767.39,-956.09,0,4.5e+12,3,0.2,0,planet1,1,1
3781,0.3,0.75,0.5,-585.512,-238.416,0,-79.5964,-1081.59,0,4.5e+12,3,0.2,0,planet1,1,1
3782,0.3,0.75,0.5,-640.616,230.898,0,-1201.04,-41.8235,0,4.5e+12,3,0.2,0,planet1,1,1
3788,0.3,0.75,0.5,-674.583,-75.3044,0,-642.774,-867.978,0,4.5e+12,3,0.2,0,planet1,1,1
3789,0.3,0.75,0.5,-436.466,-328.441,0,478.263,-991.212,0,4.5e+12,3,0.2,0,planet1,1,1
3791,0.3,0.75,0.5,-159.324,157.707,0,164.285,795.693,0,4.5e+12,3,0.2,1.10672e+15,planet1,1,1
3794,0.3,0.75,0.5,-592.891,137.172,0,-886.768,-172.644,0,4.5e+12,3,0.2,0,planet1,1,1
3796,0.3,0.75,0.5,-220.478,-84.9404,0,135.485,337.158,0,4.5e+12,3,0.2,3.49184e+17,planet1,1,1
3800,0.3,0.75,0.5,-252.85,300.465,0,-284.037,845.315,0,4.5e+12,3,0.2,1.01312e+17,planet1,1,1
3803,0.3,0.75,0.5,-241.518,-112.769,0,505.879,-49.9911,0,4.5e+12,3,0.2,0,planet1,1,1
3814,0.3,0.75,0.5,-111.87,239.563,0,60.2198,1081.11,0,4.5e+12,3,0.2,5.93875e+16,planet1,1,1
3817,0.3,0.75,0.5,-366.12,-158,0,292.981,-423.291,0,4.5e+12,3,0.2,0,planet1,1,1
3821,0.3,0.75,0.5,-670.002,213.585,0,-1237.51,-147.939,0,4.5e+12,3,0.2,0,planet1,1,1
3828,0.3,0.75,0.5,-445.368,239.433,0,-737.988,388.987,0,4.5e+12,3,0.2,0,planet1,1,1
3829,0.3,0.75,0.5,-260.03,105.809,0,39.7541,468.308,0,4.5e+12,3,0.2,8.24598e+15,planet1,1,1
3837,0.3,0.75,0.5,-134.539,219.256,0,38.833,960.682,0,4.5e+12,3,0.2,3.74918e+16,planet1,1,1
3845,0.3,0.75,0.5,-416.812,134.183,0,-446.031,190.593,0,4.5e+12,3,0.2,0,planet1,1,1
3846,0.3,0.75,0.5,-251.753,-307.929,0,194.377,-389.125,0,4.5e+12,3,0.2,4.73273e+17,planet1,1,1
3850,0.3,0.75,0.5,-234.98,94.9271,0,146.62,532.735,0,4.5e+12,3,0.2,2.037e+16,planet1,1,1
3855,0.3,0.75,0.5,-425.283,67.3567,0,-327.041,7.04232,0,4.5e+12,3,0.2,0,planet1,1,1
3857,0.3,0.75,0.5,-216.051,-142.109,0,124.238,312.731,0,4.5e+12,3,0.2,1.69083e+18,planet1,1,1
3858,0.3,0.75,0.5,-576.97,-251.53,0,-30.7563,-1097.17,0,4.5e+12,3,0.2,0,planet1,1,1
3863,0.3,0.75,0.5,-281.795,-253.871,0,702.98,-482.243,0,4.5e+12,3,0.2,0,planet1,1,1
3864,0.3,0.75,0.5,-412.41,-248.81,0,369.973,-743.901,0,4.5e+12,3,0.2,0,planet1,1,1
3877,0.3,0.75,0.5,-714.137,97.4708,0,-1102,-525.481,0,4.5e+12,3,0.2,0,planet1,1,1
3879,0.3,0.75,0.5,-163.852,26.618,0,219.537,876.129,0,4.5e+12,3,0.2,1.00256e+18,planet1,1,1
3887,0.3,0.75,0.5,-236.928,290.948,0,-334.762,832.953,0,4.5e+12,3,0.2,6.33075e+16,planet1,1,1
3891,0.3,0.75,0.5,-624.495,-166.25,0,-327.519,-986.117,0,4.5e+12,3,0.2,0,planet1,1,1
3903,0.3,0.75,0.5,-408.77,-201.39,0,278.375,-620.5,0,4.5e+12,3,0.2,0,planet1,1,1
3907,0.3,0.75,0.5,-436.028,229.857,0,-694.235,386.091,0,4.5e+12,3,0.2,0,planet1,1,1
3936,0.3,0.75,0.5,-625.742,47.5069,0,-779.742,-462.518,0,4.5e+12,3,0.2,0,planet1,1,1
3937,0.3,0.75,0.5,-412.805,-238.716,0,347.047,-720.726,0,4.5e+12,3,0.2,0,planet1,1,1
3940,0.3,0.75,0.5,-549.348,107.921,0,-717.662,-152.395,0,4.5e+12,3,0.2,0,planet1,1,1
3942,0.3,0.75,0.5,-388.098,-240.573,0,411.751,-672.302,0,4.5e+12,3,0.2,0,planet1,1,1
3957,0.3,0.75,0.5,-455.666,-169.073,0,94.2648,-638.267,0,4.5e+12,3,0.2,0,planet1,1,1
3963,0.3,0.75,0.5,-620.476,-234.236,0,-174.211,-1145.78,0,4.5e+12,3,0.2,0,planet1,1,1
3971,0.3,0.75,0.5,-250.675,96.946,0,86.8854,483.006,0,4.5e+12,3,0.2,4.56552e+16,planet1,1,1
3973,0.3,0.75,0.5,-537.336,287.266,0,-1064.8,314.141,0,4.5e+12,3,0.2,0,planet1,1,1
3979,0.3,0.75,0.5,-252.319,-331.47,0,24.0048,-676.272,0,4.5e+12,3,0.2,9.54142e+17,planet1,1,1
3982,0.3,0.75,0.5,-177.002,26.8629,0,294.901,700.564,0,4.5e+12,3,0.2,5.44707e+17,planet1,1,1
3986,0.3,0.75,0.5,-537.908,-320.733,0,211.655,-1185.88,0,4.5e+12,3,0.2,0,planet1,1,1
3987,0.3,0.75,0.5,-600.566,-287.941,0,-11.0505,-1236.45,0,4.5e+12,3,0.2,0,planet1,1,1
3989,0.3,0.75,0.5,-390.825,-256.348,0,438.36,-717.345,0,4.5e+12,3,0.2,0,planet1,1,1
3992,0.3,0.75,0.5,-598.605,-86.5905,0,-431.341,-736.165,0,4.5e+12,3,0.2,0,planet1,1,1
3997,0.3,0.75,0.5,-405.101,-133.259,0,144.701,-443.883,0,4.5e+12,3,0.2,0,planet1,1,1
4000,0.3,0.75,0.5,-263.882,266.137,0,-298.067,762.798,0,4.5e+12,3,0.2,3.08916e+17,planet1,1,1
4005,0.3,0.75,0.5,-626.243,157.33,0,-1011.44,-193.504,0,4.5e+12,3,0.2,0,planet1,1,1
4006,0.3,0.75,0.5,-494.833,56.4639,0,-475.183,-165.079,0,4.5e+12,3,0.2,0,planet1,1,1
4007,0.3,0.75,0.5,-615.29,116.37,0,-898.757,-270.69,0,4.5e+12,3,0.2,0,planet1,1,1
4012,0.3,0.75,0.5,-262.99,356.442,0,-404.413,929.672,0,4.5e+12,3,0.2,3.66949e+17,planet1,1,1
4013,0.3,0.75,0.5,-378.972,-69.325,0,74.2924,-232.685,0,4.5e+12,3,0.2,0,planet1,1,1
4020,0.3,0.75,0.5,-405.137,-104.199,0,82.574,-372.925,0,4.5e+12,3,0.2,0,planet1,1,1
4021,0.3,0.75,0.5,-499.981,-340.07,0,345.687,-1152.57,0,4.5e+12,3,0.2,0,planet1,1,1
4025,0.3,0.75,0.5,-96.6272,82.6037,0,282.963,913.329,0,4.5e+12,3,0.2,8.01702e+17,planet1,1,1
4030,0.3,0.75,0.5,-178.476,-72.9575,0,117.175,505.367,0,4.5e+12,3,0.2,4.3428e+18,planet1,1,1
4034,0.3,0.75,0.5,-233.622,-291.366,0,32.1221,-257.004,0,4.5e+12,3,0.2,2.97855e+18,planet1,1,1
4036,0.3,0.75,0.5,-687.651,55.9837,0,-949.124,-571.493,0,4.5e+12,3,0.2,0,planet1,1,1
4045,0.3,0.75,0.5,-292.356,-230.882,0,628.346,-448.882,0,4.5e+12,3,0.2,0,planet1,1,1
4047,0.3,0.75,0.5,-203.818,-65.3532,0,178.681,503.628,0,4.5e+12,3,0.2,3.97466e+17,planet1,1,1
4048,0.3,0.75,0.5,-139.817,150.003,0,159.023,826.21,0,4.5e+12,3,0.2,6.6903e+16,planet1,1,1
4052,0.3,0.75,0.5,-111.719,201.934,0,82.7788,1033.31,0,4.5e+12,3,0.2,2.55596e+18,planet1,1,1
4056,0.3,0.75,0.5,-440.942,35.9851,0,-299.145,-102.382,0,4.5e+12,3,0.2,0,planet1,1,1
4057,0.3,0.75,0.5,-243.91,-280.754,0,231.962,-458.541,0,4.5e+12,3,0.2,1.36052e+18,planet1,1,1
4058,0.3,0.75,0.5,-231.988,-242.411,0,-50.2027,-55.9639,0,4.5e+12,3,0.2,2.53063e+18,planet1,1,1
4060,0.3,0.75,0.5,-234.558,-191.605,0,62.2236,115.037,0,4.5e+12,3,0.2,2.96722e+18,planet1,1,1
4062,0.3,0.75,0.5,-244.601,-179.566,0,55.0482,45.6808,0,4.5e+12,3,0.2,9.6135e+17,planet1,1,1
4071,0.3,0.75,0.5,-389.821,-362.779,0,665.416,-977.153,0,4.5e+12,3,0.2,0,planet1,1,1
4072,0.3,0.75,0.5,-530.748,231.215,0,-931.838,189.7,0,4.5e+12,3,0.2,0,planet1,1,1
4073,0.3,0.75,0.5,-219.034,158.837,0,37.4595,672.518,0,4.5e+12,3,0.2,5.56529e+15,planet1,1,1
4074,0.3,0.75,0.5,-514.669,68.1027,0,-548.545,-178.981,0,4.5e+12,3,0.2,0,planet1,1,1
4077,0.3,0.75,0.5,-198.704,-106.099,0,37.755,377.262,0,4.5e+12,3,0.2,3.51857e+18,planet1,1,1
4078,0.3,0.75,0.5,-207.988,291.914,0,-245.608,950.312,0,4.5e+12,3,0.2,1.49734e+16,planet1,1,1
4079,0.3,0.75,0.5,-610.693,141.89,0,-940.625,-197.875,0,4.5e+12,3,0.2,0,planet1,1,1
4090,0.3,0.75,0.5,-247.171,-303.359,0,74.1499,-372.494,0,4.5e+12,3,0.2,1.22285e+18,planet1,1,1
4097,0.3,0.75,0.5,-138.897,261.32,0,-10.8449,1007.88,0,4.5e+12,3,0.2,9.90186e+15,planet1,1,1
4101,0.3,0.75,0.5,-258.32,-321.556,0,337.458,-585.392,0,4.5e+12,3,0.2,3.94425e+17,planet1,1,1
4104,0.3,0.75,0.5,-250.589,-194.849,0,137.785,-124.144,0,4.5e+12,3,0.2,2.05208e+17,planet1,1,1
4105,0.3,0.75,0.5,-586.001,8.12599,0,-598.681,-475.291,0,4.5e+12,3,0.2,0,planet1,1,1
4107,0.3,0.75,0.5,-285.136,185.052,0,-191.699,619.908,0,4.5e+12,3,0.2,1.47431e+16,planet1,1,1
4117,0.3,0.75,0.5,-270.706,-264.391,0,752.205,-484.768,0,4.5e+12,3,0.2,0,planet1,1,1
4122,0.3,0.75,0.5,-88.3101,95.4932,0,259.071,912.577,0,4.5e+12,3,0.2,2.97373e+17,planet1,1,1
4127,0.3,0.75,0.5,-669.56,118.836,0,-1038.08,-378.934,0,4.5e+12,3,0.2,0,planet1,1,1
4136,0.3,0.75,0.5,-612.402,230.269,0,-1130.78,16.1081,0,4.5e+12,3,0.2,0,planet1,1,1
4139,0.3,0.75,0.5,-295.736,99.2156,0,-78.3306,389.709,0,4.5e+12,3,0.2,1.37037e+15,planet1,1,1
4142,0.3,0.75,0.5,-242.983,-173.631,0,-9.27081,82.9179,0,4.5e+12,3,0.2,1.07134e+18,planet1,1,1
4145,0.3,0.75,0.5,-293.35,-391.762,0,-52.6103,-1156.67,0,4.5e+12,3,0.2,3.50284e+18,planet1,1,1
4146,0.3,0.75,0.5,-420.181,-321.17,0,502.046,-939.449,0,4.5e+12,3,0.2,0,planet1,1,1
4150,0.3,0.75,0.5,-197.367,20.5521,0,323.009,452.967,0,4.5e+12,3,0.2,1.26601e+16,planet1,1,1
4155,0.3,0.75,0.5,-490.268,6.82043,0,-359.772,-278.781,0,4.5e+12,3,0.2,0,planet1,1,1
4158,0.3,0.75,0.5,-161.375,-1.92468,0,203.491,858.618,0,4.5e+12,3,0.2,2.75569e+18,planet1,1,1
4160,0.3,0.75,0.5,-528.097,304.286,0,-1078.57,375.722,0,4.5e+12,3,0.2,0,planet1,1,1
4168,0.3,0.75,0.5,-585.482,-58.4432,0,-457.793,-639.763,0,4.5e+12,3,0.2,0,planet1,1,1
4172,0.3,0.75,0.5,-639.242,-171.529,0,-352.764,-1030.27,0,4.5e+12,3,0.2,0,planet1,1,1
4179,0.3,0.75,0.5,-144.064,155.609,0,158.853,846.852,0,4.5e+12,3,0.2,3.21708e+15,planet1,1,1
4191,0.3,0.75,0.5,-218.157,-160.796,0,43.5389,140.065,0,4.5e+12,3,0.2,3.46405e+18,planet1,1,1
4192,0.3,0.75,0.5,-171.539,1.42242,0,219.84,802.758,0,4.5e+12,3,0.2,1.44097e+18,planet1,1,1
4194,0.3,0.75,0.5,-665.744,-206.907,0,-342.163,-1173.98,0,4.5e+12,3,0.2,0,planet1,1,1
4196,0.3,0.75,0.5,-232.383,-102.519,0,214.869,180.906,0,4.5e+12,3,0.2,1.03503e+17,planet1,1,1
4198,0.3,0.75,0.5,-678.767,112.182,0,-1045.59,-414.61,0,4.5e+12,3,0.2,0,planet1,1,1
4200,0.3,0.75,0.5,-530.344,335.323,0,-1150.36,445.805,0,4.5e+12,3,0.2,0,planet1,1,1
4202,0.3,0.75,0.5,-229.1,-182.04,0,53.3771,197.145,0,4.5e+12,3,0.2,3.48906e+18,planet1,1,1
4204,0.3,0.75,0.5,-505.878,248.299,0,-905.839,284.565,0,4.5e+12,3,0.2,0,planet1,1,1
4208,0.3,0.75,0.5,-568.5,-40.5642,0,-453.469,-558.328,0,4.5e+12,3,0.2,0,planet1,1,1
4212,0.3,0.75,0.5,-116.787,45.2512,0,346.922,847.244,0,4.5e+12,3,0.2,9.64927e+17,planet1,1,1
4214,0.3,0.75,0.5,-543.555,295.745,0,-1098.18,321.08,0,4.5e+12,3,0.2,0,planet1,1,1
4216,0.3,0.75,0.5,-225.984,-280.323,0,211.837,-255.815,0,4.5e+12,3,0.2,2.65409e+18,planet1,1,1
4220,0.3,0.75,0.5,-712.145,77.5742,0,-1055.18,-570.553,0,4.5e+12,3,0.2,0,planet1,1,1
4223,0.3,0.75,0.5,-435.125,270.154,0,-776.99,487.915,0,4.5e+12,3,0.2,0,planet1,1,1
4227,0.3,0.75,0.5,-426.671,-349.9,0,546.629,-1024.2,0,4.5e+12,3,0.2,0,planet1,1,1
4228,0.3,0.75,0.5,-433.56,238.675,0,-707.896,411.56,0,4.5e+12,3,0.2,0,planet1,1,1
4235,0.3,0.75,0.5,-83.6427,137.462,0,245.629,981.882,0,4.5e+12,3,0.2,1.27591e+17,planet1,1,1
4236,0.3,0.75,0.5,-228.841,195.07,0,-110.401,734.934,0,4.5e+12,3,0.2,0,planet1,1,1
4257,0.3,0.75,0.5,-135.788,17.7473,0,58.5387,725.544,0,4.5e+12,3,0.2,2.15525e+18,planet1,1,1
4261,0.3,0.75,0.5,-120.669,203.322,0,98.4776,1007.79,0,4.5e+12,3,0.2,1.9421e+16,planet1,1,1
4270,0.3,0.75,0.5,-543.945,-74.2532,0,-322.422,-591.448,0,4.5e+12,3,0.2,0,planet1,1,1
4271,0.3,0.75,0.5,-387.453,90.2074,0,-281.691,144.156,0,4.5e+12,3,0.2,0,planet1,1,1
4272,0.3,0.75,0.5,-493.347,280.793,0,-943.439,390.392,0,4.5e+12,3,0.2,0,planet1,1,1
4273,0.3,0.75,0.5,-464.162,-131.503,0,-4.95341,-563.878,0,4.5e+12,3,0.2,0,planet1,1,1
4281,0.3,0.75,0.5,-229.405,-163.333,0,110.598,171.503,0,4.5e+12,3,0.2,1.15413e+18,planet1,1,1
4286,0.3,0.75,0.5,-186.165,81.6641,0,263.475,576.724,0,4.5e+12,3,0.2,6.52397e+15,planet1,1,1
4293,0.3,0.75,0.5,-337.702,143.139,0,-264.061,339.137,0,4.5e+12,3,0.2,2.65708e+16,planet1,1,1
4299,0.3,0.75,0.5,-384.109,395.392,0,-804.274,914.538,0,4.5e+12,3,0.2,1.92738e+17,planet1,1,1
4304,0.3,0.75,0.5,-415.227,93.906,0,-358.457,94.1861,0,4.5e+12,3,0.2,0,planet1,1,1
4305,0.3,0.75,0.5,-322.253,138.343,0,-245.493,410.376,0,4.5e+12,3,0.2,1.32912e+15,planet1,1,1
4308,0.3,0.75,0.5,-486.067,-111.297,0,-101.621,-560.162,0,4.5e+12,3,0.2,0,planet1,1,1
4310,0.3,0.75,0.5,-433.789,-43.6113,0,-115.582,-284.108,0,4.5e+12,3,0.2,0,planet1,1,1
4318,0.3,0.75,0.5,-132.751,41.9049,0,331.984,859.157,0,4.5e+12,3,0.2,5.57719e+17,planet1,1,1
4325,0.3,0.75,0.5,-327.149,134.774,0,-226.395,379.051,0,4.5e+12,3,0.2,0,planet1,1,1
4336,0.3,0.75,0.5,-192.859,248.488,0,-102.199,946.52,0,4.5e+12,3,0.2,3.90526e+15,planet1,1,1
4341,0.3,0.75,0.5,-188.981,27.2486,0,267.763,637.939,0,4.5e+12,3,0.2,1.0086e+17,planet1,1,1
4347,0.3,0.75,0.5,-352.686,254.538,0,-489.003,623.684,0,4.5e+12,3,0.2,4.29886e+16,planet1,1,1
4348,0.3,0.75,0.5,-126.835,118.569,0,308.609,805.387,0,4.5e+12,3,0.2,3.87762e+16,planet1,1,1
4349,0.3,0.75,0.5,-274.703,-89.7799,0,374.52,-63.6685,0,4.5e+12,3,0.2,0,planet1,1,1
4368,0.3,0.75,0.5,-209.568,-80.5376,0,155.782,496.489,0,4.5e+12,3,0.2,2.11159e+18,planet1,1,1
4369,0.3,0.75,0.5,-350.95,-70.0766,0,145.604,-175.58,0,4.5e+12,3,0.2,0,planet1,1,1
4374,0.3,0.75,0.5,-221.398,300.776,0,-317.267,924.591,0,4.5e+12,3,0.2,4.83891e+16,planet1,1,1
4378,0.3,0.75,0.5,-678.119,27.7315,0,-867.066,-621.178,0,4.5e+12,3,0.2,0,planet1,1,1
4379,0.3,0.75,0.5,-109.347,62.2416,0,341.385,901.948,0,4.5e+12,3,0.2,5.38652e+17,planet1,1,1
4381,0.3,0.75,0.5,-161.523,337.707,0,-129.604,1014.41,0,4.5e+12,3,0.2,5.02939e+17,planet1,1,1
4382,0.3,0.75,0.5,-119.566,265.685,0,-28.6849,1090.47,0,4.5e+12,3,0.2,3.74588e+16,planet1,1,1
4383,0.3,0.75,0.5,-80.6366,104.691,0,260.249,913.513,0,4.5e+12,3,0.2,3.05698e+17,planet1,1,1
4388,0.3,0.75,0.5,-265.513,202.597,0,-164.692,631.942,0,4.5e+12,3,0.2,2.48211e+17,planet1,1,1
4389,0.3,0.75,0.5,-179.24,133.447,0,196.049,676.228,0,4.5e+12,3,0.2,-1.67286e+18,planet1,1,1
4393,0.3,0.75,0.5,-183.254,165.095,0,117.051,742.215,0,4.5e+12,3,0.2,1.27792e+16,planet1,1,1
4395,0.3,0.75,0.5,-288.633,89.2789,0,-22.3863,431.693,0,4.5e+12,3,0.2,3.20659e+16,planet1,1,1
4396,0.3,0.75,0.5,-526.617,129.525,0,-707.801,-52.022,0,4.5e+12,3,0.2,0,planet1,1,1
4397,0.3,0.75,0.5,-246.347,-318.761,0,140.257,-477.098,0,4.5e+12,3,0.2,2.01043e+18,planet1,1,1
4403,0.3,0.75,0.5,-382.371,64.3364,0,-214.666,90.4789,0,4.5e+12,3,0.2,0,planet1,1,1
4409,0.3,0.75,0.5,-378.54,-83.0515,0,104.785,-264.928,0,4.5e+12,3,0.2,0,planet1,1,1
4411,0.3,0.75,0.5,-571.107,247.869,0,-1065.93,146.145,0,4.5e+12,3,0.2,0,planet1,1,1
4413,0.3,0.75,0.5,-297.875,-6.80368,0,142.875,92.4236,0,4.5e+12,3,0.2,0,planet1,1,1
4417,0.3,0.75,0.5,-80.9872,122.428,0,243.724,991.115,0,4.5e+12,3,0.2,5.31621e+17,planet1,1,1
4422,0.3,0.75,0.5,-592.972,-157.611,0,-267.465,-899.665,0,4.5e+12,3,0.2,0,planet1,1,1
4428,0.3,0.75,0.5,-268.828,-65.664,0,339.003,7.82468,0,4.5e+12,3,0.2,0,planet1,1,1
4435,0.3,0.75,0.5,-546.16,120.111,0,-736.339,-116.41,0,4.5e+12,3,0.2,0,planet1,1,1
4451,0.3,0.75,0.5,-387.433,-47.1714,0,7.59422,-193.96,0,4.5e+12,3,0.2,0,planet1,1,1
4456,0.3,0.75,0.5,-687.345,-99.3185,0,-623.088,-954.481,0,4.5e+12,3,0.2,0,planet1,1,1
4460,0.3,0.75,0.5,-238.892,-181.894,0,136.308,161.707,0,4.5e+12,3,0.2,1.16097e+18,planet1,1,1
4467,0.3,0.75,0.5,-632.603,210.968,0,-1139.98,-73.9818,0,4.5e+12,3,0.2,0,planet1,1,1
4474,0.3,0.75,0.5,-439.232,-244.385,0,294.112,-789.67,0,4.5e+12,3,0.2,0,planet1,1,1
4484,0.3,0.75,0.5,-672.768,-84.3198,0,-618.01,-885.002,0,4.5e+12,3,0.2,0,planet1,1,1
4486,0.3,0.75,0.5,-489.641,357.64,0,-1095.97,586.045,0,4.5e+12,3,0.2,0,planet1,1,1
4487,0.3,0.75,0.5,-500.386,198.123,0,-787.338,172.084,0,4.5e+12,3,0.2,0,planet1,1,1
4500,0.3,0.75,0.5,-330.336,-185.095,0,437.37,-414.727,0,4.5e+12,3,0.2,0,planet1,1,1
4502,0.3,0.75,0.5,-427.757,-72.5321,0,-38.6137,-341.765,0,4.5e+12,3,0.2,0,planet1,1,1
4512,0.3,0.75,0.5,-418.168,224.501,0,-654.197,425.846,0,4.5e+12,3,0.2,2.36335e+15,planet1,1,1
4513,0.3,0.75,0.5,-589.97,163.612,0,-935.476,-101.144,0,4.5e+12,3,0.2,0,planet1,1,1
4518,0.3,0.75,0.5,-353.324,308.317,0,-617.44,772.19,0,4.5e+12,3,0.2,9.00005e+17,planet1,1,1
4529,0.3,0.75,0.5,-463.046,334.852,0,-982.654,587.396,0,4.5e+12,3,0.2,0,planet1,1,1
4530,0.3,0.75,0.5,-488.655,-28.6707,0,-280.859,-361.85,0,4.5e+12,3,0.2,0,planet1,1,1
4535,0.3,0.75,0.5,-211.714,-74.9345,0,141.357,490.997,0,4.5e+12,3,0.2,8.96977e+17,planet1,1,1
4543,0.3,0.75,0.5,-228.717,-274.291,0,-48.5837,-237.912,0,4.5e+12,3,0.2,4.77681e+18,planet1,1,1
4555,0.3,0.75,0.5,-216.972,-135.369,0,148.462,337.945,0,4.5e+12,3,0.2,3.15367e+18,planet1,1,1
4562,0.3,0.75,0.5,-542.959,277.125,0,-1057.35,277.076,0,4.5e+12,3,0.2,0,planet1,1,1
4565,0.3,0.75,0.5,-726.178,49.1246,0,-1030.33,-670.105,0,4.5e+12,3,0.2,0,planet1,1,1
4568,0.3,0.75,0.5,-306.58,-336.16,0,813.597,-736.656,0,4.5e+12,3,0.2,0,planet1,1,1
4569,0.3,0.75,0.5,-235.336,105.343,0,76.6372,556.16,0,4.5e+12,3,0.2,1.90438e+16,planet1,1,1
4581,0.3,0.75,0.5,-175.739,220.05,0,-40.8694,849.024,0,4.5e+12,3,0.2,4.45508e+16,planet1,1,1
4583,0.3,0.75,0.5,-363.386,368.782,0,-649.756,874.15,0,4.5e+12,3,0.2,2.98831e+17,planet1,1,1
4589,0.3,0.75,0.5,-314.038,-228.683,0,569.361,-488.19,0,4.5e+12,3,0.2,0,planet1,1,1
4595,0.3,0.75,0.5,-426.749,46.598,0,-286.892,-46.0955,0,4.5e+12,3,0.2,0,planet1,1,1
4615,0.3,0.75,0.5,-729.616,38.9111,0,-1016.74,-702.524,0,4.5e+12,3,0.2,0,planet1,1,1
4623,0.3,0.75,0.5,-108.464,101.565,0,314.636,909.585,0,4.5e+12,3,0.2,4.39972e+16,planet1,1,1
4628,0.3,0.75,0.5,-243.067,-79.6051,0,431.497,27.6738,0,4.5e+12,3,0.2,0,planet1,1,1
4631,0.3,0.75,0.5,-326.801,313.872,0,-568.936,746.695,0,4.5e+12,3,0.2,2.46462e+17,planet1,1,1
4636,0.3,0.75,0.5,-267.653,260.086,0,-287.474,763.358,0,4.5e+12,3,0.2,4.25937e+17,planet1,1,1
4640,0.3,0.75,0.5,-119.869,211.623,0,60.5025,1022.01,0,4.5e+12,3,0.2,2.80735e+16,planet1,1,1
4650,0.3,0.75,0.5,-209.765,-125.676,0,91.3762,383.923,0,4.5e+12,3,0.2,4.81184e+18,planet1,1,1
4657,0.3,0.75,0.5,-628.563,13.4862,0,-715.124,-550.827,0,4.5e+12,3,0.2,0,planet1,1,1
4660,0.3,0.75,0.5,-240.721,-329.999,0,-2.09032,-401.655,0,4.5e+12,3,0.2,5.05196e+18,planet1,1,1
4679,0.3,0.75,0.5,-518.123,181.357,0,-794.989,94.6689,0,4.5e+12,3,0.2,0,planet1,1,1
4685,0.3,0.75,0.5,-84.2198,116.651,0,333.424,960.305,0,4.5e+12,3,0.2,7.29503e+16,planet1,1,1
4692,0.3,0.75,0.5,-84.972,143.644,0,294.161,1013.34,0,4.5e+12,3,0.2,1.05362e+17,planet1,1,1
4697,0.3,0.75,0.5,-716.028,-103.279,0,-684.729,-1025.29,0,4.5e+12,3,0.2,0,planet1,1,1
4707,0.3,0.75,0.5,-688.928,-173.576,0,-469.474,-1141.09,0,4.5e+12,3,0.2,0,planet1,1,1
4714,0.3,0.75,0.5,-565.16,-96.3828,0,-327.554,-689.8,0,4.5e+12,3,0.2,0,planet1,1,1
4720,0.3,0.75,0.5,-219.263,-117.15,0,146.631,409.35,0,4.5e+12,3,0.2,1.0702e+18,planet1,1,1
4722,0.3,0.75,0.5,-190.445,-16.0205,0,215.951,660.34,0,4.5e+12,3,0.2,2.32329e+17,planet1,1,1
4725,0.3,0.75,0.5,-591.55,-279.899,0,-6.77388,-1196.84,0,4.5e+12,3,0.2,0,planet1,1,1
4731,0.3,0.75,0.5,-501.724,-174.873,0,-7.37677,-750.137,0,4.5e+12,3,0.2,0,planet1,1,1
4732,0.3,0.75,0.5,-391.125,259.533,0,-633.49,577.582,0,4.5e+12,3,0.2,8.05967e+16,planet1,1,1
4733,0.3,0.75,0.5,-633.356,147.19,0,-1006.92,-233.026,0,4.5e+12,3,0.2,0,planet1,1,1
4735,0.3,0.75,0.5,-545.486,156.66,0,-811.115,-24.6517,0,4.5e+12,3,0.2,0,planet1,1,1
4741,0.3,0.75,0.5,-200.707,-21.6614,0,183.468,422.999,0,4.5e+12,3,0.2,1.18369e+17,planet1,1,1
4743,0.3,0.75,0.5,-273.901,-9.36685,0,180.58,131.607,0,4.5e+12,3,0.2,6.79815e+15,planet1,1,1
4750,0.3,0.75,0.5,-582.141,137.141,0,-860.834,-149.627,0,4.5e+12,3,0.2,0,planet1,1,1
4761,0.3,0.75,0.5,-438.943,4.04159,0,-226.978,-177.311,0,4.5e+12,3,0.2,0,planet1,1,1
4763,0.3,0.75,0.5,-677.187,94.3254,0,-1004.9,-454.909,0,4.5e+12,3,0.2,0,planet1,1,1
4768,0.3,0.75,0.5,-186.796,332.72,0,-230.693,1003.63,0,4.5e+12,3,0.2,4.3733e+17,planet1,1,1
4771,0.3,0.75,0.5,-490.01,168.834,0,-700.163,122.41,0,4.5e+12,3,0.2,0,planet1,1,1
4781,0.3,0.75,0.5,-259.157,51.0151,0,160.337,382.706,0,4.5e+12,3,0.2,2.1823e+16,planet1,1,1
4787,0.3,0.75,0.5,-375.115,-113.389,0,176.501,-332.83,0,4.5e+12,3,0.2,0,planet1,1,1
4790,0.3,0.75,0.5,-555.473,-50.3998,0,-400.224,-556.306,0,4.5e+12,3,0.2,0,planet1,1,1
4796,0.3,0.75,0.5,-237.462,-126.184,0,233.536,84.5865,0,4.5e+12,3,0.2,1.58471e+17,planet1,1,1
